Workbook

Sheet GLOC Master Sheet
D2: Size | E2: 8x20 )ffice | F2: 8x40 O/S
B3: Item | C3: Description | D3: Total
B4: Chassis
C5: None, skid mount | E5: 1 | F5: 1
B9: Floor
C10: Std ISO Container Floor | E10: 1 | F10: 1
C11: Polystyrene to code under floor
B18: Exterior Wall Framing
C19: N/A ISO Container | F19: 1 | G19: 1
C20: Framed interior to accommodate insulation and interior wall covering
C21: Fiberglass Batt Insulation to code.
B26: Exterior Wall Finish
C27: Std ISO Container | F27: 1 | G27: 1 | H27: 1 | I27: 1
C28: Miller Paint V-315 Color: Agate Grey
B39: Roof
C40: Std ISO Container | F40: 1 | G40: 1
C41: Framed Interior to accommodate insulation and interior covering
C42: Polystyrene insulation to code
B51: Exterior Doors
C52: 3068 18ga. Hollow metal door with 16ga. Welded steel jamb - galvanized | F52: 1 | G52: 1
C53: Hinges - SS-BBH NRP
C54: Tell DB2051 deadbolt
C55: Tell LC2475 passage lever
C56: Tell LT2081 door chain
C57: Weatherstripping - ADA threshold and sweep
C58: Provide exterior security door bar
B59: Windows
C60: 4'x3' White vinyl horizontal slider | F60: 1 | G60: 1
C61: Glazing - dual- low E Argon filled
C62: Windows standard door height
C63: Provide interior security bars
B64: Floor Cover
C65: None- Std ISO container | F65: 1 | G65: 1
C66: Armstrong 4" rubber cove base "Light Gray" #69
C67: COVE BASE TO BE CONTINUOUS
B68: Wall Cover
C69: 5/8" vinyl wrap sheetrock - "Pebble Beach" texture "Pure White" color | F69: 1 | G69: 1
C70: 1/2" plywood storage side of interior wall | G70: 1
B71: Ceiling
C72: 5/8" vinyl wrap sheetrock - "Pebble Beach" texture "Pure White" color | F72: 1 | G72: 1
C73: 7' 6" ceiling height
B75: Interior trim
C76: Vinyl wrap corners | F76: 1 | G76: 1
C77: Vinyl wrap batts at each side of windows and doors at relief cuts
C78: Window surrounds and casing - oak vinyl wrap
B79: HVAC
C80: 1 ton 5KW Bard wall hung heat pump with economizer | F80: 1 | G80: 1
C81: Direct blow HVAC - mount as high as possible
C82: Bard model 8403-060 T-stat
C83: Outdoor T-stat
B91: Electrical
C92: 120/240V Single phase service-stub conduit through wall with LB | E92: 1 | F92: 1
C93: 100 amp load center
C94: 20 amp duplex receptacles per drawing
C95: 20 amp GFCI per drawing
C96: Occupancy sensor switching at exterior door
C97: Phone/Data boxes per drawing stubbed above grid with 1/2" flex conduit.
C98: Sign circuit at exterior per drawing to (1) 20 amp dedicated circuit
C99: Harris model 300 porch light with vandal resistant cover-on photocell
C100: 48" surface mount LED light fixtures per drawing
B101: Restroom
C102: Wall hung lavatoty with ADA compliant faucet
C103: ADA commercial grade water closet
C104: 2.5 gallon HWT mounted in corner above water closet-below grid
C105: Sheet vinyl flooring with 4" contiuous rubber cove base
C106: FRP to 4' AFF on all walls
C107: Exhaust fan indepentently switched
B108: Misc.
C109: HVAC 100% fresh air
C110: FRP full height all walls
C111: Sloan valves on all water closets and urinals
C112: 6"x6" W/P j-box-1" conduits with pull string stubbued above grid for future data

Sheet 08x20 GLOC Off
B2: Date: | E2: Size: | F2: 08x20 | H2: DESIGN LOADS:
B3: Customer: | E3: Description: | F3: GLOC office | H3: Floor: | I3: 50
B4: Location: | E4: Insignias: | F4: OR, WA, ID Gold | H4: Wind: | I4: 145/C
B5: Project: | E5: Climate Zone | H5: Roof: | I5: 40
C7: Chassis | I7: Floor
C8: ='GLOC Master Sheet'!C5 -> None, skid mount | I8: ='GLOC Master Sheet'!C10 -> Std ISO Container Floor
I9: ='GLOC Master Sheet'!C11 -> Polystyrene to code under floor
C12: Exterior Wall Framing | I12: Roof
C13: ='GLOC Master Sheet'!C19 -> N/A ISO Container | I13: ='GLOC Master Sheet'!C40 -> Std ISO Container
C14: ='GLOC Master Sheet'!C20 -> Framed interior to accommodate insulation and interior wall covering | I14: ='GLOC Master Sheet'!C41 -> Framed Interior to accommodate insulation and interior covering
C15: ='GLOC Master Sheet'!C21 -> Fiberglass Batt Insulation to code. | I15: ='GLOC Master Sheet'!C42 -> Polystyrene insulation to code
C19: Exterior Wall Finish | I19: Exterior Doors
C20: ='GLOC Master Sheet'!C27 -> Std ISO Container | I20: ='GLOC Master Sheet'!C52 -> 3068 18ga. Hollow metal door with 16ga. Welded steel jamb - galvanized
C21: ='GLOC Master Sheet'!C28 -> Miller Paint V-315 Color: Agate Grey | I21: ='GLOC Master Sheet'!C53 -> Hinges - SS-BBH NRP
I22: ='GLOC Master Sheet'!C54 -> Tell DB2051 deadbolt
I23: ='GLOC Master Sheet'!C55 -> Tell LC2475 passage lever
I24: ='GLOC Master Sheet'!C56 -> Tell LT2081 door chain
I25: ='GLOC Master Sheet'!C57 -> Weatherstripping - ADA threshold and sweep
I26: ='GLOC Master Sheet'!C58 -> Provide exterior security door bar
C28: Windows | I28: Floor Cover
C29: ='GLOC Master Sheet'!C60 -> 4'x3' White vinyl horizontal slider | I29: ='GLOC Master Sheet'!C65 -> None- Std ISO container
C30: ='GLOC Master Sheet'!C61 -> Glazing - dual- low E Argon filled | I30: ='GLOC Master Sheet'!C66 -> Armstrong 4" rubber cove base "Light Gray" #69
C31: ='GLOC Master Sheet'!C62 -> Windows standard door height | I31: ='GLOC Master Sheet'!C67 -> COVE BASE TO BE CONTINUOUS
C32: ='GLOC Master Sheet'!C63 -> Provide interior security bars
C33: Wall Cover | I33: Interior Trim
C34: ='GLOC Master Sheet'!C69 -> 5/8" vinyl wrap sheetrock - "Pebble Beach" texture "Pure White" color | I34: ='GLOC Master Sheet'!C76 -> Vinyl wrap corners
I35: ='GLOC Master Sheet'!C77 -> Vinyl wrap batts at each side of windows and doors at relief cuts
I36: ='GLOC Master Sheet'!C78 -> Window surrounds and casing - oak vinyl wrap
C37: HVAC | I37: Electrical
C38: ='GLOC Master Sheet'!C80 -> 1 ton 5KW Bard wall hung heat pump with economizer | I38: ='GLOC Master Sheet'!C92 -> 120/240V Single phase service-stub conduit through wall with LB
C39: ='GLOC Master Sheet'!C81 -> Direct blow HVAC - mount as high as possible | I39: ='GLOC Master Sheet'!C93 -> 100 amp load center
C40: ='GLOC Master Sheet'!C82 -> Bard model 8403-060 T-stat | I40: ='GLOC Master Sheet'!C94 -> 20 amp duplex receptacles per drawing
C41: ='GLOC Master Sheet'!C83 -> Outdoor T-stat | I41: ='GLOC Master Sheet'!C95 -> 20 amp GFCI per drawing
I42: ='GLOC Master Sheet'!C96 -> Occupancy sensor switching at exterior door
I43: ='GLOC Master Sheet'!C97 -> Phone/Data boxes per drawing stubbed above grid with 1/2" flex conduit.
I44: ='GLOC Master Sheet'!C98 -> Sign circuit at exterior per drawing to (1) 20 amp dedicated circuit
I45: ='GLOC Master Sheet'!C99 -> Harris model 300 porch light with vandal resistant cover-on photocell
I46: ='GLOC Master Sheet'!C100 -> 48" surface mount LED light fixtures per drawing
C48: Misc. | I48: Ceiling
C49: ='GLOC Master Sheet'!C112 -> 6"x6" W/P j-box-1" conduits with pull string stubbued above grid for future data | I49: ='GLOC Master Sheet'!C72 -> 5/8" vinyl wrap sheetrock - "Pebble Beach" texture "Pure White" color
I50: ='GLOC Master Sheet'!C73 -> 7' 6" ceiling height

Sheet 08x40 GLOC Off Stor
B2: Date: | E2: Size: | F2: 08x40 | H2: DESIGN LOADS:
B3: Customer: | E3: Description: | F3: GLOC office | H3: Floor: | I3: 50
B4: Location: | E4: Insignias: | F4: OR, WA, ID Gold | H4: Wind: | I4: 145/C
B5: Project: | E5: Climate Zone | H5: Roof: | I5: 40
C7: Chassis | I7: Floor
C8: ='GLOC Master Sheet'!C5 -> None, skid mount | I8: ='GLOC Master Sheet'!C10 -> Std ISO Container Floor
I9: ='GLOC Master Sheet'!C11 -> Polystyrene to code under floor
C12: Exterior Wall Framing | I12: Roof
C13: ='GLOC Master Sheet'!C19 -> N/A ISO Container | I13: ='GLOC Master Sheet'!C40 -> Std ISO Container
C14: ='GLOC Master Sheet'!C20 -> Framed interior to accommodate insulation and interior wall covering | I14: ='GLOC Master Sheet'!C41 -> Framed Interior to accommodate insulation and interior covering
C15: ='GLOC Master Sheet'!C21 -> Fiberglass Batt Insulation to code. | I15: ='GLOC Master Sheet'!C42 -> Polystyrene insulation to code
C19: Exterior Wall Finish | I19: Exterior Doors
C20: ='GLOC Master Sheet'!C27 -> Std ISO Container | I20: ='GLOC Master Sheet'!C52 -> 3068 18ga. Hollow metal door with 16ga. Welded steel jamb - galvanized
C21: ='GLOC Master Sheet'!C28 -> Miller Paint V-315 Color: Agate Grey | I21: ='GLOC Master Sheet'!C53 -> Hinges - SS-BBH NRP
I22: ='GLOC Master Sheet'!C54 -> Tell DB2051 deadbolt
I23: ='GLOC Master Sheet'!C55 -> Tell LC2475 passage lever
I24: ='GLOC Master Sheet'!C56 -> Tell LT2081 door chain
I25: ='GLOC Master Sheet'!C57 -> Weatherstripping - ADA threshold and sweep
I26: ='GLOC Master Sheet'!C58 -> Provide exterior security door bar
C28: Windows | I28: Floor Cover
C29: ='GLOC Master Sheet'!C60 -> 4'x3' White vinyl horizontal slider | I29: ='GLOC Master Sheet'!C65 -> None- Std ISO container
C30: ='GLOC Master Sheet'!C61 -> Glazing - dual- low E Argon filled | I30: ='GLOC Master Sheet'!C66 -> Armstrong 4" rubber cove base "Light Gray" #69
C31: ='GLOC Master Sheet'!C62 -> Windows standard door height | I31: ='GLOC Master Sheet'!C67 -> COVE BASE TO BE CONTINUOUS
C32: ='GLOC Master Sheet'!C63 -> Provide interior security bars
C33: Wall Cover | I33: Interior Trim
C34: ='GLOC Master Sheet'!C69 -> 5/8" vinyl wrap sheetrock - "Pebble Beach" texture "Pure White" color | I34: ='GLOC Master Sheet'!C76 -> Vinyl wrap corners
C35: ='GLOC Master Sheet'!C70 -> 1/2" plywood storage side of interior wall | I35: ='GLOC Master Sheet'!C77 -> Vinyl wrap batts at each side of windows and doors at relief cuts
I36: ='GLOC Master Sheet'!C78 -> Window surrounds and casing - oak vinyl wrap
C37: HVAC | I37: Electrical
C38: ='GLOC Master Sheet'!C80 -> 1 ton 5KW Bard wall hung heat pump with economizer | I38: ='GLOC Master Sheet'!C92 -> 120/240V Single phase service-stub conduit through wall with LB
C39: ='GLOC Master Sheet'!C81 -> Direct blow HVAC - mount as high as possible | I39: ='GLOC Master Sheet'!C93 -> 100 amp load center
C40: ='GLOC Master Sheet'!C82 -> Bard model 8403-060 T-stat | I40: ='GLOC Master Sheet'!C94 -> 20 amp duplex receptacles per drawing
C41: ='GLOC Master Sheet'!C83 -> Outdoor T-stat | I41: ='GLOC Master Sheet'!C95 -> 20 amp GFCI per drawing
I42: ='GLOC Master Sheet'!C96 -> Occupancy sensor switching at exterior door
I43: ='GLOC Master Sheet'!C97 -> Phone/Data boxes per drawing stubbed above grid with 1/2" flex conduit.
I44: ='GLOC Master Sheet'!C98 -> Sign circuit at exterior per drawing to (1) 20 amp dedicated circuit
I45: ='GLOC Master Sheet'!C99 -> Harris model 300 porch light with vandal resistant cover-on photocell
I46: ='GLOC Master Sheet'!C100 -> 48" surface mount LED light fixtures per drawing
C48: Misc. | I48: Ceiling
C49: ='GLOC Master Sheet'!C112 -> 6"x6" W/P j-box-1" conduits with pull string stubbued above grid for future data | I49: ='GLOC Master Sheet'!C72 -> 5/8" vinyl wrap sheetrock - "Pebble Beach" texture "Pure White" color
I50: ='GLOC Master Sheet'!C73 -> 7' 6" ceiling height

Sheet Single Wide Master Sheet
D2: Size | E2: 8x12 | F2: 8x16 | G2: 8x20 | H2: 8x24 | I2: 8x30 | J2: 10x24 | K2: 10x30 | L2: 10x30 RR | M2: 10x40 | N2: 10x40 RR | O2: 12x40 | P2: 12x44 RR | Q2: 12x56 | R2: 12x56 RR | S2: 14x66 | T2: 14x66 RR
B3: Item | C3: Description | D3: Total
B4: Chassis
C5: Conventional (outriggers every 8' with full length front and rear C-channel cross members) | F5: 1
C6: 8" I-beam main rail.
C7: 1-Brake axle with 8:00x14.5 14 ply tires - all new
C8: Detachable Hitch.
C9: Conventional (outriggers every 8' with full length front and rear C-channel cross members) | G9: 1 | H9: 1 | I9: 1 | J9: 1 | K9: 1 | L9: 1 | M9: 1 | N9: 1
C10: 10" I-beam main rail.
C11: 2-Brake axle with 8:00x14.5 14 ply tires - all new
C12: Detachable Hitch.
C13: Conventional (outriggers every 8' with full length front and rear C-channel cross members) | O13: 1 | P13: 1
C14: 12" I-beam main rail.
C15: 3-Brake axle with 8:00x14.5 14 ply tires - all new
C16: Detachable Hitch.
C17: Conventional (outriggers every 8' with full length front and rear C-channel cross members) | Q17: 1 | R17: 1
C18: 12" I-beam main rail. Provide double I-beam and full depth cross members at axle assemblies.
C19: 4-Brake axle with 8:00x14.5 14 ply tires.
C20: Detachable Hitch.
C21: Conventional (outriggers every 8' with full length front and rear C-channel cross members) | S21: 1 | T21: 1
C22: 12" I-beam main rail. Provide double I-beam and full depth cross members at axle assemblies.
C23: 5-Brake axle with 8:00x14.5 14 ply tires - all new
C24: Detachable Hitch.
B25: Floor
C26: 2"x8" floor joists @ 16" o/c with 2"x8" double rim joists. | F26: 1 | G26: 1 | H26: 1 | I26: 1 | J26: 1 | K26: 1 | L26: 1 | M26: 1 | N26: 1
C27: Class "A" woven poly fabric bottom board.
C28: Fiberglass batt insulation to code.
C29: 3/4" T&G decking-glued and nailed
C30: 2"x8" floor joists @ 16" o/c with 2"x8" double rim joists. | O30: 1 | P30: 1 | Q30: 1 | R30: 1 | S30: 1 | T30: 1
C31: Class "A" woven poly fabric bottom board.
C32: Fiberglass batt insulation to code.
C33: 3/4" T&G decking-glued and nailed.
B34: Exterior Wall Framing
C35: 2"x6" framing @ 16" o/c | F35: 1 | G35: 1 | H35: 1 | I35: 1
C36: Insulation to code.
C37: End wall sheathing full height interior side of wall
C38: 2"x6" framing @ 16" o/c | J38: 1 | K38: 1 | L38: 1 | M38: 1 | N38: 1
C39: Insulation to code.
C40: End wall sheathing full height interior side of wall
C42: 2x6 framing @ 16" o/c | O42: 1 | P42: 1 | Q42: 1 | R42: 1 | S42: 1 | T42: 1
C43: Insulation to code.
C44: End wall sheathing full height interior side of wall
C45: Standard plenum wall for sound reduction-lined with 5/8" sheetrock.
B46: Exterior Wall Finish
C47: 7/16" LP Smartside Panel T1-11 siding with grooves 8" o/c - roof deck to top of belt rail | F47: 1 | G47: 1 | H47: 1 | I47: 1
C48: Wrap building with Tyvek building wrap (or equivalent)
C49: Corner trim - 5/8"x4" Smartside trim - 2"x2" galvanized flashing installed over siding and under corners.
C50: Window trim - 5/8"x4" Smartside Trim.
C51: Fascia - 5/8"x8" Smartside trim, no grooves
C52: Belt Rail - 4"x7/16" LP Smartside trim. 1/2" Z-flashing installed at bottom of siding and top of belt rail - 2" back leg and 3/4" front leg.
C53: 7/16" LP Smartside Panel T1-11 siding with grooves 8" o/c - roof deck to top of belt rail | J53: 1 | K53: 1 | L53: 1 | M53: 1 | N53: 1
C54: Wrap building with Tyvek building wrap (or equivalent)
C55: Corner trim - 5/8"x4" Smartside trim - 2"x2" galvanized flashing installed over siding and under corners.
C56: Window trim - 5/8"x4" Smartside Trim.
C57: Fascia - 5/8"x8" Smartside trim, no grooves
C58: Belt Rail - 6"x7/16" LP Smartside trim. 1/2" Z-flashing installed at bottom of siding and top of belt rail - 2" back leg and 3/4" front leg.
C59: 7/16" LP Smartside Panel T1-11 siding with grooves 8" o/c - roof deck to top of belt rail | O59: 1 | P59: 1 | Q59: 1 | R59: 1 | S59: 1 | T59: 1
C60: Wrap building with Tyvek building wrap (or equivalent)
C61: Corner trim - 5/8"x4" Smartside trim - 2"x2" galvanized flashing installed over siding and under corners.
C62: Window trim - 5/8"x4" Smartside Trim.
C63: Fascia - 5/8"x8" Smartside trim, no grooves
C64: Belt Rail - 6"x7/16" LP Smartside trim. 1/2" Z-flashing installed at bottom of siding and top of belt rail - 2" back leg and 3/4" front leg.
B65: Roof
C66: Single slope away from doors | F66: 1 | G66: 1 | H66: 1 | I66: 1
C67: Bottom cover class "A" woven polyethelene fabric
C68: 45 mil Black EPDM roofing with J-rail - Fasten j-rail with grommeted screws
C69: 7/16" OSB sheathing
C70: Eave venting
C71: Single slope away from doors | J71: 1 | K71: 1 | L71: 1 | M71: 1 | N71: 1
C72: Bottom cover class "A" woven polyethelene fabric
C73: 45 mil Black EPDM roofing with J-rail - Fasten j-rail with grommeted screws
C74: Insulation to code.
C75: 7/16" OSB sheathing
C76: Eave venting
C77: Single slope away from doors | O77: 1 | P77: 1 | Q77: 1 | R77: 1 | S77: 1 | T77: 1
C78: Bottom cover class "A" woven polyethelene fabric
C79: 45 mil Black EPDM roofing with J-rail - Fasten j-rail with grommeted screws
C80: Insulation to code.
C81: 7/16" OSB sheathing - Eave venting
B82: Exterior Doors
C83: 3068 Telstar Pro - painted | F83: 1 | G83: 1 | H83: 1 | I83: 1 | J83: 1 | K83: 1 | L83: 1 | M83: 1 | N83: 1 | O83: 1 | P83: 1 | Q83: 1 | R83: 1 | S83: 1 | T83: 1
C84: Hinges - SS-BBH NRP
C85: Tell DB2051 deadbolt
C86: Int/Ext pull handles
C87: Tell 12916 door closer
C88: Weatherstripping - ADA threshold and sweep
C89: DEADBOLTS TO BE INSTALLED BELOW PULL HANDLES
C90: "THIS DOOR TO REMAIN UNLOCKED WHEN BUILDING IS OCCUPIED" SIGN ABOVE EXTERIOR DOORS
C91: DOOR HARDWARE TO HAVE #626 SATIN CHROMIUM PLATED FINISH
B92: Windows
C93: 4'x3' White vinyl horizontal slider | F93: 1 | G93: 1 | H93: 1 | I93: 1 | J93: 1 | K93: 1 | L93: 1 | M93: 1 | N93: 1 | O93: 1 | P93: 1 | Q93: 1 | R93: 1 | S93: 1 | T93: 1
C94: Glazing - dual- low E Argon filled
C95: Windows installed over siding
C96: Galvanized flashing installed under siding and over top flange of window, under trim.
B97: Floor Cover
C98: Armstrong "Standard Excelon" 1/8" VCT "Shelter White" #51836 | F98: 1 | G98: 1 | H98: 1 | I98: 1 | J98: 1 | K98: 1 | L98: 1 | M98: 1 | N98: 1 | O98: 1 | P98: 1 | Q98: 1 | R98: 1 | S98: 1 | T98: 1
C99: VCT layout - 1/4 turn with 6" offset
C100: Armstrong 4" rubber cove base "Light Gray" #69
C101: COVE BASE TO BE CONTINUOUS
B102: Wall Cover
...

Sheet 8x16
B2: Date: | E2: Size: | F2: 08x16 | H2: DESIGN LOADS:
B3: Customer: | E3: Description: | F3: Mobile Office | H3: Floor: | I3: 50
B4: Location: | E4: Insignias: | F4: OR, WA, ID Gold | H4: Wind: | I4: 110/B
B5: Project: | E5: Climate Zone | H5: Roof: | I5: 40
C7: Chassis | I7: Floor
C8: ='Single Wide Master Sheet'!C5 -> Conventional (outriggers every 8' with full length front and rear C-channel cross members) | I8: ='Single Wide Master Sheet'!C26 -> 2"x8" floor joists @ 16" o/c with 2"x8" double rim joists.
C9: ='Single Wide Master Sheet'!C6 -> 8" I-beam main rail. | I9: ='Single Wide Master Sheet'!C27 -> Class "A" woven poly fabric bottom board.
C10: ='Single Wide Master Sheet'!C7 -> 1-Brake axle with 8:00x14.5 14 ply tires - all new | I10: ='Single Wide Master Sheet'!C28 -> Fiberglass batt insulation to code.
C11: ='Single Wide Master Sheet'!C8 -> Detachable Hitch. | I11: ='Single Wide Master Sheet'!C29 -> 3/4" T&G decking-glued and nailed
C12: Exterior Wall Framing | I12: Roof
C13: ='Single Wide Master Sheet'!C35 -> 2"x6" framing @ 16" o/c | I13: ='Single Wide Master Sheet'!C66 -> Single slope away from doors
C14: ='Single Wide Master Sheet'!C36 -> Insulation to code. | I14: ='Single Wide Master Sheet'!C67 -> Bottom cover class "A" woven polyethelene fabric
C15: ='Single Wide Master Sheet'!C37 -> End wall sheathing full height interior side of wall | I15: ='Single Wide Master Sheet'!C68 -> 45 mil Black EPDM roofing with J-rail - Fasten j-rail with grommeted screws
I16: ='Single Wide Master Sheet'!#REF! -> #REF!
I17: ='Single Wide Master Sheet'!C69 -> 7/16" OSB sheathing
I18: ='Single Wide Master Sheet'!C70 -> Eave venting
C19: Exterior Wall Finish | I19: Exterior Doors
C20: ='Single Wide Master Sheet'!C47 -> 7/16" LP Smartside Panel T1-11 siding with grooves 8" o/c - roof deck to top of belt rail | I20: ='Single Wide Master Sheet'!C83 -> 3068 Telstar Pro - painted
C21: ='Single Wide Master Sheet'!C48 -> Wrap building with Tyvek building wrap (or equivalent) | I21: ='Single Wide Master Sheet'!C84 -> Hinges - SS-BBH NRP
C22: ='Single Wide Master Sheet'!C49 -> Corner trim - 5/8"x4" Smartside trim - 2"x2" galvanized flashing installed over siding and under corners. | I22: ='Single Wide Master Sheet'!C85 -> Tell DB2051 deadbolt
I23: ='Single Wide Master Sheet'!C86 -> Int/Ext pull handles
C24: ='Single Wide Master Sheet'!C50 -> Window trim - 5/8"x4" Smartside Trim. | I24: ='Single Wide Master Sheet'!C87 -> Tell 12916 door closer
C25: ='Single Wide Master Sheet'!C51 -> Fascia - 5/8"x8" Smartside trim, no grooves | I25: ='Single Wide Master Sheet'!C88 -> Weatherstripping - ADA threshold and sweep
C26: ='Single Wide Master Sheet'!C52 -> Belt Rail - 4"x7/16" LP Smartside trim. 1/2" Z-flashing installed at bottom of siding and top of belt rail - 2" back leg and 3/4" front leg. | I26: ='Single Wide Master Sheet'!C89 -> DEADBOLTS TO BE INSTALLED BELOW PULL HANDLES
I27: ='Single Wide Master Sheet'!C90 -> "THIS DOOR TO REMAIN UNLOCKED WHEN BUILDING IS OCCUPIED" SIGN ABOVE EXTERIOR DOORS
I28: ='Single Wide Master Sheet'!C91 -> DOOR HARDWARE TO HAVE #626 SATIN CHROMIUM PLATED FINISH
C29: Windows | I29: Floor Cover
C30: ='Single Wide Master Sheet'!C93 -> 4'x3' White vinyl horizontal slider | I30: ='Single Wide Master Sheet'!C98 -> Armstrong "Standard Excelon" 1/8" VCT "Shelter White" #51836
C31: ='Single Wide Master Sheet'!C94 -> Glazing - dual- low E Argon filled | I31: ='Single Wide Master Sheet'!C99 -> VCT layout - 1/4 turn with 6" offset
C32: ='Single Wide Master Sheet'!C95 -> Windows installed over siding | I32: ='Single Wide Master Sheet'!C100 -> Armstrong 4" rubber cove base "Light Gray" #69
C33: ='Single Wide Master Sheet'!C96 -> Galvanized flashing installed under siding and over top flange of window, under trim. | I33: ='Single Wide Master Sheet'!C101 -> COVE BASE TO BE CONTINUOUS
C34: Wall Cover | I34: Interior Trim
C35: ='Single Wide Master Sheet'!C103 -> 7/16" OSB sheathing above sheetrock at sidewalls | I35: ='Single Wide Master Sheet'!C111 -> Vinyl wrap corners
C36: ='Single Wide Master Sheet'!C104 -> 7/16" OSB sheathing under sheetrock at endwalls- full height | I36: ='Single Wide Master Sheet'!C112 -> Vinyl wrap batts at each side of windows and doors at relief cuts
C37: ='Single Wide Master Sheet'!C105 -> 5/8" vinyl wrap sheetrock - "Pebble Beach" texture "Pure White" color | I37: ='Single Wide Master Sheet'!C113 -> Window and exterior door surrounds and casing - oak vinyl wrap
C38: HVAC | I38: Electrical
C39: ='Single Wide Master Sheet'!C115 -> 1.5 ton 4KW Bard wall hung heat pump with economizer | I39: ='Single Wide Master Sheet'!C145 -> 120/240V Single phase service-stub conduit below joists
C40: ='Single Wide Master Sheet'!C116 -> Overhead supply ducting | I40: ='Single Wide Master Sheet'!C146 -> 125 amp load center
C41: ='Single Wide Master Sheet'!C117 -> 24"x24" diffuser with no dampers | I41: ='Single Wide Master Sheet'!C147 -> 20 amp duplex receptacles per drawing - white finishes
C42: ='Single Wide Master Sheet'!C118 -> Bard model 8403-060 T-stat | I42: ='Single Wide Master Sheet'!C148 -> 15 amp GFCI per drawing
C43: ='Single Wide Master Sheet'!C119 -> Outdoor T-stat | I43: ='Single Wide Master Sheet'!C149 -> Three way switching at exterior doors
I44: ='Single Wide Master Sheet'!C150 -> Phone/Data boxes per drawing stubbed above grid with 1/2" flex conduit.
I45: ='Single Wide Master Sheet'!#REF! -> #REF!
I46: ='Single Wide Master Sheet'!C151 -> Sign circuit at exterior per drawing to (1) 20 amp dedicated circuit
I47: ='Single Wide Master Sheet'!C152 -> Harris model 300 porch light with vandal resistant cover-on photocell
I48: ='Single Wide Master Sheet'!C153 -> 15 amp GFCI duplex receptacle mounted under unit near water supply connection for heat tape.
C49: Restroom | I49: Ceiling
I50: ='Single Wide Master Sheet'!C107 -> 2x4 T-grid and tile -
I51: ='Single Wide Master Sheet'!C108 -> Armstrong #1729 fine fissured with Humiguard
I52: ='Single Wide Master Sheet'!C109 -> 7' 10" ceiling height

Sheet 08x20
B2: Date: | E2: Size: | F2: 08x20 | H2: DESIGN LOADS:
B3: Customer: | E3: Description: | F3: Mobile Office | H3: Floor: | I3: 50
B4: Location: | E4: Insignias: | F4: OR, WA, ID Gold | H4: Wind: | I4: 110/B
B5: Project: | E5: Climate Zone | H5: Roof: | I5: 40
C7: Chassis | I7: Floor
C8: ='Single Wide Master Sheet'!C9 -> Conventional (outriggers every 8' with full length front and rear C-channel cross members) | I8: ='Single Wide Master Sheet'!C26 -> 2"x8" floor joists @ 16" o/c with 2"x8" double rim joists.
C9: ='Single Wide Master Sheet'!C10 -> 10" I-beam main rail. | I9: ='Single Wide Master Sheet'!C27 -> Class "A" woven poly fabric bottom board.
C10: ='Single Wide Master Sheet'!C11 -> 2-Brake axle with 8:00x14.5 14 ply tires - all new | I10: ='Single Wide Master Sheet'!C28 -> Fiberglass batt insulation to code.
C11: ='Single Wide Master Sheet'!C12 -> Detachable Hitch. | I11: ='Single Wide Master Sheet'!C29 -> 3/4" T&G decking-glued and nailed
C12: Exterior Wall Framing | I12: Roof
C13: ='Single Wide Master Sheet'!C35 -> 2"x6" framing @ 16" o/c | I13: ='Single Wide Master Sheet'!C66 -> Single slope away from doors
C14: ='Single Wide Master Sheet'!C36 -> Insulation to code. | I14: ='Single Wide Master Sheet'!C67 -> Bottom cover class "A" woven polyethelene fabric
C15: ='Single Wide Master Sheet'!C37 -> End wall sheathing full height interior side of wall | I15: ='Single Wide Master Sheet'!C68 -> 45 mil Black EPDM roofing with J-rail - Fasten j-rail with grommeted screws
I16: ='Single Wide Master Sheet'!#REF! -> #REF!
I17: ='Single Wide Master Sheet'!C69 -> 7/16" OSB sheathing
I18: ='Single Wide Master Sheet'!C70 -> Eave venting
C19: Exterior Wall Finish | I19: Exterior Doors
C20: ='Single Wide Master Sheet'!C47 -> 7/16" LP Smartside Panel T1-11 siding with grooves 8" o/c - roof deck to top of belt rail | I20: ='Single Wide Master Sheet'!C83 -> 3068 Telstar Pro - painted
C21: ='Single Wide Master Sheet'!C48 -> Wrap building with Tyvek building wrap (or equivalent) | I21: ='Single Wide Master Sheet'!C84 -> Hinges - SS-BBH NRP
C22: ='Single Wide Master Sheet'!C49 -> Corner trim - 5/8"x4" Smartside trim - 2"x2" galvanized flashing installed over siding and under corners. | I22: ='Single Wide Master Sheet'!C85 -> Tell DB2051 deadbolt
I23: ='Single Wide Master Sheet'!C86 -> Int/Ext pull handles
C24: ='Single Wide Master Sheet'!C50 -> Window trim - 5/8"x4" Smartside Trim. | I24: ='Single Wide Master Sheet'!C87 -> Tell 12916 door closer
C25: ='Single Wide Master Sheet'!C51 -> Fascia - 5/8"x8" Smartside trim, no grooves | I25: ='Single Wide Master Sheet'!C88 -> Weatherstripping - ADA threshold and sweep
C26: ='Single Wide Master Sheet'!C52 -> Belt Rail - 4"x7/16" LP Smartside trim. 1/2" Z-flashing installed at bottom of siding and top of belt rail - 2" back leg and 3/4" front leg. | I26: ='Single Wide Master Sheet'!C89 -> DEADBOLTS TO BE INSTALLED BELOW PULL HANDLES
I27: ='Single Wide Master Sheet'!C90 -> "THIS DOOR TO REMAIN UNLOCKED WHEN BUILDING IS OCCUPIED" SIGN ABOVE EXTERIOR DOORS
I28: ='Single Wide Master Sheet'!C91 -> DOOR HARDWARE TO HAVE #626 SATIN CHROMIUM PLATED FINISH
C29: Windows | I29: Floor Cover
C30: ='Single Wide Master Sheet'!C93 -> 4'x3' White vinyl horizontal slider | I30: ='Single Wide Master Sheet'!C98 -> Armstrong "Standard Excelon" 1/8" VCT "Shelter White" #51836
C31: ='Single Wide Master Sheet'!C94 -> Glazing - dual- low E Argon filled | I31: ='Single Wide Master Sheet'!C99 -> VCT layout - 1/4 turn with 6" offset
C32: ='Single Wide Master Sheet'!C95 -> Windows installed over siding | I32: ='Single Wide Master Sheet'!C100 -> Armstrong 4" rubber cove base "Light Gray" #69
C33: ='Single Wide Master Sheet'!C96 -> Galvanized flashing installed under siding and over top flange of window, under trim. | I33: ='Single Wide Master Sheet'!C101 -> COVE BASE TO BE CONTINUOUS
C34: Wall Cover | I34: Interior Trim
C35: ='Single Wide Master Sheet'!C103 -> 7/16" OSB sheathing above sheetrock at sidewalls | I35: ='Single Wide Master Sheet'!C111 -> Vinyl wrap corners
C36: ='Single Wide Master Sheet'!C104 -> 7/16" OSB sheathing under sheetrock at endwalls- full height | I36: ='Single Wide Master Sheet'!C112 -> Vinyl wrap batts at each side of windows and doors at relief cuts
C37: ='Single Wide Master Sheet'!C105 -> 5/8" vinyl wrap sheetrock - "Pebble Beach" texture "Pure White" color | I37: ='Single Wide Master Sheet'!C113 -> Window and exterior door surrounds and casing - oak vinyl wrap
C38: HVAC | I38: Electrical
C39: ='Single Wide Master Sheet'!C115 -> 1.5 ton 4KW Bard wall hung heat pump with economizer | I39: ='Single Wide Master Sheet'!C145 -> 120/240V Single phase service-stub conduit below joists
C40: ='Single Wide Master Sheet'!C116 -> Overhead supply ducting | I40: ='Single Wide Master Sheet'!C146 -> 125 amp load center
C41: ='Single Wide Master Sheet'!C117 -> 24"x24" diffuser with no dampers | I41: ='Single Wide Master Sheet'!C147 -> 20 amp duplex receptacles per drawing - white finishes
C42: ='Single Wide Master Sheet'!C118 -> Bard model 8403-060 T-stat | I42: ='Single Wide Master Sheet'!C148 -> 15 amp GFCI per drawing
C43: ='Single Wide Master Sheet'!C119 -> Outdoor T-stat | I43: ='Single Wide Master Sheet'!C149 -> Three way switching at exterior doors
I44: ='Single Wide Master Sheet'!C150 -> Phone/Data boxes per drawing stubbed above grid with 1/2" flex conduit.
I45: ='Single Wide Master Sheet'!#REF! -> #REF!
I46: ='Single Wide Master Sheet'!C151 -> Sign circuit at exterior per drawing to (1) 20 amp dedicated circuit
I47: ='Single Wide Master Sheet'!C152 -> Harris model 300 porch light with vandal resistant cover-on photocell
I48: ='Single Wide Master Sheet'!C153 -> 15 amp GFCI duplex receptacle mounted under unit near water supply connection for heat tape.
C49: Restroom | I49: Ceiling
I50: ='Single Wide Master Sheet'!C107 -> 2x4 T-grid and tile -
I51: ='Single Wide Master Sheet'!C108 -> Armstrong #1729 fine fissured with Humiguard
I52: ='Single Wide Master Sheet'!C109 -> 7' 10" ceiling height

Sheet 8x24
B2: Date: | E2: Size: | F2: 08x24 | H2: DESIGN LOADS:
B3: Customer: | E3: Description: | F3: Mobile Office | H3: Floor: | I3: 50
B4: Location: | E4: Insignias: | F4: OR, WA, ID Gold | H4: Wind: | I4: 110/B
B5: Project: | E5: Climate Zone | H5: Roof: | I5: 40
C7: Chassis | I7: Floor
C8: ='Single Wide Master Sheet'!C9 -> Conventional (outriggers every 8' with full length front and rear C-channel cross members) | I8: ='Single Wide Master Sheet'!C26 -> 2"x8" floor joists @ 16" o/c with 2"x8" double rim joists.
C9: ='Single Wide Master Sheet'!C10 -> 10" I-beam main rail. | I9: ='Single Wide Master Sheet'!C27 -> Class "A" woven poly fabric bottom board.
C10: ='Single Wide Master Sheet'!C11 -> 2-Brake axle with 8:00x14.5 14 ply tires - all new | I10: ='Single Wide Master Sheet'!C28 -> Fiberglass batt insulation to code.
C11: ='Single Wide Master Sheet'!C12 -> Detachable Hitch. | I11: ='Single Wide Master Sheet'!C29 -> 3/4" T&G decking-glued and nailed
C12: Exterior Wall Framing | I12: Roof
C13: ='Single Wide Master Sheet'!C35 -> 2"x6" framing @ 16" o/c | I13: ='Single Wide Master Sheet'!C66 -> Single slope away from doors
C14: ='Single Wide Master Sheet'!C36 -> Insulation to code. | I14: ='Single Wide Master Sheet'!C67 -> Bottom cover class "A" woven polyethelene fabric
C15: ='Single Wide Master Sheet'!C37 -> End wall sheathing full height interior side of wall | I15: ='Single Wide Master Sheet'!C68 -> 45 mil Black EPDM roofing with J-rail - Fasten j-rail with grommeted screws
I16: ='Single Wide Master Sheet'!#REF! -> #REF!
I17: ='Single Wide Master Sheet'!C69 -> 7/16" OSB sheathing
I18: ='Single Wide Master Sheet'!C70 -> Eave venting
C19: Exterior Wall Finish | I19: Exterior Doors
C20: ='Single Wide Master Sheet'!C47 -> 7/16" LP Smartside Panel T1-11 siding with grooves 8" o/c - roof deck to top of belt rail | I20: ='Single Wide Master Sheet'!C83 -> 3068 Telstar Pro - painted
C21: ='Single Wide Master Sheet'!C48 -> Wrap building with Tyvek building wrap (or equivalent) | I21: ='Single Wide Master Sheet'!C84 -> Hinges - SS-BBH NRP
C22: ='Single Wide Master Sheet'!C49 -> Corner trim - 5/8"x4" Smartside trim - 2"x2" galvanized flashing installed over siding and under corners. | I22: ='Single Wide Master Sheet'!C85 -> Tell DB2051 deadbolt
I23: ='Single Wide Master Sheet'!C86 -> Int/Ext pull handles
C24: ='Single Wide Master Sheet'!C50 -> Window trim - 5/8"x4" Smartside Trim. | I24: ='Single Wide Master Sheet'!C87 -> Tell 12916 door closer
C25: ='Single Wide Master Sheet'!C51 -> Fascia - 5/8"x8" Smartside trim, no grooves | I25: ='Single Wide Master Sheet'!C88 -> Weatherstripping - ADA threshold and sweep
C26: ='Single Wide Master Sheet'!C52 -> Belt Rail - 4"x7/16" LP Smartside trim. 1/2" Z-flashing installed at bottom of siding and top of belt rail - 2" back leg and 3/4" front leg. | I26: ='Single Wide Master Sheet'!C89 -> DEADBOLTS TO BE INSTALLED BELOW PULL HANDLES
I27: ='Single Wide Master Sheet'!C90 -> "THIS DOOR TO REMAIN UNLOCKED WHEN BUILDING IS OCCUPIED" SIGN ABOVE EXTERIOR DOORS
I28: ='Single Wide Master Sheet'!C91 -> DOOR HARDWARE TO HAVE #626 SATIN CHROMIUM PLATED FINISH
C29: Windows | I29: Floor Cover
C30: ='Single Wide Master Sheet'!C93 -> 4'x3' White vinyl horizontal slider | I30: ='Single Wide Master Sheet'!C98 -> Armstrong "Standard Excelon" 1/8" VCT "Shelter White" #51836
C31: ='Single Wide Master Sheet'!C94 -> Glazing - dual- low E Argon filled | I31: ='Single Wide Master Sheet'!C99 -> VCT layout - 1/4 turn with 6" offset
C32: ='Single Wide Master Sheet'!C95 -> Windows installed over siding | I32: ='Single Wide Master Sheet'!C100 -> Armstrong 4" rubber cove base "Light Gray" #69
C33: ='Single Wide Master Sheet'!C96 -> Galvanized flashing installed under siding and over top flange of window, under trim. | I33: ='Single Wide Master Sheet'!C101 -> COVE BASE TO BE CONTINUOUS
C34: Wall Cover | I34: Interior Trim
C35: ='Single Wide Master Sheet'!C103 -> 7/16" OSB sheathing above sheetrock at sidewalls | I35: ='Single Wide Master Sheet'!C111 -> Vinyl wrap corners
C36: ='Single Wide Master Sheet'!C104 -> 7/16" OSB sheathing under sheetrock at endwalls- full height | I36: ='Single Wide Master Sheet'!C112 -> Vinyl wrap batts at each side of windows and doors at relief cuts
C37: ='Single Wide Master Sheet'!C105 -> 5/8" vinyl wrap sheetrock - "Pebble Beach" texture "Pure White" color | I37: ='Single Wide Master Sheet'!C113 -> Window and exterior door surrounds and casing - oak vinyl wrap
C38: HVAC | I38: Electrical
C39: ='Single Wide Master Sheet'!C115 -> 1.5 ton 4KW Bard wall hung heat pump with economizer | I39: ='Single Wide Master Sheet'!C145 -> 120/240V Single phase service-stub conduit below joists
C40: ='Single Wide Master Sheet'!C116 -> Overhead supply ducting | I40: ='Single Wide Master Sheet'!C146 -> 125 amp load center
C41: ='Single Wide Master Sheet'!C117 -> 24"x24" diffuser with no dampers | I41: ='Single Wide Master Sheet'!C147 -> 20 amp duplex receptacles per drawing - white finishes
C42: ='Single Wide Master Sheet'!C118 -> Bard model 8403-060 T-stat | I42: ='Single Wide Master Sheet'!C148 -> 15 amp GFCI per drawing
C43: ='Single Wide Master Sheet'!C119 -> Outdoor T-stat | I43: ='Single Wide Master Sheet'!C149 -> Three way switching at exterior doors
I44: ='Single Wide Master Sheet'!C150 -> Phone/Data boxes per drawing stubbed above grid with 1/2" flex conduit.
I45: ='Single Wide Master Sheet'!#REF! -> #REF!
I46: ='Single Wide Master Sheet'!C151 -> Sign circuit at exterior per drawing to (1) 20 amp dedicated circuit
I47: ='Single Wide Master Sheet'!C152 -> Harris model 300 porch light with vandal resistant cover-on photocell
I48: ='Single Wide Master Sheet'!C153 -> 15 amp GFCI duplex receptacle mounted under unit near water supply connection for heat tape.
C49: Restroom | I49: Ceiling
I50: ='Single Wide Master Sheet'!C107 -> 2x4 T-grid and tile -
I51: ='Single Wide Master Sheet'!C108 -> Armstrong #1729 fine fissured with Humiguard
I52: ='Single Wide Master Sheet'!C109 -> 7' 10" ceiling height

Sheet 8x30
B2: Date: | E2: Size: | F2: 08x30 | H2: DESIGN LOADS:
B3: Customer: | E3: Description: | F3: Mobile Office | H3: Floor: | I3: 50
B4: Location: | E4: Insignias: | F4: OR, WA, ID Gold | H4: Wind: | I4: 110/B
B5: Project: | E5: Climate Zone | H5: Roof: | I5: 40
C7: Chassis | I7: Floor
C8: ='Single Wide Master Sheet'!C9 -> Conventional (outriggers every 8' with full length front and rear C-channel cross members) | I8: ='Single Wide Master Sheet'!C26 -> 2"x8" floor joists @ 16" o/c with 2"x8" double rim joists.
C9: ='Single Wide Master Sheet'!C10 -> 10" I-beam main rail. | I9: ='Single Wide Master Sheet'!C27 -> Class "A" woven poly fabric bottom board.
C10: ='Single Wide Master Sheet'!C11 -> 2-Brake axle with 8:00x14.5 14 ply tires - all new | I10: ='Single Wide Master Sheet'!C28 -> Fiberglass batt insulation to code.
C11: ='Single Wide Master Sheet'!C12 -> Detachable Hitch. | I11: ='Single Wide Master Sheet'!C29 -> 3/4" T&G decking-glued and nailed
C12: Exterior Wall Framing | I12: Roof
C13: ='Single Wide Master Sheet'!C35 -> 2"x6" framing @ 16" o/c | I13: ='Single Wide Master Sheet'!C66 -> Single slope away from doors
C14: ='Single Wide Master Sheet'!C36 -> Insulation to code. | I14: ='Single Wide Master Sheet'!C67 -> Bottom cover class "A" woven polyethelene fabric
C15: ='Single Wide Master Sheet'!C37 -> End wall sheathing full height interior side of wall | I15: ='Single Wide Master Sheet'!C68 -> 45 mil Black EPDM roofing with J-rail - Fasten j-rail with grommeted screws
I16: ='Single Wide Master Sheet'!#REF! -> #REF!
I17: ='Single Wide Master Sheet'!C69 -> 7/16" OSB sheathing
I18: ='Single Wide Master Sheet'!C70 -> Eave venting
C19: Exterior Wall Finish | I19: Exterior Doors
C20: ='Single Wide Master Sheet'!C47 -> 7/16" LP Smartside Panel T1-11 siding with grooves 8" o/c - roof deck to top of belt rail | I20: ='Single Wide Master Sheet'!C83 -> 3068 Telstar Pro - painted
C21: ='Single Wide Master Sheet'!C48 -> Wrap building with Tyvek building wrap (or equivalent) | I21: ='Single Wide Master Sheet'!C84 -> Hinges - SS-BBH NRP
C22: ='Single Wide Master Sheet'!C49 -> Corner trim - 5/8"x4" Smartside trim - 2"x2" galvanized flashing installed over siding and under corners. | I22: ='Single Wide Master Sheet'!C85 -> Tell DB2051 deadbolt
I23: ='Single Wide Master Sheet'!C86 -> Int/Ext pull handles
C24: ='Single Wide Master Sheet'!C50 -> Window trim - 5/8"x4" Smartside Trim. | I24: ='Single Wide Master Sheet'!C87 -> Tell 12916 door closer
C25: ='Single Wide Master Sheet'!C51 -> Fascia - 5/8"x8" Smartside trim, no grooves | I25: ='Single Wide Master Sheet'!C88 -> Weatherstripping - ADA threshold and sweep
C26: ='Single Wide Master Sheet'!C52 -> Belt Rail - 4"x7/16" LP Smartside trim. 1/2" Z-flashing installed at bottom of siding and top of belt rail - 2" back leg and 3/4" front leg. | I26: ='Single Wide Master Sheet'!C89 -> DEADBOLTS TO BE INSTALLED BELOW PULL HANDLES
I27: ='Single Wide Master Sheet'!C90 -> "THIS DOOR TO REMAIN UNLOCKED WHEN BUILDING IS OCCUPIED" SIGN ABOVE EXTERIOR DOORS
I28: ='Single Wide Master Sheet'!C91 -> DOOR HARDWARE TO HAVE #626 SATIN CHROMIUM PLATED FINISH
C29: Windows | I29: Floor Cover
C30: ='Single Wide Master Sheet'!C93 -> 4'x3' White vinyl horizontal slider | I30: ='Single Wide Master Sheet'!C98 -> Armstrong "Standard Excelon" 1/8" VCT "Shelter White" #51836
C31: ='Single Wide Master Sheet'!C94 -> Glazing - dual- low E Argon filled | I31: ='Single Wide Master Sheet'!C99 -> VCT layout - 1/4 turn with 6" offset
C32: ='Single Wide Master Sheet'!C95 -> Windows installed over siding | I32: ='Single Wide Master Sheet'!C100 -> Armstrong 4" rubber cove base "Light Gray" #69
C33: ='Single Wide Master Sheet'!C96 -> Galvanized flashing installed under siding and over top flange of window, under trim. | I33: ='Single Wide Master Sheet'!C101 -> COVE BASE TO BE CONTINUOUS
C34: Wall Cover | I34: Interior Trim
C35: ='Single Wide Master Sheet'!C103 -> 7/16" OSB sheathing above sheetrock at sidewalls | I35: ='Single Wide Master Sheet'!C111 -> Vinyl wrap corners
C36: ='Single Wide Master Sheet'!C104 -> 7/16" OSB sheathing under sheetrock at endwalls- full height | I36: ='Single Wide Master Sheet'!C112 -> Vinyl wrap batts at each side of windows and doors at relief cuts
C37: ='Single Wide Master Sheet'!C105 -> 5/8" vinyl wrap sheetrock - "Pebble Beach" texture "Pure White" color | I37: ='Single Wide Master Sheet'!C113 -> Window and exterior door surrounds and casing - oak vinyl wrap
C38: HVAC | I38: Electrical
C39: ='Single Wide Master Sheet'!C115 -> 1.5 ton 4KW Bard wall hung heat pump with economizer | I39: ='Single Wide Master Sheet'!C145 -> 120/240V Single phase service-stub conduit below joists
C40: ='Single Wide Master Sheet'!C116 -> Overhead supply ducting | I40: ='Single Wide Master Sheet'!C146 -> 125 amp load center
C41: ='Single Wide Master Sheet'!C117 -> 24"x24" diffuser with no dampers | I41: ='Single Wide Master Sheet'!C147 -> 20 amp duplex receptacles per drawing - white finishes
C42: ='Single Wide Master Sheet'!C118 -> Bard model 8403-060 T-stat | I42: ='Single Wide Master Sheet'!C148 -> 15 amp GFCI per drawing
C43: ='Single Wide Master Sheet'!C119 -> Outdoor T-stat | I43: ='Single Wide Master Sheet'!C149 -> Three way switching at exterior doors
I44: ='Single Wide Master Sheet'!C150 -> Phone/Data boxes per drawing stubbed above grid with 1/2" flex conduit.
I45: ='Single Wide Master Sheet'!#REF! -> #REF!
I46: ='Single Wide Master Sheet'!C151 -> Sign circuit at exterior per drawing to (1) 20 amp dedicated circuit
I47: ='Single Wide Master Sheet'!C152 -> Harris model 300 porch light with vandal resistant cover-on photocell
I48: ='Single Wide Master Sheet'!C153 -> 15 amp GFCI duplex receptacle mounted under unit near water supply connection for heat tape.
C49: Restroom | I49: Ceiling
I50: ='Single Wide Master Sheet'!C107 -> 2x4 T-grid and tile -
I51: ='Single Wide Master Sheet'!C108 -> Armstrong #1729 fine fissured with Humiguard
I52: ='Single Wide Master Sheet'!C109 -> 7' 10" ceiling height

Sheet 10x24
B2: Date: | E2: Size: | F2: 10x24 | H2: DESIGN LOADS:
B3: Customer: | E3: Description: | F3: Mobile Office | H3: Floor: | I3: 50
B4: Location: | E4: Insignias: | F4: OR, WA, ID | H4: Wind: | I4: 135/C
B5: Project: | E5: Climate Zone | H5: Roof: | I5: 40
C7: Chassis | I7: Floor
C8: ='Single Wide Master Sheet'!C9 -> Conventional (outriggers every 8' with full length front and rear C-channel cross members) | I8: ='Single Wide Master Sheet'!C26 -> 2"x8" floor joists @ 16" o/c with 2"x8" double rim joists.
C9: ='Single Wide Master Sheet'!C10 -> 10" I-beam main rail. | I9: ='Single Wide Master Sheet'!C27 -> Class "A" woven poly fabric bottom board.
C10: ='Single Wide Master Sheet'!C11 -> 2-Brake axle with 8:00x14.5 14 ply tires - all new | I10: ='Single Wide Master Sheet'!C28 -> Fiberglass batt insulation to code.
C11: ='Single Wide Master Sheet'!C12 -> Detachable Hitch. | I11: ='Single Wide Master Sheet'!C29 -> 3/4" T&G decking-glued and nailed
C12: Exterior Wall Framing | I12: Roof
C13: ='Single Wide Master Sheet'!C38 -> 2"x6" framing @ 16" o/c | I13: ='Single Wide Master Sheet'!C71 -> Single slope away from doors
C14: ='Single Wide Master Sheet'!C39 -> Insulation to code. | I14: ='Single Wide Master Sheet'!C72 -> Bottom cover class "A" woven polyethelene fabric
C15: ='Single Wide Master Sheet'!C40 -> End wall sheathing full height interior side of wall | I15: ='Single Wide Master Sheet'!C73 -> 45 mil Black EPDM roofing with J-rail - Fasten j-rail with grommeted screws
I16: ='Single Wide Master Sheet'!C74 -> Insulation to code.
I17: ='Single Wide Master Sheet'!C75 -> 7/16" OSB sheathing
I18: ='Single Wide Master Sheet'!C76 -> Eave venting
C19: Exterior Wall Finish | I19: Exterior Doors
C20: ='Single Wide Master Sheet'!C53 -> 7/16" LP Smartside Panel T1-11 siding with grooves 8" o/c - roof deck to top of belt rail | I20: ='Single Wide Master Sheet'!C83 -> 3068 Telstar Pro - painted
C21: ='Single Wide Master Sheet'!C54 -> Wrap building with Tyvek building wrap (or equivalent) | I21: ='Single Wide Master Sheet'!C84 -> Hinges - SS-BBH NRP
C22: ='Single Wide Master Sheet'!C55 -> Corner trim - 5/8"x4" Smartside trim - 2"x2" galvanized flashing installed over siding and under corners. | I22: ='Single Wide Master Sheet'!C85 -> Tell DB2051 deadbolt
I23: ='Single Wide Master Sheet'!C86 -> Int/Ext pull handles
C24: ='Single Wide Master Sheet'!C56 -> Window trim - 5/8"x4" Smartside Trim. | I24: ='Single Wide Master Sheet'!C87 -> Tell 12916 door closer
C25: ='Single Wide Master Sheet'!C57 -> Fascia - 5/8"x8" Smartside trim, no grooves | I25: ='Single Wide Master Sheet'!C88 -> Weatherstripping - ADA threshold and sweep
C26: ='Single Wide Master Sheet'!C58 -> Belt Rail - 6"x7/16" LP Smartside trim. 1/2" Z-flashing installed at bottom of siding and top of belt rail - 2" back leg and 3/4" front leg. | I26: ='Single Wide Master Sheet'!C89 -> DEADBOLTS TO BE INSTALLED BELOW PULL HANDLES
I27: ='Single Wide Master Sheet'!C90 -> "THIS DOOR TO REMAIN UNLOCKED WHEN BUILDING IS OCCUPIED" SIGN ABOVE EXTERIOR DOORS
I28: ='Single Wide Master Sheet'!C91 -> DOOR HARDWARE TO HAVE #626 SATIN CHROMIUM PLATED FINISH
C29: Windows | I29: Floor Cover
C30: ='Single Wide Master Sheet'!C93 -> 4'x3' White vinyl horizontal slider | I30: ='Single Wide Master Sheet'!C98 -> Armstrong "Standard Excelon" 1/8" VCT "Shelter White" #51836
C31: ='Single Wide Master Sheet'!C94 -> Glazing - dual- low E Argon filled | I31: ='Single Wide Master Sheet'!C99 -> VCT layout - 1/4 turn with 6" offset
C32: ='Single Wide Master Sheet'!C95 -> Windows installed over siding | I32: ='Single Wide Master Sheet'!C100 -> Armstrong 4" rubber cove base "Light Gray" #69
C33: ='Single Wide Master Sheet'!C96 -> Galvanized flashing installed under siding and over top flange of window, under trim. | I33: ='Single Wide Master Sheet'!C101 -> COVE BASE TO BE CONTINUOUS
C34: Wall Cover | I34: Interior Trim
C35: ='Single Wide Master Sheet'!C103 -> 7/16" OSB sheathing above sheetrock at sidewalls | I35: ='Single Wide Master Sheet'!C111 -> Vinyl wrap corners
C36: ='Single Wide Master Sheet'!C104 -> 7/16" OSB sheathing under sheetrock at endwalls- full height | I36: ='Single Wide Master Sheet'!C112 -> Vinyl wrap batts at each side of windows and doors at relief cuts
C37: ='Single Wide Master Sheet'!C105 -> 5/8" vinyl wrap sheetrock - "Pebble Beach" texture "Pure White" color | I37: ='Single Wide Master Sheet'!C113 -> Window and exterior door surrounds and casing - oak vinyl wrap
C38: HVAC | I38: Electrical
C39: ='Single Wide Master Sheet'!C120 -> 1.5 ton 8KW Bard wall hung heat pump with economizer | I39: ='Single Wide Master Sheet'!C145 -> 120/240V Single phase service-stub conduit below joists
C40: ='Single Wide Master Sheet'!C121 -> Overhead supply ducting | I40: ='Single Wide Master Sheet'!C146 -> 125 amp load center
C41: ='Single Wide Master Sheet'!C122 -> 24"x24" diffuser with no dampers | I41: ='Single Wide Master Sheet'!C147 -> 20 amp duplex receptacles per drawing - white finishes
C42: ='Single Wide Master Sheet'!C123 -> Bard model 8403-060 T-stat | I42: ='Single Wide Master Sheet'!C148 -> 15 amp GFCI per drawing
C43: ='Single Wide Master Sheet'!C124 -> Outdoor T-stat | I43: ='Single Wide Master Sheet'!C149 -> Three way switching at exterior doors
I44: ='Single Wide Master Sheet'!C150 -> Phone/Data boxes per drawing stubbed above grid with 1/2" flex conduit.
I45: ='Single Wide Master Sheet'!C151 -> Sign circuit at exterior per drawing to (1) 20 amp dedicated circuit
I46: ='Single Wide Master Sheet'!C152 -> Harris model 300 porch light with vandal resistant cover-on photocell
C48: Misc. | I48: Ceiling
C49: ='Single Wide Master Sheet'!C165 -> 6"x6" W/P j-box-1" conduits with pull string stubbued above grid for future data | I49: ='Single Wide Master Sheet'!C107 -> 2x4 T-grid and tile -
I50: ='Single Wide Master Sheet'!C108 -> Armstrong #1729 fine fissured with Humiguard
I51: ='Single Wide Master Sheet'!C109 -> 7' 10" ceiling height

Sheet 10x30
B2: Date: | E2: Size: | F2: 10x30 | H2: DESIGN LOADS:
B3: Customer: | E3: Description: | F3: Mobile Office | H3: Floor: | I3: 50
B4: Location: | E4: Insignias: | F4: OR, WA, ID | H4: Wind: | I4: 135/C
B5: Project: | E5: Climate Zone | H5: Roof: | I5: 40
C7: Chassis | I7: Floor
C8: ='Single Wide Master Sheet'!C9 -> Conventional (outriggers every 8' with full length front and rear C-channel cross members) | I8: ='Single Wide Master Sheet'!C26 -> 2"x8" floor joists @ 16" o/c with 2"x8" double rim joists.
C9: ='Single Wide Master Sheet'!C10 -> 10" I-beam main rail. | I9: ='Single Wide Master Sheet'!C27 -> Class "A" woven poly fabric bottom board.
C10: ='Single Wide Master Sheet'!C11 -> 2-Brake axle with 8:00x14.5 14 ply tires - all new | I10: ='Single Wide Master Sheet'!C28 -> Fiberglass batt insulation to code.
C11: ='Single Wide Master Sheet'!C12 -> Detachable Hitch. | I11: ='Single Wide Master Sheet'!C29 -> 3/4" T&G decking-glued and nailed
C12: Exterior Wall Framing | I12: Roof
C13: ='Single Wide Master Sheet'!C38 -> 2"x6" framing @ 16" o/c | I13: ='Single Wide Master Sheet'!C71 -> Single slope away from doors
C14: ='Single Wide Master Sheet'!C39 -> Insulation to code. | I14: ='Single Wide Master Sheet'!C72 -> Bottom cover class "A" woven polyethelene fabric
C15: ='Single Wide Master Sheet'!C40 -> End wall sheathing full height interior side of wall | I15: ='Single Wide Master Sheet'!C73 -> 45 mil Black EPDM roofing with J-rail - Fasten j-rail with grommeted screws
I16: ='Single Wide Master Sheet'!C74 -> Insulation to code.
I17: ='Single Wide Master Sheet'!C75 -> 7/16" OSB sheathing
I18: ='Single Wide Master Sheet'!C76 -> Eave venting
C19: Exterior Wall Finish | I19: Exterior Doors
C20: ='Single Wide Master Sheet'!C53 -> 7/16" LP Smartside Panel T1-11 siding with grooves 8" o/c - roof deck to top of belt rail | I20: ='Single Wide Master Sheet'!C83 -> 3068 Telstar Pro - painted
C21: ='Single Wide Master Sheet'!C54 -> Wrap building with Tyvek building wrap (or equivalent) | I21: ='Single Wide Master Sheet'!C84 -> Hinges - SS-BBH NRP
C22: ='Single Wide Master Sheet'!C55 -> Corner trim - 5/8"x4" Smartside trim - 2"x2" galvanized flashing installed over siding and under corners. | I22: ='Single Wide Master Sheet'!C85 -> Tell DB2051 deadbolt
I23: ='Single Wide Master Sheet'!C86 -> Int/Ext pull handles
C24: ='Single Wide Master Sheet'!C56 -> Window trim - 5/8"x4" Smartside Trim. | I24: ='Single Wide Master Sheet'!C87 -> Tell 12916 door closer
C25: ='Single Wide Master Sheet'!C57 -> Fascia - 5/8"x8" Smartside trim, no grooves | I25: ='Single Wide Master Sheet'!C88 -> Weatherstripping - ADA threshold and sweep
C26: ='Single Wide Master Sheet'!C58 -> Belt Rail - 6"x7/16" LP Smartside trim. 1/2" Z-flashing installed at bottom of siding and top of belt rail - 2" back leg and 3/4" front leg. | I26: ='Single Wide Master Sheet'!C89 -> DEADBOLTS TO BE INSTALLED BELOW PULL HANDLES
I27: ='Single Wide Master Sheet'!C90 -> "THIS DOOR TO REMAIN UNLOCKED WHEN BUILDING IS OCCUPIED" SIGN ABOVE EXTERIOR DOORS
I28: ='Single Wide Master Sheet'!C91 -> DOOR HARDWARE TO HAVE #626 SATIN CHROMIUM PLATED FINISH
C29: Windows | I29: Floor Cover
C30: ='Single Wide Master Sheet'!C93 -> 4'x3' White vinyl horizontal slider | I30: ='Single Wide Master Sheet'!C98 -> Armstrong "Standard Excelon" 1/8" VCT "Shelter White" #51836
C31: ='Single Wide Master Sheet'!C94 -> Glazing - dual- low E Argon filled | I31: ='Single Wide Master Sheet'!C99 -> VCT layout - 1/4 turn with 6" offset
C32: ='Single Wide Master Sheet'!C95 -> Windows installed over siding | I32: ='Single Wide Master Sheet'!C100 -> Armstrong 4" rubber cove base "Light Gray" #69
C33: ='Single Wide Master Sheet'!C96 -> Galvanized flashing installed under siding and over top flange of window, under trim. | I33: ='Single Wide Master Sheet'!C101 -> COVE BASE TO BE CONTINUOUS
C34: Wall Cover | I34: Interior Trim
C35: ='Single Wide Master Sheet'!C103 -> 7/16" OSB sheathing above sheetrock at sidewalls | I35: ='Single Wide Master Sheet'!C111 -> Vinyl wrap corners
C36: ='Single Wide Master Sheet'!C104 -> 7/16" OSB sheathing under sheetrock at endwalls- full height | I36: ='Single Wide Master Sheet'!C112 -> Vinyl wrap batts at each side of windows and doors at relief cuts
C37: ='Single Wide Master Sheet'!C105 -> 5/8" vinyl wrap sheetrock - "Pebble Beach" texture "Pure White" color | I37: ='Single Wide Master Sheet'!C113 -> Window and exterior door surrounds and casing - oak vinyl wrap
C38: HVAC | I38: Electrical
C39: ='Single Wide Master Sheet'!C120 -> 1.5 ton 8KW Bard wall hung heat pump with economizer | I39: ='Single Wide Master Sheet'!C145 -> 120/240V Single phase service-stub conduit below joists
C40: ='Single Wide Master Sheet'!C121 -> Overhead supply ducting | I40: ='Single Wide Master Sheet'!C146 -> 125 amp load center
C41: ='Single Wide Master Sheet'!C122 -> 24"x24" diffuser with no dampers | I41: ='Single Wide Master Sheet'!C147 -> 20 amp duplex receptacles per drawing - white finishes
C42: ='Single Wide Master Sheet'!C123 -> Bard model 8403-060 T-stat | I42: ='Single Wide Master Sheet'!C148 -> 15 amp GFCI per drawing
C43: ='Single Wide Master Sheet'!C124 -> Outdoor T-stat | I43: ='Single Wide Master Sheet'!C149 -> Three way switching at exterior doors
I44: ='Single Wide Master Sheet'!C150 -> Phone/Data boxes per drawing stubbed above grid with 1/2" flex conduit.
I45: ='Single Wide Master Sheet'!C151 -> Sign circuit at exterior per drawing to (1) 20 amp dedicated circuit
I46: ='Single Wide Master Sheet'!C152 -> Harris model 300 porch light with vandal resistant cover-on photocell
C48: Misc. | I48: Ceiling
C49: ='Single Wide Master Sheet'!C165 -> 6"x6" W/P j-box-1" conduits with pull string stubbued above grid for future data | I49: ='Single Wide Master Sheet'!C107 -> 2x4 T-grid and tile -
I50: ='Single Wide Master Sheet'!C108 -> Armstrong #1729 fine fissured with Humiguard
I51: ='Single Wide Master Sheet'!C109 -> 7' 10" ceiling height

Sheet 10x30RR
B2: Date: | E2: Size: | F2: 10x30 | H2: DESIGN LOADS:
B3: Customer: | E3: Description: | F3: Mobile Office with Restroom | H3: Floor: | I3: 50
B4: Location: | E4: Insignias: | F4: OR, WA, ID | H4: Wind: | I4: 135/C
B5: Project: | E5: Climate Zone | H5: Roof: | I5: 40
C7: Chassis | I7: Floor
C8: ='Single Wide Master Sheet'!C9 -> Conventional (outriggers every 8' with full length front and rear C-channel cross members) | I8: ='Single Wide Master Sheet'!C26 -> 2"x8" floor joists @ 16" o/c with 2"x8" double rim joists.
C9: ='Single Wide Master Sheet'!C10 -> 10" I-beam main rail. | I9: ='Single Wide Master Sheet'!C27 -> Class "A" woven poly fabric bottom board.
C10: ='Single Wide Master Sheet'!C11 -> 2-Brake axle with 8:00x14.5 14 ply tires - all new | I10: ='Single Wide Master Sheet'!C28 -> Fiberglass batt insulation to code.
C11: ='Single Wide Master Sheet'!C12 -> Detachable Hitch. | I11: ='Single Wide Master Sheet'!C29 -> 3/4" T&G decking-glued and nailed
C12: Exterior Wall Framing | I12: Roof
C13: ='Single Wide Master Sheet'!C38 -> 2"x6" framing @ 16" o/c | I13: ='Single Wide Master Sheet'!C71 -> Single slope away from doors
C14: ='Single Wide Master Sheet'!C39 -> Insulation to code. | I14: ='Single Wide Master Sheet'!C72 -> Bottom cover class "A" woven polyethelene fabric
C15: ='Single Wide Master Sheet'!C40 -> End wall sheathing full height interior side of wall | I15: ='Single Wide Master Sheet'!C73 -> 45 mil Black EPDM roofing with J-rail - Fasten j-rail with grommeted screws
I16: ='Single Wide Master Sheet'!C74 -> Insulation to code.
I17: ='Single Wide Master Sheet'!C75 -> 7/16" OSB sheathing
I18: ='Single Wide Master Sheet'!C76 -> Eave venting
C19: Exterior Wall Finish | I19: Exterior Doors
C20: ='Single Wide Master Sheet'!C53 -> 7/16" LP Smartside Panel T1-11 siding with grooves 8" o/c - roof deck to top of belt rail | I20: ='Single Wide Master Sheet'!C83 -> 3068 Telstar Pro - painted
C21: ='Single Wide Master Sheet'!C54 -> Wrap building with Tyvek building wrap (or equivalent) | I21: ='Single Wide Master Sheet'!C84 -> Hinges - SS-BBH NRP
C22: ='Single Wide Master Sheet'!C55 -> Corner trim - 5/8"x4" Smartside trim - 2"x2" galvanized flashing installed over siding and under corners. | I22: ='Single Wide Master Sheet'!C85 -> Tell DB2051 deadbolt
I23: ='Single Wide Master Sheet'!C86 -> Int/Ext pull handles
C24: ='Single Wide Master Sheet'!C56 -> Window trim - 5/8"x4" Smartside Trim. | I24: ='Single Wide Master Sheet'!C87 -> Tell 12916 door closer
C25: ='Single Wide Master Sheet'!C57 -> Fascia - 5/8"x8" Smartside trim, no grooves | I25: ='Single Wide Master Sheet'!C88 -> Weatherstripping - ADA threshold and sweep
C26: ='Single Wide Master Sheet'!C58 -> Belt Rail - 6"x7/16" LP Smartside trim. 1/2" Z-flashing installed at bottom of siding and top of belt rail - 2" back leg and 3/4" front leg. | I26: ='Single Wide Master Sheet'!C89 -> DEADBOLTS TO BE INSTALLED BELOW PULL HANDLES
I27: ='Single Wide Master Sheet'!C90 -> "THIS DOOR TO REMAIN UNLOCKED WHEN BUILDING IS OCCUPIED" SIGN ABOVE EXTERIOR DOORS
I28: ='Single Wide Master Sheet'!C91 -> DOOR HARDWARE TO HAVE #626 SATIN CHROMIUM PLATED FINISH
C29: Windows | I29: Floor Cover
C30: ='Single Wide Master Sheet'!C93 -> 4'x3' White vinyl horizontal slider | I30: ='Single Wide Master Sheet'!C98 -> Armstrong "Standard Excelon" 1/8" VCT "Shelter White" #51836
C31: ='Single Wide Master Sheet'!C94 -> Glazing - dual- low E Argon filled | I31: ='Single Wide Master Sheet'!C99 -> VCT layout - 1/4 turn with 6" offset
C32: ='Single Wide Master Sheet'!C95 -> Windows installed over siding | I32: ='Single Wide Master Sheet'!C100 -> Armstrong 4" rubber cove base "Light Gray" #69
C33: ='Single Wide Master Sheet'!C96 -> Galvanized flashing installed under siding and over top flange of window, under trim. | I33: ='Single Wide Master Sheet'!C101 -> COVE BASE TO BE CONTINUOUS
C34: Wall Cover | I34: Interior Trim
C35: ='Single Wide Master Sheet'!C103 -> 7/16" OSB sheathing above sheetrock at sidewalls | I35: ='Single Wide Master Sheet'!C111 -> Vinyl wrap corners
C36: ='Single Wide Master Sheet'!C104 -> 7/16" OSB sheathing under sheetrock at endwalls- full height | I36: ='Single Wide Master Sheet'!C112 -> Vinyl wrap batts at each side of windows and doors at relief cuts
C37: ='Single Wide Master Sheet'!C105 -> 5/8" vinyl wrap sheetrock - "Pebble Beach" texture "Pure White" color | I37: ='Single Wide Master Sheet'!C113 -> Window and exterior door surrounds and casing - oak vinyl wrap
C38: HVAC | I38: Electrical
C39: ='Single Wide Master Sheet'!C120 -> 1.5 ton 8KW Bard wall hung heat pump with economizer | I39: ='Single Wide Master Sheet'!C145 -> 120/240V Single phase service-stub conduit below joists
C40: ='Single Wide Master Sheet'!C121 -> Overhead supply ducting | I40: ='Single Wide Master Sheet'!C146 -> 125 amp load center
C41: ='Single Wide Master Sheet'!C122 -> 24"x24" diffuser with no dampers | I41: ='Single Wide Master Sheet'!C147 -> 20 amp duplex receptacles per drawing - white finishes
C42: ='Single Wide Master Sheet'!C123 -> Bard model 8403-060 T-stat | I42: ='Single Wide Master Sheet'!C148 -> 15 amp GFCI per drawing
C43: ='Single Wide Master Sheet'!C124 -> Outdoor T-stat | I43: ='Single Wide Master Sheet'!C149 -> Three way switching at exterior doors
I44: ='Single Wide Master Sheet'!C150 -> Phone/Data boxes per drawing stubbed above grid with 1/2" flex conduit.
I45: ='Single Wide Master Sheet'!C165 -> 6"x6" W/P j-box-1" conduits with pull string stubbued above grid for future data
I46: ='Single Wide Master Sheet'!C151 -> Sign circuit at exterior per drawing to (1) 20 amp dedicated circuit
I47: ='Single Wide Master Sheet'!C152 -> Harris model 300 porch light with vandal resistant cover-on photocell
I48: ='Single Wide Master Sheet'!C153 -> 15 amp GFCI duplex receptacle mounted under unit near water supply connection for heat tape.
C49: Restroom | I49: Ceiling
C50: ='Single Wide Master Sheet'!C155 -> Wall hung lavatoty with ADA compliant faucet | I50: ='Single Wide Master Sheet'!C107 -> 2x4 T-grid and tile -
C51: ='Single Wide Master Sheet'!C156 -> ADA commercial grade water closet | I51: ='Single Wide Master Sheet'!C108 -> Armstrong #1729 fine fissured with Humiguard
C52: ='Single Wide Master Sheet'!C157 -> 2.5 gallon HWT mounted in corner above water closet-below grid | I52: ='Single Wide Master Sheet'!C109 -> 7' 10" ceiling height
C53: ='Single Wide Master Sheet'!C158 -> Sheet vinyl flooring with 4" contiuous rubber cove base
C54: ='Single Wide Master Sheet'!C159 -> FRP to 4' AFF on all walls
C55: ='Single Wide Master Sheet'!C160 -> Exhaust fan indepentently switched

Sheet 10x40
B2: Date: | E2: Size: | F2: 10x40 | H2: DESIGN LOADS:
B3: Customer: | E3: Description: | F3: Mobile Office | H3: Floor: | I3: 50
B4: Location: | E4: Insignias: | F4: OR, WA, ID | H4: Wind: | I4: 135/C
B5: Project: | E5: Climate Zone | H5: Roof: | I5: 40
C7: Chassis | I7: Floor
C8: ='Single Wide Master Sheet'!C9 -> Conventional (outriggers every 8' with full length front and rear C-channel cross members) | I8: ='Single Wide Master Sheet'!C26 -> 2"x8" floor joists @ 16" o/c with 2"x8" double rim joists.
C9: ='Single Wide Master Sheet'!C10 -> 10" I-beam main rail. | I9: ='Single Wide Master Sheet'!C27 -> Class "A" woven poly fabric bottom board.
C10: ='Single Wide Master Sheet'!C11 -> 2-Brake axle with 8:00x14.5 14 ply tires - all new | I10: ='Single Wide Master Sheet'!C28 -> Fiberglass batt insulation to code.
C11: ='Single Wide Master Sheet'!C12 -> Detachable Hitch. | I11: ='Single Wide Master Sheet'!C29 -> 3/4" T&G decking-glued and nailed
C12: Exterior Wall Framing | I12: Roof
C13: ='Single Wide Master Sheet'!C38 -> 2"x6" framing @ 16" o/c | I13: ='Single Wide Master Sheet'!C71 -> Single slope away from doors
C14: ='Single Wide Master Sheet'!C39 -> Insulation to code. | I14: ='Single Wide Master Sheet'!C72 -> Bottom cover class "A" woven polyethelene fabric
C15: ='Single Wide Master Sheet'!C40 -> End wall sheathing full height interior side of wall | I15: ='Single Wide Master Sheet'!C73 -> 45 mil Black EPDM roofing with J-rail - Fasten j-rail with grommeted screws
I16: ='Single Wide Master Sheet'!C74 -> Insulation to code.
I17: ='Single Wide Master Sheet'!C75 -> 7/16" OSB sheathing
I18: ='Single Wide Master Sheet'!C76 -> Eave venting
C19: Exterior Wall Finish | I19: Exterior Doors
C20: ='Single Wide Master Sheet'!C53 -> 7/16" LP Smartside Panel T1-11 siding with grooves 8" o/c - roof deck to top of belt rail | I20: ='Single Wide Master Sheet'!C83 -> 3068 Telstar Pro - painted
C21: ='Single Wide Master Sheet'!C54 -> Wrap building with Tyvek building wrap (or equivalent) | I21: ='Single Wide Master Sheet'!C84 -> Hinges - SS-BBH NRP
C22: ='Single Wide Master Sheet'!C55 -> Corner trim - 5/8"x4" Smartside trim - 2"x2" galvanized flashing installed over siding and under corners. | I22: ='Single Wide Master Sheet'!C85 -> Tell DB2051 deadbolt
I23: ='Single Wide Master Sheet'!C86 -> Int/Ext pull handles
C24: ='Single Wide Master Sheet'!C56 -> Window trim - 5/8"x4" Smartside Trim. | I24: ='Single Wide Master Sheet'!C87 -> Tell 12916 door closer
C25: ='Single Wide Master Sheet'!C57 -> Fascia - 5/8"x8" Smartside trim, no grooves | I25: ='Single Wide Master Sheet'!C88 -> Weatherstripping - ADA threshold and sweep
C26: ='Single Wide Master Sheet'!C58 -> Belt Rail - 6"x7/16" LP Smartside trim. 1/2" Z-flashing installed at bottom of siding and top of belt rail - 2" back leg and 3/4" front leg. | I26: ='Single Wide Master Sheet'!C89 -> DEADBOLTS TO BE INSTALLED BELOW PULL HANDLES
I27: ='Single Wide Master Sheet'!C90 -> "THIS DOOR TO REMAIN UNLOCKED WHEN BUILDING IS OCCUPIED" SIGN ABOVE EXTERIOR DOORS
I28: ='Single Wide Master Sheet'!C91 -> DOOR HARDWARE TO HAVE #626 SATIN CHROMIUM PLATED FINISH
C29: Windows | I29: Floor Cover
C30: ='Single Wide Master Sheet'!C93 -> 4'x3' White vinyl horizontal slider | I30: ='Single Wide Master Sheet'!C98 -> Armstrong "Standard Excelon" 1/8" VCT "Shelter White" #51836
C31: ='Single Wide Master Sheet'!C94 -> Glazing - dual- low E Argon filled | I31: ='Single Wide Master Sheet'!C99 -> VCT layout - 1/4 turn with 6" offset
C32: ='Single Wide Master Sheet'!C95 -> Windows installed over siding | I32: ='Single Wide Master Sheet'!C100 -> Armstrong 4" rubber cove base "Light Gray" #69
C33: ='Single Wide Master Sheet'!C96 -> Galvanized flashing installed under siding and over top flange of window, under trim. | I33: ='Single Wide Master Sheet'!C101 -> COVE BASE TO BE CONTINUOUS
C34: Wall Cover | I34: Interior Trim
C35: ='Single Wide Master Sheet'!C103 -> 7/16" OSB sheathing above sheetrock at sidewalls | I35: ='Single Wide Master Sheet'!C111 -> Vinyl wrap corners
C36: ='Single Wide Master Sheet'!C104 -> 7/16" OSB sheathing under sheetrock at endwalls- full height | I36: ='Single Wide Master Sheet'!C112 -> Vinyl wrap batts at each side of windows and doors at relief cuts
C37: ='Single Wide Master Sheet'!C105 -> 5/8" vinyl wrap sheetrock - "Pebble Beach" texture "Pure White" color | I37: ='Single Wide Master Sheet'!C113 -> Window and exterior door surrounds and casing - oak vinyl wrap
C38: HVAC | I38: Electrical
C39: ='Single Wide Master Sheet'!C120 -> 1.5 ton 8KW Bard wall hung heat pump with economizer | I39: ='Single Wide Master Sheet'!C145 -> 120/240V Single phase service-stub conduit below joists
C40: ='Single Wide Master Sheet'!C121 -> Overhead supply ducting | I40: ='Single Wide Master Sheet'!C146 -> 125 amp load center
C41: ='Single Wide Master Sheet'!C122 -> 24"x24" diffuser with no dampers | I41: ='Single Wide Master Sheet'!C147 -> 20 amp duplex receptacles per drawing - white finishes
C42: ='Single Wide Master Sheet'!C123 -> Bard model 8403-060 T-stat | I42: ='Single Wide Master Sheet'!C148 -> 15 amp GFCI per drawing
C43: ='Single Wide Master Sheet'!C124 -> Outdoor T-stat | I43: ='Single Wide Master Sheet'!C149 -> Three way switching at exterior doors
I44: ='Single Wide Master Sheet'!C150 -> Phone/Data boxes per drawing stubbed above grid with 1/2" flex conduit.
I45: ='Single Wide Master Sheet'!C165 -> 6"x6" W/P j-box-1" conduits with pull string stubbued above grid for future data
I46: ='Single Wide Master Sheet'!C151 -> Sign circuit at exterior per drawing to (1) 20 amp dedicated circuit
I47: ='Single Wide Master Sheet'!C152 -> Harris model 300 porch light with vandal resistant cover-on photocell
C49: Misc. | I49: Ceiling
I50: ='Single Wide Master Sheet'!C107 -> 2x4 T-grid and tile -
I51: ='Single Wide Master Sheet'!C108 -> Armstrong #1729 fine fissured with Humiguard
I52: ='Single Wide Master Sheet'!C109 -> 7' 10" ceiling height

Sheet 10x40RR
B2: Date: | E2: Size: | F2: 10x40 | H2: DESIGN LOADS:
B3: Customer: | E3: Description: | F3: Mobile Office with Restroom | H3: Floor: | I3: 50
B4: Location: | E4: Insignias: | F4: OR, WA, ID | H4: Wind: | I4: 135/C
B5: Project: | E5: Climate Zone | H5: Roof: | I5: 40
C7: Chassis | I7: Floor
C8: ='Single Wide Master Sheet'!C9 -> Conventional (outriggers every 8' with full length front and rear C-channel cross members) | I8: ='Single Wide Master Sheet'!C26 -> 2"x8" floor joists @ 16" o/c with 2"x8" double rim joists.
C9: ='Single Wide Master Sheet'!C10 -> 10" I-beam main rail. | I9: ='Single Wide Master Sheet'!C27 -> Class "A" woven poly fabric bottom board.
C10: ='Single Wide Master Sheet'!C11 -> 2-Brake axle with 8:00x14.5 14 ply tires - all new | I10: ='Single Wide Master Sheet'!C28 -> Fiberglass batt insulation to code.
C11: ='Single Wide Master Sheet'!C12 -> Detachable Hitch. | I11: ='Single Wide Master Sheet'!C29 -> 3/4" T&G decking-glued and nailed
C12: Exterior Wall Framing | I12: Roof
C13: ='Single Wide Master Sheet'!C38 -> 2"x6" framing @ 16" o/c | I13: ='Single Wide Master Sheet'!C71 -> Single slope away from doors
C14: ='Single Wide Master Sheet'!C39 -> Insulation to code. | I14: ='Single Wide Master Sheet'!C72 -> Bottom cover class "A" woven polyethelene fabric
C15: ='Single Wide Master Sheet'!C40 -> End wall sheathing full height interior side of wall | I15: ='Single Wide Master Sheet'!C73 -> 45 mil Black EPDM roofing with J-rail - Fasten j-rail with grommeted screws
I16: ='Single Wide Master Sheet'!C74 -> Insulation to code.
I17: ='Single Wide Master Sheet'!C75 -> 7/16" OSB sheathing
I18: ='Single Wide Master Sheet'!C76 -> Eave venting
C19: Exterior Wall Finish | I19: Exterior Doors
C20: ='Single Wide Master Sheet'!C53 -> 7/16" LP Smartside Panel T1-11 siding with grooves 8" o/c - roof deck to top of belt rail | I20: ='Single Wide Master Sheet'!C83 -> 3068 Telstar Pro - painted
C21: ='Single Wide Master Sheet'!C54 -> Wrap building with Tyvek building wrap (or equivalent) | I21: ='Single Wide Master Sheet'!C84 -> Hinges - SS-BBH NRP
C22: ='Single Wide Master Sheet'!C55 -> Corner trim - 5/8"x4" Smartside trim - 2"x2" galvanized flashing installed over siding and under corners. | I22: ='Single Wide Master Sheet'!C85 -> Tell DB2051 deadbolt
I23: ='Single Wide Master Sheet'!C86 -> Int/Ext pull handles
C24: ='Single Wide Master Sheet'!C56 -> Window trim - 5/8"x4" Smartside Trim. | I24: ='Single Wide Master Sheet'!C87 -> Tell 12916 door closer
C25: ='Single Wide Master Sheet'!C57 -> Fascia - 5/8"x8" Smartside trim, no grooves | I25: ='Single Wide Master Sheet'!C88 -> Weatherstripping - ADA threshold and sweep
C26: ='Single Wide Master Sheet'!C58 -> Belt Rail - 6"x7/16" LP Smartside trim. 1/2" Z-flashing installed at bottom of siding and top of belt rail - 2" back leg and 3/4" front leg. | I26: ='Single Wide Master Sheet'!C89 -> DEADBOLTS TO BE INSTALLED BELOW PULL HANDLES
I27: ='Single Wide Master Sheet'!C90 -> "THIS DOOR TO REMAIN UNLOCKED WHEN BUILDING IS OCCUPIED" SIGN ABOVE EXTERIOR DOORS
I28: ='Single Wide Master Sheet'!C91 -> DOOR HARDWARE TO HAVE #626 SATIN CHROMIUM PLATED FINISH
C29: Windows | I29: Floor Cover
C30: ='Single Wide Master Sheet'!C93 -> 4'x3' White vinyl horizontal slider | I30: ='Single Wide Master Sheet'!C98 -> Armstrong "Standard Excelon" 1/8" VCT "Shelter White" #51836
C31: ='Single Wide Master Sheet'!C94 -> Glazing - dual- low E Argon filled | I31: ='Single Wide Master Sheet'!C99 -> VCT layout - 1/4 turn with 6" offset
C32: ='Single Wide Master Sheet'!C95 -> Windows installed over siding | I32: ='Single Wide Master Sheet'!C100 -> Armstrong 4" rubber cove base "Light Gray" #69
C33: ='Single Wide Master Sheet'!C96 -> Galvanized flashing installed under siding and over top flange of window, under trim. | I33: ='Single Wide Master Sheet'!C101 -> COVE BASE TO BE CONTINUOUS
C34: Wall Cover | I34: Interior Trim
C35: ='Single Wide Master Sheet'!C103 -> 7/16" OSB sheathing above sheetrock at sidewalls | I35: ='Single Wide Master Sheet'!C111 -> Vinyl wrap corners
C36: ='Single Wide Master Sheet'!C104 -> 7/16" OSB sheathing under sheetrock at endwalls- full height | I36: ='Single Wide Master Sheet'!C112 -> Vinyl wrap batts at each side of windows and doors at relief cuts
C37: ='Single Wide Master Sheet'!C105 -> 5/8" vinyl wrap sheetrock - "Pebble Beach" texture "Pure White" color | I37: ='Single Wide Master Sheet'!C113 -> Window and exterior door surrounds and casing - oak vinyl wrap
C38: HVAC | I38: Electrical
C39: ='Single Wide Master Sheet'!C120 -> 1.5 ton 8KW Bard wall hung heat pump with economizer | I39: ='Single Wide Master Sheet'!C145 -> 120/240V Single phase service-stub conduit below joists
C40: ='Single Wide Master Sheet'!C121 -> Overhead supply ducting | I40: ='Single Wide Master Sheet'!C146 -> 125 amp load center
C41: ='Single Wide Master Sheet'!C122 -> 24"x24" diffuser with no dampers | I41: ='Single Wide Master Sheet'!C147 -> 20 amp duplex receptacles per drawing - white finishes
C42: ='Single Wide Master Sheet'!C123 -> Bard model 8403-060 T-stat | I42: ='Single Wide Master Sheet'!C148 -> 15 amp GFCI per drawing
C43: ='Single Wide Master Sheet'!C124 -> Outdoor T-stat | I43: ='Single Wide Master Sheet'!C149 -> Three way switching at exterior doors
I44: ='Single Wide Master Sheet'!C150 -> Phone/Data boxes per drawing stubbed above grid with 1/2" flex conduit.
I45: ='Single Wide Master Sheet'!C165 -> 6"x6" W/P j-box-1" conduits with pull string stubbued above grid for future data
I46: ='Single Wide Master Sheet'!C151 -> Sign circuit at exterior per drawing to (1) 20 amp dedicated circuit
I47: ='Single Wide Master Sheet'!C152 -> Harris model 300 porch light with vandal resistant cover-on photocell
I48: ='Single Wide Master Sheet'!C153 -> 15 amp GFCI duplex receptacle mounted under unit near water supply connection for heat tape.
C49: Restroom | I49: Ceiling
C50: ='Single Wide Master Sheet'!C155 -> Wall hung lavatoty with ADA compliant faucet | I50: ='Single Wide Master Sheet'!C107 -> 2x4 T-grid and tile -
C51: ='Single Wide Master Sheet'!C156 -> ADA commercial grade water closet | I51: ='Single Wide Master Sheet'!C108 -> Armstrong #1729 fine fissured with Humiguard
C52: ='Single Wide Master Sheet'!C157 -> 2.5 gallon HWT mounted in corner above water closet-below grid | I52: ='Single Wide Master Sheet'!C109 -> 7' 10" ceiling height
C53: ='Single Wide Master Sheet'!C158 -> Sheet vinyl flooring with 4" contiuous rubber cove base
C54: ='Single Wide Master Sheet'!C159 -> FRP to 4' AFF on all walls
C55: ='Single Wide Master Sheet'!C160 -> Exhaust fan indepentently switched

Sheet 12x40
B2: Date: | E2: Size: | F2: 12x40 | H2: DESIGN LOADS:
B3: Customer: | E3: Description: | F3: Mobile Office | H3: Floor: | I3: 50
B4: Location: | E4: Insignias: | F4: OR, WA, ID | H4: Wind: | I4: 135/C
B5: Project: | E5: Climate Zone | H5: Roof: | I5: 40
C7: Chassis | I7: Floor
C8: ='Single Wide Master Sheet'!C13 -> Conventional (outriggers every 8' with full length front and rear C-channel cross members) | I8: ='Single Wide Master Sheet'!C30 -> 2"x8" floor joists @ 16" o/c with 2"x8" double rim joists.
C9: ='Single Wide Master Sheet'!C14 -> 12" I-beam main rail. | I9: ='Single Wide Master Sheet'!C31 -> Class "A" woven poly fabric bottom board.
C10: ='Single Wide Master Sheet'!C15 -> 3-Brake axle with 8:00x14.5 14 ply tires - all new | I10: ='Single Wide Master Sheet'!C32 -> Fiberglass batt insulation to code.
C11: ='Single Wide Master Sheet'!C16 -> Detachable Hitch. | I11: ='Single Wide Master Sheet'!C33 -> 3/4" T&G decking-glued and nailed.
C12: Exterior Wall Framing | I12: Roof
C13: ='Single Wide Master Sheet'!C42 -> 2x6 framing @ 16" o/c | I13: ='Single Wide Master Sheet'!C77 -> Single slope away from doors
C14: ='Single Wide Master Sheet'!C43 -> Insulation to code. | I14: ='Single Wide Master Sheet'!C78 -> Bottom cover class "A" woven polyethelene fabric
C15: ='Single Wide Master Sheet'!C44 -> End wall sheathing full height interior side of wall | I15: ='Single Wide Master Sheet'!C79 -> 45 mil Black EPDM roofing with J-rail - Fasten j-rail with grommeted screws
C16: ='Single Wide Master Sheet'!C45 -> Standard plenum wall for sound reduction-lined with 5/8" sheetrock. | I16: ='Single Wide Master Sheet'!C80 -> Insulation to code.
I17: ='Single Wide Master Sheet'!C81 -> 7/16" OSB sheathing - Eave venting
C18: Exterior Wall Finish | I18: Exterior Doors
C19: ='Single Wide Master Sheet'!C59 -> 7/16" LP Smartside Panel T1-11 siding with grooves 8" o/c - roof deck to top of belt rail | I19: ='Single Wide Master Sheet'!C83 -> 3068 Telstar Pro - painted
C20: ='Single Wide Master Sheet'!C60 -> Wrap building with Tyvek building wrap (or equivalent) | I20: ='Single Wide Master Sheet'!C84 -> Hinges - SS-BBH NRP
C21: ='Single Wide Master Sheet'!C61 -> Corner trim - 5/8"x4" Smartside trim - 2"x2" galvanized flashing installed over siding and under corners. | I21: ='Single Wide Master Sheet'!C85 -> Tell DB2051 deadbolt
I22: ='Single Wide Master Sheet'!C86 -> Int/Ext pull handles
C23: ='Single Wide Master Sheet'!C62 -> Window trim - 5/8"x4" Smartside Trim. | I23: ='Single Wide Master Sheet'!C87 -> Tell 12916 door closer
C24: ='Single Wide Master Sheet'!C63 -> Fascia - 5/8"x8" Smartside trim, no grooves | I24: ='Single Wide Master Sheet'!C88 -> Weatherstripping - ADA threshold and sweep
C25: ='Single Wide Master Sheet'!C64 -> Belt Rail - 6"x7/16" LP Smartside trim. 1/2" Z-flashing installed at bottom of siding and top of belt rail - 2" back leg and 3/4" front leg. | I25: ='Single Wide Master Sheet'!C89 -> DEADBOLTS TO BE INSTALLED BELOW PULL HANDLES
I26: ='Single Wide Master Sheet'!C90 -> "THIS DOOR TO REMAIN UNLOCKED WHEN BUILDING IS OCCUPIED" SIGN ABOVE EXTERIOR DOORS
I27: ='Single Wide Master Sheet'!C91 -> DOOR HARDWARE TO HAVE #626 SATIN CHROMIUM PLATED FINISH
C28: Windows | I28: Floor Cover
C29: ='Single Wide Master Sheet'!C93 -> 4'x3' White vinyl horizontal slider | I29: ='Single Wide Master Sheet'!C98 -> Armstrong "Standard Excelon" 1/8" VCT "Shelter White" #51836
C30: ='Single Wide Master Sheet'!C94 -> Glazing - dual- low E Argon filled | I30: ='Single Wide Master Sheet'!C99 -> VCT layout - 1/4 turn with 6" offset
C31: ='Single Wide Master Sheet'!C95 -> Windows installed over siding | I31: ='Single Wide Master Sheet'!C100 -> Armstrong 4" rubber cove base "Light Gray" #69
C32: ='Single Wide Master Sheet'!C96 -> Galvanized flashing installed under siding and over top flange of window, under trim. | I32: ='Single Wide Master Sheet'!C101 -> COVE BASE TO BE CONTINUOUS
C33: Wall Cover | I33: Interior Trim
C34: ='Single Wide Master Sheet'!C103 -> 7/16" OSB sheathing above sheetrock at sidewalls | I34: ='Single Wide Master Sheet'!C111 -> Vinyl wrap corners
C35: ='Single Wide Master Sheet'!C104 -> 7/16" OSB sheathing under sheetrock at endwalls- full height | I35: ='Single Wide Master Sheet'!C112 -> Vinyl wrap batts at each side of windows and doors at relief cuts
C36: ='Single Wide Master Sheet'!C105 -> 5/8" vinyl wrap sheetrock - "Pebble Beach" texture "Pure White" color | I36: ='Single Wide Master Sheet'!C113 -> Window and exterior door surrounds and casing - oak vinyl wrap
C37: HVAC | I37: Electrical
C38: ='Single Wide Master Sheet'!C126 -> 2 ton 8KW Bard wall hung heat pump with economizer | I38: ='Single Wide Master Sheet'!C145 -> 120/240V Single phase service-stub conduit below joists
C39: ='Single Wide Master Sheet'!C127 -> Overhead supply ducting | I39: ='Single Wide Master Sheet'!C146 -> 125 amp load center
C40: ='Single Wide Master Sheet'!C128 -> 24"x24" diffuser with no dampers | I40: ='Single Wide Master Sheet'!C147 -> 20 amp duplex receptacles per drawing - white finishes
C41: ='Single Wide Master Sheet'!C129 -> Bard model 8403-060 T-stat | I41: ='Single Wide Master Sheet'!C148 -> 15 amp GFCI per drawing
C42: ='Single Wide Master Sheet'!C130 -> Outdoor T-stat | I42: ='Single Wide Master Sheet'!C149 -> Three way switching at exterior doors
I43: ='Single Wide Master Sheet'!C150 -> Phone/Data boxes per drawing stubbed above grid with 1/2" flex conduit.
I44: ='Single Wide Master Sheet'!C165 -> 6"x6" W/P j-box-1" conduits with pull string stubbued above grid for future data
I45: ='Single Wide Master Sheet'!C151 -> Sign circuit at exterior per drawing to (1) 20 amp dedicated circuit
I46: ='Single Wide Master Sheet'!C152 -> Harris model 300 porch light with vandal resistant cover-on photocell
C48: Misc. | I48: Ceiling
I49: ='Single Wide Master Sheet'!C107 -> 2x4 T-grid and tile -
I50: ='Single Wide Master Sheet'!C108 -> Armstrong #1729 fine fissured with Humiguard
I51: ='Single Wide Master Sheet'!C109 -> 7' 10" ceiling height

Sheet 12x44RR
B2: Date: | E2: Size: | F2: 12x44 | H2: DESIGN LOADS:
B3: Customer: | E3: Description: | F3: Mobile Office with Restroom | H3: Floor: | I3: 50
B4: Location: | E4: Insignias: | F4: OR, WA, ID | H4: Wind: | I4: 135/C
B5: Project: | E5: Climate Zone | H5: Roof: | I5: 40
C7: Chassis | I7: Floor
C8: ='Single Wide Master Sheet'!C13 -> Conventional (outriggers every 8' with full length front and rear C-channel cross members) | I8: ='Single Wide Master Sheet'!C30 -> 2"x8" floor joists @ 16" o/c with 2"x8" double rim joists.
C9: ='Single Wide Master Sheet'!C14 -> 12" I-beam main rail. | I9: ='Single Wide Master Sheet'!C31 -> Class "A" woven poly fabric bottom board.
C10: ='Single Wide Master Sheet'!C15 -> 3-Brake axle with 8:00x14.5 14 ply tires - all new | I10: ='Single Wide Master Sheet'!C32 -> Fiberglass batt insulation to code.
C11: ='Single Wide Master Sheet'!C16 -> Detachable Hitch. | I11: ='Single Wide Master Sheet'!C33 -> 3/4" T&G decking-glued and nailed.
C12: Exterior Wall Framing | I12: Roof
C13: ='Single Wide Master Sheet'!C42 -> 2x6 framing @ 16" o/c | I13: ='Single Wide Master Sheet'!C77 -> Single slope away from doors
C14: ='Single Wide Master Sheet'!C43 -> Insulation to code. | I14: ='Single Wide Master Sheet'!C78 -> Bottom cover class "A" woven polyethelene fabric
C15: ='Single Wide Master Sheet'!C44 -> End wall sheathing full height interior side of wall | I15: ='Single Wide Master Sheet'!C79 -> 45 mil Black EPDM roofing with J-rail - Fasten j-rail with grommeted screws
C16: ='Single Wide Master Sheet'!C45 -> Standard plenum wall for sound reduction-lined with 5/8" sheetrock. | I16: ='Single Wide Master Sheet'!C80 -> Insulation to code.
I17: ='Single Wide Master Sheet'!C81 -> 7/16" OSB sheathing - Eave venting
C18: Exterior Wall Finish | I18: Exterior Doors
C19: ='Single Wide Master Sheet'!C59 -> 7/16" LP Smartside Panel T1-11 siding with grooves 8" o/c - roof deck to top of belt rail | I19: ='Single Wide Master Sheet'!C83 -> 3068 Telstar Pro - painted
C20: ='Single Wide Master Sheet'!C60 -> Wrap building with Tyvek building wrap (or equivalent) | I20: ='Single Wide Master Sheet'!C84 -> Hinges - SS-BBH NRP
C21: ='Single Wide Master Sheet'!C61 -> Corner trim - 5/8"x4" Smartside trim - 2"x2" galvanized flashing installed over siding and under corners. | I21: ='Single Wide Master Sheet'!C85 -> Tell DB2051 deadbolt
I22: ='Single Wide Master Sheet'!C86 -> Int/Ext pull handles
C23: ='Single Wide Master Sheet'!C62 -> Window trim - 5/8"x4" Smartside Trim. | I23: ='Single Wide Master Sheet'!C87 -> Tell 12916 door closer
C24: ='Single Wide Master Sheet'!C63 -> Fascia - 5/8"x8" Smartside trim, no grooves | I24: ='Single Wide Master Sheet'!C88 -> Weatherstripping - ADA threshold and sweep
C25: ='Single Wide Master Sheet'!C64 -> Belt Rail - 6"x7/16" LP Smartside trim. 1/2" Z-flashing installed at bottom of siding and top of belt rail - 2" back leg and 3/4" front leg. | I25: ='Single Wide Master Sheet'!C89 -> DEADBOLTS TO BE INSTALLED BELOW PULL HANDLES
I26: ='Single Wide Master Sheet'!C90 -> "THIS DOOR TO REMAIN UNLOCKED WHEN BUILDING IS OCCUPIED" SIGN ABOVE EXTERIOR DOORS
I27: ='Single Wide Master Sheet'!C91 -> DOOR HARDWARE TO HAVE #626 SATIN CHROMIUM PLATED FINISH
C28: Windows | I28: Floor Cover
C29: ='Single Wide Master Sheet'!C93 -> 4'x3' White vinyl horizontal slider | I29: ='Single Wide Master Sheet'!C98 -> Armstrong "Standard Excelon" 1/8" VCT "Shelter White" #51836
C30: ='Single Wide Master Sheet'!C94 -> Glazing - dual- low E Argon filled | I30: ='Single Wide Master Sheet'!C99 -> VCT layout - 1/4 turn with 6" offset
C31: ='Single Wide Master Sheet'!C95 -> Windows installed over siding | I31: ='Single Wide Master Sheet'!C100 -> Armstrong 4" rubber cove base "Light Gray" #69
C32: ='Single Wide Master Sheet'!C96 -> Galvanized flashing installed under siding and over top flange of window, under trim. | I32: ='Single Wide Master Sheet'!C101 -> COVE BASE TO BE CONTINUOUS
C33: Wall Cover | I33: Interior Trim
C34: ='Single Wide Master Sheet'!C103 -> 7/16" OSB sheathing above sheetrock at sidewalls | I34: ='Single Wide Master Sheet'!C111 -> Vinyl wrap corners
C35: ='Single Wide Master Sheet'!C104 -> 7/16" OSB sheathing under sheetrock at endwalls- full height | I35: ='Single Wide Master Sheet'!C112 -> Vinyl wrap batts at each side of windows and doors at relief cuts
C36: ='Single Wide Master Sheet'!C105 -> 5/8" vinyl wrap sheetrock - "Pebble Beach" texture "Pure White" color | I36: ='Single Wide Master Sheet'!C113 -> Window and exterior door surrounds and casing - oak vinyl wrap
C37: HVAC | I37: Electrical
C38: ='Single Wide Master Sheet'!C132 -> 2.5 ton 10KW Bard wall hung heat pump with economizer | I38: ='Single Wide Master Sheet'!C145 -> 120/240V Single phase service-stub conduit below joists
C39: ='Single Wide Master Sheet'!C133 -> Overhead supply ducting | I39: ='Single Wide Master Sheet'!C146 -> 125 amp load center
C40: ='Single Wide Master Sheet'!C134 -> 24"x24" diffuser with no dampers | I40: ='Single Wide Master Sheet'!C147 -> 20 amp duplex receptacles per drawing - white finishes
C41: ='Single Wide Master Sheet'!C135 -> Bard model 8403-060 T-stat | I41: ='Single Wide Master Sheet'!C148 -> 15 amp GFCI per drawing
C42: ='Single Wide Master Sheet'!C136 -> Outdoor T-stat | I42: ='Single Wide Master Sheet'!C149 -> Three way switching at exterior doors
C43: ='Single Wide Master Sheet'!C137 -> Provide jump duct over permanent office wall for return air | I43: ='Single Wide Master Sheet'!C150 -> Phone/Data boxes per drawing stubbed above grid with 1/2" flex conduit.
I44: ='Single Wide Master Sheet'!C165 -> 6"x6" W/P j-box-1" conduits with pull string stubbued above grid for future data
I45: ='Single Wide Master Sheet'!C151 -> Sign circuit at exterior per drawing to (1) 20 amp dedicated circuit
I46: ='Single Wide Master Sheet'!C152 -> Harris model 300 porch light with vandal resistant cover-on photocell
I47: ='Single Wide Master Sheet'!C153 -> 15 amp GFCI duplex receptacle mounted under unit near water supply connection for heat tape.
C48: Restroom | I48: Ceiling
C49: ='Single Wide Master Sheet'!C155 -> Wall hung lavatoty with ADA compliant faucet | I49: ='Single Wide Master Sheet'!C107 -> 2x4 T-grid and tile -
C50: ='Single Wide Master Sheet'!C156 -> ADA commercial grade water closet | I50: ='Single Wide Master Sheet'!C108 -> Armstrong #1729 fine fissured with Humiguard
C51: ='Single Wide Master Sheet'!C157 -> 2.5 gallon HWT mounted in corner above water closet-below grid | I51: ='Single Wide Master Sheet'!C109 -> 7' 10" ceiling height
C52: ='Single Wide Master Sheet'!C158 -> Sheet vinyl flooring with 4" contiuous rubber cove base
C53: ='Single Wide Master Sheet'!C159 -> FRP to 4' AFF on all walls
C54: ='Single Wide Master Sheet'!C160 -> Exhaust fan indepentently switched

Sheet 12x56
B2: Date: | E2: Size: | F2: 12x56 | H2: DESIGN LOADS:
B3: Customer: | E3: Description: | F3: Mobile Office | H3: Floor: | I3: 50
B4: Location: | E4: Insignias: | F4: OR, WA, ID | H4: Wind: | I4: 135/C
B5: Project: | E5: Climate Zone | H5: Roof: | I5: 40
C7: Chassis | I7: Floor
C8: ='Single Wide Master Sheet'!C17 -> Conventional (outriggers every 8' with full length front and rear C-channel cross members) | I8: ='Single Wide Master Sheet'!C30 -> 2"x8" floor joists @ 16" o/c with 2"x8" double rim joists.
C9: ='Single Wide Master Sheet'!C18 -> 12" I-beam main rail. Provide double I-beam and full depth cross members at axle assemblies. | I9: ='Single Wide Master Sheet'!C31 -> Class "A" woven poly fabric bottom board.
C10: ='Single Wide Master Sheet'!C19 -> 4-Brake axle with 8:00x14.5 14 ply tires. | I10: ='Single Wide Master Sheet'!C32 -> Fiberglass batt insulation to code.
C11: ='Single Wide Master Sheet'!C20 -> Detachable Hitch. | I11: ='Single Wide Master Sheet'!C33 -> 3/4" T&G decking-glued and nailed.
C12: Exterior Wall Framing | I12: Roof
C13: ='Single Wide Master Sheet'!C42 -> 2x6 framing @ 16" o/c | I13: ='Single Wide Master Sheet'!C77 -> Single slope away from doors
C14: ='Single Wide Master Sheet'!C43 -> Insulation to code. | I14: ='Single Wide Master Sheet'!C78 -> Bottom cover class "A" woven polyethelene fabric
C15: ='Single Wide Master Sheet'!C44 -> End wall sheathing full height interior side of wall | I15: ='Single Wide Master Sheet'!C79 -> 45 mil Black EPDM roofing with J-rail - Fasten j-rail with grommeted screws
C16: ='Single Wide Master Sheet'!C45 -> Standard plenum wall for sound reduction-lined with 5/8" sheetrock. | I16: ='Single Wide Master Sheet'!C80 -> Insulation to code.
I17: ='Single Wide Master Sheet'!C81 -> 7/16" OSB sheathing - Eave venting
C18: Exterior Wall Finish | I18: Exterior Doors
C19: ='Single Wide Master Sheet'!C59 -> 7/16" LP Smartside Panel T1-11 siding with grooves 8" o/c - roof deck to top of belt rail | I19: ='Single Wide Master Sheet'!C83 -> 3068 Telstar Pro - painted
C20: ='Single Wide Master Sheet'!C60 -> Wrap building with Tyvek building wrap (or equivalent) | I20: ='Single Wide Master Sheet'!C84 -> Hinges - SS-BBH NRP
C21: ='Single Wide Master Sheet'!C61 -> Corner trim - 5/8"x4" Smartside trim - 2"x2" galvanized flashing installed over siding and under corners. | I21: ='Single Wide Master Sheet'!C85 -> Tell DB2051 deadbolt
I22: ='Single Wide Master Sheet'!C86 -> Int/Ext pull handles
C23: ='Single Wide Master Sheet'!C62 -> Window trim - 5/8"x4" Smartside Trim. | I23: ='Single Wide Master Sheet'!C87 -> Tell 12916 door closer
C24: ='Single Wide Master Sheet'!C63 -> Fascia - 5/8"x8" Smartside trim, no grooves | I24: ='Single Wide Master Sheet'!C88 -> Weatherstripping - ADA threshold and sweep
C25: ='Single Wide Master Sheet'!C64 -> Belt Rail - 6"x7/16" LP Smartside trim. 1/2" Z-flashing installed at bottom of siding and top of belt rail - 2" back leg and 3/4" front leg. | I25: ='Single Wide Master Sheet'!C89 -> DEADBOLTS TO BE INSTALLED BELOW PULL HANDLES
I26: ='Single Wide Master Sheet'!C90 -> "THIS DOOR TO REMAIN UNLOCKED WHEN BUILDING IS OCCUPIED" SIGN ABOVE EXTERIOR DOORS
I27: ='Single Wide Master Sheet'!C91 -> DOOR HARDWARE TO HAVE #626 SATIN CHROMIUM PLATED FINISH
C28: Windows | I28: Floor Cover
C29: ='Single Wide Master Sheet'!C93 -> 4'x3' White vinyl horizontal slider | I29: ='Single Wide Master Sheet'!C98 -> Armstrong "Standard Excelon" 1/8" VCT "Shelter White" #51836
C30: ='Single Wide Master Sheet'!C94 -> Glazing - dual- low E Argon filled | I30: ='Single Wide Master Sheet'!C99 -> VCT layout - 1/4 turn with 6" offset
C31: ='Single Wide Master Sheet'!C95 -> Windows installed over siding | I31: ='Single Wide Master Sheet'!C100 -> Armstrong 4" rubber cove base "Light Gray" #69
C32: ='Single Wide Master Sheet'!C96 -> Galvanized flashing installed under siding and over top flange of window, under trim. | I32: ='Single Wide Master Sheet'!C101 -> COVE BASE TO BE CONTINUOUS
C33: Wall Cover | I33: Interior Trim
C34: ='Single Wide Master Sheet'!C103 -> 7/16" OSB sheathing above sheetrock at sidewalls | I34: ='Single Wide Master Sheet'!C111 -> Vinyl wrap corners
C35: ='Single Wide Master Sheet'!C104 -> 7/16" OSB sheathing under sheetrock at endwalls- full height | I35: ='Single Wide Master Sheet'!C112 -> Vinyl wrap batts at each side of windows and doors at relief cuts
C36: ='Single Wide Master Sheet'!C105 -> 5/8" vinyl wrap sheetrock - "Pebble Beach" texture "Pure White" color | I36: ='Single Wide Master Sheet'!C113 -> Window and exterior door surrounds and casing - oak vinyl wrap
C37: HVAC | I37: Electrical
C38: ='Single Wide Master Sheet'!C132 -> 2.5 ton 10KW Bard wall hung heat pump with economizer | I38: ='Single Wide Master Sheet'!C145 -> 120/240V Single phase service-stub conduit below joists
C39: ='Single Wide Master Sheet'!C133 -> Overhead supply ducting | I39: ='Single Wide Master Sheet'!C146 -> 125 amp load center
C40: ='Single Wide Master Sheet'!C134 -> 24"x24" diffuser with no dampers | I40: ='Single Wide Master Sheet'!C147 -> 20 amp duplex receptacles per drawing - white finishes
C41: ='Single Wide Master Sheet'!C135 -> Bard model 8403-060 T-stat | I41: ='Single Wide Master Sheet'!C148 -> 15 amp GFCI per drawing
C42: ='Single Wide Master Sheet'!C136 -> Outdoor T-stat | I42: ='Single Wide Master Sheet'!C149 -> Three way switching at exterior doors
I43: ='Single Wide Master Sheet'!C150 -> Phone/Data boxes per drawing stubbed above grid with 1/2" flex conduit.
I44: ='Single Wide Master Sheet'!C165 -> 6"x6" W/P j-box-1" conduits with pull string stubbued above grid for future data
I45: ='Single Wide Master Sheet'!C151 -> Sign circuit at exterior per drawing to (1) 20 amp dedicated circuit
I46: ='Single Wide Master Sheet'!C152 -> Harris model 300 porch light with vandal resistant cover-on photocell
C48: Misc. | I48: Ceiling
I49: ='Single Wide Master Sheet'!C107 -> 2x4 T-grid and tile -
I50: ='Single Wide Master Sheet'!C108 -> Armstrong #1729 fine fissured with Humiguard
I51: ='Single Wide Master Sheet'!C109 -> 7' 10" ceiling height

Sheet 12x56RR
B2: Date: | E2: Size: | F2: 12x56 | H2: DESIGN LOADS:
B3: Customer: | E3: Description: | F3: Mobile Office with Restroom | H3: Floor: | I3: 50
B4: Location: | E4: Insignias: | F4: OR, WA, ID | H4: Wind: | I4: 135/C
B5: Project: | E5: Climate Zone | H5: Roof: | I5: 40
C7: Chassis | I7: Floor
C8: ='Single Wide Master Sheet'!C17 -> Conventional (outriggers every 8' with full length front and rear C-channel cross members) | I8: ='Single Wide Master Sheet'!C30 -> 2"x8" floor joists @ 16" o/c with 2"x8" double rim joists.
C9: ='Single Wide Master Sheet'!C18 -> 12" I-beam main rail. Provide double I-beam and full depth cross members at axle assemblies. | I9: ='Single Wide Master Sheet'!C31 -> Class "A" woven poly fabric bottom board.
C10: ='Single Wide Master Sheet'!C19 -> 4-Brake axle with 8:00x14.5 14 ply tires. | I10: ='Single Wide Master Sheet'!C32 -> Fiberglass batt insulation to code.
C11: ='Single Wide Master Sheet'!C20 -> Detachable Hitch. | I11: ='Single Wide Master Sheet'!C33 -> 3/4" T&G decking-glued and nailed.
C12: Exterior Wall Framing | I12: Roof
C13: ='Single Wide Master Sheet'!C42 -> 2x6 framing @ 16" o/c | I13: ='Single Wide Master Sheet'!C77 -> Single slope away from doors
C14: ='Single Wide Master Sheet'!C43 -> Insulation to code. | I14: ='Single Wide Master Sheet'!C78 -> Bottom cover class "A" woven polyethelene fabric
C15: ='Single Wide Master Sheet'!C44 -> End wall sheathing full height interior side of wall | I15: ='Single Wide Master Sheet'!C79 -> 45 mil Black EPDM roofing with J-rail - Fasten j-rail with grommeted screws
C16: ='Single Wide Master Sheet'!C45 -> Standard plenum wall for sound reduction-lined with 5/8" sheetrock. | I16: ='Single Wide Master Sheet'!C80 -> Insulation to code.
I17: ='Single Wide Master Sheet'!C81 -> 7/16" OSB sheathing - Eave venting
C18: Exterior Wall Finish | I18: Exterior Doors
C19: ='Single Wide Master Sheet'!C59 -> 7/16" LP Smartside Panel T1-11 siding with grooves 8" o/c - roof deck to top of belt rail | I19: ='Single Wide Master Sheet'!C83 -> 3068 Telstar Pro - painted
C20: ='Single Wide Master Sheet'!C60 -> Wrap building with Tyvek building wrap (or equivalent) | I20: ='Single Wide Master Sheet'!C84 -> Hinges - SS-BBH NRP
C21: ='Single Wide Master Sheet'!C61 -> Corner trim - 5/8"x4" Smartside trim - 2"x2" galvanized flashing installed over siding and under corners. | I21: ='Single Wide Master Sheet'!C85 -> Tell DB2051 deadbolt
I22: ='Single Wide Master Sheet'!C86 -> Int/Ext pull handles
C23: ='Single Wide Master Sheet'!C62 -> Window trim - 5/8"x4" Smartside Trim. | I23: ='Single Wide Master Sheet'!C87 -> Tell 12916 door closer
C24: ='Single Wide Master Sheet'!C63 -> Fascia - 5/8"x8" Smartside trim, no grooves | I24: ='Single Wide Master Sheet'!C88 -> Weatherstripping - ADA threshold and sweep
C25: ='Single Wide Master Sheet'!C64 -> Belt Rail - 6"x7/16" LP Smartside trim. 1/2" Z-flashing installed at bottom of siding and top of belt rail - 2" back leg and 3/4" front leg. | I25: ='Single Wide Master Sheet'!C89 -> DEADBOLTS TO BE INSTALLED BELOW PULL HANDLES
I26: ='Single Wide Master Sheet'!C90 -> "THIS DOOR TO REMAIN UNLOCKED WHEN BUILDING IS OCCUPIED" SIGN ABOVE EXTERIOR DOORS
I27: ='Single Wide Master Sheet'!C91 -> DOOR HARDWARE TO HAVE #626 SATIN CHROMIUM PLATED FINISH
C28: Windows | I28: Floor Cover
C29: ='Single Wide Master Sheet'!C93 -> 4'x3' White vinyl horizontal slider | I29: ='Single Wide Master Sheet'!C98 -> Armstrong "Standard Excelon" 1/8" VCT "Shelter White" #51836
C30: ='Single Wide Master Sheet'!C94 -> Glazing - dual- low E Argon filled | I30: ='Single Wide Master Sheet'!C99 -> VCT layout - 1/4 turn with 6" offset
C31: ='Single Wide Master Sheet'!C95 -> Windows installed over siding | I31: ='Single Wide Master Sheet'!C100 -> Armstrong 4" rubber cove base "Light Gray" #69
C32: ='Single Wide Master Sheet'!C96 -> Galvanized flashing installed under siding and over top flange of window, under trim. | I32: ='Single Wide Master Sheet'!C101 -> COVE BASE TO BE CONTINUOUS
C33: Wall Cover | I33: Interior Trim
C34: ='Single Wide Master Sheet'!C103 -> 7/16" OSB sheathing above sheetrock at sidewalls | I34: ='Single Wide Master Sheet'!C111 -> Vinyl wrap corners
C35: ='Single Wide Master Sheet'!C104 -> 7/16" OSB sheathing under sheetrock at endwalls- full height | I35: ='Single Wide Master Sheet'!C112 -> Vinyl wrap batts at each side of windows and doors at relief cuts
C36: ='Single Wide Master Sheet'!C105 -> 5/8" vinyl wrap sheetrock - "Pebble Beach" texture "Pure White" color | I36: ='Single Wide Master Sheet'!C113 -> Window and exterior door surrounds and casing - oak vinyl wrap
C37: HVAC | I37: Electrical
C38: ='Single Wide Master Sheet'!C132 -> 2.5 ton 10KW Bard wall hung heat pump with economizer | I38: ='Single Wide Master Sheet'!C145 -> 120/240V Single phase service-stub conduit below joists
C39: ='Single Wide Master Sheet'!C133 -> Overhead supply ducting | I39: ='Single Wide Master Sheet'!C146 -> 125 amp load center
C40: ='Single Wide Master Sheet'!C134 -> 24"x24" diffuser with no dampers | I40: ='Single Wide Master Sheet'!C147 -> 20 amp duplex receptacles per drawing - white finishes
C41: ='Single Wide Master Sheet'!C135 -> Bard model 8403-060 T-stat | I41: ='Single Wide Master Sheet'!C148 -> 15 amp GFCI per drawing
C42: ='Single Wide Master Sheet'!C136 -> Outdoor T-stat | I42: ='Single Wide Master Sheet'!C149 -> Three way switching at exterior doors
C43: ='Single Wide Master Sheet'!C137 -> Provide jump duct over permanent office wall for return air | I43: ='Single Wide Master Sheet'!C150 -> Phone/Data boxes per drawing stubbed above grid with 1/2" flex conduit.
I44: ='Single Wide Master Sheet'!C165 -> 6"x6" W/P j-box-1" conduits with pull string stubbued above grid for future data
I45: ='Single Wide Master Sheet'!C151 -> Sign circuit at exterior per drawing to (1) 20 amp dedicated circuit
I46: ='Single Wide Master Sheet'!C152 -> Harris model 300 porch light with vandal resistant cover-on photocell
I47: ='Single Wide Master Sheet'!C153 -> 15 amp GFCI duplex receptacle mounted under unit near water supply connection for heat tape.
C48: Restroom | I48: Ceiling
C49: ='Single Wide Master Sheet'!C155 -> Wall hung lavatoty with ADA compliant faucet | I49: ='Single Wide Master Sheet'!C107 -> 2x4 T-grid and tile -
C50: ='Single Wide Master Sheet'!C156 -> ADA commercial grade water closet | I50: ='Single Wide Master Sheet'!C108 -> Armstrong #1729 fine fissured with Humiguard
C51: ='Single Wide Master Sheet'!C157 -> 2.5 gallon HWT mounted in corner above water closet-below grid | I51: ='Single Wide Master Sheet'!C109 -> 7' 10" ceiling height
C52: ='Single Wide Master Sheet'!C158 -> Sheet vinyl flooring with 4" contiuous rubber cove base
C53: ='Single Wide Master Sheet'!C159 -> FRP to 4' AFF on all walls
C54: ='Single Wide Master Sheet'!C160 -> Exhaust fan indepentently switched

Sheet 14x66
B2: Date: | E2: Size: | F2: 14x66 | H2: DESIGN LOADS:
B3: Customer: | E3: Description: | F3: Mobile Office | H3: Floor: | I3: 50
B4: Location: | E4: Insignias: | F4: OR, WA, ID | H4: Wind: | I4: 135/C
B5: Project: | E5: Climate Zone | H5: Roof: | I5: 40
C7: Chassis | I7: Floor
C8: ='Single Wide Master Sheet'!C21 -> Conventional (outriggers every 8' with full length front and rear C-channel cross members) | I8: ='Single Wide Master Sheet'!C30 -> 2"x8" floor joists @ 16" o/c with 2"x8" double rim joists.
C9: ='Single Wide Master Sheet'!C22 -> 12" I-beam main rail. Provide double I-beam and full depth cross members at axle assemblies. | I9: ='Single Wide Master Sheet'!C31 -> Class "A" woven poly fabric bottom board.
C10: ='Single Wide Master Sheet'!C23 -> 5-Brake axle with 8:00x14.5 14 ply tires - all new | I10: ='Single Wide Master Sheet'!C32 -> Fiberglass batt insulation to code.
C11: ='Single Wide Master Sheet'!C24 -> Detachable Hitch. | I11: ='Single Wide Master Sheet'!C33 -> 3/4" T&G decking-glued and nailed.
C12: Exterior Wall Framing | I12: Roof
C13: ='Single Wide Master Sheet'!C42 -> 2x6 framing @ 16" o/c | I13: ='Single Wide Master Sheet'!C77 -> Single slope away from doors
C14: ='Single Wide Master Sheet'!C43 -> Insulation to code. | I14: ='Single Wide Master Sheet'!C78 -> Bottom cover class "A" woven polyethelene fabric
C15: ='Single Wide Master Sheet'!C44 -> End wall sheathing full height interior side of wall | I15: ='Single Wide Master Sheet'!C79 -> 45 mil Black EPDM roofing with J-rail - Fasten j-rail with grommeted screws
C16: ='Single Wide Master Sheet'!C45 -> Standard plenum wall for sound reduction-lined with 5/8" sheetrock. | I16: ='Single Wide Master Sheet'!C80 -> Insulation to code.
I17: ='Single Wide Master Sheet'!C81 -> 7/16" OSB sheathing - Eave venting
C18: Exterior Wall Finish | I18: Exterior Doors
C19: ='Single Wide Master Sheet'!C59 -> 7/16" LP Smartside Panel T1-11 siding with grooves 8" o/c - roof deck to top of belt rail | I19: ='Single Wide Master Sheet'!C83 -> 3068 Telstar Pro - painted
C20: ='Single Wide Master Sheet'!C60 -> Wrap building with Tyvek building wrap (or equivalent) | I20: ='Single Wide Master Sheet'!C84 -> Hinges - SS-BBH NRP
C21: ='Single Wide Master Sheet'!C61 -> Corner trim - 5/8"x4" Smartside trim - 2"x2" galvanized flashing installed over siding and under corners. | I21: ='Single Wide Master Sheet'!C85 -> Tell DB2051 deadbolt
I22: ='Single Wide Master Sheet'!C86 -> Int/Ext pull handles
C23: ='Single Wide Master Sheet'!C62 -> Window trim - 5/8"x4" Smartside Trim. | I23: ='Single Wide Master Sheet'!C87 -> Tell 12916 door closer
C24: ='Single Wide Master Sheet'!C63 -> Fascia - 5/8"x8" Smartside trim, no grooves | I24: ='Single Wide Master Sheet'!C88 -> Weatherstripping - ADA threshold and sweep
C25: ='Single Wide Master Sheet'!C64 -> Belt Rail - 6"x7/16" LP Smartside trim. 1/2" Z-flashing installed at bottom of siding and top of belt rail - 2" back leg and 3/4" front leg. | I25: ='Single Wide Master Sheet'!C89 -> DEADBOLTS TO BE INSTALLED BELOW PULL HANDLES
I26: ='Single Wide Master Sheet'!C90 -> "THIS DOOR TO REMAIN UNLOCKED WHEN BUILDING IS OCCUPIED" SIGN ABOVE EXTERIOR DOORS
I27: ='Single Wide Master Sheet'!C91 -> DOOR HARDWARE TO HAVE #626 SATIN CHROMIUM PLATED FINISH
C28: Windows | I28: Floor Cover
C29: ='Single Wide Master Sheet'!C93 -> 4'x3' White vinyl horizontal slider | I29: ='Single Wide Master Sheet'!C98 -> Armstrong "Standard Excelon" 1/8" VCT "Shelter White" #51836
C30: ='Single Wide Master Sheet'!C94 -> Glazing - dual- low E Argon filled | I30: ='Single Wide Master Sheet'!C99 -> VCT layout - 1/4 turn with 6" offset
C31: ='Single Wide Master Sheet'!C95 -> Windows installed over siding | I31: ='Single Wide Master Sheet'!C100 -> Armstrong 4" rubber cove base "Light Gray" #69
C32: ='Single Wide Master Sheet'!C96 -> Galvanized flashing installed under siding and over top flange of window, under trim. | I32: ='Single Wide Master Sheet'!C101 -> COVE BASE TO BE CONTINUOUS
C33: Wall Cover | I33: Interior Trim
C34: ='Single Wide Master Sheet'!C103 -> 7/16" OSB sheathing above sheetrock at sidewalls | I34: ='Single Wide Master Sheet'!C111 -> Vinyl wrap corners
C35: ='Single Wide Master Sheet'!C104 -> 7/16" OSB sheathing under sheetrock at endwalls- full height | I35: ='Single Wide Master Sheet'!C112 -> Vinyl wrap batts at each side of windows and doors at relief cuts
C36: ='Single Wide Master Sheet'!C105 -> 5/8" vinyl wrap sheetrock - "Pebble Beach" texture "Pure White" color | I36: ='Single Wide Master Sheet'!C113 -> Window and exterior door surrounds and casing - oak vinyl wrap
C37: HVAC | I37: Electrical
C38: ='Single Wide Master Sheet'!C138 -> 3 ton 15KW Bard wall hung heat pump with economizer | I38: ='Single Wide Master Sheet'!C145 -> 120/240V Single phase service-stub conduit below joists
C39: ='Single Wide Master Sheet'!C139 -> Overhead supply ducting | I39: ='Single Wide Master Sheet'!C146 -> 125 amp load center
C40: ='Single Wide Master Sheet'!C140 -> 24"x24" diffuser with no dampers | I40: ='Single Wide Master Sheet'!C147 -> 20 amp duplex receptacles per drawing - white finishes
C41: ='Single Wide Master Sheet'!C141 -> Bard model 8403-060 T-stat | I41: ='Single Wide Master Sheet'!C148 -> 15 amp GFCI per drawing
C42: ='Single Wide Master Sheet'!C142 -> Outdoor T-stat | I42: ='Single Wide Master Sheet'!C149 -> Three way switching at exterior doors
C43: ='Single Wide Master Sheet'!C143 -> Ducted return | I43: ='Single Wide Master Sheet'!C150 -> Phone/Data boxes per drawing stubbed above grid with 1/2" flex conduit.
I44: ='Single Wide Master Sheet'!C165 -> 6"x6" W/P j-box-1" conduits with pull string stubbued above grid for future data
I45: ='Single Wide Master Sheet'!C151 -> Sign circuit at exterior per drawing to (1) 20 amp dedicated circuit
I46: ='Single Wide Master Sheet'!C152 -> Harris model 300 porch light with vandal resistant cover-on photocell
I47: ='Single Wide Master Sheet'!C153 -> 15 amp GFCI duplex receptacle mounted under unit near water supply connection for heat tape.
C48: Misc. | I48: Ceiling
I49: ='Single Wide Master Sheet'!C107 -> 2x4 T-grid and tile -
I50: ='Single Wide Master Sheet'!C108 -> Armstrong #1729 fine fissured with Humiguard
I51: ='Single Wide Master Sheet'!C109 -> 7' 10" ceiling height

Sheet 14x66RR
B2: Date: | E2: Size: | F2: 14x66 | H2: DESIGN LOADS:
B3: Customer: | E3: Description: | F3: Mobile Office with Restroom | H3: Floor: | I3: 50
B4: Location: | E4: Insignias: | F4: OR, WA, ID | H4: Wind: | I4: 135/C
B5: Project: | E5: Climate Zone | H5: Roof: | I5: 40
C7: Chassis | I7: Floor
C8: ='Single Wide Master Sheet'!C21 -> Conventional (outriggers every 8' with full length front and rear C-channel cross members) | I8: ='Single Wide Master Sheet'!C30 -> 2"x8" floor joists @ 16" o/c with 2"x8" double rim joists.
C9: ='Single Wide Master Sheet'!C22 -> 12" I-beam main rail. Provide double I-beam and full depth cross members at axle assemblies. | I9: ='Single Wide Master Sheet'!C31 -> Class "A" woven poly fabric bottom board.
C10: ='Single Wide Master Sheet'!C23 -> 5-Brake axle with 8:00x14.5 14 ply tires - all new | I10: ='Single Wide Master Sheet'!C32 -> Fiberglass batt insulation to code.
C11: ='Single Wide Master Sheet'!C24 -> Detachable Hitch. | I11: ='Single Wide Master Sheet'!C33 -> 3/4" T&G decking-glued and nailed.
C12: Exterior Wall Framing | I12: Roof
C13: ='Single Wide Master Sheet'!C42 -> 2x6 framing @ 16" o/c | I13: ='Single Wide Master Sheet'!C77 -> Single slope away from doors
C14: ='Single Wide Master Sheet'!C43 -> Insulation to code. | I14: ='Single Wide Master Sheet'!C78 -> Bottom cover class "A" woven polyethelene fabric
C15: ='Single Wide Master Sheet'!C44 -> End wall sheathing full height interior side of wall | I15: ='Single Wide Master Sheet'!C79 -> 45 mil Black EPDM roofing with J-rail - Fasten j-rail with grommeted screws
C16: ='Single Wide Master Sheet'!C45 -> Standard plenum wall for sound reduction-lined with 5/8" sheetrock. | I16: ='Single Wide Master Sheet'!C80 -> Insulation to code.
I17: ='Single Wide Master Sheet'!C81 -> 7/16" OSB sheathing - Eave venting
C18: Exterior Wall Finish | I18: Exterior Doors
C19: ='Single Wide Master Sheet'!C59 -> 7/16" LP Smartside Panel T1-11 siding with grooves 8" o/c - roof deck to top of belt rail | I19: ='Single Wide Master Sheet'!C83 -> 3068 Telstar Pro - painted
C20: ='Single Wide Master Sheet'!C60 -> Wrap building with Tyvek building wrap (or equivalent) | I20: ='Single Wide Master Sheet'!C84 -> Hinges - SS-BBH NRP
C21: ='Single Wide Master Sheet'!C61 -> Corner trim - 5/8"x4" Smartside trim - 2"x2" galvanized flashing installed over siding and under corners. | I21: ='Single Wide Master Sheet'!C85 -> Tell DB2051 deadbolt
I22: ='Single Wide Master Sheet'!C86 -> Int/Ext pull handles
C23: ='Single Wide Master Sheet'!C62 -> Window trim - 5/8"x4" Smartside Trim. | I23: ='Single Wide Master Sheet'!C87 -> Tell 12916 door closer
C24: ='Single Wide Master Sheet'!C63 -> Fascia - 5/8"x8" Smartside trim, no grooves | I24: ='Single Wide Master Sheet'!C88 -> Weatherstripping - ADA threshold and sweep
C25: ='Single Wide Master Sheet'!C64 -> Belt Rail - 6"x7/16" LP Smartside trim. 1/2" Z-flashing installed at bottom of siding and top of belt rail - 2" back leg and 3/4" front leg. | I25: ='Single Wide Master Sheet'!C89 -> DEADBOLTS TO BE INSTALLED BELOW PULL HANDLES
I26: ='Single Wide Master Sheet'!C90 -> "THIS DOOR TO REMAIN UNLOCKED WHEN BUILDING IS OCCUPIED" SIGN ABOVE EXTERIOR DOORS
I27: ='Single Wide Master Sheet'!C91 -> DOOR HARDWARE TO HAVE #626 SATIN CHROMIUM PLATED FINISH
C28: Windows | I28: Floor Cover
C29: ='Single Wide Master Sheet'!C93 -> 4'x3' White vinyl horizontal slider | I29: ='Single Wide Master Sheet'!C98 -> Armstrong "Standard Excelon" 1/8" VCT "Shelter White" #51836
C30: ='Single Wide Master Sheet'!C94 -> Glazing - dual- low E Argon filled | I30: ='Single Wide Master Sheet'!C99 -> VCT layout - 1/4 turn with 6" offset
C31: ='Single Wide Master Sheet'!C95 -> Windows installed over siding | I31: ='Single Wide Master Sheet'!C100 -> Armstrong 4" rubber cove base "Light Gray" #69
C32: ='Single Wide Master Sheet'!C96 -> Galvanized flashing installed under siding and over top flange of window, under trim. | I32: ='Single Wide Master Sheet'!C101 -> COVE BASE TO BE CONTINUOUS
C33: Wall Cover | I33: Interior Trim
C34: ='Single Wide Master Sheet'!C103 -> 7/16" OSB sheathing above sheetrock at sidewalls | I34: ='Single Wide Master Sheet'!C111 -> Vinyl wrap corners
C35: ='Single Wide Master Sheet'!C104 -> 7/16" OSB sheathing under sheetrock at endwalls- full height | I35: ='Single Wide Master Sheet'!C112 -> Vinyl wrap batts at each side of windows and doors at relief cuts
C36: ='Single Wide Master Sheet'!C105 -> 5/8" vinyl wrap sheetrock - "Pebble Beach" texture "Pure White" color | I36: ='Single Wide Master Sheet'!C113 -> Window and exterior door surrounds and casing - oak vinyl wrap
C37: HVAC | I37: Electrical
C38: ='Single Wide Master Sheet'!C138 -> 3 ton 15KW Bard wall hung heat pump with economizer | I38: ='Single Wide Master Sheet'!C145 -> 120/240V Single phase service-stub conduit below joists
C39: ='Single Wide Master Sheet'!C139 -> Overhead supply ducting | I39: ='Single Wide Master Sheet'!C146 -> 125 amp load center
C40: ='Single Wide Master Sheet'!C140 -> 24"x24" diffuser with no dampers | I40: ='Single Wide Master Sheet'!C147 -> 20 amp duplex receptacles per drawing - white finishes
C41: ='Single Wide Master Sheet'!C141 -> Bard model 8403-060 T-stat | I41: ='Single Wide Master Sheet'!C148 -> 15 amp GFCI per drawing
C42: ='Single Wide Master Sheet'!C142 -> Outdoor T-stat | I42: ='Single Wide Master Sheet'!C149 -> Three way switching at exterior doors
C43: ='Single Wide Master Sheet'!C143 -> Ducted return | I43: ='Single Wide Master Sheet'!C150 -> Phone/Data boxes per drawing stubbed above grid with 1/2" flex conduit.
I44: ='Single Wide Master Sheet'!C165 -> 6"x6" W/P j-box-1" conduits with pull string stubbued above grid for future data
I45: ='Single Wide Master Sheet'!C151 -> Sign circuit at exterior per drawing to (1) 20 amp dedicated circuit
I46: ='Single Wide Master Sheet'!C152 -> Harris model 300 porch light with vandal resistant cover-on photocell
I47: ='Single Wide Master Sheet'!C153 -> 15 amp GFCI duplex receptacle mounted under unit near water supply connection for heat tape.
C48: Restroom | I48: Ceiling
C49: ='Single Wide Master Sheet'!C155 -> Wall hung lavatoty with ADA compliant faucet | I49: ='Single Wide Master Sheet'!C107 -> 2x4 T-grid and tile -
C50: ='Single Wide Master Sheet'!C156 -> ADA commercial grade water closet | I50: ='Single Wide Master Sheet'!C108 -> Armstrong #1729 fine fissured with Humiguard
C51: ='Single Wide Master Sheet'!C157 -> 2.5 gallon HWT mounted in corner above water closet-below grid | I51: ='Single Wide Master Sheet'!C109 -> 7' 10" ceiling height
C52: ='Single Wide Master Sheet'!C158 -> Sheet vinyl flooring with 4" contiuous rubber cove base
C53: ='Single Wide Master Sheet'!C159 -> FRP to 4' AFF on all walls
C54: ='Single Wide Master Sheet'!C160 -> Exhaust fan indepentently switched

Sheet Restroom & Shower Units
D2: Size | E2: 8x20 M/W RR | F2: 12x25 M/W RR | G2: 12x40 M/W RR
B3: Item | C3: Description | D3: Total
B4: Frame
C5: Conventional (outriggers every 8' with full length front and rear C-channel cross members)
C6: 8" I-beam main rail.
C7: 1-Brake axle with 8:00x14.5 14 ply tires.
C8: Detachable Hitch.
C9: Conventional (no outriggers but with full length front and rear C-channel cross members) | E9: 1 | F9: 1
C10: 10" I-beam main rail.
C11: 2-Brake axle with 8:00x14.5 14 ply tires.
C12: Detachable Hitch.
C13: Conventional (outriggers every 8' with full length front and rear C-channel cross members)
C14: 12" I-beam main rail.
C15: 2-Brake axle with 8:00x14.5 14 ply tires.
C16: Detachable Hitch.
C17: Conventional (outriggers every 8' with full length front and rear C-channel cross members) | G17: 1
C18: 10" I-beam main rail. Provide double I-beam and full depth cross members at axle assemblies.
C19: 4-Brake axle with 8:00x14.5 14 ply tires.
C20: Detachable Hitch.
C21: Conventional (outriggers every 8' with full length front and rear C-channel cross members)
C22: 12" I-beam main rail. Provide double I-beam and full depth cross members at axle assemblies.
C23: 5-Brake axle with 8:00x14.5 14 ply tires.
C24: Detachable Hitch.
B25: Floor
C26: 2"x8" floor joists @ 16" o/c with 2"x6" double rim joists. | E26: 1 | F26: 1
C27: Class "A" woven poly fabric bottom board.
C28: Fiberglass batt insulation to code.
C29: 3/4" T&G decking-glued and nailed
C30: 2"x8" floor joists @ 16" o/c with 2"x8" double rim joists. | G30: 1
C31: Class "A" woven poly fabric bottom board.
C32: Fiberglass batt insulation to code.
C33: 3/4" T&G decking-glued and nailed.
B34: Exterior Wall Framing
C35: 2"x6" framing @ 16" o/c | E35: 1 | F35: 1
C36: Insulation to code.
C37: End wall sheathing full height interior side of wall
C38: 2"x6" framing @ 16" o/c | G38: 1
C39: Insulation to code.
C40: End wall sheathing full height interior side of wall
C41: Standard plenum wall for sound reduction-lined with 5/8" sheetrock.
C42: 2x6 framing @ 16" o/c
C43: Insulation to code.
C44: End wall sheathing full height interior side of wall
C45: Standard plenum wall for sound reduction-lined with 5/8" sheetrock.
B46: Exterior Wall Finish
C47: 7/16" LP Smartside Panel T1-11 siding with grooves 8" o/c - roof deck to top of belt rail | E47: 1 | F47: 1
C48: Wrap building with Tyvek building wrap (or equivalent)
C49: Corner trim - 5/8"x4" Smartside trim - 2"x2" galvanized flashing installed over siding and under corners.
C50: Window trim - 5/8"x4" Smartside Trim.
C51: Fascia - 5/8"x8" Smartside trim, no grooves
C52: Belt Rail - 6"x7/16" LP Smartside trim. 1/2" Z-flashing installed at bottom of siding and top of belt rail - 2" back leg and 3/4" front leg.
C53: 7/16" LP Smartside Panel T1-11 siding with grooves 8" o/c - roof deck to top of belt rail | G53: 1
C54: Wrap building with Tyvek building wrap (or equivalent)
C55: Corner trim - 5/8"x4" Smartside trim - 2"x2" galvanized flashing installed over siding and under corners.
C56: Window trim -5/8"x4" Smartside Trim.
C57: Fascia - 5/8"x8" Smartside trim, no grooves
C58: Belt Rail - 6"x7/16" LP Smartside trim. 1/2" Z-flashing installed at bottom of siding and top of belt rail - 2" back leg and 3/4" front leg.
C59: 7/16" LP Smartside Panel T1-11 siding with grooves 8" o/c - roof deck to top of belt rail
C60: Wrap building with Tyvek building wrap (or equivalent)
C61: Corner trim - 5/8"x4" Smartside trim - 2"x2" galvanized flashing installed over siding and under corners.
C62: Window trim - 5/8"x4" Smartside Trim.
C63: Fascia - 5/8"x8" Smartside trim, no grooves
C64: Belt Rail - 6"x7/16" LP Smartside trim. 1/2" Z-flashing installed at bottom of siding and top of belt rail - 2" back leg and 3/4" front leg.
B65: Roof
C66: Single slope away from doors | E66: 1
C67: Bottom cover class "A" woven polyethelene fabric
C68: Durolast mechanically fastened roofing with J-rail - Fasten j-rail with grommeted screws
C69: Insulation to code.
C70: 7/16" OSB sheathing
C71: Eave venting
C72: 2.5/12 pitch roof | F72: 1 | G72: 1
C73: Bottom cover class "A" woven polyethelene fabric
C74: 30 yr Arch shingles
C75: Insulation to code.
B76: Exterior Doors
C77: 3068 Telstar Pro - painted | E77: 1 | F77: 1 | G77: 1
C78: Hinges - SS-BBH NRP
C79: Tell DB2051 deadbolt
C80: Int/Ext pull handles
C81: Tell 12916 door closer
C82: Weatherstripping - ADA threshold and sweep
C83: DEADBOLTS TO BE INSTALLED BELOW PULL HANDLES
C84: "THIS DOOR TO REMAIN UNLOCKED WHEN BUILDING IS OCCUPIED" SIGN ABOVE EXTERIOR DOORS
C85: DOOR HARDWARE TO HAVE #626 SATIN CHROMIUM PLATED FINISH
B86: Windows
C87: 30"x18" White vinyl horizontal slider - obscure | E87: 1 | F87: 1 | G87: 1
C88: Glazing - dual low E Argon filled
C89: Windows installed over siding
C90: Galvanized flashing installed and over top flange of window under trim.
B91: Floor Cover
C92: Sheet vinyl floor covering | E92: 1 | F92: 1 | G92: 1
C93: Armstrong 4" rubber cove base "Light Gray" #69
C94: COVE BASE TO BE CONTINUOUS
B95: Wall Cover
C96: 7/16" OSB Sheathing above sheetrock at sidewalls | E96: 1 | F96: 1 | G96: 1
C97: 7/16" OSB sheathing under and above sheetrock at endwalls
C98: 5/8" vinyl wrap sheetrock - "Pebble Beach" texture "Cool White" color, FRP 48" AFF all walls.
C99: 7/16" OSB Sheathing above sheetrock at sidewalls
C100: 7/16" OSB sheathing under and above sheetrock at endwalls
C101: FRP floor to ceiling.
...

Sheet 08x20 RR Unit
B2: Date: | E2: Size: | F2: 08x20 | H2: DESIGN LOADS:
B3: Customer: | E3: Description: | F3: Restroom Unit | H3: Floor: | I3: 50
B4: Location: | E4: Insignias: | F4: OR, WA, ID | H4: Wind: | I4: 135/C
B5: Project: | E5: Climate Zone | H5: Roof: | I5: 40
C7: Chassis | I7: Floor
C8: ='Restroom & Shower Units'!C9 -> Conventional (no outriggers but with full length front and rear C-channel cross members) | I8: ='Restroom & Shower Units'!C26 -> 2"x8" floor joists @ 16" o/c with 2"x6" double rim joists.
C9: ='Restroom & Shower Units'!C10 -> 10" I-beam main rail. | I9: ='Restroom & Shower Units'!C27 -> Class "A" woven poly fabric bottom board.
C10: ='Restroom & Shower Units'!C11 -> 2-Brake axle with 8:00x14.5 14 ply tires. | I10: ='Restroom & Shower Units'!C28 -> Fiberglass batt insulation to code.
C11: ='Restroom & Shower Units'!C12 -> Detachable Hitch. | I11: ='Restroom & Shower Units'!C29 -> 3/4" T&G decking-glued and nailed
C12: Exterior Wall Framing | I12: Roof
C13: ='Restroom & Shower Units'!C35 -> 2"x6" framing @ 16" o/c | I13: ='Restroom & Shower Units'!C66 -> Single slope away from doors
C14: ='Restroom & Shower Units'!C36 -> Insulation to code. | I14: ='Restroom & Shower Units'!C67 -> Bottom cover class "A" woven polyethelene fabric
C15: ='Restroom & Shower Units'!C37 -> End wall sheathing full height interior side of wall | I15: ='Restroom & Shower Units'!C68 -> Durolast mechanically fastened roofing with J-rail - Fasten j-rail with grommeted screws
I16: ='Restroom & Shower Units'!C69 -> Insulation to code.
C17: Exterior Wall Finish | I17: Exterior Doors
C18: ='Restroom & Shower Units'!C47 -> 7/16" LP Smartside Panel T1-11 siding with grooves 8" o/c - roof deck to top of belt rail | I18: ='Restroom & Shower Units'!C77 -> 3068 Telstar Pro - painted
C19: ='Restroom & Shower Units'!C48 -> Wrap building with Tyvek building wrap (or equivalent) | I19: ='Restroom & Shower Units'!C78 -> Hinges - SS-BBH NRP
C20: ='Restroom & Shower Units'!C49 -> Corner trim - 5/8"x4" Smartside trim - 2"x2" galvanized flashing installed over siding and under corners. | I20: ='Restroom & Shower Units'!C79 -> Tell DB2051 deadbolt
I21: ='Restroom & Shower Units'!C80 -> Int/Ext pull handles
C22: ='Restroom & Shower Units'!C50 -> Window trim - 5/8"x4" Smartside Trim. | I22: ='Restroom & Shower Units'!C81 -> Tell 12916 door closer
C23: ='Restroom & Shower Units'!C51 -> Fascia - 5/8"x8" Smartside trim, no grooves | I23: ='Restroom & Shower Units'!C82 -> Weatherstripping - ADA threshold and sweep
C24: ='Restroom & Shower Units'!C52 -> Belt Rail - 6"x7/16" LP Smartside trim. 1/2" Z-flashing installed at bottom of siding and top of belt rail - 2" back leg and 3/4" front leg. | I24: ='Restroom & Shower Units'!C83 -> DEADBOLTS TO BE INSTALLED BELOW PULL HANDLES
I25: ='Restroom & Shower Units'!C84 -> "THIS DOOR TO REMAIN UNLOCKED WHEN BUILDING IS OCCUPIED" SIGN ABOVE EXTERIOR DOORS
I26: ='Restroom & Shower Units'!C85 -> DOOR HARDWARE TO HAVE #626 SATIN CHROMIUM PLATED FINISH
C27: Windows | I27: Floor Cover
C28: ='Restroom & Shower Units'!C87 -> 30"x18" White vinyl horizontal slider - obscure | I28: ='Restroom & Shower Units'!C92 -> Sheet vinyl floor covering
C29: ='Restroom & Shower Units'!C88 -> Glazing - dual low E Argon filled | I29: ='Restroom & Shower Units'!C93 -> Armstrong 4" rubber cove base "Light Gray" #69
C30: ='Restroom & Shower Units'!C89 -> Windows installed over siding | I30: ='Restroom & Shower Units'!C94 -> COVE BASE TO BE CONTINUOUS
C31: ='Restroom & Shower Units'!C90 -> Galvanized flashing installed and over top flange of window under trim.
C32: Wall Cover | I32: Interior Trim
C33: ='Restroom & Shower Units'!C96 -> 7/16" OSB Sheathing above sheetrock at sidewalls | I33: ='Restroom & Shower Units'!C107 -> Vinyl wrap corners
C34: ='Restroom & Shower Units'!C97 -> 7/16" OSB sheathing under and above sheetrock at endwalls | I34: ='Restroom & Shower Units'!C108 -> Vinyl wrap batts at each side of windows and doors
C35: ='Restroom & Shower Units'!C98 -> 5/8" vinyl wrap sheetrock - "Pebble Beach" texture "Cool White" color, FRP 48" AFF all walls. | I35: ='Restroom & Shower Units'!C109 -> Window and exterior door surrounds and casing - vinyl wrap oak
I36: ='Restroom & Shower Units'!C110 -> FRP trim to match FRP
C37: HVAC | I37: Electrical
C38: ='Restroom & Shower Units'!C118 -> 1.5 ton 8KW Bard wall hung heat pump with economizer | I38: ='Restroom & Shower Units'!C137 -> 120/240V Single phase service-stub conduit out bottom
C39: ='Restroom & Shower Units'!C119 -> Overhead supply ducting | I39: ='Restroom & Shower Units'!C138 -> 20 amp duplex receptacles per drawing
C40: ='Restroom & Shower Units'!C120 -> 24"x24" diffuser with no dampers | I40: ='Restroom & Shower Units'!C139 -> 15 amp GFCI per drawing
C41: ='Restroom & Shower Units'!C121 -> Bard model 8403-060 T-stat | I41: ='Restroom & Shower Units'!C140 -> 125A Load Center
C42: ='Restroom & Shower Units'!C122 -> Outdoor T-stat | I42: ='Restroom & Shower Units'!C141 -> Sign circuit at exterior per drawing to (1) 20 amp dedicated circuit
I43: ='Restroom & Shower Units'!C142 -> Harris model 300 porch light with vandal resistant cover-on photocell
I44: ='Restroom & Shower Units'!C143 -> 15 amp GFCI duplex receptacle mounted under unit near water supply connection for heat tape.
C45: Restroom | I45: Ceiling
C46: ='Restroom & Shower Units'!C146 -> Wall hung lavatoty with ADA compliant faucets | I46: ='Restroom & Shower Units'!C103 -> 2x4 T-grid and tile -
C47: ='Restroom & Shower Units'!C147 -> ADA commercial grade water closets | I47: ='Restroom & Shower Units'!C104 -> Armstrong #1729 Fine Fissuered with Humiguard
C48: ='Restroom & Shower Units'!C148 -> 2.5 gallon HWT mounted above mop sink in closet-below grid | I48: ='Restroom & Shower Units'!C105 -> 7' 10" ceiling height
C49: ='Restroom & Shower Units'!C149 -> Sheet vinyl flooring with 4" contiuous rubber cove base
C50: ='Restroom & Shower Units'!C150 -> FRP to 4' AFF on all walls
C51: ='Restroom & Shower Units'!C151 -> Exhaust fans switched indepentently of lights.

Sheet 12x25 RR Unit
B2: Date: | E2: Size: | F2: 12x25 | H2: DESIGN LOADS:
B3: Customer: | E3: Description: | F3: Restroom Unit | H3: Floor: | I3: 50
B4: Location: | E4: Insignias: | F4: OR, WA, ID | H4: Wind: | I4: 135/C
B5: Project: | E5: Climate Zone | H5: Roof: | I5: 40
C7: Chassis | I7: Floor
C8: ='Restroom & Shower Units'!C9 -> Conventional (no outriggers but with full length front and rear C-channel cross members) | I8: ='Restroom & Shower Units'!C26 -> 2"x8" floor joists @ 16" o/c with 2"x6" double rim joists.
C9: ='Restroom & Shower Units'!C10 -> 10" I-beam main rail. | I9: ='Restroom & Shower Units'!C27 -> Class "A" woven poly fabric bottom board.
C10: ='Restroom & Shower Units'!C11 -> 2-Brake axle with 8:00x14.5 14 ply tires. | I10: ='Restroom & Shower Units'!C28 -> Fiberglass batt insulation to code.
C11: ='Restroom & Shower Units'!C12 -> Detachable Hitch. | I11: ='Restroom & Shower Units'!C29 -> 3/4" T&G decking-glued and nailed
C12: Exterior Wall Framing | I12: Roof
C13: ='Restroom & Shower Units'!C35 -> 2"x6" framing @ 16" o/c | I13: ='Restroom & Shower Units'!C72 -> 2.5/12 pitch roof
C14: ='Restroom & Shower Units'!C36 -> Insulation to code. | I14: ='Restroom & Shower Units'!C73 -> Bottom cover class "A" woven polyethelene fabric
C15: ='Restroom & Shower Units'!C37 -> End wall sheathing full height interior side of wall | I15: ='Restroom & Shower Units'!C74 -> 30 yr Arch shingles
I16: ='Restroom & Shower Units'!C75 -> Insulation to code.
C17: Exterior Wall Finish | I17: Exterior Doors
C18: ='Restroom & Shower Units'!C47 -> 7/16" LP Smartside Panel T1-11 siding with grooves 8" o/c - roof deck to top of belt rail | I18: ='Restroom & Shower Units'!C77 -> 3068 Telstar Pro - painted
C19: ='Restroom & Shower Units'!C48 -> Wrap building with Tyvek building wrap (or equivalent) | I19: ='Restroom & Shower Units'!C78 -> Hinges - SS-BBH NRP
C20: ='Restroom & Shower Units'!C49 -> Corner trim - 5/8"x4" Smartside trim - 2"x2" galvanized flashing installed over siding and under corners. | I20: ='Restroom & Shower Units'!C79 -> Tell DB2051 deadbolt
I21: ='Restroom & Shower Units'!C80 -> Int/Ext pull handles
C22: ='Restroom & Shower Units'!C50 -> Window trim - 5/8"x4" Smartside Trim. | I22: ='Restroom & Shower Units'!C81 -> Tell 12916 door closer
C23: ='Restroom & Shower Units'!C51 -> Fascia - 5/8"x8" Smartside trim, no grooves | I23: ='Restroom & Shower Units'!C82 -> Weatherstripping - ADA threshold and sweep
C24: ='Restroom & Shower Units'!C52 -> Belt Rail - 6"x7/16" LP Smartside trim. 1/2" Z-flashing installed at bottom of siding and top of belt rail - 2" back leg and 3/4" front leg. | I24: ='Restroom & Shower Units'!C83 -> DEADBOLTS TO BE INSTALLED BELOW PULL HANDLES
I25: ='Restroom & Shower Units'!C84 -> "THIS DOOR TO REMAIN UNLOCKED WHEN BUILDING IS OCCUPIED" SIGN ABOVE EXTERIOR DOORS
I26: ='Restroom & Shower Units'!C85 -> DOOR HARDWARE TO HAVE #626 SATIN CHROMIUM PLATED FINISH
C27: Windows | I27: Floor Cover
I28: ='Restroom & Shower Units'!C92 -> Sheet vinyl floor covering
I29: ='Restroom & Shower Units'!C93 -> Armstrong 4" rubber cove base "Light Gray" #69
I30: ='Restroom & Shower Units'!C94 -> COVE BASE TO BE CONTINUOUS
C32: Wall Cover | I32: Interior Trim
C33: ='Restroom & Shower Units'!C96 -> 7/16" OSB Sheathing above sheetrock at sidewalls | I33: ='Restroom & Shower Units'!C107 -> Vinyl wrap corners
C34: ='Restroom & Shower Units'!C97 -> 7/16" OSB sheathing under and above sheetrock at endwalls | I34: ='Restroom & Shower Units'!C108 -> Vinyl wrap batts at each side of windows and doors
C35: ='Restroom & Shower Units'!C98 -> 5/8" vinyl wrap sheetrock - "Pebble Beach" texture "Cool White" color, FRP 48" AFF all walls. | I35: ='Restroom & Shower Units'!C109 -> Window and exterior door surrounds and casing - vinyl wrap oak
I36: ='Restroom & Shower Units'!C110 -> FRP trim to match FRP
C37: HVAC | I37: Electrical
C38: ='Restroom & Shower Units'!C124 -> 2 ton 8KW Bard wall hung heat pump with economizer | I38: ='Restroom & Shower Units'!C137 -> 120/240V Single phase service-stub conduit out bottom
C39: ='Restroom & Shower Units'!C125 -> Overhead supply ducting | I39: ='Restroom & Shower Units'!C138 -> 20 amp duplex receptacles per drawing
C40: ='Restroom & Shower Units'!C126 -> 24"x24" diffuser with no dampers | I40: ='Restroom & Shower Units'!C139 -> 15 amp GFCI per drawing
C41: ='Restroom & Shower Units'!C127 -> Bard model 8403-060 T-stat | I41: ='Restroom & Shower Units'!C140 -> 125A Load Center
C42: ='Restroom & Shower Units'!C128 -> Outdoor T-stat | I42: ='Restroom & Shower Units'!C141 -> Sign circuit at exterior per drawing to (1) 20 amp dedicated circuit
I43: ='Restroom & Shower Units'!C142 -> Harris model 300 porch light with vandal resistant cover-on photocell
I44: ='Restroom & Shower Units'!C143 -> 15 amp GFCI duplex receptacle mounted under unit near water supply connection for heat tape.
C45: Restroom | I45: Ceiling
C46: ='Restroom & Shower Units'!C152 -> Wall hung lavatoty with ADA compliant faucets | I46: ='Restroom & Shower Units'!C103 -> 2x4 T-grid and tile -
C47: ='Restroom & Shower Units'!C153 -> ADA commercial grade water closets | I47: ='Restroom & Shower Units'!C104 -> Armstrong #1729 Fine Fissuered with Humiguard
C48: ='Restroom & Shower Units'!C154 -> 6 gallon HWT mounted above mop sink in closet-below grid | I48: ='Restroom & Shower Units'!C105 -> 7' 10" ceiling height
C49: ='Restroom & Shower Units'!C155 -> Sheet vinyl flooring with 4" contiuous rubber cove base
C50: ='Restroom & Shower Units'!C156 -> FRP to 4' AFF on all walls

Sheet 12x40 RR Unit
B2: Date: | E2: Size: | F2: 12x40 | H2: DESIGN LOADS:
B3: Customer: | E3: Description: | F3: Restroom Unit | H3: Floor: | I3: 50
B4: Location: | E4: Insignias: | F4: OR, WA, ID | H4: Wind: | I4: 135/C
B5: Project: | E5: Climate Zone | H5: Roof: | I5: 40
C7: Chassis | I7: Floor
C8: ='Restroom & Shower Units'!C17 -> Conventional (outriggers every 8' with full length front and rear C-channel cross members) | I8: ='Restroom & Shower Units'!C30 -> 2"x8" floor joists @ 16" o/c with 2"x8" double rim joists.
C9: ='Restroom & Shower Units'!C18 -> 10" I-beam main rail. Provide double I-beam and full depth cross members at axle assemblies. | I9: ='Restroom & Shower Units'!C31 -> Class "A" woven poly fabric bottom board.
C10: ='Restroom & Shower Units'!C19 -> 4-Brake axle with 8:00x14.5 14 ply tires. | I10: ='Restroom & Shower Units'!C32 -> Fiberglass batt insulation to code.
C11: ='Restroom & Shower Units'!C20 -> Detachable Hitch. | I11: ='Restroom & Shower Units'!C33 -> 3/4" T&G decking-glued and nailed.
C12: Exterior Wall Framing | I12: Roof
C13: ='Restroom & Shower Units'!C42 -> 2x6 framing @ 16" o/c | I13: ='Restroom & Shower Units'!C72 -> 2.5/12 pitch roof
C14: ='Restroom & Shower Units'!C43 -> Insulation to code. | I14: ='Restroom & Shower Units'!C73 -> Bottom cover class "A" woven polyethelene fabric
C15: ='Restroom & Shower Units'!C44 -> End wall sheathing full height interior side of wall | I15: ='Restroom & Shower Units'!C74 -> 30 yr Arch shingles
C16: ='Restroom & Shower Units'!C45 -> Standard plenum wall for sound reduction-lined with 5/8" sheetrock. | I16: ='Restroom & Shower Units'!C75 -> Insulation to code.
C17: Exterior Wall Finish | I17: Exterior Doors
C18: ='Restroom & Shower Units'!C53 -> 7/16" LP Smartside Panel T1-11 siding with grooves 8" o/c - roof deck to top of belt rail | I18: ='Restroom & Shower Units'!C77 -> 3068 Telstar Pro - painted
C19: ='Restroom & Shower Units'!C54 -> Wrap building with Tyvek building wrap (or equivalent) | I19: ='Restroom & Shower Units'!C78 -> Hinges - SS-BBH NRP
C20: ='Restroom & Shower Units'!C55 -> Corner trim - 5/8"x4" Smartside trim - 2"x2" galvanized flashing installed over siding and under corners. | I20: ='Restroom & Shower Units'!C79 -> Tell DB2051 deadbolt
I21: ='Restroom & Shower Units'!C80 -> Int/Ext pull handles
C22: ='Restroom & Shower Units'!C56 -> Window trim -5/8"x4" Smartside Trim. | I22: ='Restroom & Shower Units'!C81 -> Tell 12916 door closer
C23: ='Restroom & Shower Units'!C57 -> Fascia - 5/8"x8" Smartside trim, no grooves | I23: ='Restroom & Shower Units'!C82 -> Weatherstripping - ADA threshold and sweep
C24: ='Restroom & Shower Units'!C58 -> Belt Rail - 6"x7/16" LP Smartside trim. 1/2" Z-flashing installed at bottom of siding and top of belt rail - 2" back leg and 3/4" front leg. | I24: ='Restroom & Shower Units'!C83 -> DEADBOLTS TO BE INSTALLED BELOW PULL HANDLES
I25: ='Restroom & Shower Units'!C84 -> "THIS DOOR TO REMAIN UNLOCKED WHEN BUILDING IS OCCUPIED" SIGN ABOVE EXTERIOR DOORS
I26: ='Restroom & Shower Units'!C85 -> DOOR HARDWARE TO HAVE #626 SATIN CHROMIUM PLATED FINISH
C27: Windows | I27: Floor Cover
I28: ='Restroom & Shower Units'!C92 -> Sheet vinyl floor covering
I29: ='Restroom & Shower Units'!C93 -> Armstrong 4" rubber cove base "Light Gray" #69
I30: ='Restroom & Shower Units'!C94 -> COVE BASE TO BE CONTINUOUS
C32: Wall Cover | I32: Interior Trim
C33: ='Restroom & Shower Units'!C96 -> 7/16" OSB Sheathing above sheetrock at sidewalls | I33: ='Restroom & Shower Units'!C107 -> Vinyl wrap corners
C34: ='Restroom & Shower Units'!C97 -> 7/16" OSB sheathing under and above sheetrock at endwalls | I34: ='Restroom & Shower Units'!C108 -> Vinyl wrap batts at each side of windows and doors
C35: ='Restroom & Shower Units'!C98 -> 5/8" vinyl wrap sheetrock - "Pebble Beach" texture "Cool White" color, FRP 48" AFF all walls. | I35: ='Restroom & Shower Units'!C109 -> Window and exterior door surrounds and casing - vinyl wrap oak
I36: ='Restroom & Shower Units'!C110 -> FRP trim to match FRP
C37: HVAC | I37: Electrical
C38: ='Restroom & Shower Units'!C130 -> 3 ton 15KW Bard wall hung heat pump with economizer | I38: ='Restroom & Shower Units'!C137 -> 120/240V Single phase service-stub conduit out bottom
C39: ='Restroom & Shower Units'!C131 -> Overhead supply ducting | I39: ='Restroom & Shower Units'!C138 -> 20 amp duplex receptacles per drawing
C40: ='Restroom & Shower Units'!C132 -> 24"x24" diffuser with no dampers | I40: ='Restroom & Shower Units'!C139 -> 15 amp GFCI per drawing
C41: ='Restroom & Shower Units'!C133 -> Bard model 8403-060 T-stat | I41: ='Restroom & Shower Units'!C140 -> 125A Load Center
C42: ='Restroom & Shower Units'!C134 -> Outdoor T-stat | I42: ='Restroom & Shower Units'!C141 -> Sign circuit at exterior per drawing to (1) 20 amp dedicated circuit
I43: ='Restroom & Shower Units'!C142 -> Harris model 300 porch light with vandal resistant cover-on photocell
I44: ='Restroom & Shower Units'!C143 -> 15 amp GFCI duplex receptacle mounted under unit near water supply connection for heat tape.
C45: Restroom | I45: Ceiling
C46: ='Restroom & Shower Units'!C158 -> Wall hung lavatoty with ADA compliant faucets | I46: ='Restroom & Shower Units'!C103 -> 2x4 T-grid and tile -
C47: ='Restroom & Shower Units'!C159 -> ADA commercial grade water closets | I47: ='Restroom & Shower Units'!C104 -> Armstrong #1729 Fine Fissuered with Humiguard
C48: ='Restroom & Shower Units'!C160 -> 10 gallon HWT mounted high on shelf | I48: ='Restroom & Shower Units'!C105 -> 7' 10" ceiling height
C49: ='Restroom & Shower Units'!C161 -> Sheet vinyl flooring with 4" contiuous rubber cove base
C50: ='Restroom & Shower Units'!C162 -> FRP to 4' AFF on all walls

Sheet Multiplex Master Sheet 
D2: Size | E2: 24x40 | F2: 24x40 RR | G2: 24x60 | H2: 24x60 RR | I2: 36x60 | J2: 36x60 2-RR | K2: 48x60 | L2: 48x60 2-RR | M2: 60x60 | N2: 60x60 RR
B3: Item | C3: Description | D3: Total
B4: Frame
C5: Conventional (outriggers every 8' with full length width front and rear cross members) | E5: 1 | F5: 1
C6: 12" I-beam main rail. Provide double I-beam and full depth cross members at axle assemblies.
C7: 3-Brake axle with 8:00x14.5 14 ply tires - all new
C8: Detachable Hitch.
C9: Conventional (outriggers every 8' with full width front and rear cross members) | G9: 1 | H9: 1 | J9: 1 | L9: 1 | M9: 1 | N9: 1
C10: 12" I-beam main rail. Provide double I-beam and full depth cross members at axle assemblies.
C11: 4-Brake axle with 8:00x14.5 14 ply tires - all new
C12: Detachable Hitch. | I12: 1 | K12: 1
C13: Conventional (outriggers every 8' with full length front and rear C-channel cross members)
C14: 12" I-beam main rail. Provide double I-beam and full depth cross members at axle assemblies.
C15: 5-Brake axle with 8:00x14.5 14 ply tires - all new
C16: Detachable Hitch.
B17: Floor
C18: 2"x8" floor joists @ 16" o/c with 2"x8" double rim joists. | E18: 1 | F18: 1 | G18: 1 | H18: 1 | J18: 1 | L18: 1 | M18: 1 | N18: 1
C19: Class "A" woven poly fabric bottom board.
C20: Fiberglass batt insulation to code.
C21: 3/4" APA Rated sturd-I-floor-glued and nailed. | I21: 1 | K21: 1
B22: Exterior Wall Framing
C23: 2"x6" framing @ 16" o/c | E23: 1 | F23: 1 | G23: 1 | H23: 1 | J23: 1 | L23: 1 | M23: 1 | N23: 1
C24: Insulation to code.
C25: End wall sheathing full height interior side of wall
C26: Standard plenum wall for sound reduction-lined with 5/8" sheetrock. | I26: 1 | K26: 1
C27: 2x6 framing @ 16" o/c - height 109"
C28: Insulation to code.
C29: Frame for doors, windows and wall mount HVAC unit.
C30: Standard plenum wall for sound reduction-lined with 5/8" sheetrock.
B31: Exterior Wall Finish
C32: 7/16" LP Smartside Panel T1-11 siding with grooves 8" o/c - roof deck to top of belt rail | E32: 1 | F32: 1 | G32: 1 | H32: 1 | J32: 1 | L32: 1 | M32: 1 | N32: 1
C33: Wrap building with Tyvek building wrap (or equivalent)
C34: Corner trim - 5/8x4" Smartside trim - 2"x2" galvanized flashing installed over siding and under corners.
C35: Window trim - 3/4x4" Smartside Trim.
C36: Fascia - 5/8x8" Smartside trim, no grooves
C37: Belt Rail - 6"x7/16" LP Smartside trim. 1/2" Z-flashing installed at bottom of siding and top of belt rail - 2" back leg and 3/4" front leg. | I37: 1 | K37: 1
C38: 7/16" LP Smartside Panel T1-11 siding with grooves 8" o/c - 4'x10' sheets.
C39: Wrap building with Tyvek building wrap (or equivalent)
C40: Corner trim - 3/4x4" Smartside Trim - 2"x2" galvanized flashing installed over siding and under corners.
C41: Door and window trim - 3/4x4" Smartside Trim.
C42: Fascia - 5/8" No Groove Duratemp.
C43: Belt Rail - 3-1/2"x7/16" No Groove LP Smartside Panel. 1/2" Z-flashing installed at bottom of siding and top of belt rail - 2" back leg and 3/4" front leg.
C44: 7/16" LP Smartside Panel T1-11 siding with grooves 8" o/c - 4'x10' sheets.
C45: Wrap building with Tyvek building wrap (or equivalent)
C46: Corner trim - 3/4x4" Smartside Trim - 2"x2" galvanized flashing installed over siding and under corners.
C47: Door and window trim - 3/4x4" Smartside Trim.
C48: Fascia - 5/8" No Groove Duratemp.
C49: Belt Rail - 5-1/2"x7/16" No Groove LP Smartside Panel. 1/2" Z-flashing installed at bottom of siding and top of belt rail - 2" back leg and 3/4" front leg.
B50: Roof
C51: 2-1/2/12 pitch roof | E51: 1 | F51: 1 | G51: 1 | H51: 1
C52: Bottom cover class "A" woven polyethelene fabric
C53: 30 yr Arch shingles
C54: Insulation to code.
C55: Transverse pitch 1/4:12 (provide optional clear-span pricing) | J55: 1 | L55: 1 | M55: 1 | N55: 1
C56: Bottom cover class "A" woven polyethelene fabric
C57: Single ply 40 mil. mechanically fastened "Durolast" roofing (EPDM optional)
C58: Insulation to code.
I59: 1 | K59: 1
C60: Bow trusses @ 24" o/c
C61: Bottom cover class "A" woven polyethelene fabric
C62: 30ga galvanized roofing with J-rail - Fasten with zinc screws
C63: Insulation to code.
C64: 7/16" OSB sheathing
C65: Rims?
C66: Eave venting
B67: Exterior Doors
C68: 3068 Telstar Pro doors- painted | E68: 1 | F68: 1 | G68: 1 | H68: 1 | J68: 1 | L68: 1 | M68: 1 | N68: 1
C69: Hinges - SS-BBH NRP
C70: Tell DB2051 deadbolt
C71: Int/Ext pull handles
C72: Tell 12916 door closer
C73: Weatherstripping - ADA threshold and sweep
C74: DEADBOLTS TO BE INSTALLED BELOW PULL HANDLES
C75: "THIS DOOR TO REMAIN UNLOCKED WHEN BUILDING IS OCCUPIED" SIGN ABOVE EXTERIOR DOORS
C76: DOOR HARDWARE TO HAVE #626 SATIN CHROMIUM PLATED FINISH | I76: 1 | K76: 1
B77: Windows
C78: 4'x3' White vinyl horizontal slider | E78: 1 | F78: 1 | G78: 1 | H78: 1 | J78: 1 | L78: 1 | M78: 1 | N78: 1
C79: Glazing - dual low E- Argon filled
C80: Windows installed over siding
C81: Galvanized flashing installed and over top flange of window under trim. | I81: 1 | K81: 1
B82: Floor Cover
C83: Prepped for flooring - excluding RR | E83: 1 | F83: 1 | G83: 1 | H83: 1 | J83: 1 | L83: 1 | M83: 1 | N83: 1
C84: Sheet vinyl with 1/4" underlayment in RR's
C85: Armstrong 4" rubber cove base in RR's "Light Gray" #69
C86: COVE BASE TO BE CONTINUOUS | I86: 1 | K86: 1
B87: Wall Cover
C88: 7/16" OSB sheathing under sheetrock at endwalls | E88: 1 | F88: 1 | G88: 1 | H88: 1 | J88: 1 | L88: 1 | M88: 1 | N88: 1
C89: 5/8" vinyl wrap sheetrock - full height - "Pebble Beach" texture "Cool White" color | I89: 1 | K89: 1
B90: Ceiling
C91: 2x4 T-grid and tile - | E91: 1 | F91: 1 | G91: 1 | H91: 1 | J91: 1 | L91: 1 | M91: 1 | N91: 1
C92: Armstrong #1729 Fine Fissuered with Humiguard
C93: 7' 10" ceiling height | I93: 1 | K93: 1
B94: Interior trim
C95: Vinyl wrap corners | E95: 1 | F95: 1 | G95: 1 | H95: 1 | J95: 1 | L95: 1 | M95: 1 | N95: 1
C96: Vinyl wrap batts at each side of windows and doors
C97: Window and exterior door surrounds and casing - vinyl wrap oak | I97: 1 | K97: 1
B98: HVAC
C99: Overhead supply ducting | E99: 1 | F99: 1 | G99: 1 | H99: 1 | J99: 1 | L99: 1 | M99: 1 | N99: 1
C100: 24"x24" diffuser with no dampers
C101: PRO1 T755 T-stat
...

Sheet 24x40
B2: Date: | E2: Size: | F2: 24x40 | H2: DESIGN LOADS:
B3: Customer: | E3: Description: | F3: Mobile Office | H3: Floor: | I3: 50
B4: Location: | E4: Insignias: | F4: OR, WA, ID | H4: Wind: | I4: 125/C
B5: Project: | E5: Climate Zone | H5: Roof: | I5: 40
C7: Chassis | I7: Floor
C8: ='Multiplex Master Sheet '!C5 -> Conventional (outriggers every 8' with full length width front and rear cross members) | I8: ='Multiplex Master Sheet '!C18 -> 2"x8" floor joists @ 16" o/c with 2"x8" double rim joists.
C9: ='Multiplex Master Sheet '!C6 -> 12" I-beam main rail. Provide double I-beam and full depth cross members at axle assemblies. | I9: ='Multiplex Master Sheet '!C19 -> Class "A" woven poly fabric bottom board.
C10: ='Multiplex Master Sheet '!C7 -> 3-Brake axle with 8:00x14.5 14 ply tires - all new | I10: ='Multiplex Master Sheet '!C20 -> Fiberglass batt insulation to code.
C11: ='Multiplex Master Sheet '!C8 -> Detachable Hitch. | I11: ='Multiplex Master Sheet '!C21 -> 3/4" APA Rated sturd-I-floor-glued and nailed.
C12: Exterior Wall Framing | I12: Roof
C13: ='Multiplex Master Sheet '!C23 -> 2"x6" framing @ 16" o/c | I13: ='Multiplex Master Sheet '!C51 -> 2-1/2/12 pitch roof
C14: ='Multiplex Master Sheet '!C24 -> Insulation to code. | I14: ='Multiplex Master Sheet '!C52 -> Bottom cover class "A" woven polyethelene fabric
C15: ='Multiplex Master Sheet '!C25 -> End wall sheathing full height interior side of wall | I15: ='Multiplex Master Sheet '!C53 -> 30 yr Arch shingles
C16: ='Multiplex Master Sheet '!C26 -> Standard plenum wall for sound reduction-lined with 5/8" sheetrock. | I16: ='Multiplex Master Sheet '!C54 -> Insulation to code.
C17: Exterior Wall Finish | I17: Exterior Doors
C18: ='Multiplex Master Sheet '!C32 -> 7/16" LP Smartside Panel T1-11 siding with grooves 8" o/c - roof deck to top of belt rail | I18: ='Multiplex Master Sheet '!C68 -> 3068 Telstar Pro doors- painted
C19: ='Multiplex Master Sheet '!C33 -> Wrap building with Tyvek building wrap (or equivalent) | I19: ='Multiplex Master Sheet '!C69 -> Hinges - SS-BBH NRP
C20: ='Multiplex Master Sheet '!C34 -> Corner trim - 5/8x4" Smartside trim - 2"x2" galvanized flashing installed over siding and under corners. | I20: ='Multiplex Master Sheet '!C70 -> Tell DB2051 deadbolt
I21: ='Multiplex Master Sheet '!C71 -> Int/Ext pull handles
C22: ='Multiplex Master Sheet '!C35 -> Window trim - 3/4x4" Smartside Trim. | I22: ='Multiplex Master Sheet '!C72 -> Tell 12916 door closer
C23: ='Multiplex Master Sheet '!C36 -> Fascia - 5/8x8" Smartside trim, no grooves | I23: ='Multiplex Master Sheet '!C73 -> Weatherstripping - ADA threshold and sweep
C24: ='Multiplex Master Sheet '!C37 -> Belt Rail - 6"x7/16" LP Smartside trim. 1/2" Z-flashing installed at bottom of siding and top of belt rail - 2" back leg and 3/4" front leg. | I24: ='Multiplex Master Sheet '!C74 -> DEADBOLTS TO BE INSTALLED BELOW PULL HANDLES
I25: ='Multiplex Master Sheet '!C75 -> "THIS DOOR TO REMAIN UNLOCKED WHEN BUILDING IS OCCUPIED" SIGN ABOVE EXTERIOR DOORS
I26: ='Multiplex Master Sheet '!C76 -> DOOR HARDWARE TO HAVE #626 SATIN CHROMIUM PLATED FINISH
C27: Windows | I27: Floor Cover
C28: ='Multiplex Master Sheet '!C78 -> 4'x3' White vinyl horizontal slider | I28: ='Multiplex Master Sheet '!C83 -> Prepped for flooring - excluding RR
C29: ='Multiplex Master Sheet '!C79 -> Glazing - dual low E- Argon filled | I29: ='Multiplex Master Sheet '!C84 -> Sheet vinyl with 1/4" underlayment in RR's
C30: ='Multiplex Master Sheet '!C80 -> Windows installed over siding | I30: ='Multiplex Master Sheet '!C85 -> Armstrong 4" rubber cove base in RR's "Light Gray" #69
C31: ='Multiplex Master Sheet '!C81 -> Galvanized flashing installed and over top flange of window under trim. | I31: ='Multiplex Master Sheet '!C86 -> COVE BASE TO BE CONTINUOUS
C32: Wall Cover | I32: Interior Trim
C33: ='Multiplex Master Sheet '!C88 -> 7/16" OSB sheathing under sheetrock at endwalls | I33: ='Multiplex Master Sheet '!C95 -> Vinyl wrap corners
C34: ='Multiplex Master Sheet '!C89 -> 5/8" vinyl wrap sheetrock - full height - "Pebble Beach" texture "Cool White" color | I34: ='Multiplex Master Sheet '!C96 -> Vinyl wrap batts at each side of windows and doors
I35: ='Multiplex Master Sheet '!C97 -> Window and exterior door surrounds and casing - vinyl wrap oak
C36: HVAC | I36: Electrical
C37: ='Multiplex Master Sheet '!C99 -> Overhead supply ducting | I37: ='Multiplex Master Sheet '!C106 -> 120/240V Single phase service-stub conduit through floor
C38: ='Multiplex Master Sheet '!C100 -> 24"x24" diffuser with no dampers | I38: ='Multiplex Master Sheet '!C107 -> 20 amp duplex receptacles per drawing - finishes to be white
C39: ='Multiplex Master Sheet '!C101 -> PRO1 T755 T-stat | I39: ='Multiplex Master Sheet '!C108 -> 15 amp GFCI per drawing
C40: ='Multiplex Master Sheet '!C102 -> Outdoor T-stat | I40: ='Multiplex Master Sheet '!C109 -> Three or four way switching at exterior doors
C41: ='Multiplex Master Sheet '!C103 -> Return air ducted to plenum | I41: ='Multiplex Master Sheet '!C110 -> Phone/Data boxes per drawing stubbed above grid with 1/2" flex conduit.
I42: ='Multiplex Master Sheet '!C125 -> 6"x6" W/P j-box-1" conduits with pull string stubbued above grid for future data
I43: ='Multiplex Master Sheet '!C111 -> Sign circuit at exterior door locations
I44: ='Multiplex Master Sheet '!C112 -> Harris model 300 porch light with vandal resistant cover-on photocell
I45: ='Multiplex Master Sheet '!C113 -> Dedicated circuit to j-box above grid per drawing
C47: Misc. | I47: Ceiling
I48: ='Multiplex Master Sheet '!C91 -> 2x4 T-grid and tile -
I49: ='Multiplex Master Sheet '!C92 -> Armstrong #1729 Fine Fissuered with Humiguard
I50: ='Multiplex Master Sheet '!C93 -> 7' 10" ceiling height

Sheet 24x40 RR
B2: Date: | E2: Size: | F2: 24x40 | H2: DESIGN LOADS:
B3: Customer: | E3: Description: | F3: Mobile Office with Restroom | H3: Floor: | I3: 50
B4: Location: | E4: Insignias: | F4: OR, WA, ID | H4: Wind: | I4: 125/C
B5: Project: | E5: Climate Zone | H5: Roof: | I5: 40
C7: Chassis | I7: Floor
C8: ='Multiplex Master Sheet '!C5 -> Conventional (outriggers every 8' with full length width front and rear cross members) | I8: ='Multiplex Master Sheet '!C18 -> 2"x8" floor joists @ 16" o/c with 2"x8" double rim joists.
C9: ='Multiplex Master Sheet '!C6 -> 12" I-beam main rail. Provide double I-beam and full depth cross members at axle assemblies. | I9: ='Multiplex Master Sheet '!C19 -> Class "A" woven poly fabric bottom board.
C10: ='Multiplex Master Sheet '!C7 -> 3-Brake axle with 8:00x14.5 14 ply tires - all new | I10: ='Multiplex Master Sheet '!C20 -> Fiberglass batt insulation to code.
C11: ='Multiplex Master Sheet '!C8 -> Detachable Hitch. | I11: ='Multiplex Master Sheet '!C21 -> 3/4" APA Rated sturd-I-floor-glued and nailed.
C12: Exterior Wall Framing | I12: Roof
C13: ='Multiplex Master Sheet '!C23 -> 2"x6" framing @ 16" o/c | I13: ='Multiplex Master Sheet '!C51 -> 2-1/2/12 pitch roof
C14: ='Multiplex Master Sheet '!C24 -> Insulation to code. | I14: ='Multiplex Master Sheet '!C52 -> Bottom cover class "A" woven polyethelene fabric
C15: ='Multiplex Master Sheet '!C25 -> End wall sheathing full height interior side of wall | I15: ='Multiplex Master Sheet '!C54 -> Insulation to code.
C16: ='Multiplex Master Sheet '!C26 -> Standard plenum wall for sound reduction-lined with 5/8" sheetrock.
C17: Exterior Wall Finish | I17: Exterior Doors
C18: ='Multiplex Master Sheet '!C32 -> 7/16" LP Smartside Panel T1-11 siding with grooves 8" o/c - roof deck to top of belt rail | I18: ='Multiplex Master Sheet '!C68 -> 3068 Telstar Pro doors- painted
C19: ='Multiplex Master Sheet '!C33 -> Wrap building with Tyvek building wrap (or equivalent) | I19: ='Multiplex Master Sheet '!C69 -> Hinges - SS-BBH NRP
C20: ='Multiplex Master Sheet '!C34 -> Corner trim - 5/8x4" Smartside trim - 2"x2" galvanized flashing installed over siding and under corners. | I20: ='Multiplex Master Sheet '!C70 -> Tell DB2051 deadbolt
I21: ='Multiplex Master Sheet '!C71 -> Int/Ext pull handles
C22: ='Multiplex Master Sheet '!C35 -> Window trim - 3/4x4" Smartside Trim. | I22: ='Multiplex Master Sheet '!C72 -> Tell 12916 door closer
C23: ='Multiplex Master Sheet '!C36 -> Fascia - 5/8x8" Smartside trim, no grooves | I23: ='Multiplex Master Sheet '!C73 -> Weatherstripping - ADA threshold and sweep
C24: ='Multiplex Master Sheet '!C37 -> Belt Rail - 6"x7/16" LP Smartside trim. 1/2" Z-flashing installed at bottom of siding and top of belt rail - 2" back leg and 3/4" front leg. | I24: ='Multiplex Master Sheet '!C74 -> DEADBOLTS TO BE INSTALLED BELOW PULL HANDLES
I25: ='Multiplex Master Sheet '!C75 -> "THIS DOOR TO REMAIN UNLOCKED WHEN BUILDING IS OCCUPIED" SIGN ABOVE EXTERIOR DOORS
I26: ='Multiplex Master Sheet '!C76 -> DOOR HARDWARE TO HAVE #626 SATIN CHROMIUM PLATED FINISH
C27: Windows | I27: Floor Cover
C28: ='Multiplex Master Sheet '!C78 -> 4'x3' White vinyl horizontal slider | I28: ='Multiplex Master Sheet '!C83 -> Prepped for flooring - excluding RR
C29: ='Multiplex Master Sheet '!C79 -> Glazing - dual low E- Argon filled | I29: ='Multiplex Master Sheet '!C84 -> Sheet vinyl with 1/4" underlayment in RR's
C30: ='Multiplex Master Sheet '!C80 -> Windows installed over siding | I30: ='Multiplex Master Sheet '!C85 -> Armstrong 4" rubber cove base in RR's "Light Gray" #69
C31: ='Multiplex Master Sheet '!C81 -> Galvanized flashing installed and over top flange of window under trim. | I31: ='Multiplex Master Sheet '!C86 -> COVE BASE TO BE CONTINUOUS
C32: Wall Cover | I32: Interior Trim
C33: ='Multiplex Master Sheet '!C88 -> 7/16" OSB sheathing under sheetrock at endwalls | I33: ='Multiplex Master Sheet '!C95 -> Vinyl wrap corners
C34: ='Multiplex Master Sheet '!C89 -> 5/8" vinyl wrap sheetrock - full height - "Pebble Beach" texture "Cool White" color | I34: ='Multiplex Master Sheet '!C96 -> Vinyl wrap batts at each side of windows and doors
I35: ='Multiplex Master Sheet '!C97 -> Window and exterior door surrounds and casing - vinyl wrap oak
C36: HVAC | I36: Electrical
C37: ='Multiplex Master Sheet '!C99 -> Overhead supply ducting | I37: ='Multiplex Master Sheet '!C106 -> 120/240V Single phase service-stub conduit through floor
C38: ='Multiplex Master Sheet '!C100 -> 24"x24" diffuser with no dampers | I38: ='Multiplex Master Sheet '!C107 -> 20 amp duplex receptacles per drawing - finishes to be white
C39: ='Multiplex Master Sheet '!C101 -> PRO1 T755 T-stat | I39: ='Multiplex Master Sheet '!C108 -> 15 amp GFCI per drawing
C40: ='Multiplex Master Sheet '!C102 -> Outdoor T-stat | I40: ='Multiplex Master Sheet '!C109 -> Three or four way switching at exterior doors
C41: ='Multiplex Master Sheet '!C103 -> Return air ducted to plenum | I41: ='Multiplex Master Sheet '!C110 -> Phone/Data boxes per drawing stubbed above grid with 1/2" flex conduit.
I42: ='Multiplex Master Sheet '!C111 -> Sign circuit at exterior door locations
I43: ='Multiplex Master Sheet '!C112 -> Harris model 300 porch light with vandal resistant cover-on photocell
I44: ='Multiplex Master Sheet '!C113 -> Dedicated circuit to j-box above grid per drawing
I45: ='Multiplex Master Sheet '!C114 -> 15 amp GFCI duplex receptacle mounted under unit near water supply connection for heat tape.
C46: Restroom | I46: Ceiling
C47: ='Multiplex Master Sheet '!C116 -> Wall hung lavatoty with ADA compliant faucet | I47: ='Multiplex Master Sheet '!C91 -> 2x4 T-grid and tile -
C48: ='Multiplex Master Sheet '!C117 -> ADA commercial grade water closet | I48: ='Multiplex Master Sheet '!C92 -> Armstrong #1729 Fine Fissuered with Humiguard
C49: ='Multiplex Master Sheet '!C118 -> 2.5 gallon HWT mounted in corner above water closet-below grid | I49: ='Multiplex Master Sheet '!C93 -> 7' 10" ceiling height
C50: ='Multiplex Master Sheet '!C119 -> Sheet vinyl flooring with 4" contiuous rubber cove base
C51: ='Multiplex Master Sheet '!C120 -> FRP to 4' AFF on all walls
C52: ='Multiplex Master Sheet '!C121 -> Exhaust fan indepentently switched

Sheet 24x60
B2: Date: | E2: Size: | F2: 24x60 | H2: DESIGN LOADS:
B3: Customer: | E3: Description: | F3: Mobile Office | H3: Floor: | I3: 50
B4: Location: | E4: Insignias: | F4: OR, WA, ID | H4: Wind: | I4: 135/C
B5: Project: | E5: Climate Zone | H5: Roof: | I5: 40
C7: Chassis | I7: Floor
C8: ='Multiplex Master Sheet '!C9 -> Conventional (outriggers every 8' with full width front and rear cross members) | I8: ='Multiplex Master Sheet '!C18 -> 2"x8" floor joists @ 16" o/c with 2"x8" double rim joists.
C9: ='Multiplex Master Sheet '!C10 -> 12" I-beam main rail. Provide double I-beam and full depth cross members at axle assemblies. | I9: ='Multiplex Master Sheet '!C19 -> Class "A" woven poly fabric bottom board.
C10: ='Multiplex Master Sheet '!C11 -> 4-Brake axle with 8:00x14.5 14 ply tires - all new | I10: ='Multiplex Master Sheet '!C20 -> Fiberglass batt insulation to code.
C11: ='Multiplex Master Sheet '!C12 -> Detachable Hitch. | I11: ='Multiplex Master Sheet '!C21 -> 3/4" APA Rated sturd-I-floor-glued and nailed.
C12: Exterior Wall Framing | I12: Roof
C13: ='Multiplex Master Sheet '!C23 -> 2"x6" framing @ 16" o/c | I13: ='Multiplex Master Sheet '!C51 -> 2-1/2/12 pitch roof
C14: ='Multiplex Master Sheet '!C24 -> Insulation to code. | I14: ='Multiplex Master Sheet '!C52 -> Bottom cover class "A" woven polyethelene fabric
C15: ='Multiplex Master Sheet '!C25 -> End wall sheathing full height interior side of wall | I15: ='Multiplex Master Sheet '!C53 -> 30 yr Arch shingles
C16: ='Multiplex Master Sheet '!C26 -> Standard plenum wall for sound reduction-lined with 5/8" sheetrock. | I16: ='Multiplex Master Sheet '!C54 -> Insulation to code.
C17: Exterior Wall Finish | I17: Exterior Doors
C18: ='Multiplex Master Sheet '!C32 -> 7/16" LP Smartside Panel T1-11 siding with grooves 8" o/c - roof deck to top of belt rail | I18: ='Multiplex Master Sheet '!C68 -> 3068 Telstar Pro doors- painted
C19: ='Multiplex Master Sheet '!C33 -> Wrap building with Tyvek building wrap (or equivalent) | I19: ='Multiplex Master Sheet '!C69 -> Hinges - SS-BBH NRP
C20: ='Multiplex Master Sheet '!C34 -> Corner trim - 5/8x4" Smartside trim - 2"x2" galvanized flashing installed over siding and under corners. | I20: ='Multiplex Master Sheet '!C70 -> Tell DB2051 deadbolt
I21: ='Multiplex Master Sheet '!C71 -> Int/Ext pull handles
C22: ='Multiplex Master Sheet '!C35 -> Window trim - 3/4x4" Smartside Trim. | I22: ='Multiplex Master Sheet '!C72 -> Tell 12916 door closer
C23: ='Multiplex Master Sheet '!C36 -> Fascia - 5/8x8" Smartside trim, no grooves | I23: ='Multiplex Master Sheet '!C73 -> Weatherstripping - ADA threshold and sweep
C24: ='Multiplex Master Sheet '!C37 -> Belt Rail - 6"x7/16" LP Smartside trim. 1/2" Z-flashing installed at bottom of siding and top of belt rail - 2" back leg and 3/4" front leg. | I24: ='Multiplex Master Sheet '!C74 -> DEADBOLTS TO BE INSTALLED BELOW PULL HANDLES
I25: ='Multiplex Master Sheet '!C75 -> "THIS DOOR TO REMAIN UNLOCKED WHEN BUILDING IS OCCUPIED" SIGN ABOVE EXTERIOR DOORS
I26: ='Multiplex Master Sheet '!C76 -> DOOR HARDWARE TO HAVE #626 SATIN CHROMIUM PLATED FINISH
C27: Windows | I27: Floor Cover
C28: ='Multiplex Master Sheet '!C78 -> 4'x3' White vinyl horizontal slider | I28: ='Multiplex Master Sheet '!C83 -> Prepped for flooring - excluding RR
C29: ='Multiplex Master Sheet '!C79 -> Glazing - dual low E- Argon filled | I29: ='Multiplex Master Sheet '!C84 -> Sheet vinyl with 1/4" underlayment in RR's
C30: ='Multiplex Master Sheet '!C80 -> Windows installed over siding | I30: ='Multiplex Master Sheet '!C85 -> Armstrong 4" rubber cove base in RR's "Light Gray" #69
C31: ='Multiplex Master Sheet '!C81 -> Galvanized flashing installed and over top flange of window under trim. | I31: ='Multiplex Master Sheet '!C86 -> COVE BASE TO BE CONTINUOUS
C32: Wall Cover | I32: Interior Trim
C33: ='Multiplex Master Sheet '!C88 -> 7/16" OSB sheathing under sheetrock at endwalls | I33: ='Multiplex Master Sheet '!C95 -> Vinyl wrap corners
C34: ='Multiplex Master Sheet '!C89 -> 5/8" vinyl wrap sheetrock - full height - "Pebble Beach" texture "Cool White" color | I34: ='Multiplex Master Sheet '!C96 -> Vinyl wrap batts at each side of windows and doors
I35: ='Multiplex Master Sheet '!C97 -> Window and exterior door surrounds and casing - vinyl wrap oak
C36: HVAC | I36: Electrical
C37: ='Multiplex Master Sheet '!C99 -> Overhead supply ducting | I37: ='Multiplex Master Sheet '!C106 -> 120/240V Single phase service-stub conduit through floor
C38: ='Multiplex Master Sheet '!C100 -> 24"x24" diffuser with no dampers | I38: ='Multiplex Master Sheet '!C107 -> 20 amp duplex receptacles per drawing - finishes to be white
C39: ='Multiplex Master Sheet '!C101 -> PRO1 T755 T-stat | I39: ='Multiplex Master Sheet '!C108 -> 15 amp GFCI per drawing
C40: ='Multiplex Master Sheet '!C102 -> Outdoor T-stat | I40: ='Multiplex Master Sheet '!C109 -> Three or four way switching at exterior doors
C41: ='Multiplex Master Sheet '!C103 -> Return air ducted to plenum | I41: ='Multiplex Master Sheet '!C110 -> Phone/Data boxes per drawing stubbed above grid with 1/2" flex conduit.
I42: ='Multiplex Master Sheet '!C125 -> 6"x6" W/P j-box-1" conduits with pull string stubbued above grid for future data
I43: ='Multiplex Master Sheet '!C111 -> Sign circuit at exterior door locations
I44: ='Multiplex Master Sheet '!C112 -> Harris model 300 porch light with vandal resistant cover-on photocell
I45: ='Multiplex Master Sheet '!C113 -> Dedicated circuit to j-box above grid per drawing
C46: Misc. | I46: Ceiling
I47: ='Multiplex Master Sheet '!C91 -> 2x4 T-grid and tile -
I48: ='Multiplex Master Sheet '!C92 -> Armstrong #1729 Fine Fissuered with Humiguard
I49: ='Multiplex Master Sheet '!C93 -> 7' 10" ceiling height

Sheet 24x60 1-RR
B2: Date: | E2: Size: | F2: 24x60 | H2: DESIGN LOADS:
B3: Customer: | E3: Description: | F3: Mobile Office with Restroom | H3: Floor: | I3: 50
B4: Location: | E4: Insignias: | F4: OR, WA, ID | H4: Wind: | I4: 135/C
B5: Project: | E5: Climate Zone | H5: Roof: | I5: 40
C7: Chassis | I7: Floor
C8: ='Multiplex Master Sheet '!C9 -> Conventional (outriggers every 8' with full width front and rear cross members) | I8: ='Multiplex Master Sheet '!C18 -> 2"x8" floor joists @ 16" o/c with 2"x8" double rim joists.
C9: ='Multiplex Master Sheet '!C10 -> 12" I-beam main rail. Provide double I-beam and full depth cross members at axle assemblies. | I9: ='Multiplex Master Sheet '!C19 -> Class "A" woven poly fabric bottom board.
C10: ='Multiplex Master Sheet '!C11 -> 4-Brake axle with 8:00x14.5 14 ply tires - all new | I10: ='Multiplex Master Sheet '!C20 -> Fiberglass batt insulation to code.
C11: ='Multiplex Master Sheet '!C12 -> Detachable Hitch. | I11: ='Multiplex Master Sheet '!C21 -> 3/4" APA Rated sturd-I-floor-glued and nailed.
C12: Exterior Wall Framing | I12: Roof
C13: ='Multiplex Master Sheet '!C23 -> 2"x6" framing @ 16" o/c | I13: ='Multiplex Master Sheet '!C51 -> 2-1/2/12 pitch roof
C14: ='Multiplex Master Sheet '!C24 -> Insulation to code. | I14: ='Multiplex Master Sheet '!C52 -> Bottom cover class "A" woven polyethelene fabric
C15: ='Multiplex Master Sheet '!C25 -> End wall sheathing full height interior side of wall | I15: ='Multiplex Master Sheet '!C53 -> 30 yr Arch shingles
C16: ='Multiplex Master Sheet '!C26 -> Standard plenum wall for sound reduction-lined with 5/8" sheetrock. | I16: ='Multiplex Master Sheet '!C54 -> Insulation to code.
C17: Exterior Wall Finish | I17: Exterior Doors
C18: ='Multiplex Master Sheet '!C32 -> 7/16" LP Smartside Panel T1-11 siding with grooves 8" o/c - roof deck to top of belt rail | I18: ='Multiplex Master Sheet '!C68 -> 3068 Telstar Pro doors- painted
C19: ='Multiplex Master Sheet '!C33 -> Wrap building with Tyvek building wrap (or equivalent) | I19: ='Multiplex Master Sheet '!C69 -> Hinges - SS-BBH NRP
C20: ='Multiplex Master Sheet '!C34 -> Corner trim - 5/8x4" Smartside trim - 2"x2" galvanized flashing installed over siding and under corners. | I20: ='Multiplex Master Sheet '!C70 -> Tell DB2051 deadbolt
I21: ='Multiplex Master Sheet '!C71 -> Int/Ext pull handles
C22: ='Multiplex Master Sheet '!C35 -> Window trim - 3/4x4" Smartside Trim. | I22: ='Multiplex Master Sheet '!C72 -> Tell 12916 door closer
C23: ='Multiplex Master Sheet '!C36 -> Fascia - 5/8x8" Smartside trim, no grooves | I23: ='Multiplex Master Sheet '!C73 -> Weatherstripping - ADA threshold and sweep
C24: ='Multiplex Master Sheet '!C37 -> Belt Rail - 6"x7/16" LP Smartside trim. 1/2" Z-flashing installed at bottom of siding and top of belt rail - 2" back leg and 3/4" front leg. | I24: ='Multiplex Master Sheet '!C74 -> DEADBOLTS TO BE INSTALLED BELOW PULL HANDLES
I25: ='Multiplex Master Sheet '!C75 -> "THIS DOOR TO REMAIN UNLOCKED WHEN BUILDING IS OCCUPIED" SIGN ABOVE EXTERIOR DOORS
I26: ='Multiplex Master Sheet '!C76 -> DOOR HARDWARE TO HAVE #626 SATIN CHROMIUM PLATED FINISH
C27: Windows | I27: Floor Cover
C28: ='Multiplex Master Sheet '!C78 -> 4'x3' White vinyl horizontal slider | I28: ='Multiplex Master Sheet '!C83 -> Prepped for flooring - excluding RR
C29: ='Multiplex Master Sheet '!C79 -> Glazing - dual low E- Argon filled | I29: ='Multiplex Master Sheet '!C84 -> Sheet vinyl with 1/4" underlayment in RR's
C30: ='Multiplex Master Sheet '!C80 -> Windows installed over siding | I30: ='Multiplex Master Sheet '!C85 -> Armstrong 4" rubber cove base in RR's "Light Gray" #69
C31: ='Multiplex Master Sheet '!C81 -> Galvanized flashing installed and over top flange of window under trim. | I31: ='Multiplex Master Sheet '!C86 -> COVE BASE TO BE CONTINUOUS
C32: Wall Cover | I32: Interior Trim
C33: ='Multiplex Master Sheet '!C88 -> 7/16" OSB sheathing under sheetrock at endwalls | I33: ='Multiplex Master Sheet '!C95 -> Vinyl wrap corners
C34: ='Multiplex Master Sheet '!C89 -> 5/8" vinyl wrap sheetrock - full height - "Pebble Beach" texture "Cool White" color | I34: ='Multiplex Master Sheet '!C96 -> Vinyl wrap batts at each side of windows and doors
I35: ='Multiplex Master Sheet '!C97 -> Window and exterior door surrounds and casing - vinyl wrap oak
C36: HVAC | I36: Electrical
C37: ='Multiplex Master Sheet '!C99 -> Overhead supply ducting | I37: ='Multiplex Master Sheet '!C106 -> 120/240V Single phase service-stub conduit through floor
C38: ='Multiplex Master Sheet '!C100 -> 24"x24" diffuser with no dampers | I38: ='Multiplex Master Sheet '!C107 -> 20 amp duplex receptacles per drawing - finishes to be white
C39: ='Multiplex Master Sheet '!C101 -> PRO1 T755 T-stat | I39: ='Multiplex Master Sheet '!C108 -> 15 amp GFCI per drawing
C40: ='Multiplex Master Sheet '!C102 -> Outdoor T-stat | I40: ='Multiplex Master Sheet '!C109 -> Three or four way switching at exterior doors
C41: ='Multiplex Master Sheet '!C103 -> Return air ducted to plenum | I41: ='Multiplex Master Sheet '!C110 -> Phone/Data boxes per drawing stubbed above grid with 1/2" flex conduit.
I42: ='Multiplex Master Sheet '!C125 -> 6"x6" W/P j-box-1" conduits with pull string stubbued above grid for future data
I43: ='Multiplex Master Sheet '!C111 -> Sign circuit at exterior door locations
I44: ='Multiplex Master Sheet '!C112 -> Harris model 300 porch light with vandal resistant cover-on photocell
I45: ='Multiplex Master Sheet '!C113 -> Dedicated circuit to j-box above grid per drawing
C46: Restroom | I46: Ceiling
C47: ='Multiplex Master Sheet '!C116 -> Wall hung lavatoty with ADA compliant faucet | I47: ='Multiplex Master Sheet '!C91 -> 2x4 T-grid and tile -
C48: ='Multiplex Master Sheet '!C117 -> ADA commercial grade water closet | I48: ='Multiplex Master Sheet '!C92 -> Armstrong #1729 Fine Fissuered with Humiguard
C49: ='Multiplex Master Sheet '!C118 -> 2.5 gallon HWT mounted in corner above water closet-below grid | I49: ='Multiplex Master Sheet '!C93 -> 7' 10" ceiling height
C50: ='Multiplex Master Sheet '!C119 -> Sheet vinyl flooring with 4" contiuous rubber cove base
C51: ='Multiplex Master Sheet '!C120 -> FRP to 4' AFF on all walls
C52: ='Multiplex Master Sheet '!C121 -> Exhaust fan indepentently switched

Sheet 36x60
B2: Date: | E2: Size: | F2: 36x60 | H2: DESIGN LOADS:
B3: Customer: | E3: Description: | F3: Mobile Office | H3: Floor: | I3: 50
B4: Location: | E4: Insignias: | F4: OR, WA, ID | H4: Wind: | I4: 120/C
B5: Project: | E5: Climate Zone | H5: Roof: | I5: 40
C7: Chassis | I7: Floor
C8: ='Multiplex Master Sheet '!C9 -> Conventional (outriggers every 8' with full width front and rear cross members) | I8: ='Multiplex Master Sheet '!C18 -> 2"x8" floor joists @ 16" o/c with 2"x8" double rim joists.
C9: ='Multiplex Master Sheet '!C10 -> 12" I-beam main rail. Provide double I-beam and full depth cross members at axle assemblies. | I9: ='Multiplex Master Sheet '!C19 -> Class "A" woven poly fabric bottom board.
C10: ='Multiplex Master Sheet '!C11 -> 4-Brake axle with 8:00x14.5 14 ply tires - all new | I10: ='Multiplex Master Sheet '!C20 -> Fiberglass batt insulation to code.
C11: ='Multiplex Master Sheet '!C12 -> Detachable Hitch. | I11: ='Multiplex Master Sheet '!C21 -> 3/4" APA Rated sturd-I-floor-glued and nailed.
C12: Exterior Wall Framing | I12: Roof
C13: ='Multiplex Master Sheet '!C23 -> 2"x6" framing @ 16" o/c | I13: ='Multiplex Master Sheet '!C55 -> Transverse pitch 1/4:12 (provide optional clear-span pricing)
C14: ='Multiplex Master Sheet '!C24 -> Insulation to code. | I14: ='Multiplex Master Sheet '!C56 -> Bottom cover class "A" woven polyethelene fabric
C15: ='Multiplex Master Sheet '!C25 -> End wall sheathing full height interior side of wall | I15: ='Multiplex Master Sheet '!C57 -> Single ply 40 mil. mechanically fastened "Durolast" roofing (EPDM optional)
C16: ='Multiplex Master Sheet '!C26 -> Standard plenum wall for sound reduction-lined with 5/8" sheetrock. | I16: ='Multiplex Master Sheet '!C58 -> Insulation to code.
C17: Exterior Wall Finish | I17: Exterior Doors
C18: ='Multiplex Master Sheet '!C32 -> 7/16" LP Smartside Panel T1-11 siding with grooves 8" o/c - roof deck to top of belt rail | I18: ='Multiplex Master Sheet '!C68 -> 3068 Telstar Pro doors- painted
C19: ='Multiplex Master Sheet '!C33 -> Wrap building with Tyvek building wrap (or equivalent) | I19: ='Multiplex Master Sheet '!C69 -> Hinges - SS-BBH NRP
C20: ='Multiplex Master Sheet '!C34 -> Corner trim - 5/8x4" Smartside trim - 2"x2" galvanized flashing installed over siding and under corners. | I20: ='Multiplex Master Sheet '!C70 -> Tell DB2051 deadbolt
I21: ='Multiplex Master Sheet '!C71 -> Int/Ext pull handles
C22: ='Multiplex Master Sheet '!C35 -> Window trim - 3/4x4" Smartside Trim. | I22: ='Multiplex Master Sheet '!C72 -> Tell 12916 door closer
C23: ='Multiplex Master Sheet '!C36 -> Fascia - 5/8x8" Smartside trim, no grooves | I23: ='Multiplex Master Sheet '!C73 -> Weatherstripping - ADA threshold and sweep
C24: ='Multiplex Master Sheet '!C37 -> Belt Rail - 6"x7/16" LP Smartside trim. 1/2" Z-flashing installed at bottom of siding and top of belt rail - 2" back leg and 3/4" front leg. | I24: ='Multiplex Master Sheet '!C74 -> DEADBOLTS TO BE INSTALLED BELOW PULL HANDLES
I25: ='Multiplex Master Sheet '!C75 -> "THIS DOOR TO REMAIN UNLOCKED WHEN BUILDING IS OCCUPIED" SIGN ABOVE EXTERIOR DOORS
I26: ='Multiplex Master Sheet '!C76 -> DOOR HARDWARE TO HAVE #626 SATIN CHROMIUM PLATED FINISH
C27: Windows | I27: Floor Cover
C28: ='Multiplex Master Sheet '!C78 -> 4'x3' White vinyl horizontal slider | I28: ='Multiplex Master Sheet '!C83 -> Prepped for flooring - excluding RR
C29: ='Multiplex Master Sheet '!C79 -> Glazing - dual low E- Argon filled | I29: ='Multiplex Master Sheet '!C84 -> Sheet vinyl with 1/4" underlayment in RR's
C30: ='Multiplex Master Sheet '!C80 -> Windows installed over siding | I30: ='Multiplex Master Sheet '!C85 -> Armstrong 4" rubber cove base in RR's "Light Gray" #69
C31: ='Multiplex Master Sheet '!C81 -> Galvanized flashing installed and over top flange of window under trim. | I31: ='Multiplex Master Sheet '!C86 -> COVE BASE TO BE CONTINUOUS
C32: Wall Cover | I32: Interior Trim
C33: ='Multiplex Master Sheet '!C88 -> 7/16" OSB sheathing under sheetrock at endwalls | I33: ='Multiplex Master Sheet '!C95 -> Vinyl wrap corners
C34: ='Multiplex Master Sheet '!C89 -> 5/8" vinyl wrap sheetrock - full height - "Pebble Beach" texture "Cool White" color | I34: ='Multiplex Master Sheet '!C96 -> Vinyl wrap batts at each side of windows and doors
I35: ='Multiplex Master Sheet '!C97 -> Window and exterior door surrounds and casing - vinyl wrap oak
C36: HVAC | I36: Electrical
C37: ='Multiplex Master Sheet '!C99 -> Overhead supply ducting | I37: ='Multiplex Master Sheet '!C106 -> 120/240V Single phase service-stub conduit through floor
C38: ='Multiplex Master Sheet '!C100 -> 24"x24" diffuser with no dampers | I38: ='Multiplex Master Sheet '!C107 -> 20 amp duplex receptacles per drawing - finishes to be white
C39: ='Multiplex Master Sheet '!C101 -> PRO1 T755 T-stat | I39: ='Multiplex Master Sheet '!C108 -> 15 amp GFCI per drawing
C40: ='Multiplex Master Sheet '!C102 -> Outdoor T-stat | I40: ='Multiplex Master Sheet '!C109 -> Three or four way switching at exterior doors
C41: ='Multiplex Master Sheet '!C103 -> Return air ducted to plenum | I41: ='Multiplex Master Sheet '!C110 -> Phone/Data boxes per drawing stubbed above grid with 1/2" flex conduit.
I42: ='Multiplex Master Sheet '!C125 -> 6"x6" W/P j-box-1" conduits with pull string stubbued above grid for future data
I43: ='Multiplex Master Sheet '!C111 -> Sign circuit at exterior door locations
I44: ='Multiplex Master Sheet '!C112 -> Harris model 300 porch light with vandal resistant cover-on photocell
I45: ='Multiplex Master Sheet '!C113 -> Dedicated circuit to j-box above grid per drawing
C46: Misc. | I46: Ceiling
I47: ='Multiplex Master Sheet '!C91 -> 2x4 T-grid and tile -
I48: ='Multiplex Master Sheet '!C92 -> Armstrong #1729 Fine Fissuered with Humiguard
I49: ='Multiplex Master Sheet '!C93 -> 7' 10" ceiling height

Sheet 36x60 2-RR
B2: Date: | E2: Size: | F2: 36x60 | H2: DESIGN LOADS:
B3: Customer: | E3: Description: | F3: Mobile Office with Restrooms | H3: Floor: | I3: 50
B4: Location: | E4: Insignias: | F4: OR, WA, ID | H4: Wind: | I4: 120/C
B5: Project: | E5: Climate Zone | H5: Roof: | I5: 40
C7: Chassis | I7: Floor
C8: ='Multiplex Master Sheet '!C9 -> Conventional (outriggers every 8' with full width front and rear cross members) | I8: ='Multiplex Master Sheet '!C18 -> 2"x8" floor joists @ 16" o/c with 2"x8" double rim joists.
C9: ='Multiplex Master Sheet '!C10 -> 12" I-beam main rail. Provide double I-beam and full depth cross members at axle assemblies. | I9: ='Multiplex Master Sheet '!C19 -> Class "A" woven poly fabric bottom board.
C10: ='Multiplex Master Sheet '!C11 -> 4-Brake axle with 8:00x14.5 14 ply tires - all new | I10: ='Multiplex Master Sheet '!C20 -> Fiberglass batt insulation to code.
C11: ='Multiplex Master Sheet '!C12 -> Detachable Hitch. | I11: ='Multiplex Master Sheet '!C21 -> 3/4" APA Rated sturd-I-floor-glued and nailed.
C12: Exterior Wall Framing | I12: Roof
C13: ='Multiplex Master Sheet '!C23 -> 2"x6" framing @ 16" o/c | I13: ='Multiplex Master Sheet '!C55 -> Transverse pitch 1/4:12 (provide optional clear-span pricing)
C14: ='Multiplex Master Sheet '!C24 -> Insulation to code. | I14: ='Multiplex Master Sheet '!C56 -> Bottom cover class "A" woven polyethelene fabric
C15: ='Multiplex Master Sheet '!C25 -> End wall sheathing full height interior side of wall | I15: ='Multiplex Master Sheet '!C57 -> Single ply 40 mil. mechanically fastened "Durolast" roofing (EPDM optional)
C16: ='Multiplex Master Sheet '!C26 -> Standard plenum wall for sound reduction-lined with 5/8" sheetrock. | I16: ='Multiplex Master Sheet '!C58 -> Insulation to code.
C17: Exterior Wall Finish | I17: Exterior Doors
C18: ='Multiplex Master Sheet '!C32 -> 7/16" LP Smartside Panel T1-11 siding with grooves 8" o/c - roof deck to top of belt rail | I18: ='Multiplex Master Sheet '!C68 -> 3068 Telstar Pro doors- painted
C19: ='Multiplex Master Sheet '!C33 -> Wrap building with Tyvek building wrap (or equivalent) | I19: ='Multiplex Master Sheet '!C69 -> Hinges - SS-BBH NRP
C20: ='Multiplex Master Sheet '!C34 -> Corner trim - 5/8x4" Smartside trim - 2"x2" galvanized flashing installed over siding and under corners. | I20: ='Multiplex Master Sheet '!C70 -> Tell DB2051 deadbolt
I21: ='Multiplex Master Sheet '!C71 -> Int/Ext pull handles
C22: ='Multiplex Master Sheet '!C35 -> Window trim - 3/4x4" Smartside Trim. | I22: ='Multiplex Master Sheet '!C72 -> Tell 12916 door closer
C23: ='Multiplex Master Sheet '!C36 -> Fascia - 5/8x8" Smartside trim, no grooves | I23: ='Multiplex Master Sheet '!C73 -> Weatherstripping - ADA threshold and sweep
C24: ='Multiplex Master Sheet '!C37 -> Belt Rail - 6"x7/16" LP Smartside trim. 1/2" Z-flashing installed at bottom of siding and top of belt rail - 2" back leg and 3/4" front leg. | I24: ='Multiplex Master Sheet '!C74 -> DEADBOLTS TO BE INSTALLED BELOW PULL HANDLES
I25: ='Multiplex Master Sheet '!C75 -> "THIS DOOR TO REMAIN UNLOCKED WHEN BUILDING IS OCCUPIED" SIGN ABOVE EXTERIOR DOORS
I26: ='Multiplex Master Sheet '!C76 -> DOOR HARDWARE TO HAVE #626 SATIN CHROMIUM PLATED FINISH
C27: Windows | I27: Floor Cover
C28: ='Multiplex Master Sheet '!C78 -> 4'x3' White vinyl horizontal slider | I28: ='Multiplex Master Sheet '!C83 -> Prepped for flooring - excluding RR
C29: ='Multiplex Master Sheet '!C79 -> Glazing - dual low E- Argon filled | I29: ='Multiplex Master Sheet '!C84 -> Sheet vinyl with 1/4" underlayment in RR's
C30: ='Multiplex Master Sheet '!C80 -> Windows installed over siding | I30: ='Multiplex Master Sheet '!C85 -> Armstrong 4" rubber cove base in RR's "Light Gray" #69
C31: ='Multiplex Master Sheet '!C81 -> Galvanized flashing installed and over top flange of window under trim. | I31: ='Multiplex Master Sheet '!C86 -> COVE BASE TO BE CONTINUOUS
C32: Wall Cover | I32: Interior Trim
C33: ='Multiplex Master Sheet '!C88 -> 7/16" OSB sheathing under sheetrock at endwalls | I33: ='Multiplex Master Sheet '!C95 -> Vinyl wrap corners
C34: ='Multiplex Master Sheet '!C89 -> 5/8" vinyl wrap sheetrock - full height - "Pebble Beach" texture "Cool White" color | I34: ='Multiplex Master Sheet '!C96 -> Vinyl wrap batts at each side of windows and doors
I35: ='Multiplex Master Sheet '!C97 -> Window and exterior door surrounds and casing - vinyl wrap oak
C36: HVAC | I36: Electrical
C37: ='Multiplex Master Sheet '!C99 -> Overhead supply ducting | I37: ='Multiplex Master Sheet '!C106 -> 120/240V Single phase service-stub conduit through floor
C38: ='Multiplex Master Sheet '!C100 -> 24"x24" diffuser with no dampers | I38: ='Multiplex Master Sheet '!C107 -> 20 amp duplex receptacles per drawing - finishes to be white
C39: ='Multiplex Master Sheet '!C101 -> PRO1 T755 T-stat | I39: ='Multiplex Master Sheet '!C108 -> 15 amp GFCI per drawing
C40: ='Multiplex Master Sheet '!C102 -> Outdoor T-stat | I40: ='Multiplex Master Sheet '!C109 -> Three or four way switching at exterior doors
C41: ='Multiplex Master Sheet '!C103 -> Return air ducted to plenum | I41: ='Multiplex Master Sheet '!C110 -> Phone/Data boxes per drawing stubbed above grid with 1/2" flex conduit.
I42: ='Multiplex Master Sheet '!C125 -> 6"x6" W/P j-box-1" conduits with pull string stubbued above grid for future data
I43: ='Multiplex Master Sheet '!C111 -> Sign circuit at exterior door locations
I44: ='Multiplex Master Sheet '!C112 -> Harris model 300 porch light with vandal resistant cover-on photocell
I45: ='Multiplex Master Sheet '!C113 -> Dedicated circuit to j-box above grid per drawing
C46: Restroom | I46: Ceiling
C47: ='Multiplex Master Sheet '!C116 -> Wall hung lavatoty with ADA compliant faucet | I47: ='Multiplex Master Sheet '!C91 -> 2x4 T-grid and tile -
C48: ='Multiplex Master Sheet '!C117 -> ADA commercial grade water closet | I48: ='Multiplex Master Sheet '!C92 -> Armstrong #1729 Fine Fissuered with Humiguard
C49: ='Multiplex Master Sheet '!C118 -> 2.5 gallon HWT mounted in corner above water closet-below grid | I49: ='Multiplex Master Sheet '!C93 -> 7' 10" ceiling height
C50: ='Multiplex Master Sheet '!C119 -> Sheet vinyl flooring with 4" contiuous rubber cove base
C51: ='Multiplex Master Sheet '!C120 -> FRP to 4' AFF on all walls
C52: ='Multiplex Master Sheet '!C121 -> Exhaust fan indepentently switched

Sheet 48x60
B2: Date: | E2: Size: | F2: 48x60 | H2: DESIGN LOADS:
B3: Customer: | E3: Description: | F3: Mobile Office | H3: Floor: | I3: 50
B4: Location: | E4: Insignias: | F4: OR, WA, ID | H4: Wind: | I4: 120/C
B5: Project: | E5: Climate Zone | H5: Roof: | I5: 40
C7: Chassis | I7: Floor
C8: ='Multiplex Master Sheet '!C9 -> Conventional (outriggers every 8' with full width front and rear cross members) | I8: ='Multiplex Master Sheet '!C18 -> 2"x8" floor joists @ 16" o/c with 2"x8" double rim joists.
C9: ='Multiplex Master Sheet '!C10 -> 12" I-beam main rail. Provide double I-beam and full depth cross members at axle assemblies. | I9: ='Multiplex Master Sheet '!C19 -> Class "A" woven poly fabric bottom board.
C10: ='Multiplex Master Sheet '!C11 -> 4-Brake axle with 8:00x14.5 14 ply tires - all new | I10: ='Multiplex Master Sheet '!C20 -> Fiberglass batt insulation to code.
C11: ='Multiplex Master Sheet '!C12 -> Detachable Hitch. | I11: ='Multiplex Master Sheet '!C21 -> 3/4" APA Rated sturd-I-floor-glued and nailed.
C12: Exterior Wall Framing | I12: Roof
C13: ='Multiplex Master Sheet '!C23 -> 2"x6" framing @ 16" o/c | I13: ='Multiplex Master Sheet '!C55 -> Transverse pitch 1/4:12 (provide optional clear-span pricing)
C14: ='Multiplex Master Sheet '!C24 -> Insulation to code. | I14: ='Multiplex Master Sheet '!C56 -> Bottom cover class "A" woven polyethelene fabric
C15: ='Multiplex Master Sheet '!C25 -> End wall sheathing full height interior side of wall | I15: ='Multiplex Master Sheet '!C57 -> Single ply 40 mil. mechanically fastened "Durolast" roofing (EPDM optional)
C16: ='Multiplex Master Sheet '!C26 -> Standard plenum wall for sound reduction-lined with 5/8" sheetrock. | I16: ='Multiplex Master Sheet '!C58 -> Insulation to code.
C17: Exterior Wall Finish | I17: Exterior Doors
C18: ='Multiplex Master Sheet '!C32 -> 7/16" LP Smartside Panel T1-11 siding with grooves 8" o/c - roof deck to top of belt rail | I18: ='Multiplex Master Sheet '!C68 -> 3068 Telstar Pro doors- painted
C19: ='Multiplex Master Sheet '!C33 -> Wrap building with Tyvek building wrap (or equivalent) | I19: ='Multiplex Master Sheet '!C69 -> Hinges - SS-BBH NRP
C20: ='Multiplex Master Sheet '!C34 -> Corner trim - 5/8x4" Smartside trim - 2"x2" galvanized flashing installed over siding and under corners. | I20: ='Multiplex Master Sheet '!C70 -> Tell DB2051 deadbolt
I21: ='Multiplex Master Sheet '!C71 -> Int/Ext pull handles
C22: ='Multiplex Master Sheet '!C35 -> Window trim - 3/4x4" Smartside Trim. | I22: ='Multiplex Master Sheet '!C72 -> Tell 12916 door closer
C23: ='Multiplex Master Sheet '!C36 -> Fascia - 5/8x8" Smartside trim, no grooves | I23: ='Multiplex Master Sheet '!C73 -> Weatherstripping - ADA threshold and sweep
C24: ='Multiplex Master Sheet '!C37 -> Belt Rail - 6"x7/16" LP Smartside trim. 1/2" Z-flashing installed at bottom of siding and top of belt rail - 2" back leg and 3/4" front leg. | I24: ='Multiplex Master Sheet '!C74 -> DEADBOLTS TO BE INSTALLED BELOW PULL HANDLES
I25: ='Multiplex Master Sheet '!C75 -> "THIS DOOR TO REMAIN UNLOCKED WHEN BUILDING IS OCCUPIED" SIGN ABOVE EXTERIOR DOORS
I26: ='Multiplex Master Sheet '!C76 -> DOOR HARDWARE TO HAVE #626 SATIN CHROMIUM PLATED FINISH
C27: Windows | I27: Floor Cover
C28: ='Multiplex Master Sheet '!C78 -> 4'x3' White vinyl horizontal slider | I28: ='Multiplex Master Sheet '!C83 -> Prepped for flooring - excluding RR
C29: ='Multiplex Master Sheet '!C79 -> Glazing - dual low E- Argon filled | I29: ='Multiplex Master Sheet '!C84 -> Sheet vinyl with 1/4" underlayment in RR's
C30: ='Multiplex Master Sheet '!C80 -> Windows installed over siding | I30: ='Multiplex Master Sheet '!C85 -> Armstrong 4" rubber cove base in RR's "Light Gray" #69
C31: ='Multiplex Master Sheet '!C81 -> Galvanized flashing installed and over top flange of window under trim. | I31: ='Multiplex Master Sheet '!C86 -> COVE BASE TO BE CONTINUOUS
C32: Wall Cover | I32: Interior Trim
C33: ='Multiplex Master Sheet '!C88 -> 7/16" OSB sheathing under sheetrock at endwalls | I33: ='Multiplex Master Sheet '!C95 -> Vinyl wrap corners
C34: ='Multiplex Master Sheet '!C89 -> 5/8" vinyl wrap sheetrock - full height - "Pebble Beach" texture "Cool White" color | I34: ='Multiplex Master Sheet '!C96 -> Vinyl wrap batts at each side of windows and doors
I35: ='Multiplex Master Sheet '!C97 -> Window and exterior door surrounds and casing - vinyl wrap oak
C36: HVAC | I36: Electrical
C37: ='Multiplex Master Sheet '!C99 -> Overhead supply ducting | I37: ='Multiplex Master Sheet '!C106 -> 120/240V Single phase service-stub conduit through floor
C38: ='Multiplex Master Sheet '!C100 -> 24"x24" diffuser with no dampers | I38: ='Multiplex Master Sheet '!C107 -> 20 amp duplex receptacles per drawing - finishes to be white
C39: ='Multiplex Master Sheet '!C101 -> PRO1 T755 T-stat | I39: ='Multiplex Master Sheet '!C108 -> 15 amp GFCI per drawing
C40: ='Multiplex Master Sheet '!C102 -> Outdoor T-stat | I40: ='Multiplex Master Sheet '!C109 -> Three or four way switching at exterior doors
C41: ='Multiplex Master Sheet '!C103 -> Return air ducted to plenum | I41: ='Multiplex Master Sheet '!C110 -> Phone/Data boxes per drawing stubbed above grid with 1/2" flex conduit.
I42: ='Multiplex Master Sheet '!C125 -> 6"x6" W/P j-box-1" conduits with pull string stubbued above grid for future data
I43: ='Multiplex Master Sheet '!C111 -> Sign circuit at exterior door locations
I44: ='Multiplex Master Sheet '!C112 -> Harris model 300 porch light with vandal resistant cover-on photocell
I45: ='Multiplex Master Sheet '!C113 -> Dedicated circuit to j-box above grid per drawing
C46: Misc. | I46: Ceiling
I47: ='Multiplex Master Sheet '!C91 -> 2x4 T-grid and tile -
I48: ='Multiplex Master Sheet '!C92 -> Armstrong #1729 Fine Fissuered with Humiguard
I49: ='Multiplex Master Sheet '!C93 -> 7' 10" ceiling height

Sheet 48x60 2-RR
B2: Date: | E2: Size: | F2: 48x60 | H2: DESIGN LOADS:
B3: Customer: | E3: Description: | F3: Mobile Office with Restroom | H3: Floor: | I3: 50
B4: Location: | E4: Insignias: | F4: OR, WA, ID | H4: Wind: | I4: 120/C
B5: Project: | E5: Climate Zone | H5: Roof: | I5: 40
C7: Chassis | I7: Floor
C8: ='Multiplex Master Sheet '!C9 -> Conventional (outriggers every 8' with full width front and rear cross members) | I8: ='Multiplex Master Sheet '!C18 -> 2"x8" floor joists @ 16" o/c with 2"x8" double rim joists.
C9: ='Multiplex Master Sheet '!C10 -> 12" I-beam main rail. Provide double I-beam and full depth cross members at axle assemblies. | I9: ='Multiplex Master Sheet '!C19 -> Class "A" woven poly fabric bottom board.
C10: ='Multiplex Master Sheet '!C11 -> 4-Brake axle with 8:00x14.5 14 ply tires - all new | I10: ='Multiplex Master Sheet '!C20 -> Fiberglass batt insulation to code.
C11: ='Multiplex Master Sheet '!C12 -> Detachable Hitch. | I11: ='Multiplex Master Sheet '!C21 -> 3/4" APA Rated sturd-I-floor-glued and nailed.
C12: Exterior Wall Framing | I12: Roof
C13: ='Multiplex Master Sheet '!C23 -> 2"x6" framing @ 16" o/c | I13: ='Multiplex Master Sheet '!C55 -> Transverse pitch 1/4:12 (provide optional clear-span pricing)
C14: ='Multiplex Master Sheet '!C24 -> Insulation to code. | I14: ='Multiplex Master Sheet '!C56 -> Bottom cover class "A" woven polyethelene fabric
C15: ='Multiplex Master Sheet '!C25 -> End wall sheathing full height interior side of wall | I15: ='Multiplex Master Sheet '!C57 -> Single ply 40 mil. mechanically fastened "Durolast" roofing (EPDM optional)
C16: ='Multiplex Master Sheet '!C26 -> Standard plenum wall for sound reduction-lined with 5/8" sheetrock. | I16: ='Multiplex Master Sheet '!C58 -> Insulation to code.
C17: Exterior Wall Finish | I17: Exterior Doors
C18: ='Multiplex Master Sheet '!C32 -> 7/16" LP Smartside Panel T1-11 siding with grooves 8" o/c - roof deck to top of belt rail | I18: ='Multiplex Master Sheet '!C68 -> 3068 Telstar Pro doors- painted
C19: ='Multiplex Master Sheet '!C33 -> Wrap building with Tyvek building wrap (or equivalent) | I19: ='Multiplex Master Sheet '!C69 -> Hinges - SS-BBH NRP
C20: ='Multiplex Master Sheet '!C34 -> Corner trim - 5/8x4" Smartside trim - 2"x2" galvanized flashing installed over siding and under corners. | I20: ='Multiplex Master Sheet '!C70 -> Tell DB2051 deadbolt
I21: ='Multiplex Master Sheet '!C71 -> Int/Ext pull handles
C22: ='Multiplex Master Sheet '!C35 -> Window trim - 3/4x4" Smartside Trim. | I22: ='Multiplex Master Sheet '!C72 -> Tell 12916 door closer
C23: ='Multiplex Master Sheet '!C36 -> Fascia - 5/8x8" Smartside trim, no grooves | I23: ='Multiplex Master Sheet '!C73 -> Weatherstripping - ADA threshold and sweep
C24: ='Multiplex Master Sheet '!C37 -> Belt Rail - 6"x7/16" LP Smartside trim. 1/2" Z-flashing installed at bottom of siding and top of belt rail - 2" back leg and 3/4" front leg. | I24: ='Multiplex Master Sheet '!C74 -> DEADBOLTS TO BE INSTALLED BELOW PULL HANDLES
I25: ='Multiplex Master Sheet '!C75 -> "THIS DOOR TO REMAIN UNLOCKED WHEN BUILDING IS OCCUPIED" SIGN ABOVE EXTERIOR DOORS
I26: ='Multiplex Master Sheet '!C76 -> DOOR HARDWARE TO HAVE #626 SATIN CHROMIUM PLATED FINISH
C27: Windows | I27: Floor Cover
C28: ='Multiplex Master Sheet '!C78 -> 4'x3' White vinyl horizontal slider | I28: ='Multiplex Master Sheet '!C83 -> Prepped for flooring - excluding RR
C29: ='Multiplex Master Sheet '!C79 -> Glazing - dual low E- Argon filled | I29: ='Multiplex Master Sheet '!C84 -> Sheet vinyl with 1/4" underlayment in RR's
C30: ='Multiplex Master Sheet '!C80 -> Windows installed over siding | I30: ='Multiplex Master Sheet '!C85 -> Armstrong 4" rubber cove base in RR's "Light Gray" #69
C31: ='Multiplex Master Sheet '!C81 -> Galvanized flashing installed and over top flange of window under trim. | I31: ='Multiplex Master Sheet '!C86 -> COVE BASE TO BE CONTINUOUS
C32: Wall Cover | I32: Interior Trim
C33: ='Multiplex Master Sheet '!C88 -> 7/16" OSB sheathing under sheetrock at endwalls | I33: ='Multiplex Master Sheet '!C95 -> Vinyl wrap corners
C34: ='Multiplex Master Sheet '!C89 -> 5/8" vinyl wrap sheetrock - full height - "Pebble Beach" texture "Cool White" color | I34: ='Multiplex Master Sheet '!C96 -> Vinyl wrap batts at each side of windows and doors
I35: ='Multiplex Master Sheet '!C97 -> Window and exterior door surrounds and casing - vinyl wrap oak
C36: HVAC | I36: Electrical
C37: ='Multiplex Master Sheet '!C99 -> Overhead supply ducting | I37: ='Multiplex Master Sheet '!C106 -> 120/240V Single phase service-stub conduit through floor
C38: ='Multiplex Master Sheet '!C100 -> 24"x24" diffuser with no dampers | I38: ='Multiplex Master Sheet '!C107 -> 20 amp duplex receptacles per drawing - finishes to be white
C39: ='Multiplex Master Sheet '!C101 -> PRO1 T755 T-stat | I39: ='Multiplex Master Sheet '!C108 -> 15 amp GFCI per drawing
C40: ='Multiplex Master Sheet '!C102 -> Outdoor T-stat | I40: ='Multiplex Master Sheet '!C109 -> Three or four way switching at exterior doors
C41: ='Multiplex Master Sheet '!C103 -> Return air ducted to plenum | I41: ='Multiplex Master Sheet '!C110 -> Phone/Data boxes per drawing stubbed above grid with 1/2" flex conduit.
I42: ='Multiplex Master Sheet '!C125 -> 6"x6" W/P j-box-1" conduits with pull string stubbued above grid for future data
I43: ='Multiplex Master Sheet '!C111 -> Sign circuit at exterior door locations
I44: ='Multiplex Master Sheet '!C112 -> Harris model 300 porch light with vandal resistant cover-on photocell
I45: ='Multiplex Master Sheet '!C113 -> Dedicated circuit to j-box above grid per drawing
C46: Restroom | I46: Ceiling
C47: ='Multiplex Master Sheet '!C116 -> Wall hung lavatoty with ADA compliant faucet | I47: ='Multiplex Master Sheet '!C91 -> 2x4 T-grid and tile -
C48: ='Multiplex Master Sheet '!C117 -> ADA commercial grade water closet | I48: ='Multiplex Master Sheet '!C92 -> Armstrong #1729 Fine Fissuered with Humiguard
C49: ='Multiplex Master Sheet '!C118 -> 2.5 gallon HWT mounted in corner above water closet-below grid | I49: ='Multiplex Master Sheet '!C93 -> 7' 10" ceiling height
C50: ='Multiplex Master Sheet '!C119 -> Sheet vinyl flooring with 4" contiuous rubber cove base
C51: ='Multiplex Master Sheet '!C120 -> FRP to 4' AFF on all walls
C52: ='Multiplex Master Sheet '!C121 -> Exhaust fan indepentently switched

Sheet  60x60
B2: Date: | E2: Size: | F2: 60x60 | H2: DESIGN LOADS:
B3: Customer: | E3: Description: | F3: Mobile Office | H3: Floor: | I3: 50
B4: Location: | E4: Insignias: | F4: OR, WA, ID | H4: Wind: | I4: 120/C
B5: Project: | E5: Climate Zone | H5: Roof: | I5: 40
C7: Chassis | I7: Floor
C8: ='Multiplex Master Sheet '!C9 -> Conventional (outriggers every 8' with full width front and rear cross members) | I8: ='Multiplex Master Sheet '!C18 -> 2"x8" floor joists @ 16" o/c with 2"x8" double rim joists.
C9: ='Multiplex Master Sheet '!C10 -> 12" I-beam main rail. Provide double I-beam and full depth cross members at axle assemblies. | I9: ='Multiplex Master Sheet '!C19 -> Class "A" woven poly fabric bottom board.
C10: ='Multiplex Master Sheet '!C11 -> 4-Brake axle with 8:00x14.5 14 ply tires - all new | I10: ='Multiplex Master Sheet '!C20 -> Fiberglass batt insulation to code.
C11: ='Multiplex Master Sheet '!C12 -> Detachable Hitch. | I11: ='Multiplex Master Sheet '!C21 -> 3/4" APA Rated sturd-I-floor-glued and nailed.
C12: Exterior Wall Framing | I12: Roof
C13: ='Multiplex Master Sheet '!C23 -> 2"x6" framing @ 16" o/c | I13: ='Multiplex Master Sheet '!C55 -> Transverse pitch 1/4:12 (provide optional clear-span pricing)
C14: ='Multiplex Master Sheet '!C24 -> Insulation to code. | I14: ='Multiplex Master Sheet '!C56 -> Bottom cover class "A" woven polyethelene fabric
C15: ='Multiplex Master Sheet '!C25 -> End wall sheathing full height interior side of wall | I15: ='Multiplex Master Sheet '!C57 -> Single ply 40 mil. mechanically fastened "Durolast" roofing (EPDM optional)
C16: ='Multiplex Master Sheet '!C26 -> Standard plenum wall for sound reduction-lined with 5/8" sheetrock. | I16: ='Multiplex Master Sheet '!C58 -> Insulation to code.
C17: Exterior Wall Finish | I17: Exterior Doors
C18: ='Multiplex Master Sheet '!C32 -> 7/16" LP Smartside Panel T1-11 siding with grooves 8" o/c - roof deck to top of belt rail | I18: ='Multiplex Master Sheet '!C68 -> 3068 Telstar Pro doors- painted
C19: ='Multiplex Master Sheet '!C33 -> Wrap building with Tyvek building wrap (or equivalent) | I19: ='Multiplex Master Sheet '!C69 -> Hinges - SS-BBH NRP
C20: ='Multiplex Master Sheet '!C34 -> Corner trim - 5/8x4" Smartside trim - 2"x2" galvanized flashing installed over siding and under corners. | I20: ='Multiplex Master Sheet '!C70 -> Tell DB2051 deadbolt
I21: ='Multiplex Master Sheet '!C71 -> Int/Ext pull handles
C22: ='Multiplex Master Sheet '!C35 -> Window trim - 3/4x4" Smartside Trim. | I22: ='Multiplex Master Sheet '!C72 -> Tell 12916 door closer
C23: ='Multiplex Master Sheet '!C36 -> Fascia - 5/8x8" Smartside trim, no grooves | I23: ='Multiplex Master Sheet '!C73 -> Weatherstripping - ADA threshold and sweep
C24: ='Multiplex Master Sheet '!C37 -> Belt Rail - 6"x7/16" LP Smartside trim. 1/2" Z-flashing installed at bottom of siding and top of belt rail - 2" back leg and 3/4" front leg. | I24: ='Multiplex Master Sheet '!C74 -> DEADBOLTS TO BE INSTALLED BELOW PULL HANDLES
I25: ='Multiplex Master Sheet '!C75 -> "THIS DOOR TO REMAIN UNLOCKED WHEN BUILDING IS OCCUPIED" SIGN ABOVE EXTERIOR DOORS
I26: ='Multiplex Master Sheet '!C76 -> DOOR HARDWARE TO HAVE #626 SATIN CHROMIUM PLATED FINISH
C27: Windows | I27: Floor Cover
C28: ='Multiplex Master Sheet '!C78 -> 4'x3' White vinyl horizontal slider | I28: ='Multiplex Master Sheet '!C83 -> Prepped for flooring - excluding RR
C29: ='Multiplex Master Sheet '!C79 -> Glazing - dual low E- Argon filled | I29: ='Multiplex Master Sheet '!C84 -> Sheet vinyl with 1/4" underlayment in RR's
C30: ='Multiplex Master Sheet '!C80 -> Windows installed over siding | I30: ='Multiplex Master Sheet '!C85 -> Armstrong 4" rubber cove base in RR's "Light Gray" #69
C31: ='Multiplex Master Sheet '!C81 -> Galvanized flashing installed and over top flange of window under trim. | I31: ='Multiplex Master Sheet '!C86 -> COVE BASE TO BE CONTINUOUS
C32: Wall Cover | I32: Interior Trim
C33: ='Multiplex Master Sheet '!C88 -> 7/16" OSB sheathing under sheetrock at endwalls | I33: ='Multiplex Master Sheet '!C95 -> Vinyl wrap corners
C34: ='Multiplex Master Sheet '!C89 -> 5/8" vinyl wrap sheetrock - full height - "Pebble Beach" texture "Cool White" color | I34: ='Multiplex Master Sheet '!C96 -> Vinyl wrap batts at each side of windows and doors
I35: ='Multiplex Master Sheet '!C97 -> Window and exterior door surrounds and casing - vinyl wrap oak
C36: HVAC | I36: Electrical
C37: ='Multiplex Master Sheet '!C99 -> Overhead supply ducting | I37: ='Multiplex Master Sheet '!C106 -> 120/240V Single phase service-stub conduit through floor
C38: ='Multiplex Master Sheet '!C100 -> 24"x24" diffuser with no dampers | I38: ='Multiplex Master Sheet '!C107 -> 20 amp duplex receptacles per drawing - finishes to be white
C39: ='Multiplex Master Sheet '!C101 -> PRO1 T755 T-stat | I39: ='Multiplex Master Sheet '!C108 -> 15 amp GFCI per drawing
C40: ='Multiplex Master Sheet '!C102 -> Outdoor T-stat | I40: ='Multiplex Master Sheet '!C109 -> Three or four way switching at exterior doors
C41: ='Multiplex Master Sheet '!C103 -> Return air ducted to plenum | I41: ='Multiplex Master Sheet '!C110 -> Phone/Data boxes per drawing stubbed above grid with 1/2" flex conduit.
I42: ='Multiplex Master Sheet '!C125 -> 6"x6" W/P j-box-1" conduits with pull string stubbued above grid for future data
I43: ='Multiplex Master Sheet '!C111 -> Sign circuit at exterior door locations
I44: ='Multiplex Master Sheet '!C112 -> Harris model 300 porch light with vandal resistant cover-on photocell
I45: ='Multiplex Master Sheet '!C113 -> Dedicated circuit to j-box above grid per drawing
C46: Misc. | I46: Ceiling
C47: ='Multiplex Master Sheet '!C125 -> 6"x6" W/P j-box-1" conduits with pull string stubbued above grid for future data | I47: ='Multiplex Master Sheet '!C91 -> 2x4 T-grid and tile -
I48: ='Multiplex Master Sheet '!C92 -> Armstrong #1729 Fine Fissuered with Humiguard
I49: ='Multiplex Master Sheet '!C93 -> 7' 10" ceiling height

Sheet 60x60 RR
B2: Date: | E2: Size: | F2: 60x60 | H2: DESIGN LOADS:
B3: Customer: | E3: Description: | F3: Mobile Office with Restroom | H3: Floor: | I3: 50
B4: Location: | E4: Insignias: | F4: OR, WA, ID Gold | H4: Wind: | I4: 110/B
B5: Project: | E5: Climate Zone | H5: Roof: | I5: 40
C7: Chassis | I7: Floor
C8: ='Multiplex Master Sheet '!C5 -> Conventional (outriggers every 8' with full length width front and rear cross members) | I8: ='Multiplex Master Sheet '!C18 -> 2"x8" floor joists @ 16" o/c with 2"x8" double rim joists.
C9: ='Multiplex Master Sheet '!C6 -> 12" I-beam main rail. Provide double I-beam and full depth cross members at axle assemblies. | I9: ='Multiplex Master Sheet '!C19 -> Class "A" woven poly fabric bottom board.
C10: ='Multiplex Master Sheet '!C7 -> 3-Brake axle with 8:00x14.5 14 ply tires - all new | I10: ='Multiplex Master Sheet '!C20 -> Fiberglass batt insulation to code.
C11: ='Multiplex Master Sheet '!C8 -> Detachable Hitch. | I11: ='Multiplex Master Sheet '!C21 -> 3/4" APA Rated sturd-I-floor-glued and nailed.
C12: Exterior Wall Framing | I12: Roof
C13: ='Multiplex Master Sheet '!C23 -> 2"x6" framing @ 16" o/c | I13: ='Multiplex Master Sheet '!C55 -> Transverse pitch 1/4:12 (provide optional clear-span pricing)
C14: ='Multiplex Master Sheet '!C24 -> Insulation to code. | I14: ='Multiplex Master Sheet '!C56 -> Bottom cover class "A" woven polyethelene fabric
C15: ='Multiplex Master Sheet '!C25 -> End wall sheathing full height interior side of wall | I15: ='Multiplex Master Sheet '!C57 -> Single ply 40 mil. mechanically fastened "Durolast" roofing (EPDM optional)
C16: ='Multiplex Master Sheet '!C26 -> Standard plenum wall for sound reduction-lined with 5/8" sheetrock.
C17: Exterior Wall Finish | I17: Exterior Doors
C18: ='Multiplex Master Sheet '!C32 -> 7/16" LP Smartside Panel T1-11 siding with grooves 8" o/c - roof deck to top of belt rail | I18: ='Multiplex Master Sheet '!C68 -> 3068 Telstar Pro doors- painted
C19: ='Multiplex Master Sheet '!C33 -> Wrap building with Tyvek building wrap (or equivalent) | I19: ='Multiplex Master Sheet '!C69 -> Hinges - SS-BBH NRP
C20: ='Multiplex Master Sheet '!C34 -> Corner trim - 5/8x4" Smartside trim - 2"x2" galvanized flashing installed over siding and under corners. | I20: ='Multiplex Master Sheet '!C70 -> Tell DB2051 deadbolt
I21: ='Multiplex Master Sheet '!C71 -> Int/Ext pull handles
C22: ='Multiplex Master Sheet '!C35 -> Window trim - 3/4x4" Smartside Trim. | I22: ='Multiplex Master Sheet '!C72 -> Tell 12916 door closer
C23: ='Multiplex Master Sheet '!C36 -> Fascia - 5/8x8" Smartside trim, no grooves | I23: ='Multiplex Master Sheet '!C73 -> Weatherstripping - ADA threshold and sweep
C24: ='Multiplex Master Sheet '!C37 -> Belt Rail - 6"x7/16" LP Smartside trim. 1/2" Z-flashing installed at bottom of siding and top of belt rail - 2" back leg and 3/4" front leg. | I24: ='Multiplex Master Sheet '!C74 -> DEADBOLTS TO BE INSTALLED BELOW PULL HANDLES
I25: ='Multiplex Master Sheet '!C75 -> "THIS DOOR TO REMAIN UNLOCKED WHEN BUILDING IS OCCUPIED" SIGN ABOVE EXTERIOR DOORS
I26: ='Multiplex Master Sheet '!C76 -> DOOR HARDWARE TO HAVE #626 SATIN CHROMIUM PLATED FINISH
C27: Windows | I27: Floor Cover
C28: ='Multiplex Master Sheet '!C78 -> 4'x3' White vinyl horizontal slider | I28: ='Multiplex Master Sheet '!C83 -> Prepped for flooring - excluding RR
C29: ='Multiplex Master Sheet '!C79 -> Glazing - dual low E- Argon filled | I29: ='Multiplex Master Sheet '!C84 -> Sheet vinyl with 1/4" underlayment in RR's
C30: ='Multiplex Master Sheet '!C80 -> Windows installed over siding | I30: ='Multiplex Master Sheet '!C85 -> Armstrong 4" rubber cove base in RR's "Light Gray" #69
C31: ='Multiplex Master Sheet '!C81 -> Galvanized flashing installed and over top flange of window under trim. | I31: ='Multiplex Master Sheet '!C86 -> COVE BASE TO BE CONTINUOUS
C32: Wall Cover | I32: Interior Trim
C33: ='Multiplex Master Sheet '!C88 -> 7/16" OSB sheathing under sheetrock at endwalls | I33: ='Multiplex Master Sheet '!C95 -> Vinyl wrap corners
C34: ='Multiplex Master Sheet '!C89 -> 5/8" vinyl wrap sheetrock - full height - "Pebble Beach" texture "Cool White" color | I34: ='Multiplex Master Sheet '!C96 -> Vinyl wrap batts at each side of windows and doors
I35: ='Multiplex Master Sheet '!C97 -> Window and exterior door surrounds and casing - vinyl wrap oak
C36: HVAC | I36: Electrical
C37: ='Multiplex Master Sheet '!C99 -> Overhead supply ducting | I37: ='Multiplex Master Sheet '!C106 -> 120/240V Single phase service-stub conduit through floor
C38: ='Multiplex Master Sheet '!C100 -> 24"x24" diffuser with no dampers | I38: ='Multiplex Master Sheet '!C107 -> 20 amp duplex receptacles per drawing - finishes to be white
C39: ='Multiplex Master Sheet '!C101 -> PRO1 T755 T-stat | I39: ='Multiplex Master Sheet '!C108 -> 15 amp GFCI per drawing
