Workbook
Name ConstrucS: '2021 area Table 506.2'!$Q$2:$AB$2
Name ConstrucS: 'Allowable area Table 506.2'!$N$2:$V$2
Name Construction13D: '2021 area Table 506.2'!$BJ$2:$BU$2
Name Construction13D: 'Allowable area Table 506.2'!$AX$2:$BF$2
Name Construction13R: '2021 area Table 506.2'!$BY$2:$CJ$2
Name Construction13R: 'Allowable area Table 506.2'!$BJ$2:$BR$2
Name ConstructionAIL: '2021 area Table 506.2'!$AU$2:$BF$2
Name ConstructionAIL: 'Allowable area Table 506.2'!$AL$2:$AT$2
Name ConstructionHt13D: '2021 Bldg Ht Table 504.3'!$AR$2:$BC$2
Name ConstructionHt13D: 'Allowable Bldg Ht Table 504.3'!$AI$2:$AQ$2
Name ConstructionHt13R: '2021 Bldg Ht Table 504.3'!$BF$2:$BQ$2
Name ConstructionHt13R: 'Allowable Bldg Ht Table 504.3'!$AT$2:$BB$2
Name ConstructionHtAIL: '2021 Bldg Ht Table 504.3'!$AD$2:$AO$2
Name ConstructionHtAIL: 'Allowable Bldg Ht Table 504.3'!$X$2:$AF$2
Name ConstructionHtNS: '2021 Bldg Ht Table 504.3'!$B$2:$M$2
Name ConstructionHtNS: 'Allowable Bldg Ht Table 504.3'!$B$2:$J$2
Name ConstructionHtSS: '2021 Bldg Ht Table 504.3'!$P$2:$AA$2
Name ConstructionHtSS: 'Allowable Bldg Ht Table 504.3'!$M$2:$U$2
Name ConstructionNS: '2021 area Table 506.2'!$B$2:$M$2
Name ConstructionNS: 'Allowable area Table 506.2'!$B$2:$J$2
Name ConstructionSM: '2021 area Table 506.2'!$AF$2:$AQ$2
Name ConstructionSM: 'Allowable area Table 506.2'!$Z$2:$AH$2
Name ConstructionStories13D: '2021 Stories Table 504.4'!$AU$2:$BF$2
Name ConstructionStories13D: 'Allowable Stories Table 504.4'!$AL$2:$AT$2
Name ConstructionStories13R: '2021 Stories Table 504.4'!$BJ$2:$BU$2
Name ConstructionStories13R: 'Allowable Stories Table 504.4'!$AX$2:$BF$2
Name ConstructionStoriesAIL: '2021 Stories Table 504.4'!$AF$2:$AQ$2
Name ConstructionStoriesAIL: 'Allowable Stories Table 504.4'!$Z$2:$AH$2
Name ConstructionStoriesNS: '2021 Stories Table 504.4'!$B$2:$M$2
Name ConstructionStoriesNS: 'Allowable Stories Table 504.4'!$B$2:$J$2
Name ConstructionStoriesSS: '2021 Stories Table 504.4'!$Q$2:$AB$2
Name ConstructionStoriesSS: 'Allowable Stories Table 504.4'!$N$2:$V$2
Name Occ13D: '2021 area Table 506.2'!$BI$3:$BI$33
Name Occ13D: 'Allowable area Table 506.2'!$AW$3:$AW$33
Name Occ13R: '2021 area Table 506.2'!$BX$3:$BX$33
Name Occ13R: 'Allowable area Table 506.2'!$BI$3:$BI$33
Name OccAIL: '2021 area Table 506.2'!$AT$3:$AT$33
Name OccAIL: 'Allowable area Table 506.2'!$AK$3:$AK$33
Name OccHt13D: '2021 Bldg Ht Table 504.3'!$AQ$3:$AQ$32
Name OccHt13D: 'Allowable Bldg Ht Table 504.3'!$AH$3:$AH$32
Name OccHt13R: '2021 Bldg Ht Table 504.3'!$BE$3:$BE$32
Name OccHt13R: 'Allowable Bldg Ht Table 504.3'!$AS$3:$AS$32
Name OccHtAIL: '2021 Bldg Ht Table 504.3'!$AC$3:$AC$32
Name OccHtAIL: 'Allowable Bldg Ht Table 504.3'!$W$3:$W$32
Name OccHtNS: '2021 Bldg Ht Table 504.3'!$A$3:$A$32
Name OccHtNS: 'Allowable Bldg Ht Table 504.3'!$A$3:$A$32
Name OccHtSS: '2021 Bldg Ht Table 504.3'!$O$3:$O$32
Name OccHtSS: 'Allowable Bldg Ht Table 504.3'!$L$3:$L$32
Name OccNS: '2021 area Table 506.2'!$A$3:$A$33
Name OccNS: 'Allowable area Table 506.2'!$A$3:$A$33
Name OccS: '2021 area Table 506.2'!$P$2:$P$33
Name OccS: 'Allowable area Table 506.2'!$M$2:$M$33
Name OccSM: '2021 area Table 506.2'!$AE$3:$AE$33
Name OccSM: 'Allowable area Table 506.2'!$Y$3:$Y$33
Name OccSS: '2021 area Table 506.2'!$P$3:$P$33
Name OccSS: 'Allowable area Table 506.2'!$M$3:$M$33
Name OccStories13D: '2021 Stories Table 504.4'!$AT$3:$AT$32
Name OccStories13D: 'Allowable Stories Table 504.4'!$AK$3:$AK$32
Name OccStories13R: '2021 Stories Table 504.4'!$BI$3:$BI$32
Name OccStories13R: 'Allowable Stories Table 504.4'!$AW$3:$AW$32

Sheet 2021-2024 Frontage Increase
A1: 2021-2024 IBC FRONTAGE INCREASE CALCULATOR | G1: =IF(B5="E","AZ: Sprinklers required is above grade set.","") | O1: Occupancy Classifications: | T1: Fire Alarm Requirements:
G2: =IF(B5="E","FL, GA, RI, & DE: Sprinklers required. Exception: Under 1,000 sq. ft., single classroom, and less than 30' from other buildings. (NFPA 101: 14.3.5) / No exception for SREF classroom for FL.","") | O2: =IF(OR(B5="A-1",2="A-2",B5="A-3",B5="A-4",B5="A-5"),"A: Assembly Group",IF(B5="B","B: Business Group",IF(B5="E","E: Educational Group",IF(OR(B5="F-1",B5="F-2"),"F: Factory Group",IF(OR(B5="H-1",B5="H-2",B5="H-3",B5="H-4",B5="H-5"),"H: High Hazard Group",IF(OR(B5="I-1 Cond. 1",B5="I-1 Cond. 2",B5="I-2/I-2.1",B5="I-3",B5="I-4"),"I: Institutional Group",IF(B5="M","M: Mercantile Group",IF(OR(B5="R-1",B5="r-2",B5="r-2.1",B5="r-2.2 (ca only)",B5="r-3/r-3.1",B5="r-4"),"R: Residential Group",IF(OR(B5="s-1",B5="s-2"),"S: Storage Group",IF(B5="U","U: Utility & Miscellaneous Group",IF(B5="L","L: Labortories Group",""))))))))))) -> B: Business Group | T2: =$B$5 -> B
A3: Project #: | O3: =IF(B5="a-1","A-1: Assembly use intended for the production & viewing of performing arts or motion pictures. Motion Picture Theaters, Concert Halls, TV/Radio Studios w/ audience, Theaters.",IF(B5="a-2","A-2: Assembly use intended for food / drink consumption. Banquet Halls, Casinos, Nightclubs, Restaurants, Break Rooms.",IF(B5="A-3","A-3: Assembly use for worship, recreation/amusement, and other assembly uses. Conferences, Lecture Halls, Libraries, Places of Worship, Waiting areas, Bowling Alleys, Court Rooms, Amusement Arcades, Community Halls, Dance Halls, Etc.",IF(B5="A-4","A-4: Assembly use intended for viewing indoor sporting events/activities with seating. Arenas, Skating Rinks, Swimming Pools, Tennis Courts.",IF(B5="A-5","A-5: assembly use intended for participation in or viewing outdoor activities. Amusement park structures, Bleachers, Grandstands, Stadiums",IF(B5="b","B: Air Traffic Towers, Ambulatory Care (serving 6 or fewer), Banks, Barber/Beauty Shops, Vet Clinic, Bank, Offices, Outpatient Clinic, Education grade over 12th grade, food processing, print shops, radio/TV stations.",IF(B5="E","E: Grades Pre-K thru 12th occupied by more than 6 persons. Group E Daycare occupied by 5 or more kids older than 2-1/2 yo and receive less than 24hr. care. See Section 303.1.4 for accessory to places of worship.",IF(B5="F-1","F-1: Factory industrial that are considered Moderate Hazard. Aircraft repair, Appliances, Bakeries, Bicylces, Boats, Business Machines, Clothing, Construction and Agricultural Machinery, Dry Cleaning, Engines, Electronics, Paper Mill, Tabacco, Wood.",IF(B5="f-2","F-2: Factory industrial that are considered Low Hazard. Beverage up to 16% alcohol content, Brick/Masonry, Ceramic Products, Foundries, Glass Products, Gypsum, Ice, Metal Procucts.",IF(B5="H-1","H-1: Occupancies containing explosives. Explosives, Div. 1.1, 1.2, 1.3, 1.5, 1.6.",IF(B5="H-2","H-2: Buildings containing materials that pose a deflagration hazard or hazard from accelerated burning. Combustible Duct & Liquid, Cryogentic Liquid/Flammable, Div. 1.3 Explosives, Flammable Gas or Liquid (Type IA, IB, or IC).",IF(B5="H-3","H-3: Buildings containing materials that readily support combustion or pose a physical hazard. Combustible Fiber, Liquid (Type II or IIIA, Cryogenic oxidizing, Flammable Liquid, solid or combination, organic peroxide.",IF(B5="H-4","H-4: Buildings containing materials that are health hazards. Corrosives, Highly Toxic materials, Toxic materials.",IF(B5="H-5","H-5: Semiconductor fabrication facilities and comparable research and develpment areas in which hazardous production materials are used and the aggregate quantity of materials is in excess of those listed in Tables 307.1(1) & 307.1(2).",IF(B5="I-1 Cond. 1","I-1 Cond. 1: Buildings for more than 16 persons, excluding staff who reside on a 24-hr. basis in a supv enriroment and receive custodial care. Halfway house, Assisted Living. Cond 1: Person in custodial care, but can respond to an emergency situation.",IF(B5="I-1 Cond. 2","I-1 Cond. 2: Bldgs for 16+ persons, excl. staff who reside on a 24-hr basis in a supv enriroment and receive custodial care. Halfway house, Assisted Living. Cond 2: Person in care who require limited verbal/physical asst. while rspnd to emer. sitn.",IF(B5="i-2/i-2.1","I-2: Buildings for medical care on 24hr. basis for more than 5 persons who are incapable of self-preservation or nonambulatory. Hospitals, Nursing Homes, Psyc. Hospitals. 5 or fewer persons receiving medical care shall be classifed as Group R-3.",IF(B5="I-3","I-3: Buildings or portions of that are inhabited by one or more than 5 who are under restaint or security. Corrections centers, hospitals, nursing, mental, holding, treatment. Detention Centers, Jails, Juvenile Halls, Prisons, Temporary Holding.",IF(B5="i-4","I-4: Buildings occupied by more than 6 clients of any age who recieve custodial care for fewer than 24hr per day other than parents or guardians. Adult Daycare, Child Daycare. See Section 308.5.1 to classify as Group E daycare",IF(B5="L","L: Building contains 1 or more labatory suites as defined in Section 453 (2019 CBC).",IF(B5="M","M: Buildings for the display and sale of merchandise, and involves stocks or goods, wares or merchandise incidental to such purposes and accessible to the public. Department Stores, Drug Stores, Greenhouses (Display and Sale), Markets, Sales Rooms.",IF(B5="R-1","R-1: Building for sleeping purposes where occupants are transient in nature. Hotels, Motels.",IF(B5="r-2","R-2: Buildings for sleeping purposes when not classified as an Institutional Group I or when not regulated by the International Residential Code. Boarding House, Dormatory, Congregate Living, Group Home, Hotels, Motels, Fraternities, Transient.",IF(B5="R-2.1","R-2.1: Buildings housing clients on a 24hr. basis, who because of age, mental disability or other reasons, live in a supervised enviroment. Res. Care Facilities for children or elderly, Group Homes, Comm. Correction centers, alcohol/drug treatment.",IF(B5="R-2.2 (CA Only)","R-2.2: Residential occupanies operated by CDCR in a community located facility that provides housing and community based program services for nontransient ambulatory care in a nonlicensed facility w/ 24/7 upervision.",IF(B5="R-3/r-3.1","R-3/R-3.1: Occupants are primary in nature and not classified as R-1, R-2, R-2.1, R-2.2 (CA), R-3.1, R-4, or I. Nontransient with 16 or fewer occupants, Boarding houses, Convents, Dorms, Fraternities, Monasteries, Adult/Child care with 6 or fewer.",IF(B5="R-4","R-4: Buildings for more than 6 ambulatory clients, but no more than 16 persons, excluding staff, who reisde on a 24hr basis in a supervised residential enviroment. R-4 shall meet the requirements of R-3. Section 310.5 (CBC)",IF(B5="s-1","S-1: Moderate-Hazard Storage buildings not classified as S-2. Aerol products, Aircraft Hanger (Storage/Repari), Bags, Bamboo, Books/Paper in rolls or packs, Boots/Shoes, Cardboard, Dry boat storage, Lino, Lumber, Soaps, Wax candles.",IF(B5="s-2","S-2: Low Hazard Storage. Asbestos, Cement Bags, Chalk/Crayons, Dairy Products in nonwaxed containers, Dry Cell Batteries, Electrical Coils, Empty Cans, Glass, Gypsu Board, Meats, Metal Parts, Porcelain, Stoves.",IF(B5="U","U: Buildings not classified in any specific occupancy shall be constructed, equipped and maintained to conform with code requirements. Agriculural buildings, Barns, Carports, Comm equip., Private garages, Sheds, Stables, Tanks, Towers.","")))))))))))))))))))))))))))))) -> B: Air Traffic Towers, Ambulatory Care (serving 6 or fewer), Banks, Barber/Beauty Shops, Vet Clinic, Bank, Offices, Outpatient Clinic, Education grade over 12th grade, food processing, print shops, radio/TV stations. | T3: =IF(OR(T2="A-1",T2="A-2",T2="A-3",T2="A-4",T2="A-5"),"Occupant load 300+ @ grade level, or 100+ above/below grade. Exception: Where a building is equipped with sprinkler system and occ. notification appliances activate throughout upon sprinkler water flow.",IF(T2="B","Combined occupant load of 500+, or 100+ above/below grade. Fire area contains an ambulatory care facility. Exception: Where a building is equipped with sprinkler system and occ. notification appliances activate throughout upon sprinkler water flow.",IF(T2="E","Required. Exception: Occupants of 50 or less. Emer. voice/arlarm communication installed and occupant load is 100 or less. Alarm boxes not required if: building has a sprinkler system, emer. voice/alarm installed, activation from an norm. occupied area.",IF(OR(T2="F-1",T2="F-2"),"Combined occupant load of 500+ above or below grade and has 2+ stories in height. Exception: Where a building is equipped with sprinkler system and occ. notification appliances activate throughout upon sprinkler water flow.",IF(OR(T2="I-1 Cond. 1",T2="I-1 Cond. 2",T2="I-2/I-2.1",T2="I-3",T2="I-4"),"Required. Exception: Alarm boxes in sleeping units of I-1 & I-2 are not required at all care provider stations or constantly attended staff lctns. See Sections 907.2.6.1 thru 907.2.6.3.3 for additional exceptions.",IF(T2="M","Combined occupant load of 500+, or 100+ above/below grade. Exception: Where a building is equipped with sprinkler system and occ. notification appliances activate throughout upon sprinkler water flow. Not required in covered or open mall buildings.",IF(T2="R-1","Required. Exception: Where a building is equipped with sprinkler system and occ. notification appliances activate throughout upon sprinkler water flow and no fewer than one manual fire box at approved lctn. See 907.2.8.1 for additional exceptions.",IF(OR(T2="R-2",T2="R-2.1",T2="R-2.2 (CA Only)"),"Contains 16+ dwelling units or Units are 3+ stories below or 1+ story above grade. Exception: Where a bldg is equipped with sprinkler system and occ. notification appliances activate throughout upon sprinkler water flow. See 907.2.9.1 for exceptions.",IF(OR(T2="R-3/R-3.1",T2="R-4"),"Required @ ceiling or wall ourside each dwelling unit. Each sleeping room. Each story withing a dwelling unit.",IF(T2="H-5","Required. No exceptions.",IF(OR(T2="S-1",T2="S-2",T2="U",T2="H-1",T2="H-2",T2="H-3",T2="H-4",T2="L"),"Not Required",""))))))))))) -> Combined occupant load of 500+, or 100+ above/below grade. Fire area contains an ambulatory care facility. Exception: Where a building is equipped with sprinkler system and occ. notification appliances activate throughout upon sprinkler water flow.
B4: =IF(AND(B5="i-3",(OR(B6="v-b",B6="v-a",B6="iv-ht",B6="iv-c",B6="iv-b",B6="iv-a",B6="iii-b",B6="iii-a",B6="ii-b",B6="ii-a"))),"NP in California only. Use Construction Type I-A or I-B.",IF(AND(B5="I-2/I-2.1",(OR(B6="iv-c",B6="iv-b",B6="iv-a",B6="iii-b"))),"Construction type IV-A, IV-B, IV-C, & III-B NP in California only.","")) | F4: Notes: | L4: =IF(OR(K5="NP",K5="NP W/ S13R",K5="NP / Use I-A or I-B Construction",K5="NP W/ S13D",K5="NP W/O S1 or SM Sprinklers",K5="NP W/ II-B, III-B, IV-HT, V-B Construction",K5="NP W/ II-B, III-B, IV-HT (OK Sprinkled), V-B Construction",K5="NP / Construction V-A Only",K5="NP W/ V-B Construction",K6="NP",K6="NP W/ S13R",K6="NP / Use I-A or I-B Construction",K6="NP W/ S13D",K6="NP W/O S1 or SM Sprinklers",K6="NP W/ II-B, III-B, IV-HT, V-B Construction",K6="NP W/ II-B, III-B, IV-HT (OK Sprinkled), V-B Construction",K6="NP / Construction V-A Only",K6="NP W/ V-B Construction",K7="NP",K7="NP W/ S13R",K7="NP / Use I-A or I-B Construction",K7="NP W/ S13D",K7="NP W/O S1 or SM Sprinklers",K7="NP W/ II-B, III-B, IV-HT, V-B Construction",K7="NP W/ II-B, III-B, IV-HT (OK Sprinkled), V-B Construction",K7="NP / Construction V-A Only",K7="NP W/ V-B Construction"),"Note: NP = Not Permitted",IF(OR(K5="UL",K6="UL",K7="UL",K8="UL",K9="UL"),"Note: UL = Unlimited",""))
A5: Occupancy Classification: | B5: B | F5: 1 | G5: Tubular per floor area limit per Table 506.2: | K5: =IF(B7="NS",'2021 area Table 506.2'!A34,IF(B7="S1",'2021 area Table 506.2'!P34,IF(B7="SM",'2021 area Table 506.2'!AE34,IF(B7="S13D",'2021 area Table 506.2'!BI34,IF(B7="S13R",'2021 area Table 506.2'!BX34,0))))) -> 9000
A6: Construction Type: | B6: V-B | F6: 2 | G6: Allowed height: | K6: =IF(B7="NS",'2021 Bldg Ht Table 504.3'!A33,IF(B7="SM",'2021 Bldg Ht Table 504.3'!O33,IF(B7="S1",'2021 Bldg Ht Table 504.3'!O33,IF(B7="S13R",'2021 Bldg Ht Table 504.3'!BE33,IF(B7="S13D",'2021 Bldg Ht Table 504.3'!AQ33,0))))) -> 40
A7: Sprinkled: | B7: NS | G7: Allowed Stories: | K7: =IF(B7="NS",'2021 Stories Table 504.4'!A33,IF(B7="S13D",'2021 Stories Table 504.4'!AT33,IF(B7="S13R",'2021 Stories Table 504.4'!BI33,IF(B7="S1",'2021 Stories Table 504.4'!P33,IF(B7="SM",'2021 Stories Table 504.4'!P33,0))))) -> 2
A8: Number Of Stories: | B8: 1 | G8: Group R and NFPA 13R/D: | K8: =IF(AND(B5="R-1",OR(B7="NS",B7="S13D")),"S13R Required",IF(AND(B5="R-2",OR(B7="NS",B7="S13D")),"S13R Required",IF(AND(B5="R-2.1",OR(B7="NS",B7="S13D")),"S13R Required",IF(AND(B5="R-2.2 (CA Only)",OR(B7="NS",B7="S13R",B7="S13D")),"S1 OR SM Required",IF(AND(B5="R-3/r-3.1",OR(B7="NS")),"S13D OR S13R Required",IF(AND(B5="R-4",OR(B7="NS",B7="S13D")),"S13D OR S13R Required",IF(AND(B5="i-1 Cond. 1",OR(B7="NS",B7="S13D")),"S13R or S1 or SM Required",IF(AND(B7="S13R",OR(B5="A-1",B5="A-2",B5="A-3",B5="A-4",B5="A-5",B5="B",B5="E",B5="F-1",B5="F-2",B5="H-1",B5="H-2",B5="H-3",B5="H-4",B5="H-5",B5="I-1 COND. 2",B5="I-2/I-2.1",B5="I-3",B5="I-4",B5="L",B5="M",B5="S-1",B5="S-2",B5="U")),"NP",IF(AND(B7="S13D",OR(B5="A-1",B5="A-2",B5="A-3",B5="A-4",B5="A-5",B5="B",B5="E",B5="F-1",B5="F-2",B5="H-1",B5="H-2",B5="H-3",B5="H-4",B5="H-5",B5="I-1 COND. 2",B5="I-2/I-2.1",B5="I-3",B5="I-4",B5="L",B5="M",B5="S-1",B5="S-2",B5="U")),"NP",IF(K5="NP W/ 13D","NP",IF(B7="S13R","Yes",IF(B7="S13D","Yes","None")))))))))))) -> None
G9: NFPA 13 Sprinklers: | K9: =IF(AND(B5="I-1 Cond. 2",OR(B7="S13R",B7="S13D",B7="NS")),"Required",IF(AND(B5="I-4",OR(B7="S13R",B7="S13D",B7="NS")),"Required",IF(AND(B5="I-1",OR(B7="S13R",B7="S13D",B7="NS")),"Required",IF(AND(B5="I-2/I-2.1",OR(B7="S13R",B7="S13D",B7="NS")),"Required",IF(AND(B5="I-3",OR(B7="S13R",B7="S13D",B7="NS")),"Required",IF(AND(B5="H-1",OR(B7="S13R",B7="S13D",B7="NS")),"Required",IF(AND(B5="H-2",OR(B7="S13R",B7="S13D",B7="NS")),"Required",IF(AND(B5="H-3",OR(B7="S13R",B7="S13D",B7="NS")),"Required",IF(AND(B5="H-4",OR(B7="S13R",B7="S13D",B7="NS")),"Required",IF(AND(B5="H-5",OR(B7="S13R",B7="S13D",B7="NS")),"Required",IF(B7="NS","None",IF(B7="S13R","None",IF(B7="S13D","None","Yes"))))))))))))) -> None | L9: =IF(AND(K9="REQUIRED",B5="I-4"),"<--- Exception: Each daycare room / classroom has an exterior at exit level discharge.",IF(B5="A-1","<--- Sprinklers required when over 12,000 sq. ft. or occupant load is greater than 300 or fire area is above or below exit discharge. Fire area contains a multitheater complex.",IF(B5="A-3","<--- Sprinklers required when over 12,000 sq. ft. or occupant load is greater than 300 or fire area is above or below exit discharge.",IF(B5="A-4","<--- Sprinklers required when over 12,000 sq. ft. or occupant load is greater than 300 or fire area is above or below exit discharge.",IF(B5="A-5","<--- Sprinkler required when enclosed area(s) are greater than 1,000 sq. ft. Enclosed spaces under bleachers 1,000 sf. ft. of less and not constructed in accordance with Section 1029.1.1.1. or enclosed area exceeds 1,000 sq. ft.",IF(B5="E","<--- Sprinklers required when over 12,000 sq. ft. or occupant load is greater than 300 or fire area is above or below exit discharge. Exception: Each classroom at level of discharge and has a direct exit.",IF(AND(B5="A-2",B7="NS"),"<--- Sprinklers required when over 5000 sq. ft. or occupant load is greater than 100 or fire area is above or below grade.",IF(AND(B5="M",B7="NS"),"<--- Sprinkler required when 12,000 sq. ft. or greater or all combined floors (including mezzanines) exceeds 24,000 sq. ft. or area for furniture or mattresses exceed 5,000 sq. ft. or M occupancy located over 3 stories above grade.",IF(B5="F-1","Fire area exceeds 12,000 sq. ft., fire area is located more the 3-stories above grade, all combined areas exceed 24,000 sq. ft., manufacture of upholstered furniture or matresses exceed 2,500 sq. ft.",IF(B5="I-1","<--- Group I-1, Condition 1 facilities allowed to have an NFPA 13R sprinkler system",IF(B5="S-1","<--- Sprinkler required when enclosed area is 12,000 sq. ft.+ or more than 3-Stories above grade or all combined areas exceed 24,000 sq. ft. or motor vehicle storage exceed 5,000 sq. ft. or upholstered furniture or matress storage exceed 2,500 sq. ft.",IF(B5="S-2","<--- Sprinkler required in enclosed parking garage exceed 12,000 sq. ft. or when enclosed parking garage is located beneath other groups (Exception: Parking garages located beneath Group R-3 occupancies.",""))))))))))))
B10: Building Perimeter Lengths (Feet): | D10: *Distance to property line or to far side of R.O.W. (feet): | F10: 3 | G10: Frontage Increase Factor: Table 506.3 | O10: Notes: | T10: Notes:
G11: Perimeter, (P): | K11: =SUM(B13:B27) -> 168 | O11: 1 | P11: See Chapter 3 for Occupancy Classifications. | T11: 1 | U11: See Section 907 for Fire Alarm requirements.
G12: Frontage perimeter, (F): | J12: =IF(K12<(K11/4),"(See note 8)","") | K12: =IF(D13<20,0,B13)+IF(D14<20,0,B14)+IF(D15<20,0,B15)+IF(D17<20,0,B17)+IF(D18<20,0,B18)+IF(D19<20,0,B19)+IF(D21<20,0,B21)+IF(D22<20,0,B22)+IF(D23<20,0,B23)+IF(D25<20,0,B25)+IF(D26<20,0,B26)+IF(D27<20,0,B27) -> 168
A13: Facing North (Ft): | B13: 60 | D13: 30 | G13: Percentage of perimeter > 20': | K13: =K12/K11 -> 1 | O13: CONSTRUCTION TYPES:
G14: Minimum distance (W): | K14: {=MIN(IF(D13:D27>=20,D13:D27))} -> 24 | O14: =$B$6 -> V-B | T14: Sprinkler Types:
G15: Frontage Increase Factor (If): | K15: =IF(AND(AND(AND(K14>=20),K14<25),K13>=25%,K13<50%),0.17,IF(AND(AND(AND(K14>=25),K14<30),K13>=25%,K13<50%),0.21,IF(AND(AND(K14>=30),K13>=25%,K13<50%),0.25,IF(AND(AND(AND(K14>=20),K14<25),K13>=50%,K13<75%),0.33,IF(AND(AND(AND(K14>=25),K14<30),K13>=50%,K13<75%),0.42,IF(AND(AND(K14>=30),K13>=50%,K13<75%),0.5,IF(AND(AND(AND(K14>=20),K14<25),K13>=75%,K13<=100%),0.5,IF(AND(AND(AND(K14>=25),K14<30),K13>=75%,K13<=100%),0.63,IF(AND(AND(K14>=30),K13>=75%,K13<=100%),0.75,0))))))))) -> 0.5 | O15: =IF(O14="I-A","Buildings of Non-Combustible material. Type A require structural framing / elements to be 3-hr. rated. Exception: Fire retardent treated wood at non-bearing walls rated 2-hrs or less. See Section 603 for additional exceptions.",IF(O14="I-B","Buildings of Non-Combustible material. Type B require no fire rating. Exception: Fire retardent treated wood at non-bearing walls rated 2-hrs or less. See Section 603 for additional exceptions",IF(O14="II-A","Buildings of Non-Combustible material. Type A require structural framing / elements to be 1-hr. rating. Exception: Fire retardent treated wood at non-bearing walls rated 2-hrs or less. See Section 603 for additional exceptions.",IF(O14="II-B","Buildings of Non-Combustible material. Type B require no fire rating. Exception: Fire retardent treated wood at non-bearing walls rated 2-hrs or less. See Section 603 for additional exceptions.",IF(O14="III-A","Ext. walls are non-combustible material, int. walls are non-combustible material. Type A require structural framing / elements to be 1-hr. rated, ext. walls are 2-hr rated. Ext. walls can be reduced to 1-hr. rated when supporting a roof only.",IF(O14="III-B","Exterior walls are of non-combustible material and interior walls can be made of non-combustible material. Type B require no fire rating of structural framing / elements.",IF(O14="IV-HT","Ext. walls are of non-combustible material and int. building elements are of solid wood, laminate wood, heavy timber or structural composite lumber. Ext. walls are required to be 2-hr. rated. Structural elements are to be with material listed above.",IF(O14="V-A","All exterior and interior walls made of combustible material. Type A require structural framing / elements to be 1-hr. rated.",IF(O14="V-B","All exterior and interior walls made of combustible material. Type B requires no rating of structural framing / elements.",IF(O14="IV-A","Ext. walls are of non-combustible material w/ min. rating of 40 min. and int. elements include mass timber walls and roof w/ min. 80 min. rating. See section 602.4.1 for all requirements.",IF(O14="IV-B","Ext. walls are of non-combustible material w/ min. rating of 40 min. and int. elements include mass timber walls and roof w/ min. 80 min. rating. See section 602.4.2 for all requirements.",IF(O14="IV-C","Ext. walls are of non-combustible material w/ min. rating of 40 min. and int. elements include mass timber walls and roof permitted to be unprotected. See section 602.4.3 for all requirements.","")))))))))))) -> All exterior and interior walls made of combustible material. Type B requires no rating of structural framing / elements. | T15: =$B$7 -> NS
F16: 4 | G16: Allowable per story area, Aa = At+(NS x If): | K16: =IF(OR(K5="UL",K5="NP",K5="NP W/ S13R",K5="NP / Use I-A or I-B Construction",K5="NP W/ S13D",K5="NP W/O S1 or SM Sprinklers",K5="NP W/ II-B, III-B, IV-HT, V-B Construction",K5="NP W/ II-B, III-B, IV-HT (OK Sprinkled), V-B Construction",K5="NP / Construction V-A Only",K5="NP W/ V-B Construction",K7="Choose Spinkler SM"),K5,(K5+('2021 area Table 506.2'!A34*K15))) -> 13500 | T16: =IF(T15="NS","NS: Non Sprinkled",IF(T15="S1","S1: NFPA 13 Single Story Sprinkled",IF(T15="SM","SM: NFPA 13 Multi-Story Sprinkled",IF(T15="S13R","S13R: Residential Sprinkler System",IF(T15="S13D","S13D: Residential Sprinkler System",""))))) -> NS: Non Sprinkled
A17: Facing East (Ft): | B17: 24 | D17: 35 | F17: 5 | G17: Maximum allowable area, Aa=[At+(NSxIf)]xSa: | K17: =IF(OR(K5="UL",K5="NP",K5="NP W/ S13R",K5="NP / Use I-A or I-B Construction",K5="NP W/ S13D",K5="NP W/O S1 or SM Sprinklers",K5="NP W/ II-B, III-B, IV-HT, V-B Construction",K5="NP W/ II-B, III-B, IV-HT (OK Sprinkled), V-B Construction",K5="NP / Construction V-A Only",K5="NP W/ V-B Construction",K7="Choose Spinkler SM"),K5,(K16*B8)) -> 13500
F19: Special Conditions:
F20: 1 | G20: Unlimited area reduction in public ways or yard allowed (60' to 40'). Restrictions apply. Section 507.
A21: Facing South (Ft): | B21: 60 | D21: 24
F22: 2 | G22: Unlimited area allowed with 1-Story (non-sprinkled), Groups F-2 or S-2 with public ways or yards not less than 60' on all sides. Section 507.3. | O22: Notes:
O23: 1 | P23: Type A construction referes to "Protected" (rated) construction, except with Type I structures.
A25: Facing West (Ft): | B25: 24 | D25: 60 | F25: 3 | G25: Unlimited area allowed with 1-Story (NFPA-13 sprinkled), Groups A-4 (other than type V) or B, F, M or S with public ways or yards not less than 60' on all sides. Section 507.4.
O26: 2 | P26: Type B construction referes to "Unprotected" (non-rated) construction, except with Type I structures.
F28: 4 | G28: Sprinklers required for all Group R occupancies. Certain R occupancies / conditions allow for an NFPA 13D system. Section 903.2.8.
O29: 3 | P29: See Table 601 for fire resistance requirements.
A30: Allowable area per floor (Aa=[At+(NSxIf)]: | B30: =(K16) -> 13500 | C30: Sq. Ft. per floor | F30: 5 | G30: Type V-A construction requires all structural elements / members be 1-hour rated (Ext. Walls, floors, roof, ridge beams, and columns). Table 601.
A31: Total allowable area [Aa x # of Stories]: | B31: =(K17) -> 13500 | C31: Sq. Ft. total | O31: 4 | P31: See Table 705.5 for fire resistance requirements for exterior walls based on seperation distance.
A32: Max. allowable Height (Table 504.3): | B32: =(K6) -> 40 | C32: Feet
A33: Max. Allowable Stories (Aa=[At+(NSxIf)]xSa: | B33: =IF(B8>K7,"NP",K7) -> 2 | C33: Storie(s) | F33: 6 | G33: See Table 705.5 for fire rating requirements for exterior walls based on seperation distance.
A34: Allowed Area Increase Multi-Story (CA only): | B34: ='2021 area Table 506.2'!AT34 -> No Limitations | C34: Sq. Ft. each story
A35: Allowed Height W/ Area Increase (CA only): | B35: =IF(OR(B7="S1",B7="SM"),'2021 Bldg Ht Table 504.3'!AC33,'2021-2024 Frontage Increase'!K6) -> 40 | C35: Feet total | F35: 7 | G35: Multi-Story not to exceed 3 without sprinkler system. See Section 506.2.3.
A36: Allowed Stories W/ Area Increase (CA only): | B36: ='2021 Stories Table 504.4'!AE33 -> No Limitations | C36: Storie(s)
F37: 8 | G37: To qualify for area factor increase based on frontage, at least 25% of the building perimeter on public way / space shall have min. width of 20'. Section 506.3.1.
A46: PROPERTY LINE EXAMPLE: | D46: (R.O.W.=Right Of Way)
F48: Note: Per section 506.3.2, the smallest public way or open space must be used.

Sheet 2009-2018 Frontage Increase
A1: 2009 - 2018 IBC FRONTAGE INCREASE CALCULATOR | G1: =IF(B5="E","AZ: Sprinklers required is above grade set.","") | O1: Occupancy Classifications: | T1: Fire Alarm Requirements:
G2: =IF(B5="E","FL, GA, RI, & DE: Sprinklers required. Exception: Under 1,000 sq. ft., single classroom, and less than 30' from other buildings. (NFPA 101: 14.3.5) / No exception for SREF classroom for FL.","") | O2: =IF(OR(B5="A-1",2="A-2",B5="A-3",B5="A-4",B5="A-5"),"A: Assembly Group",IF(B5="B","B: Business Group",IF(B5="E","E: Educational Group",IF(OR(B5="F-1",B5="F-2"),"F: Factory Group",IF(OR(B5="H-1",B5="H-2",B5="H-3",B5="H-4",B5="H-5"),"H: High Hazard Group",IF(OR(B5="I-1 Cond. 1",B5="I-1 Cond. 2",B5="I-2/I-2.1",B5="I-3",B5="I-4"),"I: Institutional Group",IF(B5="M","M: Mercantile Group",IF(OR(B5="R-1",B5="r-2",B5="r-2.1",B5="r-2.2 (ca only)",B5="r-3/r-3.1",B5="r-4"),"R: Residential Group",IF(OR(B5="s-1",B5="s-2"),"S: Storage Group",IF(B5="U","U: Utility & Miscellaneous Group",IF(B5="L","L: Labortories Group",""))))))))))) -> B: Business Group | T2: =$B$5 -> B
A3: Project #: | O3: =IF(B5="a-1","A-1: Assembly use intended for the production & viewing of performing arts or motion pictures. Motion Picture Theaters, Concert Halls, TV/Radio Studios w/ audience, Theaters.",IF(B5="a-2","A-2: Assembly use intended for food / drink consumption. Banquet Halls, Casinos, Nightclubs, Restaurants, Break Rooms.",IF(B5="A-3","A-3: Assembly use for worship, recreation/amusement, and other assembly uses. Conferences, Lecture Halls, Libraries, Places of Worship, Waiting areas, Bowling Alleys, Court Rooms, Amusement Arcades, Community Halls, Dance Halls, Etc.",IF(B5="A-4","A-4: Assembly use intended for viewing indoor sporting events/activities with seating. Arenas, Skating Rinks, Swimming Pools, Tennis Courts.",IF(B5="A-5","A-5: assembly use intended for participation in or viewing outdoor activities. Amusement park structures, Bleachers, Grandstands, Stadiums",IF(B5="b","B: Air Traffic Towers, Ambulatory Care (serving 6 or fewer), Banks, Barber/Beauty Shops, Vet Clinic, Bank, Offices, Outpatient Clinic, Education grade over 12th grade, food processing, print shops, radio/TV stations.",IF(B5="E","E: Grades Pre-K thru 12th occupied by more than 6 persons. Group E Daycare occupied by 5 or more kids older than 2-1/2 yo and receive less than 24hr. care. See Section 303.1.4 for accessory to places of worship.",IF(B5="F-1","F-1: Factory industrial that are considered Moderate Hazard. Aircraft repair, Appliances, Bakeries, Bicylces, Boats, Business Machines, Clothing, Construction and Agricultural Machinery, Dry Cleaning, Engines, Electronics, Paper Mill, Tabacco, Wood.",IF(B5="f-2","F-2: Factory industrial that are considered Low Hazard. Beverage up to 16% alcohol content, Brick/Masonry, Ceramic Products, Foundries, Glass Products, Gypsum, Ice, Metal Procucts.",IF(B5="H-1","H-1: Occupancies containing explosives. Explosives, Div. 1.1, 1.2, 1.3, 1.5, 1.6.",IF(B5="H-2","H-2: Buildings containing materials that pose a deflagration hazard or hazard from accelerated burning. Combustible Duct & Liquid, Cryogentic Liquid/Flammable, Div. 1.3 Explosives, Flammable Gas or Liquid (Type IA, IB, or IC).",IF(B5="H-3","H-3: Buildings containing materials that readily support combustion or pose a physical hazard. Combustible Fiber, Liquid (Type II or IIIA, Cryogenic oxidizing, Flammable Liquid, solid or combination, organic peroxide.",IF(B5="H-4","H-4: Buildings containing materials that are health hazards. Corrosives, Highly Toxic materials, Toxic materials.",IF(B5="H-5","H-5: Semiconductor fabrication facilities and comparable research and develpment areas in which hazardous production materials are used and the aggregate quantity of materials is in excess of those listed in Tables 307.1(1) & 307.1(2).",IF(B5="I-1 Cond. 1","I-1 Cond. 1: Buildings for more than 16 persons, excluding staff who reside on a 24-hr. basis in a supv enriroment and receive custodial care. Halfway house, Assisted Living. Cond 1: Person in custodial care, but can respond to an emergency situation.",IF(B5="I-1 Cond. 2","I-1 Cond. 2: Bldgs for 16+ persons, excl. staff who reside on a 24-hr basis in a supv enriroment and receive custodial care. Halfway house, Assisted Living. Cond 2: Person in care who require limited verbal/physical asst. while rspnd to emer. sitn.",IF(B5="i-2/i-2.1","I-2: Buildings for medical care on 24hr. basis for more than 5 persons who are incapable of self-preservation or nonambulatory. Hospitals, Nursing Homes, Psyc. Hospitals. 5 or fewer persons receiving medical care shall be classifed as Group R-3.",IF(B5="I-3","I-3: Buildings or portions of that are inhabited by one or more than 5 who are under restaint or security. Corrections centers, hospitals, nursing, mental, holding, treatment. Detention Centers, Jails, Juvenile Halls, Prisons, Temporary Holding.",IF(B5="i-4","I-4: Buildings occupied by more than 6 clients of any age who recieve custodial care for fewer than 24hr per day other than parents or guardians. Adult Daycare, Child Daycare. See Section 308.5.1 to classify as Group E daycare",IF(B5="L","L: Building contains 1 or more labatory suites as defined in Section 453 (2019 CBC).",IF(B5="M","M: Buildings for the display and sale of merchandise, and involves stocks or goods, wares or merchandise incidental to such purposes and accessible to the public. Department Stores, Drug Stores, Greenhouses (Display and Sale), Markets, Sales Rooms.",IF(B5="R-1","R-1: Building for sleeping purposes where occupants are transient in nature. Hotels, Motels.",IF(B5="r-2","R-2: Buildings for sleeping purposes when not classified as an Institutional Group I or when not regulated by the International Residential Code. Boarding House, Dormatory, Congregate Living, Group Home, Hotels, Motels, Fraternities, Transient.",IF(B5="R-2.1","R-2.1: Buildings housing clients on a 24hr. basis, who because of age, mental disability or other reasons, live in a supervised enviroment. Res. Care Facilities for children or elderly, Group Homes, Comm. Correction centers, alcohol/drug treatment.",IF(B5="R-2.2 (CA Only)","R-2.2: Residential occupanies operated by CDCR in a community located facility that provides housing and community based program services for nontransient ambulatory care in a nonlicensed facility w/ 24/7 upervision.",IF(B5="R-3/r-3.1","R-3/R-3.1: Occupants are primary in nature and not classified as R-1, R-2, R-2.1, R-2.2 (CA), R-3.1, R-4, or I. Nontransient with 16 or fewer occupants, Boarding houses, Convents, Dorms, Fraternities, Monasteries, Adult/Child care with 6 or fewer.",IF(B5="R-4","R-4: Buildings for more than 6 ambulatory clients, but no more than 16 persons, excluding staff, who reisde on a 24hr basis in a supervised residential enviroment. R-4 shall meet the requirements of R-3. Section 310.5 (CBC)",IF(B5="s-1","S-1: Moderate-Hazard Storage buildings not classified as S-2. Aerol products, Aircraft Hanger (Storage/Repari), Bags, Bamboo, Books/Paper in rolls or packs, Boots/Shoes, Cardboard, Dry boat storage, Lino, Lumber, Soaps, Wax candles.",IF(B5="s-2","S-2: Low Hazard Storage. Asbestos, Cement Bags, Chalk/Crayons, Dairy Products in nonwaxed containers, Dry Cell Batteries, Electrical Coils, Empty Cans, Glass, Gypsu Board, Meats, Metal Parts, Porcelain, Stoves.",IF(B5="U","U: Buildings not classified in any specific occupancy shall be constructed, equipped and maintained to conform with code requirements. Agriculural buildings, Barns, Carports, Comm equip., Private garages, Sheds, Stables, Tanks, Towers.","")))))))))))))))))))))))))))))) -> B: Air Traffic Towers, Ambulatory Care (serving 6 or fewer), Banks, Barber/Beauty Shops, Vet Clinic, Bank, Offices, Outpatient Clinic, Education grade over 12th grade, food processing, print shops, radio/TV stations. | T3: =IF(OR(T2="A-1",T2="A-2",T2="A-3",T2="A-4",T2="A-5"),"Occupant load 300+ @ grade level, or 100+ above/below grade. Exception: Where a building is equipped with sprinkler system and occ. notification appliances activate throughout upon sprinkler water flow.",IF(T2="B","Combined occupant load of 500+, or 100+ above/below grade. Fire area contains an ambulatory care facility. Exception: Where a building is equipped with sprinkler system and occ. notification appliances activate throughout upon sprinkler water flow.",IF(T2="E","Required. Exception: Occupants of 50 or less. Emer. voice/arlarm communication installed and occupant load is 100 or less. Alarm boxes not required if: building has a sprinkler system, emer. voice/alarm installed, activation from an norm. occupied area.",IF(OR(T2="F-1",T2="F-2"),"Combined occupant load of 500+ above or below grade and has 2+ stories in height. Exception: Where a building is equipped with sprinkler system and occ. notification appliances activate throughout upon sprinkler water flow.",IF(OR(T2="I-1 Cond. 1",T2="I-1 Cond. 2",T2="I-2/I-2.1",T2="I-3",T2="I-4"),"Required. Exception: Alarm boxes in sleeping units of I-1 & I-2 are not required at all care provider stations or constantly attended staff lctns. See Sections 907.2.6.1 thru 907.2.6.3.3 for additional exceptions.",IF(T2="M","Combined occupant load of 500+, or 100+ above/below grade. Exception: Where a building is equipped with sprinkler system and occ. notification appliances activate throughout upon sprinkler water flow. Not required in covered or open mall buildings.",IF(T2="R-1","Required. Exception: Where a building is equipped with sprinkler system and occ. notification appliances activate throughout upon sprinkler water flow and no fewer than one manual fire box at approved lctn. See 907.2.8.1 for additional exceptions.",IF(OR(T2="R-2",T2="R-2.1",T2="R-2.2 (CA Only)"),"Contains 16+ dwelling units or Units are 3+ stories below or 1+ story above grade. Exception: Where a bldg is equipped with sprinkler system and occ. notification appliances activate throughout upon sprinkler water flow. See 907.2.9.1 for exceptions.",IF(OR(T2="R-3/R-3.1",T2="R-4"),"Required @ ceiling or wall ourside each dwelling unit. Each sleeping room. Each story withing a dwelling unit.",IF(T2="H-5","Required. No exceptions.",IF(OR(T2="S-1",T2="S-2",T2="U",T2="H-1",T2="H-2",T2="H-3",T2="H-4",T2="L"),"Not Required",""))))))))))) -> Combined occupant load of 500+, or 100+ above/below grade. Fire area contains an ambulatory care facility. Exception: Where a building is equipped with sprinkler system and occ. notification appliances activate throughout upon sprinkler water flow.
B4: =IF(AND(B5="i-3",(OR(B6="v-b",B6="v-a",B6="iv-ht",B6="iv-c",B6="iv-b",B6="iv-a",B6="iii-b",B6="iii-a",B6="ii-b",B6="ii-a"))),"NP in California only. Use Construction Type I-A or I-B.",IF(AND(B5="I-2/I-2.1",(OR(B6="iv-c",B6="iv-b",B6="iv-a",B6="iii-b"))),"Construction type IV-A, IV-B, IV-C, & III-B NP in California only.","")) | F4: Notes: | L4: =IF(OR(K5="NP",K5="NP W/ S13R",K5="NP / Use I-A or I-B Construction",K5="NP W/ S13D",K5="NP W/O S1 or SM Sprinklers",K5="NP W/ II-B, III-B, IV-HT, V-B Construction",K5="NP W/ II-B, III-B, IV-HT (OK Sprinkled), V-B Construction",K5="NP / Construction V-A Only",K5="NP W/ V-B Construction",K6="NP",K6="NP W/ S13R",K6="NP / Use I-A or I-B Construction",K6="NP W/ S13D",K6="NP W/O S1 or SM Sprinklers",K6="NP W/ II-B, III-B, IV-HT, V-B Construction",K6="NP W/ II-B, III-B, IV-HT (OK Sprinkled), V-B Construction",K6="NP / Construction V-A Only",K6="NP W/ V-B Construction",K7="NP",K7="NP W/ S13R",K7="NP / Use I-A or I-B Construction",K7="NP W/ S13D",K7="NP W/O S1 or SM Sprinklers",K7="NP W/ II-B, III-B, IV-HT, V-B Construction",K7="NP W/ II-B, III-B, IV-HT (OK Sprinkled), V-B Construction",K7="NP / Construction V-A Only",K7="NP W/ V-B Construction"),"Note: NP = Not Permitted",IF(OR(K5="UL",K6="UL",K7="UL",K8="UL",K9="UL"),"Note: UL = Unlimited",""))
A5: Occupancy Classification: | B5: B | F5: 1 | G5: Tubular per floor area limit per Table 506.2: | K5: =IF(B7="NS",'Allowable area Table 506.2'!A34,IF(B7="S1",'Allowable area Table 506.2'!M34,IF(B7="SM",'Allowable area Table 506.2'!Y34,IF(B7="S13D",'Allowable area Table 506.2'!AW34,IF(B7="S13R",'Allowable area Table 506.2'!BI34,0))))) -> 9000
A6: Construction Type: | B6: V-B | F6: 2 | G6: Allowed height: | K6: =IF(B7="NS",'Allowable Bldg Ht Table 504.3'!A33,IF(B7="SM",'Allowable Bldg Ht Table 504.3'!L33,IF(B7="S1",'Allowable Bldg Ht Table 504.3'!L33,IF(B7="S13R",'Allowable Bldg Ht Table 504.3'!AS33,IF(B7="S13D",'Allowable Bldg Ht Table 504.3'!AH33,0))))) -> 40
A7: Sprinkled: | B7: NS | G7: Allowed Stories: | K7: =IF(B7="NS",'Allowable Stories Table 504.4'!A33,IF(B7="S13D",'Allowable Stories Table 504.4'!AK33,IF(B7="S13R",'Allowable Stories Table 504.4'!AW33,IF(B7="S1",'Allowable Stories Table 504.4'!M33,IF(B7="SM",'Allowable Stories Table 504.4'!M33,0))))) -> 2
A8: Number Of Stories: | B8: 1 | G8: Group R and NFPA 13R/D: | K8: =IF(AND(B5="R-1",OR(B7="NS",B7="S13D")),"S13R Required",IF(AND(B5="R-2",OR(B7="NS",B7="S13D")),"S13R Required",IF(AND(B5="R-2.1",OR(B7="NS",B7="S13D")),"S13R Required",IF(AND(B5="R-2.2 (CA Only)",OR(B7="NS",B7="S13R",B7="S13D")),"S1 OR SM Required",IF(AND(B5="R-3/r-3.1",OR(B7="NS")),"S13D OR S13R Required",IF(AND(B5="R-4",OR(B7="NS",B7="S13D")),"S13D OR S13R Required",IF(AND(B5="i-1 Cond. 1",OR(B7="NS",B7="S13D")),"S13R or S1 or SM Required",IF(AND(B7="S13R",OR(B5="A-1",B5="A-2",B5="A-3",B5="A-4",B5="A-5",B5="B",B5="E",B5="F-1",B5="F-2",B5="H-1",B5="H-2",B5="H-3",B5="H-4",B5="H-5",B5="I-1 COND. 2",B5="I-2/I-2.1",B5="I-3",B5="I-4",B5="L",B5="M",B5="S-1",B5="S-2",B5="U")),"NP",IF(AND(B7="S13D",OR(B5="A-1",B5="A-2",B5="A-3",B5="A-4",B5="A-5",B5="B",B5="E",B5="F-1",B5="F-2",B5="H-1",B5="H-2",B5="H-3",B5="H-4",B5="H-5",B5="I-1 COND. 2",B5="I-2/I-2.1",B5="I-3",B5="I-4",B5="L",B5="M",B5="S-1",B5="S-2",B5="U")),"NP",IF(K5="NP W/ 13D","NP",IF(B7="S13R","Yes",IF(B7="S13D","Yes","None")))))))))))) -> None
G9: NFPA 13 Sprinklers: | K9: =IF(AND(B5="I-1 Cond. 2",OR(B7="S13R",B7="S13D",B7="NS")),"Required",IF(AND(B5="I-4",OR(B7="S13R",B7="S13D",B7="NS")),"Required",IF(AND(B5="I-1",OR(B7="S13R",B7="S13D",B7="NS")),"Required",IF(AND(B5="I-2/I-2.1",OR(B7="S13R",B7="S13D",B7="NS")),"Required",IF(AND(B5="I-3",OR(B7="S13R",B7="S13D",B7="NS")),"Required",IF(AND(B5="H-1",OR(B7="S13R",B7="S13D",B7="NS")),"Required",IF(AND(B5="H-2",OR(B7="S13R",B7="S13D",B7="NS")),"Required",IF(AND(B5="H-3",OR(B7="S13R",B7="S13D",B7="NS")),"Required",IF(AND(B5="H-4",OR(B7="S13R",B7="S13D",B7="NS")),"Required",IF(AND(B5="H-5",OR(B7="S13R",B7="S13D",B7="NS")),"Required",IF(B7="NS","None",IF(B7="S13R","None",IF(B7="S13D","None","Yes"))))))))))))) -> None | L9: =IF(AND(K9="REQUIRED",B5="I-4"),"<--- Exception: Each daycare room / classroom has an exterior at exit level discharge.",IF(B5="A-1","<--- Sprinklers required when over 12,000 sq. ft. or occupant load is greater than 300 or fire area is above or below exit discharge. Fire area contains a multitheater complex.",IF(B5="A-3","<--- Sprinklers required when over 12,000 sq. ft. or occupant load is greater than 300 or fire area is above or below exit discharge.",IF(B5="A-4","<--- Sprinklers required when over 12,000 sq. ft. or occupant load is greater than 300 or fire area is above or below exit discharge.",IF(B5="A-5","<--- Sprinkler required when enclosed area(s) are greater than 1,000 sq. ft. Enclosed spaces under bleachers 1,000 sf. ft. of less and not constructed in accordance with Section 1029.1.1.1. or enclosed area exceeds 1,000 sq. ft.",IF(B5="E","<--- Sprinklers required when over 12,000 sq. ft. or occupant load is greater than 300 or fire area is above or below exit discharge. Exception: Each classroom at level of discharge and has a direct exit.",IF(AND(B5="A-2",B7="NS"),"<--- Sprinklers required when over 5000 sq. ft. or occupant load is greater than 100 or fire area is above or below grade.",IF(AND(B5="M",B7="NS"),"<--- Sprinkler required when 12,000 sq. ft. or greater or all combined floors (including mezzanines) exceeds 24,000 sq. ft. or area for furniture or mattresses exceed 5,000 sq. ft. or M occupancy located over 3 stories above grade.",IF(B5="F-1","Fire area exceeds 12,000 sq. ft., fire area is located more the 3-stories above grade, all combined areas exceed 24,000 sq. ft., manufacture of upholstered furniture or matresses exceed 2,500 sq. ft.",IF(B5="I-1","<--- Group I-1, Condition 1 facilities allowed to have an NFPA 13R sprinkler system",IF(B5="S-1","<--- Sprinkler required when enclosed area is 12,000 sq. ft.+ or more than 3-Stories above grade or all combined areas exceed 24,000 sq. ft. or motor vehicle storage exceed 5,000 sq. ft. or upholstered furniture or matress storage exceed 2,500 sq. ft.",IF(B5="S-2","<--- Sprinkler required in enclosed parking garage exceed 12,000 sq. ft. or when enclosed parking garage is located beneath other groups (Exception: Parking garages located beneath Group R-3 occupancies.",""))))))))))))
B10: Building Perimeter Lengths (Feet): | D10: *Distance to property line or to far side of R.O.W. (feet): | F10: 3 | G10: Frontage Increase: If=[F/P - 0.25]W/30 | O10: Notes: | T10: Notes:
G11: Frontage coefficient, (If): | K11: =SUM(((K13/K12)-0.25)*(K14/30)) -> 0.32407407 | O11: 1 | P11: See Chapter 3 for Occupancy Classifications. | T11: 1 | U11: See Section 907 for Fire Alarm requirements (2018 IBC / 2019 CBC).
G12: Perimeter, (P): | K12: =SUM(B13:B27) -> 300
A13: Facing North (Ft): | B13: 120 | D13: 18 | G13: Frontage perimeter, (F): | J13: =IF(K13<(K12/4),"(See note 8)","") | K13: =IF(D13<20,0,B13)+IF(D14<20,0,B14)+IF(D15<20,0,B15)+IF(D17<20,0,B17)+IF(D18<20,0,B18)+IF(D19<20,0,B19)+IF(D21<20,0,B21)+IF(D22<20,0,B22)+IF(D23<20,0,B23)+IF(D25<20,0,B25)+IF(D26<20,0,B26)+IF(D27<20,0,B27) -> 180 | O13: CONSTRUCTION TYPES:
G14: Average frontage distance (W): | K14: =SUM(IF(OR(D13<20,D13>30),0,(B13*D13))+IF(D13>30,(B13*30),0)+IF(OR(D14<20,D14>30),0,(B14*D14))+IF(D14>30,(B14*30),0)+IF(OR(D15<20,D15>30),0,(B15*D15))+IF(D15>30,(B15*30),0)+IF(OR(D17<20,D17>30),0,(B17*D17))+IF(D17>30,(B17*30),0)+IF(OR(D18<20,D18>30),0,(B18*D18))+IF(D18>30,(B18*30),0)+IF(OR(D19<20,D19>30),0,(B19*D19))+IF(D19>30,(B19*30),0)+IF(OR(D21<20,D21>30),0,(B21*D21))+IF(D21>30,(B21*30),0)+IF(OR(D22<20,D22>30),0,(B22*D22))+IF(D22>30,(B22*30),0)+IF(OR(D23<20,D23>30),0,(B23*D23))+IF(D23>30,(B23*30),0)+IF(OR(D25<20,D25>30),0,(B25*D25))+IF(D25>30,(B25*30),0)+IF(OR(D26<20,D26>30),0,(B26*D26))+IF(D26>30,(B26*30),0)+IF(OR(D27<20,D27>30),0,(B27*D27))+IF(D27>30,(B27*30),0),0)/K13 -> 27.777778 | O14: =$B$6 -> V-B | T14: Sprinkler Types:
F15: 4 | G15: Allowable per story area, Aa = At+(NS x If): | K15: =IF(OR(K5="UL",K5="NP",K5="NP W/ S13R",K5="NP / Use I-A or I-B Construction",K5="NP W/ S13D",K5="NP W/O S1 or SM Sprinklers",K5="NP W/ II-B, III-B, IV-HT, V-B Construction",K5="NP W/ II-B, III-B, IV-HT (OK Sprinkled), V-B Construction",K5="NP / Construction V-A Only",K5="NP W/ V-B Construction",K7="Choose Spinkler SM"),K5,(K5+('Allowable area Table 506.2'!A34*'2009-2018 Frontage Increase'!K11))) -> 11916.667 | O15: =IF(O14="I-A","Buildings of Non-Combustible material. Type A require structural framing / elements to be 3-hr. rated. Exception: Fire retardent treated wood at non-bearing walls rated 2-hrs or less. See Section 603 for additional exceptions.",IF(O14="I-B","Buildings of Non-Combustible material. Type B require no fire rating. Exception: Fire retardent treated wood at non-bearing walls rated 2-hrs or less. See Section 603 for additional exceptions",IF(O14="II-A","Buildings of Non-Combustible material. Type A require structural framing / elements to be 1-hr. rating. Exception: Fire retardent treated wood at non-bearing walls rated 2-hrs or less. See Section 603 for additional exceptions.",IF(O14="II-B","Buildings of Non-Combustible material. Type B require no fire rating. Exception: Fire retardent treated wood at non-bearing walls rated 2-hrs or less. See Section 603 for additional exceptions.",IF(O14="III-A","Ext. walls are non-combustible material, int. walls are non-combustible material. Type A require structural framing / elements to be 1-hr. rated, ext. walls are 2-hr rated. Ext. walls can be reduced to 1-hr. rated when supporting a roof only.",IF(O14="III-B","Exterior walls are of non-combustible material and interior walls can be made of non-combustible material. Type B require no fire rating of structural framing / elements.",IF(O14="IV-HT","Ext. walls are of non-combustible material and int. building elements are of solid wood, laminate wood, heavy timber or structural composite lumber. Ext. walls are required to be 2-hr. rated. Structural elements are to be with material listed above.",IF(O14="V-A","All exterior and interior walls made of combustible material. Type A require structural framing / elements to be 1-hr. rated.",IF(O14="V-B","All exterior and interior walls made of combustible material. Type B requires no rating of structural framing / elements.",""))))))))) -> All exterior and interior walls made of combustible material. Type B requires no rating of structural framing / elements. | T15: =$B$7 -> NS
F16: 5 | G16: Maximum allowable area, Aa=[At+(NSxIf)]xSa: | K16: =IF(OR(K5="UL",K5="NP",K5="NP W/ S13R",K5="NP / Use I-A or I-B Construction",K5="NP W/ S13D",K5="NP W/O S1 or SM Sprinklers",K5="NP W/ II-B, III-B, IV-HT, V-B Construction",K5="NP W/ II-B, III-B, IV-HT (OK Sprinkled), V-B Construction",K5="NP / Construction V-A Only",K5="NP W/ V-B Construction",K7="Choose Spinkler SM"),K5,(K15*B8)) -> 11916.667 | T16: =IF(T15="NS","NS: Non Sprinkled",IF(T15="S1","S1: NFPA 13 Single Story Sprinkled",IF(T15="SM","SM: NFPA 13 Multi-Story Sprinkled",IF(T15="S13R","S13R: Residential Sprinkler System",IF(T15="S13D","S13D: Residential Sprinkler System",""))))) -> NS: Non Sprinkled
A17: Facing East (Ft): | B17: 80 | D17: 50
F18: Special Conditions:
F19: 1 | G19: Unlimited area reduction in public ways or yard allowed (60' to 40'). Restrictions apply. Section 507.2 (2018 IBC / 2019 CBC)
A21: Facing South (Ft): | B21: 60 | D21: 40 | F21: 2 | G21: Unlimited area allowed with 1-Story (non-sprinkled), Groups F-2 or S-2 with public ways or yards not less than 60' on all sides. Section 507.3 (2018 IBC / 2019 CBC)
O22: Notes:
O23: 1 | P23: Type A construction referes to "Protected" (rated) construction, except with Type I structures.
F24: 3 | G24: Unlimited area allowed with 1-Story (sprinkled), Groups A-4 (other than type V) A-3, B, F, M or S with public ways or yards not less than 60' on all sides. Section 507.4 (2018 IBC / 2019 CBC)
A25: Facing West (Ft): | B25: 40 | D25: 20
O26: 2 | P26: Type B construction referes to "Unprotected" (non-rated) construction, except with Type I structures.
F27: 4 | G27: Sprinklers required for all Group R occupancies. Certain R occupancies / conditions allow for an NFPA 13D system (See sub-sections). Section 903.2.8 (2018 IBC / 2019 CBC)
F29: 5 | G29: Type V-A construction requires all structural elements / members be 1-hour rated (Ext. Walls, floors, roof, ridge beams, and columns). Table 601. | O29: 3 | P29: See Table 601 for fire resistance requirements.
A30: Allowable area per floor (Aa=[At+(NSxIf)]: | B30: =(K15) -> 11916.667 | C30: Sq. Ft. per floor
A31: Total allowable area [Aa x # of Stories]: | B31: =(K16) -> 11916.667 | C31: Sq. Ft. total | O31: 4 | P31: See Table 602 for fire resistance requirements for exterior walls based on seperation distance.
A32: Max. allowable Height (Table 504.3): | B32: =(K6) -> 40 | C32: Feet | F32: 6 | G32: See Table 602 for fire rating requirements for exterior walls based on seperation distance.
A33: Max. Allowable Stories (Aa=[At+(NSxIf)]xSa: | B33: =IF(B8>K7,"NP",K7) -> 2 | C33: Storie(s)
A34: Allowed Area Increase Multi-Story (CA only): | B34: ='Allowable area Table 506.2'!AK34 -> No Limitations | C34: Sq. Ft. each story | F34: 7 | G34: Multi-Story not to exceed 3 without sprinkler system. See Section 506.2.3 (2018 IBC / 2019 CBC)
A35: Allowed Height W/ Area Increase (CA only): | B35: =IF(OR(B7="S1",B7="SM"),'Allowable Bldg Ht Table 504.3'!W33,'2009-2018 Frontage Increase'!K6) -> 40 | C35: Feet total
A36: Allowed Stories W/ Area Increase (CA only): | B36: =('Allowable Stories Table 504.4'!Y33) -> No Limitations | C36: Storie(s) | F36: 8 | G36: To qualify for area factor increase based on frontage, at least 25% of the building perimeter on public way / space shall have min. width of 20'. Section 506.3.1 (2018 IBC / 2019 CBC)
A46: PROPERTY LINE EXAMPLE: | D46: (R.O.W.=Right Of Way)

Sheet 2021-2024 Mixed Occupancy
A1: 2021-2024 IBC MIXED OCCUPANCY SINGLE STORY | G1: =IF(B5="E","AZ: Sprinklers required is above grade set.","") | O1: CONSTRUCTION TYPES: | T1: Sprinkler Types:
G2: =IF(B5="E","FL, GA, RI, & DE: Sprinklers required. Exception: Under 1,000 sq. ft., single classroom, and less than 30' from other buildings. (NFPA 101: 14.3.5) / No exception for SREF classroom for FL.","") | O2: =B$6 -> V-B | T2: =B7 -> NS
A3: Project #: | O3: =IF(O2="I-A","Buildings of Non-Combustible material. Type A require structural framing / elements to be 3-hr. rated. Exception: Fire retardent treated wood at non-bearing walls rated 2-hrs or less. See Section 603 for additional exceptions.",IF(O2="I-B","Buildings of Non-Combustible material. Type B require no fire rating. Exception: Fire retardent treated wood at non-bearing walls rated 2-hrs or less. See Section 603 for additional exceptions",IF(O2="II-A","Buildings of Non-Combustible material. Type A require structural framing / elements to be 1-hr. rating. Exception: Fire retardent treated wood at non-bearing walls rated 2-hrs or less. See Section 603 for additional exceptions.",IF(O2="II-B","Buildings of Non-Combustible material. Type B require no fire rating. Exception: Fire retardent treated wood at non-bearing walls rated 2-hrs or less. See Section 603 for additional exceptions.",IF(O2="III-A","Ext. walls are non-combustible material, int. walls are non-combustible material. Type A require structural framing / elements to be 1-hr. rated, ext. walls are 2-hr rated. Ext. walls can be reduced to 1-hr. rated when supporting a roof only.",IF(O2="III-B","Exterior walls are of non-combustible material and interior walls can be made of non-combustible material. Type B require no fire rating of structural framing / elements.",IF(O2="IV-HT","Ext. walls are of non-combustible material and int. building elements are of solid wood, laminate wood, heavy timber or structural composite lumber. Ext. walls are required to be 2-hr. rated. Structural elements are to be with material listed above.",IF(O2="V-A","All exterior and interior walls made of combustible material. Type A require structural framing / elements to be 1-hr. rated.",IF(O2="V-B","All exterior and interior walls made of combustible material. Type B requires no rating of structural framing / elements.",IF(O14="IV-A","Ext. walls are of non-combustible material w/ min. rating of 40 min. and int. elements include mass timber walls and roof w/ min. 80 min. rating. See section 602.4.1 for all requirements.",IF(O14="IV-B","Ext. walls are of non-combustible material w/ min. rating of 40 min. and int. elements include mass timber walls and roof w/ min. 80 min. rating. See section 602.4.2 for all requirements.",IF(O14="IV-C","Ext. walls are of non-combustible material w/ min. rating of 40 min. and int. elements include mass timber walls and roof permitted to be unprotected. See section 602.4.3 for all requirements.","")))))))))))) -> All exterior and interior walls made of combustible material. Type B requires no rating of structural framing / elements. | T3: =IF(T2="NS","NS: Non Sprinkled",IF(T2="S1","S1: NFPA 13 Single Story Sprinkled",IF(T2="SM","SM: NFPA 13 Multi-Story Sprinkled",IF(T2="S13R","S13R: Residential Sprinkler System",IF(T2="S13D","S13D: Residential Sprinkler System",""))))) -> NS: Non Sprinkled
B4: OCCUPANCY 1 | D4: OCCUPANCY 2 | F4: Notes: | K4: =IF(OR(L5="NP",L5="NP W/ S13R",L5="NP / Use I-A or I-B Construction",L5="NP W/ S13D",L5="NP W/O S1 or SM Sprinklers",L5="NP W/ II-B, III-B, IV-HT, V-B Construction",L5="NP W/ II-B, III-B, IV-HT (OK Sprinkled), V-B Construction",L5="NP / Construction V-A Only",L5="NP W/ V-B Construction",L6="NP",L6="NP W/ S13R",L6="NP / Use I-A or I-B Construction",L6="NP W/ S13D",L6="NP W/O S1 or SM Sprinklers",L6="NP W/ II-B, III-B, IV-HT, V-B Construction",L6="NP W/ II-B, III-B, IV-HT (OK Sprinkled), V-B Construction",L6="NP / Construction V-A Only",L6="NP W/ V-B Construction"),"Note: NP = Not Permitted",IF(OR(L5="UL",L6="UL",L7="UL",),"Note: UL = Unlimited",""))
A5: Occupancy Classification: | B5: B | D5: E | F5: 1 | G5: Tubular per floor area limit per Table 506.2: | K5: =IF(B7="NS",'2021 area Table 506.2'!M34,IF(B7="S1",'2021 area Table 506.2'!AB34,IF(B7="SM",'2021 area Table 506.2'!AQ34,IF(B7="S13D",'2021 area Table 506.2'!BI34,IF(B7="S13R",'2021 area Table 506.2'!BX34,0))))) -> 9000 | L5: =IF(B7="NS",'2021 area Table 506.2'!N34,IF(B7="S1",'2021 area Table 506.2'!AC34,IF(B7="SM",'2021 area Table 506.2'!AR34,IF(B7="S13D",'2021 area Table 506.2'!BI34,IF(B7="S13R",'2021 area Table 506.2'!BX34,0))))) -> 9500
A6: Construction Type: | B6: V-B | G6: Group R and NFPA 13R/D: | K6: =IF(AND(B5="R-1",OR(B7="NS",B7="S13D")),"S13R Required",IF(AND(B5="R-2",OR(B7="NS",B7="S13D")),"S13R Required",IF(AND(B5="R-2.1",OR(B7="NS",B7="S13D")),"S13R Required",IF(AND(B5="R-2.2 (CA Only)",OR(B7="NS",B7="S13R",B7="S13D")),"S1 OR SM Required",IF(AND(B5="R-3/r-3.1",OR(B7="NS")),"S13D OR S13R Required",IF(AND(B5="R-4",OR(B7="NS",B7="S13D")),"S13D OR S13R Required",IF(AND(B5="i-1 Cond. 1",OR(B7="NS",B7="S13D")),"S13R or S1 or SM Required",IF(AND(B7="S13R",OR(B5="A-1",B5="A-2",B5="A-3",B5="A-4",B5="A-5",B5="B",B5="E",B5="F-1",B5="F-2",B5="H-1",B5="H-2",B5="H-3",B5="H-4",B5="H-5",B5="I-1 COND. 2",B5="I-2/I-2.1",B5="I-3",B5="I-4",B5="L",B5="M",B5="S-1",B5="S-2",B5="U")),"NP",IF(AND(B7="S13D",OR(B5="A-1",B5="A-2",B5="A-3",B5="A-4",B5="A-5",B5="B",B5="E",B5="F-1",B5="F-2",B5="H-1",B5="H-2",B5="H-3",B5="H-4",B5="H-5",B5="I-1 COND. 2",B5="I-2/I-2.1",B5="I-3",B5="I-4",B5="L",B5="M",B5="S-1",B5="S-2",B5="U")),"NP",IF(K5="NP W/ 13D","NP",IF(B7="S13R","Yes",IF(B7="S13D","Yes","None")))))))))))) -> None | L6: =IF(AND(D5="R-1",OR(B7="NS",B7="S13D")),"S13R Required",IF(AND(D5="R-2",OR(B7="NS",B7="S13D")),"S13R Required",IF(AND(D5="R-2.1",OR(B7="NS",B7="S13D")),"S13R Required",IF(AND(D5="R-2.2 (CA Only)",OR(B7="NS",B7="S13R",B7="S13D")),"S1 OR SM Required",IF(AND(D5="R-3/r-3.1",OR(B7="NS")),"S13D OR S13R Required",IF(AND(D5="R-4",OR(B7="NS",B7="S13D")),"S13D OR S13R Required",IF(AND(D5="i-1 Cond. 1",OR(B7="NS",B7="S13D")),"S13R or S1 or SM Required",IF(AND(B7="S13R",OR(D5="A-1",D5="A-2",D5="A-3",D5="A-4",D5="A-5",D5="B",D5="E",D5="F-1",D5="F-2",D5="H-1",D5="H-2",D5="H-3",D5="H-4",D5="H-5",D5="I-1 COND. 2",D5="I-2/I-2.1",D5="I-3",D5="I-4",D5="L",D5="M",D5="S-1",D5="S-2",D5="U")),"NP",IF(AND(B7="S13D",OR(D5="A-1",D5="A-2",D5="A-3",D5="A-4",D5="A-5",D5="B",D5="E",D5="F-1",D5="F-2",D5="H-1",D5="H-2",D5="H-3",D5="H-4",D5="H-5",D5="I-1 COND. 2",D5="I-2/I-2.1",D5="I-3",D5="I-4",D5="L",D5="M",D5="S-1",D5="S-2",D5="U")),"NP",IF(K5="NP W/ 13D","NP",IF(B7="S13R","Yes",IF(B7="S13D","Yes","None")))))))))))) -> None
A7: Sprinkled: | B7: NS | G7: NFPA 13 Sprinklers: | K7: =IF(AND(B5="I-1 Cond. 2",OR(B7="S13R",B7="S13D",B7="NS")),"Required",IF(AND(B5="I-4",OR(B7="S13R",B7="S13D",B7="NS")),"Required",IF(AND(B5="I-1",OR(B7="S13R",B7="S13D",B7="NS")),"Required",IF(AND(B5="I-2/I-2.1",OR(B7="S13R",B7="S13D",B7="NS")),"Required",IF(AND(B5="I-3",OR(B7="S13R",B7="S13D",B7="NS")),"Required",IF(AND(B5="H-1",OR(B7="S13R",B7="S13D",B7="NS")),"Required",IF(AND(B5="H-2",OR(B7="S13R",B7="S13D",B7="NS")),"Required",IF(AND(B5="H-3",OR(B7="S13R",B7="S13D",B7="NS")),"Required",IF(AND(B5="H-4",OR(B7="S13R",B7="S13D",B7="NS")),"Required",IF(AND(B5="H-5",OR(B7="S13R",B7="S13D",B7="NS")),"Required",IF(B7="NS","None",IF(B7="S13R","None",IF(B7="S13D","None","Yes"))))))))))))) -> None | L7: =IF(AND(D5="I-1 Cond. 2",OR(B7="S13R",B7="S13D",B7="NS")),"Required",IF(AND(D5="I-4",OR(B7="S13R",B7="S13D",B7="NS")),"Required",IF(AND(D5="I-1",OR(B7="S13R",B7="S13D",B7="NS")),"Required",IF(AND(D5="I-2/I-2.1",OR(B7="S13R",B7="S13D",B7="NS")),"Required",IF(AND(D5="I-3",OR(B7="S13R",B7="S13D",B7="NS")),"Required",IF(AND(D5="H-1",OR(B7="S13R",B7="S13D",B7="NS")),"Required",IF(AND(D5="H-2",OR(B7="S13R",B7="S13D",B7="NS")),"Required",IF(AND(D5="H-3",OR(B7="S13R",B7="S13D",B7="NS")),"Required",IF(AND(D5="H-4",OR(B7="S13R",B7="S13D",B7="NS")),"Required",IF(AND(D5="H-5",OR(B7="S13R",B7="S13D",B7="NS")),"Required",IF(B7="NS","None",IF(B7="S13R","None",IF(B7="S13D","None","Yes"))))))))))))) -> None
B8: =IF(AND(B9="i-3",(OR(B10="v-b",B10="v-a",B10="iv-ht",B10="iv-c",B10="iv-b",B10="iv-a",B10="iii-b",B10="iii-a",B10="ii-b",B10="ii-a"))),"NP in California only. Use Construction Type I-A or I-B.",IF(AND(B9="I-2/I-2.1",(OR(B10="iv-c",B10="iv-b",B10="iv-a",B10="iii-b"))),"Construction type IV-A, IV-B, IV-C, & III-B NP in California only.","")) | F8: 3 | G8: Frontage Increase Factor: Table 506.3
G9: Perimeter, (P): | K9: =SUM(B13:B27) -> 168 | L9: =SUM(B13:B27) -> 168
B10: Building Perimeter Lengths (Feet): | D10: *Distance to property line or to far side of R.O.W. (feet): | G10: Frontage perimeter, (F): | J10: =IF(K10<(K9/4),"(See note 8)","") | K10: =IF(D13<20,0,B13)+IF(D14<20,0,B14)+IF(D15<20,0,B15)+IF(D17<20,0,B17)+IF(D18<20,0,B18)+IF(D19<20,0,B19)+IF(D21<20,0,B21)+IF(D22<20,0,B22)+IF(D23<20,0,B23)+IF(D25<20,0,B25)+IF(D26<20,0,B26)+IF(D27<20,0,B27) -> 168 | L10: =IF(D13<20,0,B13)+IF(D14<20,0,B14)+IF(D15<20,0,B15)+IF(D17<20,0,B17)+IF(D18<20,0,B18)+IF(D19<20,0,B19)+IF(D21<20,0,B21)+IF(D22<20,0,B22)+IF(D23<20,0,B23)+IF(D25<20,0,B25)+IF(D26<20,0,B26)+IF(D27<20,0,B27) -> 168 | O10: Notes:
G11: Percentage of perimeter > 20': | K11: =K10/K9 -> 1 | L11: =L10/L9 -> 1 | O11: 1 | P11: Type A construction referes to "Protected" (rated) construction, except with Type I structures.
G12: Minimum distance (W): | K12: {=MIN(IF(D13:D27>=20,D13:D27))} -> 20 | L12: {=MIN(IF(D13:D27>=20,D13:D27))} -> 20
A13: Facing North (Ft): | B13: 60 | D13: 20 | G13: Frontage Increase Factor (If): | K13: =IF(AND(AND(AND(K12>=20),K12<25),K11>=25%,K11<50%),0.17,IF(AND(AND(AND(K12>=25),K12<30),K11>=25%,K11<50%),0.21,IF(AND(AND(K12>=30),K11>=25%,K11<50%),0.25,IF(AND(AND(AND(K12>=20),K12<25),K11>=50%,K11<75%),0.33,IF(AND(AND(AND(K12>=25),K12<30),K11>=50%,K11<75%),0.42,IF(AND(AND(K12>=30),K11>=50%,K11<75%),0.5,IF(AND(AND(AND(K12>=20),K12<25),K11>=75%,K11<=100%),0.5,IF(AND(AND(AND(K12>=25),K12<30),K11>=75%,K11<=100%),0.63,IF(AND(AND(K12>=30),K11>=75%,K11<=100%),0.75,0))))))))) -> 0.5 | L13: =IF(AND(AND(AND(L12>=20),L12<25),L11>=25%,L11<50%),0.17,IF(AND(AND(AND(L12>=25),L12<30),L11>=25%,L11<50%),0.21,IF(AND(AND(L12>=30),L11>=25%,L11<50%),0.25,IF(AND(AND(AND(L12>=20),L12<25),L11>=50%,L11<75%),0.33,IF(AND(AND(AND(L12>=25),L12<30),L11>=50%,L11<75%),0.42,IF(AND(AND(L12>=30),L11>=50%,L11<75%),0.5,IF(AND(AND(AND(L12>=20),L12<25),L11>=75%,L11<=100%),0.5,IF(AND(AND(AND(L12>=25),L12<30),L11>=75%,L11<=100%),0.63,IF(AND(AND(L12>=30),L11>=75%,L11<=100%),0.75,0))))))))) -> 0.5
G14: Allowable per story area, Aa = At+(NS x If): | K14: =IF(OR(K5="UL",K5="NP",K5="NP W/ S13R",K5="NP / Use I-A or I-B Construction",K5="NP W/ S13D",K5="NP W/O S1 or SM Sprinklers",K5="NP W/ II-B, III-B, IV-HT, V-B Construction",K5="NP W/ II-B, III-B, IV-HT (OK Sprinkled), V-B Construction",K5="NP / Construction V-A Only",K5="NP W/ V-B Construction",K7="Choose Spinkler SM"),K5,(K5+('2021 area Table 506.2'!M34*K13))) -> 13500 | L14: =IF(OR(L5="UL",L5="NP",L5="NP W/ S13R",L5="NP / Use I-A or I-B Construction",L5="NP W/ S13D",L5="NP W/O S1 or SM Sprinklers",L5="NP W/ II-B, III-B, IV-HT, V-B Construction",L5="NP W/ II-B, III-B, IV-HT (OK Sprinkled), V-B Construction",L5="NP / Construction V-A Only",L5="NP W/ V-B Construction",L7="Choose Spinkler SM"),L5,(L5+('2021 area Table 506.2'!N34*L13))) -> 14250 | O14: 2 | P14: Type B construction referes to "Unprotected" (non-rated) construction, except with Type I structures.
F16: Special Conditions:
A17: Facing East (Ft): | B17: 24 | D17: 30 | F17: 1 | G17: See Section 507.4 for mixed-occupancy, single story buildings. | O17: 3 | P17: See Table 601 for fire resistance requirements.
F19: 2 | G19: See Section 507.8 for Group H-2, H-3, and Group H-3 restrictions. | O19: 4 | P19: See Table 705.5 for fire resistance requirements for exterior walls based on seperation distance.
A21: Facing South (Ft): | B21: 60 | D21: 30 | F21: 3 | G21: See Table 508.4 for occupancy seperation requirements (Ratings) as applicable.
F23: 4 | G23: To qualify for area factor increase based on frontage, at least 25% of the building perimeter on public way / space shall have min. width of 20'. Section 506.3.2.
A25: Facing West (Ft): | B25: 24 | D25: 30
B29: SQ. FT. OF OCC. 1 | C29: SQ. FT. OF OCC. 2
A30: Square Footage of Area(s): | B30: 0 | C30: 0
A31: Max. occupancy area, Aa = At+(NS x If): | B31: =$K$14 -> 13500 | C31: =$L$14 -> 14250
A32: Occupancy W/O Area Increase: | B32: =$K$5 -> 9000 | C32: =$L$5 -> 9500
A33: W/ Area Increase (Sq. Ft./Aa 1) + (Sq. Ft./Aa 2): | B33: =IF(AND(B31="UL",C31="UL"),"UL",IF(B31="UL",C30/C31,IF(C31="UL",B30/B31,((B30/B31)+(C30/C31))))) -> 0 | C33: =IF(B33<=1,"< 1 THEREFORE OK",IF(B33="UL","Unlimited Area","NG")) -> < 1 THEREFORE OK
A34: W/O Area Increase (Sq. Ft./Aa 1) + (Sq. Ft./Aa 2): | B34: =IF(AND(B32="UL",C32="UL"),"UL",IF(B32="UL",C30/C32,IF(C32="UL",B30/B32,((B30/B32)+(C30/C32))))) -> 0 | C34: =IF(B34<=1,"< 1 THEREFORE OK",IF(B34="UL","Unlimited Area","NG")) -> < 1 THEREFORE OK

Sheet 2009-2018 Mixed Occupancy
A1: 2009 - 2018 IBC MIXED OCCUPANCY SINGLE STORY | G1: =IF(B5="E","AZ: Sprinklers required is above grade set.","") | O1: CONSTRUCTION TYPES: | T1: Sprinkler Types:
G2: =IF(B5="E","FL, GA, RI, & DE: Sprinklers required. Exception: Under 1,000 sq. ft., single classroom, and less than 30' from other buildings. (NFPA 101: 14.3.5) / No exception for SREF classroom for FL.","") | O2: =B$6 -> V-B | T2: =B7 -> NS
A3: Project #: | O3: =IF(O2="I-A","Buildings of Non-Combustible material. Type A require structural framing / elements to be 3-hr. rated. Exception: Fire retardent treated wood at non-bearing walls rated 2-hrs or less. See Section 603 for additional exceptions.",IF(O2="I-B","Buildings of Non-Combustible material. Type B require no fire rating. Exception: Fire retardent treated wood at non-bearing walls rated 2-hrs or less. See Section 603 for additional exceptions",IF(O2="II-A","Buildings of Non-Combustible material. Type A require structural framing / elements to be 1-hr. rating. Exception: Fire retardent treated wood at non-bearing walls rated 2-hrs or less. See Section 603 for additional exceptions.",IF(O2="II-B","Buildings of Non-Combustible material. Type B require no fire rating. Exception: Fire retardent treated wood at non-bearing walls rated 2-hrs or less. See Section 603 for additional exceptions.",IF(O2="III-A","Ext. walls are non-combustible material, int. walls are non-combustible material. Type A require structural framing / elements to be 1-hr. rated, ext. walls are 2-hr rated. Ext. walls can be reduced to 1-hr. rated when supporting a roof only.",IF(O2="III-B","Exterior walls are of non-combustible material and interior walls can be made of non-combustible material. Type B require no fire rating of structural framing / elements.",IF(O2="IV-HT","Ext. walls are of non-combustible material and int. building elements are of solid wood, laminate wood, heavy timber or structural composite lumber. Ext. walls are required to be 2-hr. rated. Structural elements are to be with material listed above.",IF(O2="V-A","All exterior and interior walls made of combustible material. Type A require structural framing / elements to be 1-hr. rated.",IF(O2="V-B","All exterior and interior walls made of combustible material. Type B requires no rating of structural framing / elements.",""))))))))) -> All exterior and interior walls made of combustible material. Type B requires no rating of structural framing / elements. | T3: =IF(T2="NS","NS: Non Sprinkled",IF(T2="S1","S1: NFPA 13 Single Story Sprinkled",IF(T2="SM","SM: NFPA 13 Multi-Story Sprinkled",IF(T2="S13R","S13R: Residential Sprinkler System",IF(T2="S13D","S13D: Residential Sprinkler System",""))))) -> NS: Non Sprinkled
B4: OCCUPANCY 1 | D4: OCCUPANCY 2 | F4: Notes: | K4: =IF(OR(L5="NP",L5="NP W/ S13R",L5="NP / Use I-A or I-B Construction",L5="NP W/ S13D",L5="NP W/O S1 or SM Sprinklers",L5="NP W/ II-B, III-B, IV-HT, V-B Construction",L5="NP W/ II-B, III-B, IV-HT (OK Sprinkled), V-B Construction",L5="NP / Construction V-A Only",L5="NP W/ V-B Construction",L6="NP",L6="NP W/ S13R",L6="NP / Use I-A or I-B Construction",L6="NP W/ S13D",L6="NP W/O S1 or SM Sprinklers",L6="NP W/ II-B, III-B, IV-HT, V-B Construction",L6="NP W/ II-B, III-B, IV-HT (OK Sprinkled), V-B Construction",L6="NP / Construction V-A Only",L6="NP W/ V-B Construction"),"Note: NP = Not Permitted",IF(OR(L5="UL",L6="UL",L7="UL",),"Note: UL = Unlimited",""))
A5: Occupancy Classification: | B5: B | D5: E | F5: 1 | G5: Tubular per floor area limit per Table 506.2: | K5: =IF(B7="NS",'Allowable area Table 506.2'!J34,IF(B7="S1",'Allowable area Table 506.2'!V34,IF(B7="SM",'Allowable area Table 506.2'!AH34,IF(B7="S13D",'Allowable area Table 506.2'!BF34,IF(B7="S13R",'Allowable area Table 506.2'!BR34,0))))) -> 9000 | L5: =IF(B7="NS",'Allowable area Table 506.2'!K34,IF(B7="S1",'Allowable area Table 506.2'!W34,IF(B7="SM",'Allowable area Table 506.2'!AI34,IF(B7="S13D",'Allowable area Table 506.2'!BG34,IF(B7="S13R",'Allowable area Table 506.2'!BS34,0))))) -> 9500
A6: Construction Type: | B6: V-B | G6: Group R and NFPA 13R/D: | K6: =IF(AND(B5="R-1",OR(B7="NS",B7="S13D")),"S13R Required",IF(AND(B5="R-2",OR(B7="NS",B7="S13D")),"S13R Required",IF(AND(B5="R-2.1",OR(B7="NS",B7="S13D")),"S13R Required",IF(AND(B5="R-2.2 (CA Only)",OR(B7="NS",B7="S13R",B7="S13D")),"S1 OR SM Required",IF(AND(B5="R-3/r-3.1",OR(B7="NS")),"S13D OR S13R Required",IF(AND(B5="R-4",OR(B7="NS",B7="S13D")),"S13D OR S13R Required",IF(AND(B5="i-1 Cond. 1",OR(B7="NS",B7="S13D")),"S13R or S1 or SM Required",IF(AND(B7="S13R",OR(B5="A-1",B5="A-2",B5="A-3",B5="A-4",B5="A-5",B5="B",B5="E",B5="F-1",B5="F-2",B5="H-1",B5="H-2",B5="H-3",B5="H-4",B5="H-5",B5="I-1 COND. 2",B5="I-2/I-2.1",B5="I-3",B5="I-4",B5="L",B5="M",B5="S-1",B5="S-2",B5="U")),"NP",IF(AND(B7="S13D",OR(B5="A-1",B5="A-2",B5="A-3",B5="A-4",B5="A-5",B5="B",B5="E",B5="F-1",B5="F-2",B5="H-1",B5="H-2",B5="H-3",B5="H-4",B5="H-5",B5="I-1 COND. 2",B5="I-2/I-2.1",B5="I-3",B5="I-4",B5="L",B5="M",B5="S-1",B5="S-2",B5="U")),"NP",IF(K5="NP W/ 13D","NP",IF(B7="S13R","Yes",IF(B7="S13D","Yes","None")))))))))))) -> None | L6: =IF(AND(D5="R-1",OR(B7="NS",B7="S13D")),"S13R Required",IF(AND(D5="R-2",OR(B7="NS",B7="S13D")),"S13R Required",IF(AND(D5="R-2.1",OR(B7="NS",B7="S13D")),"S13R Required",IF(AND(D5="R-2.2 (CA Only)",OR(B7="NS",B7="S13R",B7="S13D")),"S1 OR SM Required",IF(AND(D5="R-3/r-3.1",OR(B7="NS")),"S13D OR S13R Required",IF(AND(D5="R-4",OR(B7="NS",B7="S13D")),"S13D OR S13R Required",IF(AND(D5="i-1 Cond. 1",OR(B7="NS",B7="S13D")),"S13R or S1 or SM Required",IF(AND(B7="S13R",OR(D5="A-1",D5="A-2",D5="A-3",D5="A-4",D5="A-5",D5="B",D5="E",D5="F-1",D5="F-2",D5="H-1",D5="H-2",D5="H-3",D5="H-4",D5="H-5",D5="I-1 COND. 2",D5="I-2/I-2.1",D5="I-3",D5="I-4",D5="L",D5="M",D5="S-1",D5="S-2",D5="U")),"NP",IF(AND(B7="S13D",OR(D5="A-1",D5="A-2",D5="A-3",D5="A-4",D5="A-5",D5="B",D5="E",D5="F-1",D5="F-2",D5="H-1",D5="H-2",D5="H-3",D5="H-4",D5="H-5",D5="I-1 COND. 2",D5="I-2/I-2.1",D5="I-3",D5="I-4",D5="L",D5="M",D5="S-1",D5="S-2",D5="U")),"NP",IF(K5="NP W/ 13D","NP",IF(B7="S13R","Yes",IF(B7="S13D","Yes","None")))))))))))) -> None
A7: Sprinkled: | B7: NS | G7: NFPA 13 Sprinklers: | K7: =IF(AND(B5="I-1 Cond. 2",OR(B7="S13R",B7="S13D",B7="NS")),"Required",IF(AND(B5="I-4",OR(B7="S13R",B7="S13D",B7="NS")),"Required",IF(AND(B5="I-1",OR(B7="S13R",B7="S13D",B7="NS")),"Required",IF(AND(B5="I-2/I-2.1",OR(B7="S13R",B7="S13D",B7="NS")),"Required",IF(AND(B5="I-3",OR(B7="S13R",B7="S13D",B7="NS")),"Required",IF(AND(B5="H-1",OR(B7="S13R",B7="S13D",B7="NS")),"Required",IF(AND(B5="H-2",OR(B7="S13R",B7="S13D",B7="NS")),"Required",IF(AND(B5="H-3",OR(B7="S13R",B7="S13D",B7="NS")),"Required",IF(AND(B5="H-4",OR(B7="S13R",B7="S13D",B7="NS")),"Required",IF(AND(B5="H-5",OR(B7="S13R",B7="S13D",B7="NS")),"Required",IF(B7="NS","None",IF(B7="S13R","None",IF(B7="S13D","None","Yes"))))))))))))) -> None | L7: =IF(AND(D5="I-1 Cond. 2",OR(B7="S13R",B7="S13D",B7="NS")),"Required",IF(AND(D5="I-4",OR(B7="S13R",B7="S13D",B7="NS")),"Required",IF(AND(D5="I-1",OR(B7="S13R",B7="S13D",B7="NS")),"Required",IF(AND(D5="I-2/I-2.1",OR(B7="S13R",B7="S13D",B7="NS")),"Required",IF(AND(D5="I-3",OR(B7="S13R",B7="S13D",B7="NS")),"Required",IF(AND(D5="H-1",OR(B7="S13R",B7="S13D",B7="NS")),"Required",IF(AND(D5="H-2",OR(B7="S13R",B7="S13D",B7="NS")),"Required",IF(AND(D5="H-3",OR(B7="S13R",B7="S13D",B7="NS")),"Required",IF(AND(D5="H-4",OR(B7="S13R",B7="S13D",B7="NS")),"Required",IF(AND(D5="H-5",OR(B7="S13R",B7="S13D",B7="NS")),"Required",IF(B7="NS","None",IF(B7="S13R","None",IF(B7="S13D","None","Yes"))))))))))))) -> None
B8: =IF(AND(B9="i-3",(OR(B10="v-b",B10="v-a",B10="iv-ht",B10="iv-c",B10="iv-b",B10="iv-a",B10="iii-b",B10="iii-a",B10="ii-b",B10="ii-a"))),"NP in California only. Use Construction Type I-A or I-B.",IF(AND(B9="I-2/I-2.1",(OR(B10="iv-c",B10="iv-b",B10="iv-a",B10="iii-b"))),"Construction type IV-A, IV-B, IV-C, & III-B NP in California only.","")) | F8: 3 | G8: Area increase: If=[F/P - 0.25]W/30
G9: Frontage coefficient, (If): | K9: =SUM(((K11/K10)-0.25)*(K12/30)) -> 0.5 | L9: =SUM(((L11/L10)-0.25)*(L12/30)) -> 0.5
B10: Building Perimeter Lengths (Feet): | D10: *Distance to property line or to far side of R.O.W. (feet): | G10: Perimeter, (P): | K10: =SUM(B13:B27) -> 168 | L10: =SUM(B13:B27) -> 168 | O10: Notes:
G11: Frontage perimeter, (F): | J11: =IF(K11<(K10/4),"(See note 4)","") | K11: =IF(D13<20,0,B13)+IF(D14<20,0,B14)+IF(D15<20,0,B15)+IF(D17<20,0,B17)+IF(D18<20,0,B18)+IF(D19<20,0,B19)+IF(D21<20,0,B21)+IF(D22<20,0,B22)+IF(D23<20,0,B23)+IF(D25<20,0,B25)+IF(D26<20,0,B26)+IF(D27<20,0,B27) -> 168 | L11: =IF(D13<20,0,B13)+IF(D14<20,0,B14)+IF(D15<20,0,B15)+IF(D17<20,0,B17)+IF(D18<20,0,B18)+IF(D19<20,0,B19)+IF(D21<20,0,B21)+IF(D22<20,0,B22)+IF(D23<20,0,B23)+IF(D25<20,0,B25)+IF(D26<20,0,B26)+IF(D27<20,0,B27) -> 168 | O11: 1 | P11: Type A construction referes to "Protected" (rated) construction, except with Type I structures.
G12: Average frontage distance (W): | K12: =SUM(IF(OR(D13<20,D13>30),0,(B13*D13))+IF(D13>30,(B13*30),0)+IF(OR(D14<20,D14>30),0,(B14*D14))+IF(D14>30,(B14*30),0)+IF(OR(D15<20,D15>30),0,(B15*D15))+IF(D15>30,(B15*30),0)+IF(OR(D17<20,D17>30),0,(B17*D17))+IF(D17>30,(B17*30),0)+IF(OR(D18<20,D18>30),0,(B18*D18))+IF(D18>30,(B18*30),0)+IF(OR(D19<20,D19>30),0,(B19*D19))+IF(D19>30,(B19*30),0)+IF(OR(D21<20,D21>30),0,(B21*D21))+IF(D21>30,(B21*30),0)+IF(OR(D22<20,D22>30),0,(B22*D22))+IF(D22>30,(B22*30),0)+IF(OR(D23<20,D23>30),0,(B23*D23))+IF(D23>30,(B23*30),0)+IF(OR(D25<20,D25>30),0,(B25*D25))+IF(D25>30,(B25*30),0)+IF(OR(D26<20,D26>30),0,(B26*D26))+IF(D26>30,(B26*30),0)+IF(OR(D27<20,D27>30),0,(B27*D27))+IF(D27>30,(B27*30),0),0)/K11 -> 20 | L12: =SUM(IF(OR(D13<20,D13>30),0,(B13*D13))+IF(D13>30,(B13*30),0)+IF(OR(D14<20,D14>30),0,(B14*D14))+IF(D14>30,(B14*30),0)+IF(OR(D15<20,D15>30),0,(B15*D15))+IF(D15>30,(B15*30),0)+IF(OR(D17<20,D17>30),0,(B17*D17))+IF(D17>30,(B17*30),0)+IF(OR(D18<20,D18>30),0,(B18*D18))+IF(D18>30,(B18*30),0)+IF(OR(D19<20,D19>30),0,(B19*D19))+IF(D19>30,(B19*30),0)+IF(OR(D21<20,D21>30),0,(B21*D21))+IF(D21>30,(B21*30),0)+IF(OR(D22<20,D22>30),0,(B22*D22))+IF(D22>30,(B22*30),0)+IF(OR(D23<20,D23>30),0,(B23*D23))+IF(D23>30,(B23*30),0)+IF(OR(D25<20,D25>30),0,(B25*D25))+IF(D25>30,(B25*30),0)+IF(OR(D26<20,D26>30),0,(B26*D26))+IF(D26>30,(B26*30),0)+IF(OR(D27<20,D27>30),0,(B27*D27))+IF(D27>30,(B27*30),0),0)/L11 -> 20
A13: Facing North (Ft): | B13: 60 | D13: 20 | F13: 4 | G13: Maximum allowable area, Aa = At+(NS x If): | K13: =IF(OR(K5="UL",K5="NP",K5="NP W/ S13R",K5="NP / Use I-A or I-B Construction",K5="NP W/ S13D",K5="NP W/O S1 or SM Sprinklers",K5="NP W/ II-B, III-B, IV-HT, V-B Construction",K5="NP W/ II-B, III-B, IV-HT (OK Sprinkled), V-B Construction",K5="NP / Construction V-A Only",K5="NP W/ V-B Construction"),K5,(K5+(K5*K9))) -> 13500 | L13: =IF(OR(L5="UL",L5="NP",L5="NP W/ S13R",L5="NP / Use I-A or I-B Construction",L5="NP W/ S13D",L5="NP W/O S1 or SM Sprinklers",L5="NP W/ II-B, III-B, IV-HT, V-B Construction",L5="NP W/ II-B, III-B, IV-HT (OK Sprinkled), V-B Construction",L5="NP / Construction V-A Only",L5="NP W/ V-B Construction"),L5,(L5+(L5*L9))) -> 14250
O14: 2 | P14: Type B construction referes to "Unprotected" (non-rated) construction, except with Type I structures.
F16: Special Conditions:
A17: Facing East (Ft): | B17: 24 | D17: 20 | F17: 1 | G17: See Section 506.2.2 for mixed-occupancy, single story buildings. (2018 IBC / 2019 CBC) | O17: 3 | P17: See Table 601 for fire resistance requirements.
F19: 2 | G19: See Section 506.2.2.1 for Group H-2 and Group H-3 restrictions. (2018 IBC / 2019 CBC) | O19: 4 | P19: See Table 602 for fire resistance requirements for exterior walls based on seperation distance.
A21: Facing South (Ft): | B21: 60 | D21: 20 | F21: 3 | G21: See Table 508.4 for occupancy seperation requirements (Ratings) (2018 IBC / 2019 CBC)
F23: 4 | G23: To qualify for area factor increase based on frontage, atleast 25% of the building perimeter on public way / space shall have min. width of 20'. Section 506.3.1 (2018 IBC / 2019 CBC)
A25: Facing West (Ft): | B25: 24 | D25: 20
B29: SQ. FT. OF OCC. 1 | C29: SQ. FT. OF OCC. 2
A30: Square Footage of Area(s): | B30: 0 | C30: 0
A31: Max. occupancy area, Aa = At+(NS x If): | B31: =$K$13 -> 13500 | C31: =$L$13 -> 14250
A32: Occupancy W/O Area Increase: | B32: =$K$5 -> 9000 | C32: =$L$5 -> 9500
A33: W/ Area Increase (Sq. Ft./Aa 1) + (Sq. Ft./Aa 2): | B33: =IF(AND(B31="UL",C31="UL"),"UL",IF(B31="UL",C30/C31,IF(C31="UL",B30/B31,((B30/B31)+(C30/C31))))) -> 0 | C33: =IF(B33<=1,"< 1 THEREFORE OK",IF(B33="UL","Unlimited Area","NG")) -> < 1 THEREFORE OK
A34: W/O Area Increase (Sq. Ft./Aa 1) + (Sq. Ft./Aa 2): | B34: =IF(AND(B32="UL",C32="UL"),"UL",IF(B32="UL",C30/C32,IF(C32="UL",B30/B32,((B30/B32)+(C30/C32))))) -> 0 | C34: =IF(B34<=1,"< 1 THEREFORE OK",IF(B34="UL","Unlimited Area","NG")) -> < 1 THEREFORE OK

Sheet 2021 Bldg Ht Table 504.3
A1: NOT SPRINKLED | O1: SPRINKLERS (S1 & SM) | AC1: AREA INCREASE LIMITATIONS | AQ1: S13D SPRINKLERS | BE1: S13R SPRINKLERS
B2: I-A | C2: I-B | D2: II-A | E2: II-B | F2: III-A | G2: III-B | H2: IV-A | I2: IV-B | J2: IV-C | K2: IV-HT | L2: V-A | M2: V-B | P2: I-A | Q2: I-B | R2: II-A | S2: II-B | T2: III-A | U2: III-B | V2: IV-A | W2: IV-B | X2: IV-C | Y2: IV-HT | Z2: V-A | AA2: V-B | AD2: I-A | AE2: I-B | AF2: II-A | AG2: II-B | AH2: III-A | AI2: III-B | AJ2: IV-A | AK2: IV-B | AL2: IV-C | AM2: IV-HT | AN2: V-A | AO2: V-B | AR2: I-A | AS2: I-B | AT2: II-A | AU2: II-B | AV2: III-A | AW2: III-B | AX2: IV-A | AY2: IV-B | AZ2: IV-C | BA2: IV-HT | BB2: V-A | BC2: V-B | BF2: I-A | BG2: I-B | BH2: II-A | BI2: II-B | BJ2: III-A | BK2: III-B | BL2: IV-A | BM2: IV-B | BN2: IV-C | BO2: IV-HT | BP2: V-A | BQ2: V-B
A3: A-1 | B3: UL | C3: 160 | D3: 65 | E3: 55 | F3: 65 | G3: 55 | H3: 65 | I3: 65 | J3: 65 | K3: 65 | L3: 50 | M3: 40 | O3: A-1 | P3: UL | Q3: 180 | R3: 85 | S3: 75 | T3: 85 | U3: 75 | V3: 270 | W3: 180 | X3: 85 | Y3: 85 | Z3: 70 | AA3: 60 | AC3: A-1 | AD3: UL | AE3: 160 | AF3: 65 | AG3: 55 | AH3: 65 | AI3: 55 | AJ3: 65 | AK3: 65 | AL3: 65 | AM3: 65 | AN3: 50 | AO3: 40 | AQ3: A-1 | AR3: NP W/13D | AS3: NP W/13D | AT3: NP W/13D | AU3: NP W/13D | AV3: NP W/13D | AW3: NP W/13D | AX3: NP W/13D | AY3: NP W/13D | AZ3: NP W/13D | BA3: NP W/13D | BB3: NP W/13D | BC3: NP W/13D | BE3: A-1 | BF3: NP W/ 13R | BG3: NP W/ 13R | BH3: NP W/ 13R | BI3: NP W/ 13R | BJ3: NP W/ 13R | BK3: NP W/ 13R | BL3: NP W/ 13R | BM3: NP W/ 13R | BN3: NP W/ 13R | BO3: NP W/ 13R | BP3: NP W/ 13R | BQ3: NP W/ 13R
A4: A-2 | B4: UL | C4: 160 | D4: 65 | E4: 55 | F4: 65 | G4: 55 | H4: 65 | I4: 65 | J4: 65 | K4: 65 | L4: 50 | M4: 40 | O4: A-2 | P4: UL | Q4: 180 | R4: 85 | S4: 75 | T4: 85 | U4: 75 | V4: 270 | W4: 180 | X4: 85 | Y4: 85 | Z4: 70 | AA4: 60 | AC4: A-2 | AD4: UL | AE4: 160 | AF4: 65 | AG4: 55 | AH4: 65 | AI4: 55 | AJ4: 65 | AK4: 65 | AL4: 65 | AM4: 65 | AN4: 50 | AO4: 40 | AQ4: A-2 | AR4: NP W/13D | AS4: NP W/13D | AT4: NP W/13D | AU4: NP W/13D | AV4: NP W/13D | AW4: NP W/13D | AX4: NP W/13D | AY4: NP W/13D | AZ4: NP W/13D | BA4: NP W/13D | BB4: NP W/13D | BC4: NP W/13D | BE4: A-2 | BF4: NP W/ 13R | BG4: NP W/ 13R | BH4: NP W/ 13R | BI4: NP W/ 13R | BJ4: NP W/ 13R | BK4: NP W/ 13R | BL4: NP W/ 13R | BM4: NP W/ 13R | BN4: NP W/ 13R | BO4: NP W/ 13R | BP4: NP W/ 13R | BQ4: NP W/ 13R
A5: A-3 | B5: UL | C5: 160 | D5: 65 | E5: 55 | F5: 65 | G5: 55 | H5: 65 | I5: 65 | J5: 65 | K5: 65 | L5: 50 | M5: 40 | O5: A-3 | P5: UL | Q5: 160 | R5: 65 | S5: 55 | T5: 65 | U5: 55 | V5: 270 | W5: 180 | X5: 85 | Y5: 85 | Z5: 50 | AA5: 40 | AC5: A-3 | AD5: UL | AE5: 160 | AF5: 65 | AG5: 55 | AH5: 65 | AI5: 55 | AJ5: 65 | AK5: 65 | AL5: 65 | AM5: 65 | AN5: 50 | AO5: 40 | AQ5: A-3 | AR5: NP W/13D | AS5: NP W/13D | AT5: NP W/13D | AU5: NP W/13D | AV5: NP W/13D | AW5: NP W/13D | AX5: NP W/13D | AY5: NP W/13D | AZ5: NP W/13D | BA5: NP W/13D | BB5: NP W/13D | BC5: NP W/13D | BE5: A-3 | BF5: NP W/ 13R | BG5: NP W/ 13R | BH5: NP W/ 13R | BI5: NP W/ 13R | BJ5: NP W/ 13R | BK5: NP W/ 13R | BL5: NP W/ 13R | BM5: NP W/ 13R | BN5: NP W/ 13R | BO5: NP W/ 13R | BP5: NP W/ 13R | BQ5: NP W/ 13R
A6: A-4 | B6: UL | C6: 160 | D6: 65 | E6: 55 | F6: 65 | G6: 55 | H6: 65 | I6: 65 | J6: 65 | K6: 65 | L6: 50 | M6: 40 | O6: A-4 | P6: UL | Q6: 180 | R6: 85 | S6: 75 | T6: 85 | U6: 75 | V6: 270 | W6: 180 | X6: 85 | Y6: 85 | Z6: 70 | AA6: 60 | AC6: A-4 | AD6: UL | AE6: 160 | AF6: 65 | AG6: 55 | AH6: 65 | AI6: 55 | AJ6: 65 | AK6: 65 | AL6: 65 | AM6: 65 | AN6: 50 | AO6: 40 | AQ6: A-4 | AR6: NP W/13D | AS6: NP W/13D | AT6: NP W/13D | AU6: NP W/13D | AV6: NP W/13D | AW6: NP W/13D | AX6: NP W/13D | AY6: NP W/13D | AZ6: NP W/13D | BA6: NP W/13D | BB6: NP W/13D | BC6: NP W/13D | BE6: A-4 | BF6: NP W/ 13R | BG6: NP W/ 13R | BH6: NP W/ 13R | BI6: NP W/ 13R | BJ6: NP W/ 13R | BK6: NP W/ 13R | BL6: NP W/ 13R | BM6: NP W/ 13R | BN6: NP W/ 13R | BO6: NP W/ 13R | BP6: NP W/ 13R | BQ6: NP W/ 13R
A7: A-5 | B7: UL | C7: 160 | D7: 65 | E7: 55 | F7: 65 | G7: 55 | H7: 65 | I7: 65 | J7: 65 | K7: 65 | L7: 50 | M7: 40 | O7: A-5 | P7: UL | Q7: 180 | R7: 85 | S7: 75 | T7: 85 | U7: 75 | V7: 270 | W7: 180 | X7: 85 | Y7: 85 | Z7: 70 | AA7: 60 | AC7: A-5 | AD7: UL | AE7: 160 | AF7: 65 | AG7: 55 | AH7: 65 | AI7: 55 | AJ7: 65 | AK7: 65 | AL7: 65 | AM7: 65 | AN7: 50 | AO7: 40 | AQ7: A-5 | AR7: NP W/13D | AS7: NP W/13D | AT7: NP W/13D | AU7: NP W/13D | AV7: NP W/13D | AW7: NP W/13D | AX7: NP W/13D | AY7: NP W/13D | AZ7: NP W/13D | BA7: NP W/13D | BB7: NP W/13D | BC7: NP W/13D | BE7: A-5 | BF7: NP W/ 13R | BG7: NP W/ 13R | BH7: NP W/ 13R | BI7: NP W/ 13R | BJ7: NP W/ 13R | BK7: NP W/ 13R | BL7: NP W/ 13R | BM7: NP W/ 13R | BN7: NP W/ 13R | BO7: NP W/ 13R | BP7: NP W/ 13R | BQ7: NP W/ 13R
A8: B | B8: UL | C8: 160 | D8: 65 | E8: 55 | F8: 65 | G8: 55 | H8: 65 | I8: 65 | J8: 65 | K8: 65 | L8: 50 | M8: 40 | O8: B | P8: UL | Q8: 180 | R8: 85 | S8: 75 | T8: 85 | U8: 75 | V8: 270 | W8: 180 | X8: 85 | Y8: 85 | Z8: 70 | AA8: 60 | AC8: B | AD8: No Limitations | AE8: No Limitations | AF8: No Limitations | AG8: No Limitations | AH8: No Limitations | AI8: No Limitations | AJ8: No Limitations | AK8: No Limitations | AL8: No Limitations | AM8: No Limitations | AN8: No Limitations | AO8: No Limitations | AQ8: B | AR8: NP W/13D | AS8: NP W/13D | AT8: NP W/13D | AU8: NP W/13D | AV8: NP W/13D | AW8: NP W/13D | AX8: NP W/13D | AY8: NP W/13D | AZ8: NP W/13D | BA8: NP W/13D | BB8: NP W/13D | BC8: NP W/13D | BE8: B | BF8: NP W/ 13R | BG8: NP W/ 13R | BH8: NP W/ 13R | BI8: NP W/ 13R | BJ8: NP W/ 13R | BK8: NP W/ 13R | BL8: NP W/ 13R | BM8: NP W/ 13R | BN8: NP W/ 13R | BO8: NP W/ 13R | BP8: NP W/ 13R | BQ8: NP W/ 13R
A9: E | B9: UL | C9: 160 | D9: 65 | E9: 55 | F9: 65 | G9: 55 | H9: 65 | I9: 65 | J9: 65 | K9: 65 | L9: 50 | M9: 40 | O9: E | P9: UL | Q9: 160 | R9: 85 | S9: 75 | T9: 85 | U9: 75 | V9: 270 | W9: 180 | X9: 85 | Y9: 85 | Z9: 70 | AA9: 60 | AC9: E | AD9: UL | AE9: 160 | AF9: 65 | AG9: 55 | AH9: 65 | AI9: 55 | AJ9: 65 | AK9: 65 | AL9: 65 | AM9: 65 | AN9: 50 | AO9: 40 | AQ9: E | AR9: NP W/13D | AS9: NP W/13D | AT9: NP W/13D | AU9: NP W/13D | AV9: NP W/13D | AW9: NP W/13D | AX9: NP W/13D | AY9: NP W/13D | AZ9: NP W/13D | BA9: NP W/13D | BB9: NP W/13D | BC9: NP W/13D | BE9: E | BF9: NP W/ 13R | BG9: NP W/ 13R | BH9: NP W/ 13R | BI9: NP W/ 13R | BJ9: NP W/ 13R | BK9: NP W/ 13R | BL9: NP W/ 13R | BM9: NP W/ 13R | BN9: NP W/ 13R | BO9: NP W/ 13R | BP9: NP W/ 13R | BQ9: NP W/ 13R
A10: F-1 | B10: UL | C10: 160 | D10: 65 | E10: 55 | F10: 65 | G10: 55 | H10: 65 | I10: 65 | J10: 65 | K10: 65 | L10: 50 | M10: 40 | O10: F-1 | P10: UL | Q10: 180 | R10: 85 | S10: 75 | T10: 85 | U10: 75 | V10: 270 | W10: 180 | X10: 85 | Y10: 85 | Z10: 70 | AA10: 60 | AC10: F-1 | AD10: No Limitations | AE10: No Limitations | AF10: No Limitations | AG10: No Limitations | AH10: No Limitations | AI10: No Limitations | AJ10: No Limitations | AK10: No Limitations | AL10: No Limitations | AM10: No Limitations | AN10: No Limitations | AO10: No Limitations | AQ10: F-1 | AR10: NP W/13D | AS10: NP W/13D | AT10: NP W/13D | AU10: NP W/13D | AV10: NP W/13D | AW10: NP W/13D | AX10: NP W/13D | AY10: NP W/13D | AZ10: NP W/13D | BA10: NP W/13D | BB10: NP W/13D | BC10: NP W/13D | BE10: F-1 | BF10: NP W/ 13R | BG10: NP W/ 13R | BH10: NP W/ 13R | BI10: NP W/ 13R | BJ10: NP W/ 13R | BK10: NP W/ 13R | BL10: NP W/ 13R | BM10: NP W/ 13R | BN10: NP W/ 13R | BO10: NP W/ 13R | BP10: NP W/ 13R | BQ10: NP W/ 13R
A11: F-2 | B11: UL | C11: 160 | D11: 65 | E11: 55 | F11: 65 | G11: 55 | H11: 65 | I11: 65 | J11: 65 | K11: 65 | L11: 50 | M11: 40 | O11: F-2 | P11: UL | Q11: 180 | R11: 85 | S11: 75 | T11: 85 | U11: 75 | V11: 270 | W11: 180 | X11: 85 | Y11: 85 | Z11: 70 | AA11: 60 | AC11: F-2 | AD11: No Limitations | AE11: No Limitations | AF11: No Limitations | AG11: No Limitations | AH11: No Limitations | AI11: No Limitations | AJ11: No Limitations | AK11: No Limitations | AL11: No Limitations | AM11: No Limitations | AN11: No Limitations | AO11: No Limitations | AQ11: F-2 | AR11: NP W/13D | AS11: NP W/13D | AT11: NP W/13D | AU11: NP W/13D | AV11: NP W/13D | AW11: NP W/13D | AX11: NP W/13D | AY11: NP W/13D | AZ11: NP W/13D | BA11: NP W/13D | BB11: NP W/13D | BC11: NP W/13D | BE11: F-2 | BF11: NP W/ 13R | BG11: NP W/ 13R | BH11: NP W/ 13R | BI11: NP W/ 13R | BJ11: NP W/ 13R | BK11: NP W/ 13R | BL11: NP W/ 13R | BM11: NP W/ 13R | BN11: NP W/ 13R | BO11: NP W/ 13R | BP11: NP W/ 13R | BQ11: NP W/ 13R
A12: H-1 | B12: UL | C12: 160 | D12: 65 | E12: 55 | F12: 65 | G12: 55 | H12: 120 | I12: 90 | J12: 65 | K12: 65 | L12: 50 | M12: 40 | O12: H-1 | P12: UL | Q12: 160 | R12: 65 | S12: 55 | T12: 65 | U12: 55 | V12: 120 | W12: 90 | X12: 65 | Y12: 65 | Z12: 50 | AA12: 40 | AC12: H-1 | AD12: UL | AE12: 160 | AF12: 65 | AG12: 55 | AH12: 65 | AI12: 55 | AJ12: 120 | AK12: 90 | AL12: 65 | AM12: 65 | AN12: 50 | AO12: 40 | AQ12: H-1 | AR12: NP W/13D | AS12: NP W/13D | AT12: NP W/13D | AU12: NP W/13D | AV12: NP W/13D | AW12: NP W/13D | AX12: NP W/13D | AY12: NP W/13D | AZ12: NP W/13D | BA12: NP W/13D | BB12: NP W/13D | BC12: NP W/13D | BE12: H-1 | BF12: NP W/ 13R | BG12: NP W/ 13R | BH12: NP W/ 13R | BI12: NP W/ 13R | BJ12: NP W/ 13R | BK12: NP W/ 13R | BL12: NP W/ 13R | BM12: NP W/ 13R | BN12: NP W/ 13R | BO12: NP W/ 13R | BP12: NP W/ 13R | BQ12: NP W/ 13R
A13: H-2 | B13: UL | C13: 160 | D13: 65 | E13: 55 | F13: 65 | G13: 55 | H13: 120 | I13: 90 | J13: 65 | K13: 65 | L13: 50 | M13: 40 | O13: H-2 | P13: UL | Q13: 160 | R13: 65 | S13: 55 | T13: 65 | U13: 55 | V13: 120 | W13: 90 | X13: 65 | Y13: 65 | Z13: 50 | AA13: 40 | AC13: H-2 | AD13: UL | AE13: 160 | AF13: 65 | AG13: 55 | AH13: 65 | AI13: 55 | AJ13: 120 | AK13: 90 | AL13: 65 | AM13: 65 | AN13: 50 | AO13: 40 | AQ13: H-2 | AR13: NP W/13D | AS13: NP W/13D | AT13: NP W/13D | AU13: NP W/13D | AV13: NP W/13D | AW13: NP W/13D | AX13: NP W/13D | AY13: NP W/13D | AZ13: NP W/13D | BA13: NP W/13D | BB13: NP W/13D | BC13: NP W/13D | BE13: H-2 | BF13: NP W/ 13R | BG13: NP W/ 13R | BH13: NP W/ 13R | BI13: NP W/ 13R | BJ13: NP W/ 13R | BK13: NP W/ 13R | BL13: NP W/ 13R | BM13: NP W/ 13R | BN13: NP W/ 13R | BO13: NP W/ 13R | BP13: NP W/ 13R | BQ13: NP W/ 13R
A14: H-3 | B14: UL | C14: 160 | D14: 65 | E14: 55 | F14: 65 | G14: 55 | H14: 120 | I14: 90 | J14: 65 | K14: 65 | L14: 50 | M14: 40 | O14: H-3 | P14: UL | Q14: 160 | R14: 65 | S14: 55 | T14: 65 | U14: 55 | V14: 120 | W14: 90 | X14: 65 | Y14: 65 | Z14: 50 | AA14: 40 | AC14: H-3 | AD14: UL | AE14: 160 | AF14: 65 | AG14: 55 | AH14: 65 | AI14: 55 | AJ14: 120 | AK14: 90 | AL14: 65 | AM14: 65 | AN14: 50 | AO14: 40 | AQ14: H-3 | AR14: NP W/13D | AS14: NP W/13D | AT14: NP W/13D | AU14: NP W/13D | AV14: NP W/13D | AW14: NP W/13D | AX14: NP W/13D | AY14: NP W/13D | AZ14: NP W/13D | BA14: NP W/13D | BB14: NP W/13D | BC14: NP W/13D | BE14: H-3 | BF14: NP W/ 13R | BG14: NP W/ 13R | BH14: NP W/ 13R | BI14: NP W/ 13R | BJ14: NP W/ 13R | BK14: NP W/ 13R | BL14: NP W/ 13R | BM14: NP W/ 13R | BN14: NP W/ 13R | BO14: NP W/ 13R | BP14: NP W/ 13R | BQ14: NP W/ 13R
A15: H-4 | B15: UL | C15: 160 | D15: 65 | E15: 55 | F15: 65 | G15: 55 | H15: 65 | I15: 65 | J15: 65 | K15: 65 | L15: 50 | M15: 40 | O15: H-4 | P15: UL | Q15: 180 | R15: 85 | S15: 75 | T15: 85 | U15: 75 | V15: 140 | W15: 100 | X15: 85 | Y15: 85 | Z15: 70 | AA15: 60 | AC15: H-4 | AD15: UL | AE15: 160 | AF15: 65 | AG15: 55 | AH15: 65 | AI15: 55 | AJ15: 65 | AK15: 65 | AL15: 65 | AM15: 65 | AN15: 50 | AO15: 40 | AQ15: H-4 | AR15: NP W/13D | AS15: NP W/13D | AT15: NP W/13D | AU15: NP W/13D | AV15: NP W/13D | AW15: NP W/13D | AX15: NP W/13D | AY15: NP W/13D | AZ15: NP W/13D | BA15: NP W/13D | BB15: NP W/13D | BC15: NP W/13D | BE15: H-4 | BF15: NP W/ 13R | BG15: NP W/ 13R | BH15: NP W/ 13R | BI15: NP W/ 13R | BJ15: NP W/ 13R | BK15: NP W/ 13R | BL15: NP W/ 13R | BM15: NP W/ 13R | BN15: NP W/ 13R | BO15: NP W/ 13R | BP15: NP W/ 13R | BQ15: NP W/ 13R
A16: H-5 | B16: UL | C16: 160 | D16: 65 | E16: 55 | F16: 65 | G16: 55 | H16: 120 | I16: 90 | J16: 65 | K16: 65 | L16: 50 | M16: 40 | O16: H-5 | P16: UL | Q16: 160 | R16: 65 | S16: 55 | T16: 65 | U16: 55 | V16: 120 | W16: 90 | X16: 65 | Y16: 65 | Z16: 50 | AA16: 40 | AC16: H-5 | AD16: UL | AE16: 160 | AF16: 65 | AG16: 55 | AH16: 65 | AI16: 55 | AJ16: 120 | AK16: 90 | AL16: 65 | AM16: 65 | AN16: 50 | AO16: 40 | AQ16: H-5 | AR16: NP W/13D | AS16: NP W/13D | AT16: NP W/13D | AU16: NP W/13D | AV16: NP W/13D | AW16: NP W/13D | AX16: NP W/13D | AY16: NP W/13D | AZ16: NP W/13D | BA16: NP W/13D | BB16: NP W/13D | BC16: NP W/13D | BE16: H-5 | BF16: NP W/ 13R | BG16: NP W/ 13R | BH16: NP W/ 13R | BI16: NP W/ 13R | BJ16: NP W/ 13R | BK16: NP W/ 13R | BL16: NP W/ 13R | BM16: NP W/ 13R | BN16: NP W/ 13R | BO16: NP W/ 13R | BP16: NP W/ 13R | BQ16: NP W/ 13R
A17: I-1 Cond. 1 | B17: UL | C17: 160 | D17: 65 | E17: 55 | F17: 65 | G17: 55 | H17: 65 | I17: 65 | J17: 65 | K17: 65 | L17: 50 | M17: 40 | O17: I-1 Cond. 1 | P17: UL | Q17: 180 | R17: 85 | S17: 75 | T17: 85 | U17: 75 | V17: 180 | W17: 120 | X17: 85 | Y17: 85 | Z17: 70 | AA17: 60 | AC17: I-1 Cond. 1 | AD17: UL | AE17: 160 | AF17: 65 | AG17: 55 | AH17: 65 | AI17: 55 | AJ17: 65 | AK17: 65 | AL17: 65 | AM17: 65 | AN17: 50 | AO17: 40 | AQ17: I-1 Cond. 1 | AR17: NP W/13D | AS17: NP W/13D | AT17: NP W/13D | AU17: NP W/13D | AV17: NP W/13D | AW17: NP W/13D | AX17: NP W/13D | AY17: NP W/13D | AZ17: NP W/13D | BA17: NP W/13D | BB17: NP W/13D | BC17: NP W/13D | BE17: I-1 Cond. 1 | BF17: 60 | BG17: 60 | BH17: 60 | BI17: 60 | BJ17: 60 | BK17: 60 | BL17: 60 | BM17: 60 | BN17: 60 | BO17: 60 | BP17: 60 | BQ17: 60
A18: I-1 Cond. 2 | B18: UL | C18: 160 | D18: 65 | E18: 55 | F18: 65 | G18: 55 | H18: 65 | I18: 65 | J18: 65 | K18: 65 | L18: 50 | M18: 40 | O18: I-1 Cond. 2 | P18: UL | Q18: 180 | R18: 85 | S18: 55 | T18: 65 | U18: 55 | V18: 65 | W18: 65 | X18: 65 | Y18: 65 | Z18: 50 | AA18: 40 | AC18: I-1 Cond. 2 | AD18: UL | AE18: 160 | AF18: 65 | AG18: 55 | AH18: 65 | AI18: 55 | AJ18: 65 | AK18: 65 | AL18: 65 | AM18: 65 | AN18: 50 | AO18: 40 | AQ18: I-1 Cond. 2 | AR18: NP W/13D | AS18: NP W/13D | AT18: NP W/13D | AU18: NP W/13D | AV18: NP W/13D | AW18: NP W/13D | AX18: NP W/13D | AY18: NP W/13D | AZ18: NP W/13D | BA18: NP W/13D | BB18: NP W/13D | BC18: NP W/13D | BE18: I-1 Cond. 2 | BF18: NP W/ 13R | BG18: NP W/ 13R | BH18: NP W/ 13R | BI18: NP W/ 13R | BJ18: NP W/ 13R | BK18: NP W/ 13R | BL18: NP W/ 13R | BM18: NP W/ 13R | BN18: NP W/ 13R | BO18: NP W/ 13R | BP18: NP W/ 13R | BQ18: NP W/ 13R
A19: I-2/I-2.1 | B19: UL | C19: 160 | D19: 65 | E19: 55 | F19: 65 | G19: 55 | H19: 65 | I19: 65 | J19: 65 | K19: 65 | L19: 50 | M19: 40 | O19: I-2/I-2.1 | P19: UL | Q19: 180 | R19: 85 | S19: 55 | T19: 65 | U19: 55 | V19: 65 | W19: 65 | X19: 65 | Y19: 65 | Z19: 50 | AA19: 40 | AC19: I-2/I-2.1 | AD19: UL | AE19: 160 | AF19: 65 | AG19: 55 | AH19: 65 | AI19: 55 | AJ19: 65 | AK19: 65 | AL19: 65 | AM19: 65 | AN19: 50 | AO19: 40 | AQ19: I-2/I-2.1 | AR19: NP W/13D | AS19: NP W/13D | AT19: NP W/13D | AU19: NP W/13D | AV19: NP W/13D | AW19: NP W/13D | AX19: NP W/13D | AY19: NP W/13D | AZ19: NP W/13D | BA19: NP W/13D | BB19: NP W/13D | BC19: NP W/13D | BE19: I-2/I-2.1 | BF19: NP W/ 13R | BG19: NP W/ 13R | BH19: NP W/ 13R | BI19: NP W/ 13R | BJ19: NP W/ 13R | BK19: NP W/ 13R | BL19: NP W/ 13R | BM19: NP W/ 13R | BN19: NP W/ 13R | BO19: NP W/ 13R | BP19: NP W/ 13R | BQ19: NP W/ 13R
A20: I-3 | B20: UL | C20: 160 | D20: 65 | E20: 55 | F20: 65 | G20: 55 | H20: 65 | I20: 65 | J20: 65 | K20: 65 | L20: 50 | M20: 40 | O20: I-3 | P20: UL | Q20: 180 | R20: 85 | S20: 75 | T20: 85 | U20: 75 | V20: 180 | W20: 120 | X20: 85 | Y20: 85 | Z20: 70 | AA20: 60 | AC20: I-3 | AD20: UL | AE20: 160 | AF20: 65 | AG20: 55 | AH20: 65 | AI20: 55 | AJ20: 65 | AK20: 65 | AL20: 65 | AM20: 65 | AN20: 50 | AO20: 40 | AQ20: I-3 | AR20: NP W/13D | AS20: NP W/13D | AT20: NP W/13D | AU20: NP W/13D | AV20: NP W/13D | AW20: NP W/13D | AX20: NP W/13D | AY20: NP W/13D | AZ20: NP W/13D | BA20: NP W/13D | BB20: NP W/13D | BC20: NP W/13D | BE20: I-3 | BF20: NP W/ 13R | BG20: NP W/ 13R | BH20: NP W/ 13R | BI20: NP W/ 13R | BJ20: NP W/ 13R | BK20: NP W/ 13R | BL20: NP W/ 13R | BM20: NP W/ 13R | BN20: NP W/ 13R | BO20: NP W/ 13R | BP20: NP W/ 13R | BQ20: NP W/ 13R
A21: I-4 | B21: UL | C21: 160 | D21: 65 | E21: 55 | F21: 65 | G21: 55 | H21: 65 | I21: 65 | J21: 65 | K21: 65 | L21: 50 | M21: 40 | O21: I-4 | P21: UL | Q21: 180 | R21: 85 | S21: 75 | T21: 85 | U21: 75 | V21: 180 | W21: 120 | X21: 85 | Y21: 85 | Z21: 70 | AA21: 60 | AC21: I-4 | AD21: UL | AE21: 160 | AF21: 65 | AG21: 55 | AH21: 65 | AI21: 55 | AJ21: 65 | AK21: 65 | AL21: 65 | AM21: 65 | AN21: 50 | AO21: 50 | AQ21: I-4 | AR21: NP W/13D | AS21: NP W/13D | AT21: NP W/13D | AU21: NP W/13D | AV21: NP W/13D | AW21: NP W/13D | AX21: NP W/13D | AY21: NP W/13D | AZ21: NP W/13D | BA21: NP W/13D | BB21: NP W/13D | BC21: NP W/13D | BE21: I-4 | BF21: NP W/ 13R | BG21: NP W/ 13R | BH21: NP W/ 13R | BI21: NP W/ 13R | BJ21: NP W/ 13R | BK21: NP W/ 13R | BL21: NP W/ 13R | BM21: NP W/ 13R | BN21: NP W/ 13R | BO21: NP W/ 13R | BP21: NP W/ 13R | BQ21: NP W/ 13R
A22: L | B22: UL | C22: 160 | D22: 65 | E22: 55 | F22: 65 | G22: 55 | H22: 65 | I22: 65 | J22: 65 | K22: 65 | L22: 50 | M22: 40 | O22: L | P22: UL | Q22: 160 | R22: 65 | S22: 55 | T22: 65 | U22: 55 | V22: 65 | W22: 65 | X22: 65 | Y22: 65 | Z22: 50 | AA22: 40 | AC22: L | AD22: UL | AE22: 160 | AF22: 65 | AG22: 55 | AH22: 65 | AI22: 55 | AJ22: 65 | AK22: 65 | AL22: 65 | AM22: 65 | AN22: 50 | AO22: 40 | AQ22: L | AR22: NP W/13D | AS22: NP W/13D | AT22: NP W/13D | AU22: NP W/13D | AV22: NP W/13D | AW22: NP W/13D | AX22: NP W/13D | AY22: NP W/13D | AZ22: NP W/13D | BA22: NP W/13D | BB22: NP W/13D | BC22: NP W/13D | BE22: L | BF22: NP W/ 13R | BG22: NP W/ 13R | BH22: NP W/ 13R | BI22: NP W/ 13R | BJ22: NP W/ 13R | BK22: NP W/ 13R | BL22: NP W/ 13R | BM22: NP W/ 13R | BN22: NP W/ 13R | BO22: NP W/ 13R | BP22: NP W/ 13R | BQ22: NP W/ 13R
A23: M | B23: UL | C23: 160 | D23: 65 | E23: 55 | F23: 65 | G23: 55 | H23: 65 | I23: 65 | J23: 65 | K23: 65 | L23: 50 | M23: 40 | O23: M | P23: UL | Q23: 180 | R23: 85 | S23: 75 | T23: 85 | U23: 75 | V23: 270 | W23: 180 | X23: 85 | Y23: 85 | Z23: 70 | AA23: 60 | AC23: M | AD23: No Limitations | AE23: No Limitations | AF23: No Limitations | AG23: No Limitations | AH23: No Limitations | AI23: No Limitations | AJ23: No Limitations | AK23: No Limitations | AL23: No Limitations | AM23: No Limitations | AN23: No Limitations | AO23: No Limitations | AQ23: M | AR23: NP W/13D | AS23: NP W/13D | AT23: NP W/13D | AU23: NP W/13D | AV23: NP W/13D | AW23: NP W/13D | AX23: NP W/13D | AY23: NP W/13D | AZ23: NP W/13D | BA23: NP W/13D | BB23: NP W/13D | BC23: NP W/13D | BE23: M | BF23: NP W/ 13R | BG23: NP W/ 13R | BH23: NP W/ 13R | BI23: NP W/ 13R | BJ23: NP W/ 13R | BK23: NP W/ 13R | BL23: NP W/ 13R | BM23: NP W/ 13R | BN23: NP W/ 13R | BO23: NP W/ 13R | BP23: NP W/ 13R | BQ23: NP W/ 13R
A24: R-1 | B24: UL | C24: 160 | D24: 65 | E24: 55 | F24: 65 | G24: 55 | H24: 65 | I24: 65 | J24: 65 | K24: 65 | L24: 50 | M24: 40 | O24: R-1 | P24: UL | Q24: 180 | R24: 85 | S24: 75 | T24: 85 | U24: 75 | V24: 270 | W24: 180 | X24: 85 | Y24: 85 | Z24: 70 | AA24: 60 | AC24: R-1 | AD24: UL | AE24: 160 | AF24: 65 | AG24: 55 | AH24: 65 | AI24: 55 | AJ24: 65 | AK24: 65 | AL24: 65 | AM24: 65 | AN24: 50 | AO24: 40 | AQ24: R-1 | AR24: NP W/13D | AS24: NP W/13D | AT24: NP W/13D | AU24: NP W/13D | AV24: NP W/13D | AW24: NP W/13D | AX24: NP W/13D | AY24: NP W/13D | AZ24: NP W/13D | BA24: NP W/13D | BB24: NP W/13D | BC24: NP W/13D | BE24: R-1 | BF24: 60 | BG24: 60 | BH24: 60 | BI24: 55 | BJ24: 60 | BK24: 55 | BL24: 60 | BM24: 60 | BN24: 60 | BO24: 60 | BP24: 50 | BQ24: 40
A25: R-2 | B25: UL | C25: 160 | D25: 65 | E25: 55 | F25: 65 | G25: 55 | H25: 65 | I25: 65 | J25: 65 | K25: 65 | L25: 50 | M25: 40 | O25: R-2 | P25: UL | Q25: 180 | R25: 85 | S25: 75 | T25: 85 | U25: 75 | V25: 270 | W25: 180 | X25: 85 | Y25: 85 | Z25: 70 | AA25: 60 | AC25: R-2 | AD25: UL | AE25: 160 | AF25: 65 | AG25: 55 | AH25: 65 | AI25: 55 | AJ25: 65 | AK25: 65 | AL25: 65 | AM25: 65 | AN25: 60 | AO25: 40 | AQ25: R-2 | AR25: NP W/13D | AS25: NP W/13D | AT25: NP W/13D | AU25: NP W/13D | AV25: NP W/13D | AW25: NP W/13D | AX25: NP W/13D | AY25: NP W/13D | AZ25: NP W/13D | BA25: NP W/13D | BB25: NP W/13D | BC25: NP W/13D | BE25: R-2 | BF25: 60 | BG25: 60 | BH25: 60 | BI25: 55 | BJ25: 60 | BK25: 55 | BL25: 60 | BM25: 60 | BN25: 60 | BO25: 60 | BP25: 50 | BQ25: 40
A26: R-2.1 | B26: UL | C26: 160 | D26: 65 | E26: 55 | F26: 65 | G26: 55 | H26: 65 | I26: 65 | J26: 65 | K26: 65 | L26: 50 | M26: 40 | O26: R-2.1 | P26: UL | Q26: 180 | R26: 85 | S26: 75 | T26: 85 | U26: 75 | V26: 270 | W26: 180 | X26: 85 | Y26: 85 | Z26: 70 | AA26: 60 | AC26: R-2.1 | AD26: No Limitations | AE26: No Limitations | AF26: No Limitations | AG26: No Limitations | AH26: No Limitations | AI26: No Limitations | AJ26: No Limitations | AK26: No Limitations | AL26: No Limitations | AM26: No Limitations | AN26: No Limitations | AO26: No Limitations | AQ26: R-2.1 | AR26: 60 | AS26: 60 | AT26: 60 | AU26: 60 | AV26: 60 | AW26: 60 | AX26: 60 | AY26: 60 | AZ26: 60 | BA26: 60 | BB26: 50 | BC26: 40 | BE26: R-2.1 | BF26: 60 | BG26: 60 | BH26: 60 | BI26: 60 | BJ26: 60 | BK26: 60 | BL26: 60 | BM26: 60 | BN26: 60 | BO26: 60 | BP26: 60 | BQ26: 60
A27: R-2.2 (CA Only) | B27: NP W/O S1 or SM Spinklers | C27: NP W/O S1 or SM Spinklers | D27: NP W/O S1 or SM Spinklers | E27: NP W/O S1 or SM Spinklers | F27: NP W/O S1 or SM Spinklers | G27: NP W/O S1 or SM Spinklers | H27: NP W/O S1 or SM Spinklers | I27: NP W/O S1 or SM Spinklers | J27: NP W/O S1 or SM Spinklers | K27: NP W/O S1 or SM Spinklers | L27: NP W/O S1 or SM Spinklers | M27: NP W/O S1 or SM Spinklers | O27: R-2.2 (CA Only) | P27: UL | Q27: 180 | R27: 85 | S27: 75 | T27: 85 | U27: 75 | V27: 270 | W27: 180 | X27: 85 | Y27: 85 | Z27: 70 | AA27: 60 | AC27: R-2.2 (CA Only) | AD27: UL | AE27: 160 | AF27: 65 | AG27: 55 | AH27: 65 | AI27: 55 | AJ27: 65 | AK27: 65 | AL27: 65 | AM27: 65 | AN27: 60 | AO27: 40 | AQ27: R-2.2 (CA Only) | AR27: NP W/13D | AS27: NP W/13D | AT27: NP W/13D | AU27: NP W/13D | AV27: NP W/13D | AW27: NP W/13D | AX27: NP W/13D | AY27: NP W/13D | AZ27: NP W/13D | BA27: NP W/13D | BB27: NP W/13D | BC27: NP W/13D | BE27: R-2.2 (CA Only) | BF27: NP W/ 13R | BG27: NP W/ 13R | BH27: NP W/ 13R | BI27: NP W/ 13R | BJ27: NP W/ 13R | BK27: NP W/ 13R | BL27: NP W/ 13R | BM27: NP W/ 13R | BN27: NP W/ 13R | BO27: NP W/ 13R | BP27: NP W/ 13R | BQ27: NP W/ 13R
A28: R-3/R-3.1 | B28: UL | C28: 160 | D28: 65 | E28: 55 | F28: 65 | G28: 55 | H28: 65 | I28: 65 | J28: 65 | K28: 65 | L28: 50 | M28: 40 | O28: R-3/R-3.1 | P28: UL | Q28: 160 | R28: 65 | S28: 55 | T28: 65 | U28: 55 | V28: 270 | W28: 180 | X28: 85 | Y28: 85 | Z28: 50 | AA28: 40 | AC28: R-3/R-3.1 | AD28: No Limitations | AE28: No Limitations | AF28: No Limitations | AG28: No Limitations | AH28: No Limitations | AI28: No Limitations | AJ28: No Limitations | AK28: No Limitations | AL28: No Limitations | AM28: No Limitations | AN28: No Limitations | AO28: No Limitations | AQ28: R-3/R-3.1 | AR28: 60 | AS28: 60 | AT28: 60 | AU28: 55 | AV28: 60 | AW28: 55 | AX28: 60 | AY28: 60 | AZ28: 60 | BA28: 60 | BB28: 50 | BC28: 40 | BE28: R-3/R-3.1 | BF28: 60 | BG28: 60 | BH28: 60 | BI28: 55 | BJ28: 60 | BK28: 55 | BL28: 60 | BM28: 60 | BN28: 60 | BO28: 60 | BP28: 50 | BQ28: 40
A29: R-4 | B29: UL | C29: 160 | D29: 65 | E29: 55 | F29: 65 | G29: 55 | H29: 65 | I29: 65 | J29: 65 | K29: 65 | L29: 50 | M29: 40 | O29: R-4 | P29: UL | Q29: 180 | R29: 85 | S29: 75 | T29: 85 | U29: 75 | V29: 270 | W29: 180 | X29: 85 | Y29: 85 | Z29: 70 | AA29: 60 | AC29: R-4 | AD29: No Limitations | AE29: No Limitations | AF29: No Limitations | AG29: No Limitations | AH29: No Limitations | AI29: No Limitations | AJ29: No Limitations | AK29: No Limitations | AL29: No Limitations | AM29: No Limitations | AN29: No Limitations | AO29: No Limitations | AQ29: R-4 | AR29: 60 | AS29: 60 | AT29: 60 | AU29: 60 | AV29: 60 | AW29: 60 | AX29: 60 | AY29: 60 | AZ29: 60 | BA29: 60 | BB29: 50 | BC29: 40 | BE29: R-4 | BF29: 60 | BG29: 60 | BH29: 60 | BI29: 60 | BJ29: 60 | BK29: 60 | BL29: 60 | BM29: 60 | BN29: 60 | BO29: 60 | BP29: 60 | BQ29: 60
A30: S-1 | B30: UL | C30: 160 | D30: 65 | E30: 55 | F30: 65 | G30: 55 | H30: 65 | I30: 65 | J30: 65 | K30: 65 | L30: 50 | M30: 40 | O30: S-1 | P30: UL | Q30: 180 | R30: 85 | S30: 75 | T30: 85 | U30: 75 | V30: 270 | W30: 180 | X30: 85 | Y30: 85 | Z30: 70 | AA30: 60 | AC30: S-1 | AD30: No Limitations | AE30: No Limitations | AF30: No Limitations | AG30: No Limitations | AH30: No Limitations | AI30: No Limitations | AJ30: No Limitations | AK30: No Limitations | AL30: No Limitations | AM30: No Limitations | AN30: No Limitations | AO30: No Limitations | AQ30: S-1 | AR30: NP W/13D | AS30: NP W/13D | AT30: NP W/13D | AU30: NP W/13D | AV30: NP W/13D | AW30: NP W/13D | AX30: NP W/13D | AY30: NP W/13D | AZ30: NP W/13D | BA30: NP W/13D | BB30: NP W/13D | BC30: NP W/13D | BE30: S-1 | BF30: NP W/ 13R | BG30: NP W/ 13R | BH30: NP W/ 13R | BI30: NP W/ 13R | BJ30: NP W/ 13R | BK30: NP W/ 13R | BL30: NP W/ 13R | BM30: NP W/ 13R | BN30: NP W/ 13R | BO30: NP W/ 13R | BP30: NP W/ 13R | BQ30: NP W/ 13R
A31: S-2 | B31: UL | C31: 160 | D31: 65 | E31: 55 | F31: 65 | G31: 55 | H31: 65 | I31: 65 | J31: 65 | K31: 65 | L31: 50 | M31: 40 | O31: S-2 | P31: UL | Q31: 180 | R31: 85 | S31: 75 | T31: 85 | U31: 75 | V31: 270 | W31: 180 | X31: 85 | Y31: 85 | Z31: 70 | AA31: 60 | AC31: S-2 | AD31: No Limitations | AE31: No Limitations | AF31: No Limitations | AG31: No Limitations | AH31: No Limitations | AI31: No Limitations | AJ31: No Limitations | AK31: No Limitations | AL31: No Limitations | AM31: No Limitations | AN31: No Limitations | AO31: No Limitations | AQ31: S-2 | AR31: NP W/13D | AS31: NP W/13D | AT31: NP W/13D | AU31: NP W/13D | AV31: NP W/13D | AW31: NP W/13D | AX31: NP W/13D | AY31: NP W/13D | AZ31: NP W/13D | BA31: NP W/13D | BB31: NP W/13D | BC31: NP W/13D | BE31: S-2 | BF31: NP W/ 13R | BG31: NP W/ 13R | BH31: NP W/ 13R | BI31: NP W/ 13R | BJ31: NP W/ 13R | BK31: NP W/ 13R | BL31: NP W/ 13R | BM31: NP W/ 13R | BN31: NP W/ 13R | BO31: NP W/ 13R | BP31: NP W/ 13R | BQ31: NP W/ 13R
A32: U | B32: UL | C32: 160 | D32: 65 | E32: 55 | F32: 65 | G32: 55 | H32: 65 | I32: 65 | J32: 65 | K32: 65 | L32: 50 | M32: 40 | O32: U | P32: UL | Q32: 180 | R32: 85 | S32: 75 | T32: 85 | U32: 75 | V32: 270 | W32: 180 | X32: 85 | Y32: 85 | Z32: 70 | AA32: 60 | AC32: U | AD32: No Limitations | AE32: No Limitations | AF32: No Limitations | AG32: No Limitations | AH32: No Limitations | AI32: No Limitations | AJ32: No Limitations | AK32: No Limitations | AL32: No Limitations | AM32: No Limitations | AN32: No Limitations | AO32: No Limitations | AQ32: U | AR32: NP W/13D | AS32: NP W/13D | AT32: NP W/13D | AU32: NP W/13D | AV32: NP W/13D | AW32: NP W/13D | AX32: NP W/13D | AY32: NP W/13D | AZ32: NP W/13D | BA32: NP W/13D | BB32: NP W/13D | BC32: NP W/13D | BE32: U | BF32: NP W/ 13R | BG32: NP W/ 13R | BH32: NP W/ 13R | BI32: NP W/ 13R | BJ32: NP W/ 13R | BK32: NP W/ 13R | BL32: NP W/ 13R | BM32: NP W/ 13R | BN32: NP W/ 13R | BO32: NP W/ 13R | BP32: NP W/ 13R | BQ32: NP W/ 13R
A33: =INDEX(TableHtNS,MATCH(A37,OccHtNS,0),MATCH(B37,ConstructionHtNS,0)) -> 40 | O33: =INDEX(TableHtSS,MATCH(A37,OccHtSS,0),MATCH(B37,ConstructionHtSS,0)) -> 60 | AC33: =INDEX(TableHtAIL,MATCH(A37,OccHtAIL,0),MATCH(B37,ConstructionHtAIL,0)) -> No Limitations | AQ33: =INDEX(TableHt13D,MATCH(A37,OccHt13D,0),MATCH(B37,ConstructionHt13D,0)) -> NP W/13D | BE33: =INDEX(TableHt13R,MATCH(A37,OccHt13R,0),MATCH(B37,ConstructionHt13R,0)) -> NP W/ 13R
A36: DO NOT OVERIDE BELOW
A37: ='2021-2024 Frontage Increase'!B5 -> B | B37: ='2021-2024 Frontage Increase'!B6 -> V-B
A39: Note: UL = Unlimited; NP = Not Permitted;
A41: For SI: 1 square foot = 304.8 mm
A43: NS = Buildings not equipped throughout with an automatic sprinkler system.
A44: S = Buildings equipped throughout with an automatic sprinkler system in accordance with Section 903.3.1.1.
A45: S13R = Buildings equipped throughout with an automatic sprinkler system in accordance with Section 903.3.1.2
A46: S13D = Buildings equipped throughout with an automatic sprinkler system in accordance with Section 903.3.1.3.

Sheet 2021 Stories Table 504.4
A1: NOT SPRINKLED | P1: SPRINKLED (S1 & SM) | AE1: AREA INCREASE LIMITATIONS | AT1: SPRINKLED 13D | BI1: SPRINKLED 13R
B2: I-A | C2: I-B | D2: II-A | E2: II-B | F2: III-A | G2: III-B | H2: IV-A | I2: IV-B | J2: IV-C | K2: IV-HT | L2: V-A | M2: V-B | Q2: I-A | R2: I-B | S2: II-A | T2: II-B | U2: III-A | V2: III-B | W2: IV-A | X2: IV-B | Y2: IV-C | Z2: IV-HT | AA2: V-A | AB2: V-B | AF2: I-A | AG2: I-B | AH2: II-A | AI2: II-B | AJ2: III-A | AK2: III-B | AL2: IV-A | AM2: IV-B | AN2: IV-C | AO2: IV-HT | AP2: V-A | AQ2: V-B | AU2: I-A | AV2: I-B | AW2: II-A | AX2: II-B | AY2: III-A | AZ2: III-B | BA2: IV-A | BB2: IV-B | BC2: IV-C | BD2: IV-HT | BE2: V-A | BF2: V-B | BI2: 0 | BJ2: I-A | BK2: I-B | BL2: II-A | BM2: II-B | BN2: III-A | BO2: III-B | BP2: IV-A | BQ2: IV-B | BR2: IV-C | BS2: IV-HT | BT2: V-A | BU2: V-B
A3: A-1 | B3: UL | C3: 5 | D3: 3 | E3: 2 | F3: 3 | G3: 2 | H3: 3 | I3: 3 | J3: 3 | K3: 3 | L3: 2 | M3: 1 | N3: NS | P3: A-1 | Q3: UL | R3: 6 | S3: 4 | T3: 3 | U3: 4 | V3: 3 | W3: 9 | X3: 6 | Y3: 4 | Z3: 4 | AA3: 3 | AB3: 2 | AC3: S (without area increase) | AE3: A-1 | AF3: UL | AG3: 5 | AH3: 3 | AI3: 2 | AJ3: 3 | AK3: 2 | AL3: 3 | AM3: 3 | AN3: 3 | AO3: 3 | AP3: 2 | AQ3: 1 | AR3: S (with area increase) | AT3: A-1 | AU3: NP W/ 13D | AV3: NP W/ 13D | AW3: NP W/ 13D | AX3: NP W/ 13D | AY3: NP W/ 13D | AZ3: NP W/ 13D | BA3: NP W/ 13D | BB3: NP W/ 13D | BC3: NP W/ 13D | BD3: NP W/ 13D | BE3: NP W/ 13D | BF3: NP W/ 13D | BI3: A-1 | BJ3: NP W/13R | BK3: NP W/13R | BL3: NP W/13R | BM3: NP W/13R | BN3: NP W/13R | BO3: NP W/13R | BP3: NP W/13R | BQ3: NP W/13R | BR3: NP W/13R | BS3: NP W/13R | BT3: NP W/13R | BU3: NP W/13R
A4: A-2 | B4: UL | C4: 11 | D4: 3 | E4: 2 | F4: 3 | G4: 2 | H4: 3 | I4: 3 | J4: 3 | K4: 3 | L4: 2 | M4: 1 | N4: NS | P4: A-2 | Q4: UL | R4: 12 | S4: 4 | T4: 3 | U4: 4 | V4: 3 | W4: 18 | X4: 12 | Y4: 6 | Z4: 4 | AA4: 3 | AB4: 2 | AC4: S (without area increase) | AE4: A-2 | AF4: UL | AG4: 11 | AH4: 3 | AI4: 2 | AJ4: 3 | AK4: 2 | AL4: 3 | AM4: 3 | AN4: 3 | AO4: 3 | AP4: 2 | AQ4: 1 | AR4: S (with area increase) | AT4: A-2 | AU4: NP W/ 13D | AV4: NP W/ 13D | AW4: NP W/ 13D | AX4: NP W/ 13D | AY4: NP W/ 13D | AZ4: NP W/ 13D | BA4: NP W/ 13D | BB4: NP W/ 13D | BC4: NP W/ 13D | BD4: NP W/ 13D | BE4: NP W/ 13D | BF4: NP W/ 13D | BI4: A-2 | BJ4: NP W/13R | BK4: NP W/13R | BL4: NP W/13R | BM4: NP W/13R | BN4: NP W/13R | BO4: NP W/13R | BP4: NP W/13R | BQ4: NP W/13R | BR4: NP W/13R | BS4: NP W/13R | BT4: NP W/13R | BU4: NP W/13R
A5: A-3 | B5: UL | C5: 11 | D5: 3 | E5: 2 | F5: 3 | G5: 2 | H5: 3 | I5: 3 | J5: 3 | K5: 3 | L5: 2 | M5: 1 | N5: NS | P5: A-3 | Q5: UL | R5: 12 | S5: 4 | T5: 3 | U5: 4 | V5: 3 | W5: 18 | X5: 12 | Y5: 6 | Z5: 4 | AA5: 3 | AB5: 2 | AC5: S (without area increase) | AE5: A-3 | AF5: UL | AG5: 11 | AH5: 3 | AI5: 2 | AJ5: 3 | AK5: 2 | AL5: 3 | AM5: 3 | AN5: 3 | AO5: 3 | AP5: 2 | AQ5: 1 | AR5: S (with area increase) | AT5: A-3 | AU5: NP W/ 13D | AV5: NP W/ 13D | AW5: NP W/ 13D | AX5: NP W/ 13D | AY5: NP W/ 13D | AZ5: NP W/ 13D | BA5: NP W/ 13D | BB5: NP W/ 13D | BC5: NP W/ 13D | BD5: NP W/ 13D | BE5: NP W/ 13D | BF5: NP W/ 13D | BI5: A-3 | BJ5: NP W/13R | BK5: NP W/13R | BL5: NP W/13R | BM5: NP W/13R | BN5: NP W/13R | BO5: NP W/13R | BP5: NP W/13R | BQ5: NP W/13R | BR5: NP W/13R | BS5: NP W/13R | BT5: NP W/13R | BU5: NP W/13R
A6: A-4 | B6: UL | C6: 11 | D6: 3 | E6: 2 | F6: 3 | G6: 2 | H6: 3 | I6: 3 | J6: 3 | K6: 3 | L6: 2 | M6: 1 | N6: NS | P6: A-4 | Q6: UL | R6: 12 | S6: 4 | T6: 3 | U6: 4 | V6: 3 | W6: 18 | X6: 12 | Y6: 6 | Z6: 4 | AA6: 3 | AB6: 2 | AC6: S (without area increase) | AE6: A-4 | AF6: UL | AG6: 11 | AH6: 3 | AI6: 2 | AJ6: 3 | AK6: 2 | AL6: 3 | AM6: 3 | AN6: 3 | AO6: 3 | AP6: 2 | AQ6: 1 | AR6: S (with area increase) | AT6: A-4 | AU6: NP W/ 13D | AV6: NP W/ 13D | AW6: NP W/ 13D | AX6: NP W/ 13D | AY6: NP W/ 13D | AZ6: NP W/ 13D | BA6: NP W/ 13D | BB6: NP W/ 13D | BC6: NP W/ 13D | BD6: NP W/ 13D | BE6: NP W/ 13D | BF6: NP W/ 13D | BI6: A-4 | BJ6: NP W/13R | BK6: NP W/13R | BL6: NP W/13R | BM6: NP W/13R | BN6: NP W/13R | BO6: NP W/13R | BP6: NP W/13R | BQ6: NP W/13R | BR6: NP W/13R | BS6: NP W/13R | BT6: NP W/13R | BU6: NP W/13R
A7: A-5 | B7: UL | C7: UL | D7: UL | E7: UL | F7: UL | G7: UL | H7: 1 | I7: 1 | J7: 1 | K7: UL | L7: UL | M7: UL | N7: NS | P7: A-5 | Q7: UL | R7: UL | S7: UL | T7: UL | U7: UL | V7: UL | W7: UL | X7: UL | Y7: UL | Z7: UL | AA7: UL | AB7: UL | AC7: S | AE7: A-5 | AF7: No Limitations | AG7: No Limitations | AH7: No Limitations | AI7: No Limitations | AJ7: No Limitations | AK7: No Limitations | AL7: No Limitations | AM7: No Limitations | AN7: No Limitations | AO7: No Limitations | AP7: No Limitations | AQ7: No Limitations | AT7: A-5 | AU7: NP W/ 13D | AV7: NP W/ 13D | AW7: NP W/ 13D | AX7: NP W/ 13D | AY7: NP W/ 13D | AZ7: NP W/ 13D | BA7: NP W/ 13D | BB7: NP W/ 13D | BC7: NP W/ 13D | BD7: NP W/ 13D | BE7: NP W/ 13D | BF7: NP W/ 13D | BI7: A-5 | BJ7: NP W/13R | BK7: NP W/13R | BL7: NP W/13R | BM7: NP W/13R | BN7: NP W/13R | BO7: NP W/13R | BP7: NP W/13R | BQ7: NP W/13R | BR7: NP W/13R | BS7: NP W/13R | BT7: NP W/13R | BU7: NP W/13R
A8: B | B8: UL | C8: 11 | D8: 5 | E8: 3 | F8: 5 | G8: 3 | H8: 5 | I8: 5 | J8: 5 | K8: 5 | L8: 3 | M8: 2 | N8: NS | P8: B | Q8: UL | R8: 12 | S8: 6 | T8: 4 | U8: 6 | V8: 4 | W8: 18 | X8: 12 | Y8: 9 | Z8: 6 | AA8: 4 | AB8: 3 | AC8: S | AE8: B | AF8: No Limitations | AG8: No Limitations | AH8: No Limitations | AI8: No Limitations | AJ8: No Limitations | AK8: No Limitations | AL8: No Limitations | AM8: No Limitations | AN8: No Limitations | AO8: No Limitations | AP8: No Limitations | AQ8: No Limitations | AT8: B | AU8: NP W/ 13D | AV8: NP W/ 13D | AW8: NP W/ 13D | AX8: NP W/ 13D | AY8: NP W/ 13D | AZ8: NP W/ 13D | BA8: NP W/ 13D | BB8: NP W/ 13D | BC8: NP W/ 13D | BD8: NP W/ 13D | BE8: NP W/ 13D | BF8: NP W/ 13D | BI8: B | BJ8: NP W/13R | BK8: NP W/13R | BL8: NP W/13R | BM8: NP W/13R | BN8: NP W/13R | BO8: NP W/13R | BP8: NP W/13R | BQ8: NP W/13R | BR8: NP W/13R | BS8: NP W/13R | BT8: NP W/13R | BU8: NP W/13R
A9: E | B9: UL | C9: 5 | D9: 3 | E9: 2 | F9: 3 | G9: 2 | H9: 3 | I9: 3 | J9: 3 | K9: 3 | L9: 1 | M9: 1 | N9: NS | P9: E | Q9: UL | R9: 6 | S9: 4 | T9: 3 | U9: 4 | V9: 3 | W9: 9 | X9: 6 | Y9: 4 | Z9: 4 | AA9: 2 | AB9: 2 | AC9: S (without area increase) | AE9: E | AF9: UL | AG9: 5 | AH9: 3 | AI9: 2 | AJ9: 3 | AK9: 2 | AL9: 3 | AM9: 3 | AN9: 3 | AO9: 3 | AP9: 1 | AQ9: 1 | AR9: S (with area increase) | AT9: E | AU9: NP W/ 13D | AV9: NP W/ 13D | AW9: NP W/ 13D | AX9: NP W/ 13D | AY9: NP W/ 13D | AZ9: NP W/ 13D | BA9: NP W/ 13D | BB9: NP W/ 13D | BC9: NP W/ 13D | BD9: NP W/ 13D | BE9: NP W/ 13D | BF9: NP W/ 13D | BI9: E | BJ9: NP W/13R | BK9: NP W/13R | BL9: NP W/13R | BM9: NP W/13R | BN9: NP W/13R | BO9: NP W/13R | BP9: NP W/13R | BQ9: NP W/13R | BR9: NP W/13R | BS9: NP W/13R | BT9: NP W/13R | BU9: NP W/13R
A10: F-1 | B10: UL | C10: 11 | D10: 4 | E10: 2 | F10: 3 | G10: 2 | H10: 3 | I10: 3 | J10: 3 | K10: 4 | L10: 2 | M10: 1 | N10: NS | P10: F-1 | Q10: UL | R10: 12 | S10: 5 | T10: 3 | U10: 4 | V10: 3 | W10: 10 | X10: 7 | Y10: 5 | Z10: 5 | AA10: 3 | AB10: 2 | AC10: S | AE10: F-1 | AF10: No Limitations | AG10: No Limitations | AH10: No Limitations | AI10: No Limitations | AJ10: No Limitations | AK10: No Limitations | AL10: No Limitations | AM10: No Limitations | AN10: No Limitations | AO10: No Limitations | AP10: No Limitations | AQ10: No Limitations | AT10: F-1 | AU10: NP W/ 13D | AV10: NP W/ 13D | AW10: NP W/ 13D | AX10: NP W/ 13D | AY10: NP W/ 13D | AZ10: NP W/ 13D | BA10: NP W/ 13D | BB10: NP W/ 13D | BC10: NP W/ 13D | BD10: NP W/ 13D | BE10: NP W/ 13D | BF10: NP W/ 13D | BI10: F-1 | BJ10: NP W/13R | BK10: NP W/13R | BL10: NP W/13R | BM10: NP W/13R | BN10: NP W/13R | BO10: NP W/13R | BP10: NP W/13R | BQ10: NP W/13R | BR10: NP W/13R | BS10: NP W/13R | BT10: NP W/13R | BU10: NP W/13R
A11: F-2 | B11: UL | C11: 11 | D11: 5 | E11: 3 | F11: 4 | G11: 3 | H11: 5 | I11: 5 | J11: 5 | K11: 5 | L11: 3 | M11: 2 | N11: NS | P11: F-2 | Q11: UL | R11: 12 | S11: 6 | T11: 4 | U11: 5 | V11: 4 | W11: 12 | X11: 8 | Y11: 6 | Z11: 6 | AA11: 4 | AB11: 3 | AC11: S | AE11: F-2 | AF11: No Limitations | AG11: No Limitations | AH11: No Limitations | AI11: No Limitations | AJ11: No Limitations | AK11: No Limitations | AL11: No Limitations | AM11: No Limitations | AN11: No Limitations | AO11: No Limitations | AP11: No Limitations | AQ11: No Limitations | AT11: F-2 | AU11: NP W/ 13D | AV11: NP W/ 13D | AW11: NP W/ 13D | AX11: NP W/ 13D | AY11: NP W/ 13D | AZ11: NP W/ 13D | BA11: NP W/ 13D | BB11: NP W/ 13D | BC11: NP W/ 13D | BD11: NP W/ 13D | BE11: NP W/ 13D | BF11: NP W/ 13D | BI11: F-2 | BJ11: NP W/13R | BK11: NP W/13R | BL11: NP W/13R | BM11: NP W/13R | BN11: NP W/13R | BO11: NP W/13R | BP11: NP W/13R | BQ11: NP W/13R | BR11: NP W/13R | BS11: NP W/13R | BT11: NP W/13R | BU11: NP W/13R
A12: H-1 | B12: 1 | C12: 1 | D12: 1 | E12: 1 | F12: 1 | G12: 1 | H12: NP | I12: NP | J12: NP | K12: 1 | L12: 1 | M12: NP W/ V-B Construction | N12: NS | P12: H-1 | Q12: 1 | R12: 1 | S12: 1 | T12: 1 | U12: 1 | V12: 1 | W12: 1 | X12: 1 | Y12: 1 | Z12: 1 | AA12: 1 | AB12: NP W/ V-B Construction | AC12: S | AE12: H-1 | AF12: 1 | AG12: 1 | AH12: 1 | AI12: 1 | AJ12: 1 | AK12: 1 | AL12: NP | AM12: NP | AN12: NP | AO12: 1 | AP12: 1 | AQ12: NP W/ V-B Construction | AT12: H-1 | AU12: NP W/ 13D | AV12: NP W/ 13D | AW12: NP W/ 13D | AX12: NP W/ 13D | AY12: NP W/ 13D | AZ12: NP W/ 13D | BA12: NP W/ 13D | BB12: NP W/ 13D | BC12: NP W/ 13D | BD12: NP W/ 13D | BE12: NP W/ 13D | BF12: NP W/ V-B Construction | BI12: H-1 | BJ12: NP W/13R | BK12: NP W/13R | BL12: NP W/13R | BM12: NP W/13R | BN12: NP W/13R | BO12: NP W/13R | BP12: NP W/13R | BQ12: NP W/13R | BR12: NP W/13R | BS12: NP W/13R | BT12: NP W/13R | BU12: NP W/ V-B Construction
A13: H-2 | B13: 20 | C13: 3 | D13: 2 | E13: 1 | F13: 2 | G13: 1 | H13: 1 | I13: 1 | J13: 1 | K13: 2 | L13: 1 | M13: NP W/ V-B Construction | N13: NS | P13: H-2 | Q13: 20 | R13: 3 | S13: 2 | T13: 1 | U13: 2 | V13: 1 | W13: 2 | X13: 2 | Y13: 2 | Z13: 2 | AA13: 1 | AB13: 1 | AC13: S | AE13: H-2 | AF13: No Limitations | AG13: No Limitations | AH13: No Limitations | AI13: No Limitations | AJ13: No Limitations | AK13: No Limitations | AL13: No Limitations | AM13: No Limitations | AN13: No Limitations | AO13: No Limitations | AP13: No Limitations | AQ13: No Limitations | AT13: H-2 | AU13: NP W/ 13D | AV13: NP W/ 13D | AW13: NP W/ 13D | AX13: NP W/ 13D | AY13: NP W/ 13D | AZ13: NP W/ 13D | BA13: NP W/ 13D | BB13: NP W/ 13D | BC13: NP W/ 13D | BD13: NP W/ 13D | BE13: NP W/ 13D | BF13: NP W/ 13D | BI13: H-2 | BJ13: NP W/13R | BK13: NP W/13R | BL13: NP W/13R | BM13: NP W/13R | BN13: NP W/13R | BO13: NP W/13R | BP13: NP W/13R | BQ13: NP W/13R | BR13: NP W/13R | BS13: NP W/13R | BT13: NP W/13R | BU13: NP W/13R
A14: H-3 | B14: 20 | C14: 6 | D14: 4 | E14: 2 | F14: 4 | G14: 2 | H14: 3 | I14: 3 | J14: 3 | K14: 4 | L14: 2 | M14: 1 | N14: NS | P14: H-3 | Q14: 20 | R14: 6 | S14: 4 | T14: 2 | U14: 4 | V14: 2 | W14: 4 | X14: 4 | Y14: 4 | Z14: 4 | AA14: 2 | AB14: 1 | AC14: S | AE14: H-3 | AF14: No Limitations | AG14: No Limitations | AH14: No Limitations | AI14: No Limitations | AJ14: No Limitations | AK14: No Limitations | AL14: No Limitations | AM14: No Limitations | AN14: No Limitations | AO14: No Limitations | AP14: No Limitations | AQ14: No Limitations | AT14: H-3 | AU14: NP W/ 13D | AV14: NP W/ 13D | AW14: NP W/ 13D | AX14: NP W/ 13D | AY14: NP W/ 13D | AZ14: NP W/ 13D | BA14: NP W/ 13D | BB14: NP W/ 13D | BC14: NP W/ 13D | BD14: NP W/ 13D | BE14: NP W/ 13D | BF14: NP W/ 13D | BI14: H-3 | BJ14: NP W/13R | BK14: NP W/13R | BL14: NP W/13R | BM14: NP W/13R | BN14: NP W/13R | BO14: NP W/13R | BP14: NP W/13R | BQ14: NP W/13R | BR14: NP W/13R | BS14: NP W/13R | BT14: NP W/13R | BU14: NP W/13R
A15: H-4 | B15: 20 | C15: 7 | D15: 5 | E15: 3 | F15: 5 | G15: 3 | H15: 5 | I15: 5 | J15: 5 | K15: 5 | L15: 3 | M15: 2 | N15: NS | P15: H-4 | Q15: 20 | R15: 8 | S15: 6 | T15: 4 | U15: 6 | V15: 4 | W15: 8 | X15: 7 | Y15: 6 | Z15: 6 | AA15: 4 | AB15: 3 | AC15: S (without area increase) | AE15: H-4 | AF15: 20 | AG15: 7 | AH15: 5 | AI15: 3 | AJ15: 5 | AK15: 3 | AL15: 5 | AM15: 5 | AN15: 5 | AO15: 5 | AP15: 3 | AQ15: 2 | AR15: S (with area increase) | AT15: H-4 | AU15: NP W/ 13D | AV15: NP W/ 13D | AW15: NP W/ 13D | AX15: NP W/ 13D | AY15: NP W/ 13D | AZ15: NP W/ 13D | BA15: NP W/ 13D | BB15: NP W/ 13D | BC15: NP W/ 13D | BD15: NP W/ 13D | BE15: NP W/ 13D | BF15: NP W/ 13D | BI15: H-4 | BJ15: NP W/13R | BK15: NP W/13R | BL15: NP W/13R | BM15: NP W/13R | BN15: NP W/13R | BO15: NP W/13R | BP15: NP W/13R | BQ15: NP W/13R | BR15: NP W/13R | BS15: NP W/13R | BT15: NP W/13R | BU15: NP W/13R
A16: H-5 | B16: 4 | C16: 4 | D16: 3 | E16: 3 | F16: 3 | G16: 3 | H16: 2 | I16: 2 | J16: 2 | K16: 3 | L16: 3 | M16: 2 | N16: NS | P16: H-5 | Q16: 4 | R16: 4 | S16: 3 | T16: 3 | U16: 3 | V16: 3 | W16: 3 | X16: 3 | Y16: 3 | Z16: 3 | AA16: 3 | AB16: 2 | AC16: S | AE16: H-5 | AF16: No Limitations | AG16: No Limitations | AH16: No Limitations | AI16: No Limitations | AJ16: No Limitations | AK16: No Limitations | AL16: No Limitations | AM16: No Limitations | AN16: No Limitations | AO16: No Limitations | AP16: No Limitations | AQ16: No Limitations | AT16: H-5 | AU16: NP W/ 13D | AV16: NP W/ 13D | AW16: NP W/ 13D | AX16: NP W/ 13D | AY16: NP W/ 13D | AZ16: NP W/ 13D | BA16: NP W/ 13D | BB16: NP W/ 13D | BC16: NP W/ 13D | BD16: NP W/ 13D | BE16: NP W/ 13D | BF16: NP W/ 13D | BI16: H-5 | BJ16: NP W/13R | BK16: NP W/13R | BL16: NP W/13R | BM16: NP W/13R | BN16: NP W/13R | BO16: NP W/13R | BP16: NP W/13R | BQ16: NP W/13R | BR16: NP W/13R | BS16: NP W/13R | BT16: NP W/13R | BU16: NP W/13R
A17: I-1 Cond. 1 | B17: UL | C17: 9 | D17: 4 | E17: 3 | F17: 4 | G17: 3 | H17: 4 | I17: 4 | J17: 4 | K17: 4 | L17: 3 | M17: 2 | N17: NS | P17: I-1 Cond. 1 | Q17: UL | R17: 10 | S17: 5 | T17: 4 | U17: 5 | V17: 4 | W17: 10 | X17: 7 | Y17: 5 | Z17: 5 | AA17: 4 | AB17: 3 | AC17: S | AE17: I-1 Cond. 1 | AF17: NP | AG17: NP | AH17: NP | AI17: NP | AJ17: NP | AK17: NP | AL17: NP | AM17: NP | AN17: NP | AO17: NP | AP17: NP | AQ17: NP | AR17: NS | AT17: I-1 Cond. 1 | AU17: NP W/ 13D | AV17: NP W/ 13D | AW17: NP W/ 13D | AX17: NP W/ 13D | AY17: NP W/ 13D | AZ17: NP W/ 13D | BA17: NP W/ 13D | BB17: NP W/ 13D | BC17: NP W/ 13D | BD17: NP W/ 13D | BE17: NP W/ 13D | BF17: NP W/ 13D | BI17: I-1 Cond. 1 | BJ17: UL | BK17: 9 | BL17: 4 | BM17: 3 | BN17: 4 | BO17: 3 | BP17: 4 | BQ17: 4 | BR17: 4 | BS17: 4 | BT17: 3 | BU17: 2 | BV17: S13R
A18: I-1 Cond. 2 | B18: UL | C18: 9 | D18: 4 | E18: 3 | F18: 4 | G18: 3 | H18: 3 | I18: 3 | J18: 3 | K18: 4 | L18: 3 | M18: 2 | N18: NS | P18: I-1 Cond. 2 | Q18: UL | R18: 10 | S18: 5 | T18: 3 | U18: 4 | V18: 3 | W18: 10 | X18: 6 | Y18: 4 | Z18: 4 | AA18: 3 | AB18: 2 | AC18: S | AE18: I-1 Cond. 2 | AF18: NP | AG18: NP | AH18: NP | AI18: NP | AJ18: NP | AK18: NP | AL18: NP | AM18: NP | AN18: NP | AO18: NP | AP18: NP | AQ18: NP | AR18: NS | AT18: I-1 Cond. 2 | AU18: NP W/ 13D | AV18: NP W/ 13D | AW18: NP W/ 13D | AX18: NP W/ 13D | AY18: NP W/ 13D | AZ18: NP W/ 13D | BA18: NP W/ 13D | BB18: NP W/ 13D | BC18: NP W/ 13D | BD18: NP W/ 13D | BE18: NP W/ 13D | BF18: NP W/ 13D | BI18: I-1 Cond. 2 | BJ18: NP W/13R | BK18: NP W/13R | BL18: NP W/13R | BM18: NP W/13R | BN18: NP W/13R | BO18: NP W/13R | BP18: NP W/13R | BQ18: NP W/13R | BR18: NP W/13R | BS18: NP W/13R | BT18: NP W/13R | BU18: NP W/13R
A19: I-2/I-2.1 | B19: UL | C19: 4 | D19: 2 | E19: 1 | F19: 1 | G19: NP W/ III-B or V-B Construction | H19: NP | I19: NP | J19: NP | K19: 1 | L19: 1 | M19: NP W/ III-B or V-B Construction | N19: NS | P19: I-2/I-2.1 | Q19: UL | R19: 5 | S19: 3 | T19: 1 | U19: 1 | V19: NP W/ III-B or V-B Construction | W19: 7 | X19: 5 | Y19: 1 | Z19: 1 | AA19: 1 | AB19: NP W/ III-B or V-B Construction | AC19: S (without area increase) | AE19: I-2/I-2.1 | AF19: UL | AG19: 4 | AH19: 2 | AI19: 1 | AJ19: 1 | AK19: NP W/ III-B or V-B Construction | AL19: NP | AM19: NP | AN19: NP | AO19: 1 | AP19: 1 | AQ19: NP W/ III-B or V-B Construction | AR19: S (with area increase) | AT19: I-2/I-2.1 | AU19: NP W/ 13D | AV19: NP W/ 13D | AW19: NP W/ 13D | AX19: NP W/ 13D | AY19: NP W/ 13D | AZ19: NP W/ III-B or V-B | BA19: NP W/ III-B or V-B | BB19: NP W/ III-B or V-B | BC19: NP W/ 13D | BD19: NP W/ 13D | BE19: NP W/ 13D | BF19: NP W/ 13D | BI19: I-2/I-2.1 | BJ19: NP W/13R | BK19: NP W/13R | BL19: NP W/13R | BM19: NP W/13R | BN19: NP W/13R | BO19: NP W/ III-B or V-B | BP19: NP W/13R | BQ19: NP W/13R | BR19: NP W/13R | BS19: NP W/13R | BT19: NP W/13R | BU19: NP W/13R
A20: I-3 | B20: NP W/O S1 or SM Spinklers | C20: NP W/O S1 or SM Spinklers | D20: NP W/O S1 or SM Spinklers | E20: NP W/O S1 or SM Spinklers | F20: NP W/O S1 or SM Spinklers | G20: NP / Use I-A or I-B Construction | H20: NP W/O S1 or SM Spinklers | I20: NP W/O S1 or SM Spinklers | J20: NP W/O S1 or SM Spinklers | K20: NP W/O S1 or SM Spinklers | L20: NP W/O S1 or SM Spinklers | M20: NP W/O S1 or SM Spinklers | N20: NS | P20: I-3 | Q20: UL | R20: 5 | S20: 3 | T20: 2 | U20: 3 | V20: 2 | W20: 7 | X20: 5 | Y20: 3 | Z20: 3 | AA20: 3 | AB20: 2 | AC20: S (without area increase) | AE20: I-3 | AF20: UL | AG20: 2 | AH20: NP / Use I-A or I-B Construction | AI20: NP / Use I-A or I-B Construction | AJ20: NP / Use I-A or I-B Construction | AK20: NP / Use I-A or I-B Construction | AL20: NP / Use I-A or I-B Construction | AM20: NP / Use I-A or I-B Construction | AN20: NP / Use I-A or I-B Construction | AO20: NP / Use I-A or I-B Construction | AP20: NP / Use I-A or I-B Construction | AQ20: NP / Use I-A or I-B Construction | AR20: S (with area increase) | AT20: I-3 | AU20: NP W/ 13D | AV20: NP W/ 13D | AW20: NP W/ 13D | AX20: NP W/ 13D | AY20: NP W/ 13D | AZ20: NP W/ 13D | BA20: NP W/ 13D | BB20: NP W/ 13D | BC20: NP W/ 13D | BD20: NP W/ 13D | BE20: NP W/ 13D | BF20: NP W/ 13D | BI20: I-3 | BJ20: NP W/13R | BK20: NP W/13R | BL20: NP W/13R | BM20: NP W/13R | BN20: NP W/13R | BO20: NP W/13R | BP20: NP W/13R | BQ20: NP W/13R | BR20: NP W/13R | BS20: NP W/13R | BT20: NP W/13R | BU20: NP W/13R
A21: I-4 | B21: UL | C21: 5 | D21: 3 | E21: 2 | F21: 3 | G21: 2 | H21: 3 | I21: 3 | J21: 3 | K21: 3 | L21: 1 | M21: 1 | N21: NS | P21: I-4 | Q21: UL | R21: 6 | S21: 4 | T21: 3 | U21: 4 | V21: 3 | W21: 9 | X21: 6 | Y21: 4 | Z21: 4 | AA21: 2 | AB21: 2 | AC21: S (without area increase) | AE21: I-4 | AF21: UL | AG21: 5 | AH21: 3 | AI21: 2 | AJ21: 3 | AK21: 2 | AL21: 3 | AM21: 3 | AN21: 3 | AO21: 3 | AP21: 1 | AQ21: 1 | AR21: S (with area increase) | AT21: I-4 | AU21: NP W/ 13D | AV21: NP W/ 13D | AW21: NP W/ 13D | AX21: NP W/ 13D | AY21: NP W/ 13D | AZ21: NP W/ 13D | BA21: NP W/ 13D | BB21: NP W/ 13D | BC21: NP W/ 13D | BD21: NP W/ 13D | BE21: NP W/ 13D | BF21: NP W/ 13D | BI21: I-4 | BJ21: NP W/13R | BK21: NP W/13R | BL21: NP W/13R | BM21: NP W/13R | BN21: NP W/13R | BO21: NP W/13R | BP21: NP W/13R | BQ21: NP W/13R | BR21: NP W/13R | BS21: NP W/13R | BT21: NP W/13R | BU21: NP W/13R
A22: L | B22: NP W/O S1 or SM Spinklers | C22: NP W/O S1 or SM Spinklers | D22: NP W/O S1 or SM Spinklers | E22: NP W/O S1 or SM Spinklers | F22: NP W/O S1 or SM Spinklers | G22: NP W/O S1 or SM Spinklers | H22: NP W/O S1 or SM Spinklers | I22: NP W/O S1 or SM Spinklers | J22: NP W/O S1 or SM Spinklers | K22: NP W/O S1 or SM Spinklers | L22: NP W/O S1 or SM Spinklers | M22: NP W/O S1 or SM Spinklers | N22: NS | P22: L | Q22: 20 | R22: 6 | S22: 5 | T22: 3 | U22: 5 | V22: 3 | W22: 5 | X22: 5 | Y22: 5 | Z22: 5 | AA22: 3 | AB22: 2 | AC22: S | AE22: L | AF22: No Limitations | AG22: No Limitations | AH22: No Limitations | AI22: No Limitations | AJ22: No Limitations | AK22: No Limitations | AL22: No Limitations | AM22: No Limitations | AN22: No Limitations | AO22: No Limitations | AP22: No Limitations | AQ22: No Limitations | AT22: L | AU22: NP W/ 13D | AV22: NP W/ 13D | AW22: NP W/ 13D | AX22: NP W/ 13D | AY22: NP W/ 13D | AZ22: NP W/ 13D | BA22: NP W/ 13D | BB22: NP W/ 13D | BC22: NP W/ 13D | BD22: NP W/ 13D | BE22: NP W/ 13D | BF22: NP W/ 13D | BI22: L | BJ22: NP W/13R | BK22: NP W/13R | BL22: NP W/13R | BM22: NP W/13R | BN22: NP W/13R | BO22: NP W/13R | BP22: NP W/13R | BQ22: NP W/13R | BR22: NP W/13R | BS22: NP W/13R | BT22: NP W/13R | BU22: NP W/13R
A23: M | B23: UL | C23: 11 | D23: 4 | E23: 2 | F23: 4 | G23: 2 | H23: 4 | I23: 4 | J23: 4 | K23: 4 | L23: 3 | M23: 1 | N23: NS | P23: M | Q23: UL | R23: 12 | S23: 5 | T23: 3 | U23: 5 | V23: 3 | W23: 12 | X23: 8 | Y23: 6 | Z23: 5 | AA23: 4 | AB23: 2 | AC23: S | AE23: M | AF23: No Limitations | AG23: No Limitations | AH23: No Limitations | AI23: No Limitations | AJ23: No Limitations | AK23: No Limitations | AL23: No Limitations | AM23: No Limitations | AN23: No Limitations | AO23: No Limitations | AP23: No Limitations | AQ23: No Limitations | AT23: M | AU23: NP W/ 13D | AV23: NP W/ 13D | AW23: NP W/ 13D | AX23: NP W/ 13D | AY23: NP W/ 13D | AZ23: NP W/ 13D | BA23: NP W/ 13D | BB23: NP W/ 13D | BC23: NP W/ 13D | BD23: NP W/ 13D | BE23: NP W/ 13D | BF23: NP W/ 13D | BI23: M | BJ23: NP W/13R | BK23: NP W/13R | BL23: NP W/13R | BM23: NP W/13R | BN23: NP W/13R | BO23: NP W/13R | BP23: NP W/13R | BQ23: NP W/13R | BR23: NP W/13R | BS23: NP W/13R | BT23: NP W/13R | BU23: NP W/13R
A24: R-1 | B24: UL | C24: 11 | D24: 4 | E24: 4 | F24: 4 | G24: 4 | H24: 4 | I24: 4 | J24: 4 | K24: 4 | L24: 3 | M24: 2 | N24: NS | P24: R-1 | Q24: UL | R24: 12 | S24: 5 | T24: 5 | U24: 5 | V24: 5 | W24: 18 | X24: 12 | Y24: 8 | Z24: 5 | AA24: 4 | AB24: 3 | AC24: S (without area increase) | AE24: R-1 | AF24: UL | AG24: 11 | AH24: 4 | AI24: 4 | AJ24: 4 | AK24: 4 | AL24: 4 | AM24: 4 | AN24: 4 | AO24: 4 | AP24: 3 | AQ24: 2 | AR24: S (with area increase) | AT24: R-1 | AU24: NP W/ 13D | AV24: NP W/ 13D | AW24: NP W/ 13D | AX24: NP W/ 13D | AY24: NP W/ 13D | AZ24: NP W/ 13D | BA24: NP W/ 13D | BB24: NP W/ 13D | BC24: NP W/ 13D | BD24: NP W/ 13D | BE24: NP W/ 13D | BF24: NP W/ 13D | BI24: R-1 | BJ24: 4 | BK24: 4 | BL24: 4 | BM24: 4 | BN24: 4 | BO24: 4 | BP24: 4 | BQ24: 4 | BR24: 4 | BS24: 4 | BT24: 3 | BU24: 2 | BV24: S13R
A25: R-2 | B25: UL | C25: 11 | D25: 4 | E25: 4 | F25: 4 | G25: 4 | H25: 4 | I25: 4 | J25: 4 | K25: 4 | L25: 3 | M25: 2 | N25: NS | P25: R-2 | Q25: UL | R25: 12 | S25: 5 | T25: 5 | U25: 5 | V25: 5 | W25: 18 | X25: 12 | Y25: 8 | Z25: 5 | AA25: 4 | AB25: 3 | AC25: S (without area increase) | AE25: R-2 | AF25: UL | AG25: 11 | AH25: 4 | AI25: 4 | AJ25: 4 | AK25: 4 | AL25: 4 | AM25: 4 | AN25: 4 | AO25: 4 | AP25: 4 | AQ25: 2 | AR25: S (with area increase) | AT25: R-2 | AU25: NP W/ 13D | AV25: NP W/ 13D | AW25: NP W/ 13D | AX25: NP W/ 13D | AY25: NP W/ 13D | AZ25: NP W/ 13D | BA25: NP W/ 13D | BB25: NP W/ 13D | BC25: NP W/ 13D | BD25: NP W/ 13D | BE25: NP W/ 13D | BF25: NP W/ 13D | BI25: R-2 | BJ25: 4 | BK25: 4 | BL25: 4 | BM25: 4 | BN25: 4 | BO25: 4 | BP25: 4 | BQ25: 4 | BR25: 4 | BS25: 4 | BT25: 4 | BU25: 3 | BV25: S13R
A26: R-2.2 (CA Only) | B26: NP W/O S1 or SM Spinklers | C26: NP W/O S1 or SM Spinklers | D26: NP W/O S1 or SM Spinklers | E26: NP W/O S1 or SM Spinklers | F26: NP W/O S1 or SM Spinklers | G26: NP W/O S1 or SM Spinklers | H26: NP W/O S1 or SM Spinklers | I26: NP W/O S1 or SM Spinklers | J26: NP W/O S1 or SM Spinklers | K26: NP W/O S1 or SM Spinklers | L26: NP W/O S1 or SM Spinklers | M26: NP W/O S1 or SM Spinklers | N26: NS | P26: R-2.2 (CA Only) | Q26: UL | R26: 12 | S26: 5 | T26: 5 | U26: 5 | V26: 5 | W26: 5 | X26: 12 | Y26: 5 | Z26: 5 | AA26: 4 | AB26: 3 | AC26: S (without area increase) | AE26: R-2.2 (CA Only) | AF26: UL | AG26: 11 | AH26: 4 | AI26: 4 | AJ26: 4 | AK26: 4 | AL26: 4 | AM26: 4 | AN26: 4 | AO26: 4 | AP26: 4 | AQ26: 2 | AR26: S (with area increase) | AT26: R-2.2 (CA Only) | AU26: NP W/ 13D | AV26: NP W/ 13D | AW26: NP W/ 13D | AX26: NP W/ 13D | AY26: NP W/ 13D | AZ26: NP W/ 13D | BA26: NP W/ 13D | BB26: NP W/ 13D | BC26: NP W/ 13D | BD26: NP W/ 13D | BE26: NP W/ 13D | BF26: NP W/ 13D | BI26: R-2.2 (CA Only) | BJ26: NP W/13R | BK26: NP W/13R | BL26: NP W/13R | BM26: NP W/13R | BN26: NP W/13R | BO26: NP W/13R | BP26: NP W/13R | BQ26: NP W/13R | BR26: NP W/13R | BS26: NP W/13R | BT26: NP W/13R | BU26: NP W/13R
A27: R-2.1 | B27: UL | C27: 6 | D27: 3 | E27: NP W/ II-B, III-B, IV-A, IV-B, IV-C, IV-HT, V-B Construction | F27: 3 | G27: NP W/ II-B, III-B, IV-A, IV-B, IV-C, IV-HT, V-B Construction | H27: NP W/ II-B, III-B, IV-A, IV-B, IV-C, IV-HT, V-B Construction | I27: NP W/ II-B, III-B, IV-A, IV-B, IV-C, IV-HT, V-B Construction | J27: NP W/ II-B, III-B, IV-A, IV-B, IV-C, IV-HT, V-B Construction | K27: NP W/ II-B, III-B, IV-A, IV-B, IV-C, IV-HT, V-B Construction | L27: 3 | M27: NP W/ II-B, III-B, IV-A, IV-B, IV-C, IV-HT, V-B Construction | N27: NS | P27: R-2.1 | Q27: UL | R27: 6 | S27: 3 | T27: NP W/ II-B, III-B, IV-A, IV-B, IV-C, IV-HT, V-B Construction | U27: 3 | V27: NP W/ II-B, III-B, IV-A, IV-B, IV-C, IV-HT, V-B Construction | W27: NP W/ II-B, III-B, IV-A, IV-B, IV-C, IV-HT, V-B Construction | X27: NP W/ II-B, III-B, IV-A, IV-B, IV-C, IV-HT, V-B Construction | Y27: NP W/ II-B, III-B, IV-A, IV-B, IV-C, IV-HT, V-B Construction | Z27: NP W/ II-B, III-B, IV-A, IV-B, IV-C, IV-HT, V-B Construction | AA27: 3 | AB27: NP W/ II-B, III-B, IV-A, IV-B, IV-C, IV-HT, V-B Construction | AC27: S | AE27: R-2.1 | AF27: No Limitations | AG27: No Limitations | AH27: No Limitations | AI27: No Limitations | AJ27: No Limitations | AK27: No Limitations | AL27: No Limitations | AM27: No Limitations | AN27: No Limitations | AO27: No Limitations | AP27: No Limitations | AQ27: No Limitations | AT27: R-2.1 | AU27: NP W/ 13D | AV27: NP W/ 13D | AW27: NP W/ 13D | AX27: NP W/ II-B, III-B, IV-HT, V-B Construction | AY27: NP W/ 13D | AZ27: NP W/ II-B, III-B, IV-A, IV-B, IV-C, IV-HT, V-B Construction | BA27: NP W/ II-B, III-B, IV-A, IV-B, IV-C, IV-HT, V-B Construction | BB27: NP W/ II-B, III-B, IV-A, IV-B, IV-C, IV-HT, V-B Construction | BC27: NP W/ II-B, III-B, IV-A, IV-B, IV-C, IV-HT, V-B Construction | BD27: NP W/ II-B, III-B, IV-A, IV-B, IV-C, IV-HT, V-B Construction | BE27: NP W/ 13D | BF27: NP W/ II-B, III-B, IV-A, IV-B, IV-C, IV-HT, V-B Construction | BI27: R-2.1 | BJ27: UL | BK27: 4 | BL27: 3 | BM27: NP W/ II-B, III-B, IV-HT, V-B Construction | BN27: 3 | BO27: NP W/ II-B, III-B, IV-A, IV-B, IV-C, IV-HT, V-B Construction | BP27: NP W/ II-B, III-B, IV-A, IV-B, IV-C, IV-HT, V-B Construction | BQ27: NP W/ II-B, III-B, IV-A, IV-B, IV-C, IV-HT, V-B Construction | BR27: NP W/ II-B, III-B, IV-A, IV-B, IV-C, IV-HT, V-B Construction | BS27: NP W/ II-B, III-B, IV-A, IV-B, IV-C, IV-HT, V-B Construction | BT27: 3 | BU27: NP W/ II-B, III-B, IV-A, IV-B, IV-C, IV-HT, V-B Construction | BV27: S13R
A28: R-3/R-3.1 | B28: UL | C28: 11 | D28: 4 | E28: 4 | F28: 4 | G28: 4 | H28: 4 | I28: 4 | J28: 4 | K28: 4 | L28: 3 | M28: 3 | N28: NS | P28: R-3/R-3.1 | Q28: UL | R28: 12 | S28: 5 | T28: 5 | U28: 5 | V28: 5 | W28: 4 | X28: 12 | Y28: 5 | Z28: 5 | AA28: 4 | AB28: 4 | AC28: S | AE28: R-3/R-3.1 | AF28: No Limitations | AG28: No Limitations | AH28: No Limitations | AI28: No Limitations | AJ28: No Limitations | AK28: No Limitations | AL28: No Limitations | AM28: No Limitations | AN28: No Limitations | AO28: No Limitations | AP28: No Limitations | AQ28: No Limitations | AT28: R-3/R-3.1 | AU28: 4 | AV28: 4 | AW28: 4 | AX28: 4 | AY28: 4 | AZ28: 4 | BA28: 4 | BB28: 4 | BC28: 4 | BD28: 4 | BE28: 3 | BF28: 3 | BG28: S13D | BI28: R-3/R-3.1 | BJ28: 4 | BK28: 4 | BL28: 4 | BM28: 4 | BN28: 4 | BO28: 4 | BP28: 4 | BQ28: 4 | BR28: 4 | BS28: 4 | BT28: 4 | BU28: 4 | BV28: S13R
A29: R-4 | B29: UL | C29: 11 | D29: 4 | E29: 4 | F29: 4 | G29: 4 | H29: 4 | I29: 4 | J29: 4 | K29: 4 | L29: 3 | M29: 2 | N29: NS | P29: R-4 | Q29: UL | R29: 11 | S29: 5 | T29: 5 | U29: 5 | V29: 5 | W29: 4 | X29: 12 | Y29: 5 | Z29: 5 | AA29: 4 | AB29: 3 | AC29: S | AE29: R-4 | AF29: No Limitations | AG29: No Limitations | AH29: No Limitations | AI29: No Limitations | AJ29: No Limitations | AK29: No Limitations | AL29: No Limitations | AM29: No Limitations | AN29: No Limitations | AO29: No Limitations | AP29: No Limitations | AQ29: No Limitations | AT29: R-4 | AU29: 4 | AV29: 4 | AW29: 4 | AX29: 4 | AY29: 4 | AZ29: 4 | BA29: 4 | BB29: 4 | BC29: 4 | BD29: 4 | BE29: 3 | BF29: 2 | BG29: S13D | BI29: R-4 | BJ29: 4 | BK29: 4 | BL29: 4 | BM29: 4 | BN29: 4 | BO29: 4 | BP29: 4 | BQ29: 4 | BR29: 4 | BS29: 4 | BT29: 4 | BU29: 3 | BV29: S13R
A30: S-1 | B30: UL | C30: 11 | D30: 4 | E30: 2 | F30: 3 | G30: 2 | H30: 4 | I30: 4 | J30: 4 | K30: 4 | L30: 3 | M30: 1 | N30: NS | P30: S-1 | Q30: UL | R30: 12 | S30: 5 | T30: 3 | U30: 4 | V30: 3 | W30: 10 | X30: 7 | Y30: 5 | Z30: 5 | AA30: 4 | AB30: 2 | AC30: S | AE30: S-1 | AF30: No Limitations | AG30: No Limitations | AH30: No Limitations | AI30: No Limitations | AJ30: No Limitations | AK30: No Limitations | AL30: No Limitations | AM30: No Limitations | AN30: No Limitations | AO30: No Limitations | AP30: No Limitations | AQ30: No Limitations | AT30: S-1 | AU30: NP W/ 13D | AV30: NP W/ 13D | AW30: NP W/ 13D | AX30: NP W/ 13D | AY30: NP W/ 13D | AZ30: NP W/ 13D | BA30: NP W/ 13D | BB30: NP W/ 13D | BC30: NP W/ 13D | BD30: NP W/ 13D | BE30: NP W/ 13D | BF30: NP W/ 13D | BI30: S-1 | BJ30: NP W/13R | BK30: NP W/13R | BL30: NP W/13R | BM30: NP W/13R | BN30: NP W/13R | BO30: NP W/13R | BP30: NP W/13R | BQ30: NP W/13R | BR30: NP W/13R | BS30: NP W/13R | BT30: NP W/13R | BU30: NP W/13R
A31: S-2 | B31: UL | C31: 11 | D31: 5 | E31: 3 | F31: 4 | G31: 3 | H31: 4 | I31: 4 | J31: 4 | K31: 5 | L31: 4 | M31: 2 | N31: NS | P31: S-2 | Q31: UL | R31: 12 | S31: 6 | T31: 4 | U31: 5 | V31: 4 | W31: 12 | X31: 8 | Y31: 5 | Z31: 6 | AA31: 5 | AB31: 3 | AC31: S | AE31: S-2 | AF31: No Limitations | AG31: No Limitations | AH31: No Limitations | AI31: No Limitations | AJ31: No Limitations | AK31: No Limitations | AL31: No Limitations | AM31: No Limitations | AN31: No Limitations | AO31: No Limitations | AP31: No Limitations | AQ31: No Limitations | AT31: S-2 | AU31: NP W/ 13D | AV31: NP W/ 13D | AW31: NP W/ 13D | AX31: NP W/ 13D | AY31: NP W/ 13D | AZ31: NP W/ 13D | BA31: NP W/ 13D | BB31: NP W/ 13D | BC31: NP W/ 13D | BD31: NP W/ 13D | BE31: NP W/ 13D | BF31: NP W/ 13D | BI31: S-2 | BJ31: NP W/13R | BK31: NP W/13R | BL31: NP W/13R | BM31: NP W/13R | BN31: NP W/13R | BO31: NP W/13R | BP31: NP W/13R | BQ31: NP W/13R | BR31: NP W/13R | BS31: NP W/13R | BT31: NP W/13R | BU31: NP W/13R
A32: U | B32: UL | C32: 5 | D32: 4 | E32: 2 | F32: 3 | G32: 2 | H32: 4 | I32: 4 | J32: 4 | K32: 4 | L32: 2 | M32: 1 | N32: NS | P32: U | Q32: UL | R32: 6 | S32: 5 | T32: 3 | U32: 4 | V32: 3 | W32: 9 | X32: 6 | Y32: 5 | Z32: 5 | AA32: 3 | AB32: 2 | AC32: S | AE32: U | AF32: No Limitations | AG32: No Limitations | AH32: No Limitations | AI32: No Limitations | AJ32: No Limitations | AK32: No Limitations | AL32: No Limitations | AM32: No Limitations | AN32: No Limitations | AO32: No Limitations | AP32: No Limitations | AQ32: No Limitations | AT32: U | AU32: NP W/ 13D | AV32: NP W/ 13D | AW32: NP W/ 13D | AX32: NP W/ 13D | AY32: NP W/ 13D | AZ32: NP W/ 13D | BA32: NP W/ 13D | BB32: NP W/ 13D | BC32: NP W/ 13D | BD32: NP W/ 13D | BE32: NP W/ 13D | BF32: NP W/ 13D | BI32: U | BJ32: NP W/13R | BK32: NP W/13R | BL32: NP W/13R | BM32: NP W/13R | BN32: NP W/13R | BO32: NP W/13R | BP32: NP W/13R | BQ32: NP W/13R | BR32: NP W/13R | BS32: NP W/13R | BT32: NP W/13R | BU32: NP W/13R
A33: =INDEX(TableStoriesNS,MATCH(A36,OccStoriesNS,0),MATCH(B36,ConstructionStoriesNS,0)) -> 2 | P33: =INDEX(TableStoriesSS,MATCH(A36,OccStoriesSS,0),MATCH(B36,ConstructionStoriesSS,0)) -> 3 | AE33: =INDEX(TableStoriesAIL,MATCH(A36,OccStoriesAIL,0),MATCH(B36,ConstructionStoriesAIL,0)) -> No Limitations | AT33: =INDEX(TableStories13D,MATCH(A36,OccStories13D,0),MATCH(B36,ConstructionStories13D,0)) -> NP W/ 13D | BI33: =INDEX(TableStories13R,MATCH(A36,OccStories13R,0),MATCH(B36,ConstructionStories13R,0)) -> NP W/13R
A35: DO NOT OVERIDE BELOW
A36: ='2021-2024 Frontage Increase'!B5 -> B | B36: ='2021-2024 Frontage Increase'!B6 -> V-B
A38: Note: UL = Unlimited; NP = Not Permitted;
A40: NS = Buildings not equipped throughout with an automatic sprinkler system.
A41: S = Buildings equipped throughout with an automatic sprinkler system in accordance with Section 903.3.1.1.
A42: S13R = Buildings equipped throughout with an automatic sprinkler system in accordance with Section 903.3.1.2
A43: S13D = Buildings equipped throughout with an automatic sprinkler system in accordance with Section 903.3.1.3.

Sheet 2021 area Table 506.2
A1: NOT SPRINKLED | P1: SPRINKLED (S1) | AE1: SPRINKLED MULTI-STORY (SM) | AT1: AREA INCREASE LIMITATIONS | BI1: SPRINKLED 13D | BX1: SPRINKLED 13R
B2: I-A | C2: I-B | D2: II-A | E2: II-B | F2: III-A | G2: III-B | H2: IV-A | I2: IV-B | J2: IV-C | K2: IV-HT | L2: V-A | M2: V-B | Q2: I-A | R2: I-B | S2: II-A | T2: II-B | U2: III-A | V2: III-B | W2: IV-A | X2: IV-B | Y2: IV-C | Z2: IV-HT | AA2: V-A | AB2: V-B | AE2: 0 | AF2: I-A | AG2: I-B | AH2: II-A | AI2: II-B | AJ2: III-A | AK2: III-B | AL2: IV-A | AM2: IV-B | AN2: IV-C | AO2: IV-HT | AP2: V-A | AQ2: V-B | AT2: 0 | AU2: I-A | AV2: I-B | AW2: II-A | AX2: II-B | AY2: III-A | AZ2: III-B | BA2: IV-A | BB2: IV-B | BC2: IV-C | BD2: IV-HT | BE2: V-A | BF2: V-B | BI2: 0 | BJ2: I-A | BK2: I-B | BL2: II-A | BM2: II-B | BN2: III-A | BO2: III-B | BP2: IV-A | BQ2: IV-B | BR2: IV-C | BS2: IV-HT | BT2: V-A | BU2: V-B | BX2: 0 | BY2: I-A | BZ2: I-B | CA2: II-A | CB2: II-B | CC2: III-A | CD2: III-B | CE2: IV-A | CF2: IV-B | CG2: IV-C | CH2: IV-HT | CI2: V-A | CJ2: V-B
A3: A-1 | B3: UL | C3: UL | D3: 15500 | E3: 8500 | F3: 14000 | G3: 8500 | H3: 45000 | I3: 30000 | J3: 18750 | K3: 15000 | L3: 11500 | M3: 5500 | N3: NS | P3: A-1 | Q3: UL | R3: UL | S3: 62000 | T3: 34000 | U3: 56000 | V3: 34000 | W3: 180000 | X3: 120000 | Y3: 75000 | Z3: 60000 | AA3: 46000 | AB3: 22000 | AC3: S1 | AE3: A-1 | AF3: UL | AG3: UL | AH3: 46500 | AI3: 25500 | AJ3: 42000 | AK3: 25500 | AL3: 135000 | AM3: 90000 | AN3: 56250 | AO3: 45000 | AP3: 34500 | AQ3: 16500 | AR3: SM | AT3: A-1 | AU3: No Limitations | AV3: No Limitations | AW3: No Limitations | AX3: No Limitations | AY3: No Limitations | AZ3: No Limitations | BA3: No Limitations | BB3: No Limitations | BC3: No Limitations | BD3: No Limitations | BE3: No Limitations | BF3: No Limitations | BI3: A-1 | BJ3: NP W/ 13D | BK3: NP W/ 13D | BL3: NP W/ 13D | BM3: NP W/ 13D | BN3: NP W/ 13D | BO3: NP W/ 13D | BP3: NP W/ 13D | BQ3: NP W/ 13D | BR3: NP W/ 13D | BS3: NP W/ 13D | BT3: NP W/ 13D | BU3: NP W/ 13D | BX3: A-1 | BY3: NP W/13R | BZ3: NP W/13R | CA3: NP W/13R | CB3: NP W/13R | CC3: NP W/13R | CD3: NP W/13R | CE3: NP W/13R | CF3: NP W/13R | CG3: NP W/13R | CH3: NP W/13R | CI3: NP W/13R | CJ3: NP W/13R
A4: A-2 | B4: UL | C4: UL | D4: 15500 | E4: 9500 | F4: 14000 | G4: 9500 | H4: 45000 | I4: 30000 | J4: 18750 | K4: 15000 | L4: 11500 | M4: 6000 | N4: NS | P4: A-2 | Q4: UL | R4: UL | S4: 62000 | T4: 38000 | U4: 56000 | V4: 38000 | W4: 180000 | X4: 120000 | Y4: 75000 | Z4: 60000 | AA4: 46000 | AB4: 24000 | AC4: S1 | AE4: A-2 | AF4: UL | AG4: UL | AH4: 46500 | AI4: 28500 | AJ4: 42000 | AK4: 28500 | AL4: 135000 | AM4: 90000 | AN4: 56250 | AO4: 45000 | AP4: 34500 | AQ4: 18000 | AR4: SM (without ht. increase) | AT4: A-2 | AU4: UL | AV4: UL | AW4: 15500 | AX4: 9500 | AY4: 14000 | AZ4: 95000 | BA4: 45000 | BB4: 30000 | BC4: 18750 | BD4: 15000 | BE4: 11500 | BF4: 6000 | BG4: SM (with ht. increase) | BI4: A-2 | BJ4: NP W/ 13D | BK4: NP W/ 13D | BL4: NP W/ 13D | BM4: NP W/ 13D | BN4: NP W/ 13D | BO4: NP W/ 13D | BP4: NP W/ 13D | BQ4: NP W/ 13D | BR4: NP W/ 13D | BS4: NP W/ 13D | BT4: NP W/ 13D | BU4: NP W/ 13D | BX4: A-2 | BY4: NP W/13R | BZ4: NP W/13R | CA4: NP W/13R | CB4: NP W/13R | CC4: NP W/13R | CD4: NP W/13R | CE4: NP W/13R | CF4: NP W/13R | CG4: NP W/13R | CH4: NP W/13R | CI4: NP W/13R | CJ4: NP W/13R
A5: A-3 | B5: UL | C5: UL | D5: 15500 | E5: 9500 | F5: 14000 | G5: 9500 | H5: 45000 | I5: 30000 | J5: 18750 | K5: 15000 | L5: 11500 | M5: 6000 | N5: NS | O5: =IF(B7="NS",'2021 area Table 506.2'!A34,IF(B7="S1",'2021 area Table 506.2'!P34,IF('2009-2018 Frontage Increase'!B7="SM",'2021 area Table 506.2'!AE34,IF('2009-2018 Frontage Increase'!B7="S13D,'Allowable area Table 506.2'!AW31,IF('Area Increase Calculator'!B7=""S13R",'2021 area Table 506.2'!BX34,0)))) -> 0 | P5: A-3 | Q5: UL | R5: UL | S5: 62000 | T5: 38000 | U5: 56000 | V5: 38000 | W5: 180000 | X5: 120000 | Y5: 75000 | Z5: 60000 | AA5: 46000 | AB5: 24000 | AC5: S1 | AE5: A-3 | AF5: UL | AG5: UL | AH5: 46500 | AI5: 28500 | AJ5: 42000 | AK5: 28500 | AL5: 135000 | AM5: 90000 | AN5: 56250 | AO5: 45000 | AP5: 34500 | AQ5: 18000 | AR5: SM | AT5: A-3 | AU5: No Limitations | AV5: No Limitations | AW5: No Limitations | AX5: No Limitations | AY5: No Limitations | AZ5: No Limitations | BA5: No Limitations | BB5: No Limitations | BC5: No Limitations | BD5: No Limitations | BE5: No Limitations | BF5: No Limitations | BI5: A-3 | BJ5: NP W/ 13D | BK5: NP W/ 13D | BL5: NP W/ 13D | BM5: NP W/ 13D | BN5: NP W/ 13D | BO5: NP W/ 13D | BP5: NP W/ 13D | BQ5: NP W/ 13D | BR5: NP W/ 13D | BS5: NP W/ 13D | BT5: NP W/ 13D | BU5: NP W/ 13D | BX5: A-3 | BY5: NP W/13R | BZ5: NP W/13R | CA5: NP W/13R | CB5: NP W/13R | CC5: NP W/13R | CD5: NP W/13R | CE5: NP W/13R | CF5: NP W/13R | CG5: NP W/13R | CH5: NP W/13R | CI5: NP W/13R | CJ5: NP W/13R
A6: A-4 | B6: UL | C6: UL | D6: 15500 | E6: 9500 | F6: 14000 | G6: 9500 | H6: 45000 | I6: 30000 | J6: 18750 | K6: 15000 | L6: 11500 | M6: 6000 | N6: NS | P6: A-4 | Q6: UL | R6: UL | S6: 62000 | T6: 38000 | U6: 56000 | V6: 38000 | W6: 180000 | X6: 120000 | Y6: 75000 | Z6: 60000 | AA6: 46000 | AB6: 24000 | AC6: S1 | AE6: A-4 | AF6: UL | AG6: UL | AH6: 46500 | AI6: 28500 | AJ6: 42000 | AK6: 28500 | AL6: 135000 | AM6: 90000 | AN6: 56250 | AO6: 45000 | AP6: 34500 | AQ6: 18000 | AR6: SM (without ht. increase) | AT6: A-4 | AU6: UL | AV6: UL | AW6: 15500 | AX6: 9500 | AY6: 14000 | AZ6: 9500 | BA6: 45000 | BB6: 30000 | BC6: 18750 | BD6: 15000 | BE6: 11500 | BF6: 6000 | BG6: SM (with ht. increase) | BI6: A-4 | BJ6: NP W/ 13D | BK6: NP W/ 13D | BL6: NP W/ 13D | BM6: NP W/ 13D | BN6: NP W/ 13D | BO6: NP W/ 13D | BP6: NP W/ 13D | BQ6: NP W/ 13D | BR6: NP W/ 13D | BS6: NP W/ 13D | BT6: NP W/ 13D | BU6: NP W/ 13D | BX6: A-4 | BY6: NP W/13R | BZ6: NP W/13R | CA6: NP W/13R | CB6: NP W/13R | CC6: NP W/13R | CD6: NP W/13R | CE6: NP W/13R | CF6: NP W/13R | CG6: NP W/13R | CH6: NP W/13R | CI6: NP W/13R | CJ6: NP W/13R
A7: A-5 | B7: UL | C7: UL | D7: UL | E7: UL | F7: UL | G7: UL | H7: UL | I7: UL | J7: UL | K7: UL | L7: UL | M7: UL | N7: NS | P7: A-5 | Q7: UL | R7: UL | S7: UL | T7: UL | U7: UL | V7: UL | W7: UL | X7: UL | Y7: UL | Z7: UL | AA7: UL | AB7: UL | AC7: S1 | AE7: A-5 | AF7: UL | AG7: UL | AH7: UL | AI7: UL | AJ7: UL | AK7: UL | AL7: UL | AM7: UL | AN7: UL | AO7: UL | AP7: UL | AQ7: UL | AR7: SM | AT7: A-5 | AU7: No Limitations | AV7: No Limitations | AW7: No Limitations | AX7: No Limitations | AY7: No Limitations | AZ7: No Limitations | BA7: No Limitations | BB7: No Limitations | BC7: No Limitations | BD7: No Limitations | BE7: No Limitations | BF7: No Limitations | BI7: A-5 | BJ7: NP W/ 13D | BK7: NP W/ 13D | BL7: NP W/ 13D | BM7: NP W/ 13D | BN7: NP W/ 13D | BO7: NP W/ 13D | BP7: NP W/ 13D | BQ7: NP W/ 13D | BR7: NP W/ 13D | BS7: NP W/ 13D | BT7: NP W/ 13D | BU7: NP W/ 13D | BX7: A-5 | BY7: NP W/13R | BZ7: NP W/13R | CA7: NP W/13R | CB7: NP W/13R | CC7: NP W/13R | CD7: NP W/13R | CE7: NP W/13R | CF7: NP W/13R | CG7: NP W/13R | CH7: NP W/13R | CI7: NP W/13R | CJ7: NP W/13R
A8: B | B8: UL | C8: UL | D8: 37500 | E8: 23000 | F8: 28500 | G8: 19000 | H8: 108000 | I8: 72000 | J8: 45000 | K8: 36000 | L8: 18000 | M8: 9000 | N8: NS | P8: B | Q8: UL | R8: UL | S8: 150000 | T8: 92000 | U8: 114000 | V8: 76000 | W8: 432000 | X8: 288000 | Y8: 180000 | Z8: 144000 | AA8: 72000 | AB8: 36000 | AC8: S1 | AE8: B | AF8: UL | AG8: UL | AH8: 112500 | AI8: 69000 | AJ8: 85500 | AK8: 57000 | AL8: 324000 | AM8: 216000 | AN8: 135000 | AO8: 108000 | AP8: 54000 | AQ8: 27000 | AR8: SM | AT8: B | AU8: No Limitations | AV8: No Limitations | AW8: No Limitations | AX8: No Limitations | AY8: No Limitations | AZ8: No Limitations | BA8: No Limitations | BB8: No Limitations | BC8: No Limitations | BD8: No Limitations | BE8: No Limitations | BF8: No Limitations | BI8: B | BJ8: NP W/ 13D | BK8: NP W/ 13D | BL8: NP W/ 13D | BM8: NP W/ 13D | BN8: NP W/ 13D | BO8: NP W/ 13D | BP8: NP W/ 13D | BQ8: NP W/ 13D | BR8: NP W/ 13D | BS8: NP W/ 13D | BT8: NP W/ 13D | BU8: NP W/ 13D | BX8: B | BY8: NP W/13R | BZ8: NP W/13R | CA8: NP W/13R | CB8: NP W/13R | CC8: NP W/13R | CD8: NP W/13R | CE8: NP W/13R | CF8: NP W/13R | CG8: NP W/13R | CH8: NP W/13R | CI8: NP W/13R | CJ8: NP W/13R
A9: E | B9: UL | C9: UL | D9: 26500 | E9: 14500 | F9: 23500 | G9: 14500 | H9: 76500 | I9: 51000 | J9: 31875 | K9: 25500 | L9: 18500 | M9: 9500 | N9: NS | P9: E | Q9: UL | R9: UL | S9: 106000 | T9: 58000 | U9: 94000 | V9: 58000 | W9: 306000 | X9: 204000 | Y9: 127500 | Z9: 102000 | AA9: 74000 | AB9: 38000 | AC9: S1 | AE9: E | AF9: UL | AG9: UL | AH9: 79500 | AI9: 43500 | AJ9: 70500 | AK9: 43500 | AL9: 229500 | AM9: 153000 | AN9: 95625 | AO9: 76500 | AP9: 55500 | AQ9: 28500 | AR9: SM (without ht. increase) | AT9: E | AU9: UL | AV9: UL | AW9: 26500 | AX9: 14500 | AY9: 23500 | AZ9: 14500 | BA9: 76500 | BB9: 51000 | BC9: 37875 | BD9: 25500 | BE9: 18500 | BF9: 9500 | BG9: SM (with ht. increase) | BI9: E | BJ9: NP W/ 13D | BK9: NP W/ 13D | BL9: NP W/ 13D | BM9: NP W/ 13D | BN9: NP W/ 13D | BO9: NP W/ 13D | BP9: NP W/ 13D | BQ9: NP W/ 13D | BR9: NP W/ 13D | BS9: NP W/ 13D | BT9: NP W/ 13D | BU9: NP W/ 13D | BX9: E | BY9: NP W/13R | BZ9: NP W/13R | CA9: NP W/13R | CB9: NP W/13R | CC9: NP W/13R | CD9: NP W/13R | CE9: NP W/13R | CF9: NP W/13R | CG9: NP W/13R | CH9: NP W/13R | CI9: NP W/13R | CJ9: NP W/13R
A10: F-1 | B10: UL | C10: UL | D10: 25000 | E10: 15500 | F10: 19000 | G10: 12000 | H10: 100500 | I10: 67000 | J10: 41875 | K10: 33500 | L10: 1400 | M10: 8500 | N10: NS | P10: F-1 | Q10: UL | R10: UL | S10: 100000 | T10: 62000 | U10: 76000 | V10: 48000 | W10: 402000 | X10: 268000 | Y10: 167500 | Z10: 134000 | AA10: 56000 | AB10: 34000 | AC10: S1 | AE10: F-1 | AF10: UL | AG10: UL | AH10: 75000 | AI10: 46500 | AJ10: 57000 | AK10: 36000 | AL10: 301500 | AM10: 201000 | AN10: 125625 | AO10: 100500 | AP10: 42000 | AQ10: 25500 | AR10: SM | AT10: F-1 | AU10: No Limitations | AV10: No Limitations | AW10: No Limitations | AX10: No Limitations | AY10: No Limitations | AZ10: No Limitations | BA10: No Limitations | BB10: No Limitations | BC10: No Limitations | BD10: No Limitations | BE10: No Limitations | BF10: No Limitations | BI10: F-1 | BJ10: NP W/ 13D | BK10: NP W/ 13D | BL10: NP W/ 13D | BM10: NP W/ 13D | BN10: NP W/ 13D | BO10: NP W/ 13D | BP10: NP W/ 13D | BQ10: NP W/ 13D | BR10: NP W/ 13D | BS10: NP W/ 13D | BT10: NP W/ 13D | BU10: NP W/ 13D | BX10: F-1 | BY10: NP W/13R | BZ10: NP W/13R | CA10: NP W/13R | CB10: NP W/13R | CC10: NP W/13R | CD10: NP W/13R | CE10: NP W/13R | CF10: NP W/13R | CG10: NP W/13R | CH10: NP W/13R | CI10: NP W/13R | CJ10: NP W/13R
A11: F-2 | B11: UL | C11: UL | D11: 37500 | E11: 23000 | F11: 28500 | G11: 18000 | H11: 151500 | I11: 101000 | J11: 63125 | K11: 50500 | L11: 21000 | M11: 13000 | N11: NS | P11: F-2 | Q11: UL | R11: UL | S11: 150000 | T11: 92000 | U11: 114000 | V11: 72000 | W11: 606000 | X11: 404000 | Y11: 252500 | Z11: 202000 | AA11: 84000 | AB11: 52000 | AC11: S1 | AE11: F-2 | AF11: UL | AG11: UL | AH11: 112500 | AI11: 69000 | AJ11: 85500 | AK11: 54000 | AL11: 454500 | AM11: 303000 | AN11: 189375 | AO11: 151500 | AP11: 63000 | AQ11: 39000 | AR11: SM | AT11: F-2 | AU11: No Limitations | AV11: No Limitations | AW11: No Limitations | AX11: No Limitations | AY11: No Limitations | AZ11: No Limitations | BA11: No Limitations | BB11: No Limitations | BC11: No Limitations | BD11: No Limitations | BE11: No Limitations | BF11: No Limitations | BI11: F-2 | BJ11: NP W/ 13D | BK11: NP W/ 13D | BL11: NP W/ 13D | BM11: NP W/ 13D | BN11: NP W/ 13D | BO11: NP W/ 13D | BP11: NP W/ 13D | BQ11: NP W/ 13D | BR11: NP W/ 13D | BS11: NP W/ 13D | BT11: NP W/ 13D | BU11: NP W/ 13D | BX11: F-2 | BY11: NP W/13R | BZ11: NP W/13R | CA11: NP W/13R | CB11: NP W/13R | CC11: NP W/13R | CD11: NP W/13R | CE11: NP W/13R | CF11: NP W/13R | CG11: NP W/13R | CH11: NP W/13R | CI11: NP W/13R | CJ11: NP W/13R
A12: H-1 | B12: 21000 | C12: 16500 | D12: 11000 | E12: 70000 | F12: 9500 | G12: 7000 | H12: 10500 | I12: 10500 | J12: 10500 | K12: 10500 | L12: 7500 | M12: NP W/ V-B Construction | N12: NS | P12: H-1 | Q12: 21000 | R12: 16500 | S12: 11000 | T12: 70000 | U12: 9500 | V12: 7000 | W12: 10500 | X12: 10500 | Y12: 10500 | Z12: 10500 | AA12: 7500 | AB12: NP W/ V-B Construction | AC12: S1 | AE12: H-1 | AF12: NP 1-Story Only | AG12: NP 1-Story Only | AH12: NP 1-Story Only | AI12: NP 1-Story Only | AJ12: NP 1-Story Only | AK12: NP 1-Story Only | AL12: NP 1-Story Only | AM12: NP 1-Story Only | AN12: NP 1-Story Only | AO12: NP 1-Story Only | AP12: NP 1-Story Only | AQ12: NP 1-Story Only | AR12: NP | AT12: H-1 | AU12: No Limitations | AV12: No Limitations | AW12: No Limitations | AX12: No Limitations | AY12: No Limitations | AZ12: No Limitations | BA12: No Limitations | BB12: No Limitations | BC12: No Limitations | BD12: No Limitations | BE12: No Limitations | BF12: No Limitations | BI12: H-1 | BJ12: NP W/ 13D | BK12: NP W/ 13D | BL12: NP W/ 13D | BM12: NP W/ 13D | BN12: NP W/ 13D | BO12: NP W/ 13D | BP12: NP W/ 13D | BQ12: NP W/ 13D | BR12: NP W/ 13D | BS12: NP W/ 13D | BT12: NP W/ 13D | BU12: NP W/ V-B Construction | BX12: H-1 | BY12: NP W/13R | BZ12: NP W/13R | CA12: NP W/13R | CB12: NP W/13R | CC12: NP W/13R | CD12: NP W/13R | CE12: NP W/13R | CF12: NP W/13R | CG12: NP W/13R | CH12: NP W/13R | CI12: NP W/13R | CJ12: NP W/ V-B Construction
A13: H-2 | B13: 21000 | C13: 16500 | D13: 11000 | E13: 70000 | F13: 9500 | G13: 7000 | H13: 10500 | I13: 10500 | J13: 10500 | K13: 10500 | L13: 7500 | M13: 3000 | N13: NS | P13: H-2 | Q13: 21000 | R13: 16500 | S13: 11000 | T13: 70000 | U13: 9500 | V13: 7000 | W13: 10500 | X13: 10500 | Y13: 10500 | Z13: 10500 | AA13: 7500 | AB13: 3000 | AC13: S1 | AE13: H-2 | AF13: 21000 | AG13: 16500 | AH13: 11000 | AI13: 70000 | AJ13: 9500 | AK13: 7000 | AL13: 10500 | AM13: 10500 | AN13: 10500 | AO13: 10500 | AP13: 7500 | AQ13: 3000 | AR13: SM | AT13: H-2 | AU13: No Limitations | AV13: No Limitations | AW13: No Limitations | AX13: No Limitations | AY13: No Limitations | AZ13: No Limitations | BA13: No Limitations | BB13: No Limitations | BC13: No Limitations | BD13: No Limitations | BE13: No Limitations | BF13: No Limitations | BI13: H-2 | BJ13: NP W/ 13D | BK13: NP W/ 13D | BL13: NP W/ 13D | BM13: NP W/ 13D | BN13: NP W/ 13D | BO13: NP W/ 13D | BP13: NP W/ 13D | BQ13: NP W/ 13D | BR13: NP W/ 13D | BS13: NP W/ 13D | BT13: NP W/ 13D | BU13: NP W/ 13D | BX13: H-2 | BY13: NP W/13R | BZ13: NP W/13R | CA13: NP W/13R | CB13: NP W/13R | CC13: NP W/13R | CD13: NP W/13R | CE13: NP W/13R | CF13: NP W/13R | CG13: NP W/13R | CH13: NP W/13R | CI13: NP W/13R | CJ13: NP W/13R
A14: H-3 | B14: UL | C14: 60000 | D14: 26500 | E14: 14000 | F14: 17500 | G14: 13000 | H14: 25500 | I14: 25500 | J14: 25500 | K14: 25500 | L14: 10000 | M14: 5000 | N14: NS | P14: H-3 | Q14: UL | R14: 60000 | S14: 26500 | T14: 14000 | U14: 17500 | V14: 13000 | W14: 25500 | X14: 25500 | Y14: 25500 | Z14: 25500 | AA14: 10000 | AB14: 5000 | AC14: S1 | AE14: H-3 | AF14: UL | AG14: 60000 | AH14: 26500 | AI14: 14000 | AJ14: 17500 | AK14: 13000 | AL14: 25500 | AM14: 25500 | AN14: 25500 | AO14: 25500 | AP14: 10000 | AQ14: 5000 | AR14: SM | AT14: H-3 | AU14: No Limitations | AV14: No Limitations | AW14: No Limitations | AX14: No Limitations | AY14: No Limitations | AZ14: No Limitations | BA14: No Limitations | BB14: No Limitations | BC14: No Limitations | BD14: No Limitations | BE14: No Limitations | BF14: No Limitations | BI14: H-3 | BJ14: NP W/ 13D | BK14: NP W/ 13D | BL14: NP W/ 13D | BM14: NP W/ 13D | BN14: NP W/ 13D | BO14: NP W/ 13D | BP14: NP W/ 13D | BQ14: NP W/ 13D | BR14: NP W/ 13D | BS14: NP W/ 13D | BT14: NP W/ 13D | BU14: NP W/ 13D | BX14: H-3 | BY14: NP W/13R | BZ14: NP W/13R | CA14: NP W/13R | CB14: NP W/13R | CC14: NP W/13R | CD14: NP W/13R | CE14: NP W/13R | CF14: NP W/13R | CG14: NP W/13R | CH14: NP W/13R | CI14: NP W/13R | CJ14: NP W/13R
A15: H-4 | B15: UL | C15: UL | D15: 37500 | E15: 17500 | F15: 28500 | G15: 17500 | H15: 72000 | I15: 54000 | J15: 40500 | K15: 36000 | L15: 18000 | M15: 6500 | N15: NS | P15: H-4 | Q15: UL | R15: UL | S15: 150000 | T15: 70000 | U15: 114000 | V15: 70000 | W15: 288000 | X15: 216000 | Y15: 162000 | Z15: 144000 | AA15: 72000 | AB15: 26000 | AC15: S1 | AE15: H-4 | AF15: UL | AG15: UL | AH15: 112500 | AI15: 52500 | AJ15: 85500 | AK15: 52500 | AL15: 216000 | AM15: 162000 | AN15: 121500 | AO15: 108000 | AP15: 54000 | AQ15: 19500 | AR15: SM (without ht. increase) | AT15: H-4 | AU15: UL | AV15: UL | AW15: 37500 | AX15: 17500 | AY15: 28500 | AZ15: 17500 | BA15: 72000 | BB15: 54000 | BC15: 40500 | BD15: 36000 | BE15: 18000 | BF15: 6500 | BG15: SM (with ht. increase) | BI15: H-4 | BJ15: NP W/ 13D | BK15: NP W/ 13D | BL15: NP W/ 13D | BM15: NP W/ 13D | BN15: NP W/ 13D | BO15: NP W/ 13D | BP15: NP W/ 13D | BQ15: NP W/ 13D | BR15: NP W/ 13D | BS15: NP W/ 13D | BT15: NP W/ 13D | BU15: NP W/ 13D | BX15: H-4 | BY15: NP W/13R | BZ15: NP W/13R | CA15: NP W/13R | CB15: NP W/13R | CC15: NP W/13R | CD15: NP W/13R | CE15: NP W/13R | CF15: NP W/13R | CG15: NP W/13R | CH15: NP W/13R | CI15: NP W/13R | CJ15: NP W/13R
A16: H-5 | B16: UL | C16: UL | D16: 37500 | E16: 23000 | F16: 28500 | G16: 19000 | H16: 72000 | I16: 54000 | J16: 40500 | K16: 36000 | L16: 18000 | M16: 9000 | N16: NS | P16: H-5 | Q16: UL | R16: UL | S16: 150000 | T16: 92000 | U16: 114000 | V16: 76000 | W16: 288000 | X16: 216000 | Y16: 162000 | Z16: 144000 | AA16: 72000 | AB16: 36000 | AC16: S1 | AE16: H-5 | AF16: UL | AG16: UL | AH16: 112500 | AI16: 69000 | AJ16: 85500 | AK16: 57000 | AL16: 216000 | AM16: 162000 | AN16: 121500 | AO16: 10800 | AP16: 54000 | AQ16: 27000 | AR16: SM (without ht. increase) | AT16: H-5 | AU16: UL | AV16: UL | AW16: 37500 | AX16: 23000 | AY16: 28500 | AZ16: 19000 | BA16: 72000 | BB16: 54000 | BC16: 40500 | BD16: 36000 | BE16: 18000 | BF16: 9000 | BG16: SM (with ht. increase) | BI16: H-5 | BJ16: NP W/ 13D | BK16: NP W/ 13D | BL16: NP W/ 13D | BM16: NP W/ 13D | BN16: NP W/ 13D | BO16: NP W/ 13D | BP16: NP W/ 13D | BQ16: NP W/ 13D | BR16: NP W/ 13D | BS16: NP W/ 13D | BT16: NP W/ 13D | BU16: NP W/ 13D | BX16: H-5 | BY16: NP W/13R | BZ16: NP W/13R | CA16: NP W/13R | CB16: NP W/13R | CC16: NP W/13R | CD16: NP W/13R | CE16: NP W/13R | CF16: NP W/13R | CG16: NP W/13R | CH16: NP W/13R | CI16: NP W/13R | CJ16: NP W/13R
A17: I-1 Cond. 1 | B17: UL | C17: 55000 | D17: 19000 | E17: 10000 | F17: 16500 | G17: 10000 | H17: 54000 | I17: 36000 | J17: 18000 | K17: 18000 | L17: 10500 | M17: 4500 | N17: NS | P17: I-1 Cond. 1 | Q17: UL | R17: 220000 | S17: 76000 | T17: 40000 | U17: 66000 | V17: 40000 | W17: 216000 | X17: 144000 | Y17: 72000 | Z17: 72000 | AA17: 42000 | AB17: 18000 | AC17: S1 | AE17: I-1 Cond. 1 | AF17: UL | AG17: 165000 | AH17: 57000 | AI17: 30000 | AJ17: 49500 | AK17: 30000 | AL17: 162000 | AM17: 108000 | AN17: 54000 | AO17: 54000 | AP17: 31500 | AQ17: 13500 | AR17: SM | AT17: I-1 Cond. 1 | AU17: UL | AV17: 55000 | AW17: 19000 | AX17: 10000 | AY17: 16500 | AZ17: 10000 | BA17: 54000 | BB17: 36000 | BC17: 18000 | BD17: 18000 | BE17: 10500 | BF17: 4500 | BI17: I-1 Cond. 1 | BJ17: NP W/ 13D | BK17: NP W/ 13D | BL17: NP W/ 13D | BM17: NP W/ 13D | BN17: NP W/ 13D | BO17: NP W/ 13D | BP17: NP W/ 13D | BQ17: NP W/ 13D | BR17: NP W/ 13D | BS17: NP W/ 13D | BT17: NP W/ 13D | BU17: NP W/ 13D | BX17: I-1 Cond. 1 | BY17: UL | BZ17: 55000 | CA17: 19000 | CB17: 10000 | CC17: 16500 | CD17: 10000 | CE17: 54000 | CF17: 36000 | CG17: 18000 | CH17: 18000 | CI17: 10500 | CJ17: 4500 | CK17: S13R
A18: I-1 Cond. 2 | B18: UL | C18: 55000 | D18: 19000 | E18: 10000 | F18: 16500 | G18: 10000 | H18: 54000 | I18: 36000 | J18: 18000 | K18: 18000 | L18: 10500 | M18: 4500 | N18: NS | P18: I-1 Cond. 2 | Q18: UL | R18: 220000 | S18: 76000 | T18: 40000 | U18: 66000 | V18: 40000 | W18: 216000 | X18: 144000 | Y18: 72000 | Z18: 72000 | AA18: 42000 | AB18: 18000 | AC18: S1 | AE18: I-1 Cond. 2 | AF18: UL | AG18: 165000 | AH18: 57000 | AI18: 30000 | AJ18: 49500 | AK18: 30000 | AL18: 162000 | AM18: 108000 | AN18: 54000 | AO18: 54000 | AP18: 31500 | AQ18: 13500 | AR18: SM | AT18: I-1 Cond. 2 | AU18: UL | AV18: 55000 | AW18: 19000 | AX18: 10000 | AY18: 16500 | AZ18: 10000 | BA18: 54000 | BB18: 36000 | BC18: 18000 | BD18: 18000 | BE18: 10500 | BF18: 4500 | BI18: I-1 Cond. 2 | BJ18: NP W/ 13D | BK18: NP W/ 13D | BL18: NP W/ 13D | BM18: NP W/ 13D | BN18: NP W/ 13D | BO18: NP W/ 13D | BP18: NP W/ 13D | BQ18: NP W/ 13D | BR18: NP W/ 13D | BS18: NP W/ 13D | BT18: NP W/ 13D | BU18: NP W/ 13D | BX18: I-1 Cond. 2 | BY18: NP W/13R | BZ18: NP W/13R | CA18: NP W/13R | CB18: NP W/13R | CC18: NP W/13R | CD18: NP W/13R | CE18: NP W/13R | CF18: NP W/13R | CG18: NP W/13R | CH18: NP W/13R | CI18: NP W/13R | CJ18: NP W/13R
A19: I-2/I-2.1 | B19: UL | C19: UL | D19: 15000 | E19: 11000 | F19: 12000 | G19: NP W/ III-B or V-B Construction | H19: 36000 | I19: 24000 | J19: 12000 | K19: 12000 | L19: 9500 | M19: NP W/ III-B or V-B Construction | N19: NS | P19: I-2/I-2.1 | Q19: UL | R19: UL | S19: 60000 | T19: 44000 | U19: 48000 | V19: NP W/ III-B or V-B Construction | W19: 144000 | X19: 96000 | Y19: 48000 | Z19: 48000 | AA19: 38000 | AB19: NP W/ III-B or V-B Construction | AC19: S1 | AE19: I-2/I-2.1 | AF19: UL | AG19: UL | AH19: 45000 | AI19: 33000 | AJ19: 36000 | AK19: NP W/ III-B or V-B Construction | AL19: 108000 | AM19: 72000 | AN19: 36000 | AO19: 36000 | AP19: 28500 | AQ19: NP W/ III-B or V-B Construction | AR19: SM (without ht. increase) | AT19: I-2/I-2.1 | AU19: UL | AV19: UL | AW19: 15000 | AX19: 11000 | AY19: 12000 | AZ19: NP W/ III-B or V-B Construction | BA19: NP For CA. | BB19: NP For CA. | BC19: NP For CA. | BD19: 12000 | BE19: 9500 | BF19: NP W/ III-B or V-B Construction | BG19: SM (with ht. increase) | BI19: I-2/I-2.1 | BJ19: NP W/ 13D | BK19: NP W/ 13D | BL19: NP W/ 13D | BM19: NP W/ 13D | BN19: NP W/ 13D | BO19: NP W/ III-B or V-B | BP19: NP W/ 13D | BQ19: NP W/ 13D | BR19: NP W/ 13D | BS19: NP W/ 13D | BT19: NP W/ 13D | BU19: NP W/ 13D | BX19: I-2/I-2.1 | BY19: NP W/13R | BZ19: NP W/13R | CA19: NP W/13R | CB19: NP W/13R | CC19: NP W/13R | CD19: NP W/ III-B or V-B | CE19: NP W/13R | CF19: NP W/13R | CG19: NP W/13R | CH19: NP W/13R | CI19: NP W/13R | CJ19: NP W/13R
A20: I-3 | B20: UL | C20: UL | D20: 15000 | E20: 10000 | F20: 10500 | G20: 7500 | H20: 36000 | I20: 24000 | J20: 12000 | K20: 12000 | L20: 7500 | M20: 5000 | N20: NS | P20: I-3 | Q20: UL | R20: UL | S20: 60000 | T20: 40000 | U20: 42000 | V20: 30000 | W20: 144000 | X20: 96000 | Y20: 48000 | Z20: 48000 | AA20: 30000 | AB20: 20000 | AC20: S1 | AE20: I-3 | AF20: UL | AG20: UL | AH20: 45000 | AI20: 30000 | AJ20: 31500 | AK20: 22500 | AL20: 108000 | AM20: 72000 | AN20: 36000 | AO20: 36000 | AP20: 22500 | AQ20: 15000 | AR20: SM (without ht. increase) | AT20: I-3 | AU20: UL | AV20: 30200 | AW20: NP / Use I-A or I-B Construction | AX20: NP / Use I-A or I-B Construction | AY20: NP / Use I-A or I-B Construction | AZ20: NP / Use I-A or I-B Construction | BA20: NP For CA. | BB20: NP For CA. | BC20: NP For CA. | BD20: NP / Use I-A or I-B Construction | BE20: NP / Use I-A or I-B Construction | BF20: NP / Use I-A or I-B Construction | BG20: SM (with ht. increase) | BI20: I-3 | BJ20: NP W/ 13D | BK20: NP W/ 13D | BL20: NP W/ 13D | BM20: NP W/ 13D | BN20: NP W/ 13D | BO20: NP W/ 13D | BP20: NP W/ 13D | BQ20: NP W/ 13D | BR20: NP W/ 13D | BS20: NP W/ 13D | BT20: NP W/ 13D | BU20: NP W/ 13D | BX20: I-3 | BY20: NP W/13R | BZ20: NP W/13R | CA20: NP W/13R | CB20: NP W/13R | CC20: NP W/13R | CD20: NP W/13R | CE20: NP W/13R | CF20: NP W/13R | CG20: NP W/13R | CH20: NP W/13R | CI20: NP W/13R | CJ20: NP W/13R
A21: I-4 | B21: UL | C21: 60500 | D21: 26500 | E21: 13000 | F21: 23500 | G21: 13000 | H21: 76500 | I21: 51000 | J21: 25500 | K21: 25500 | L21: 18500 | M21: 9000 | N21: NS | P21: I-4 | Q21: UL | R21: 121000 | S21: 106000 | T21: 52000 | U21: 94000 | V21: 52000 | W21: 306000 | X21: 204000 | Y21: 102000 | Z21: 102000 | AA21: 74000 | AB21: 36000 | AC21: S1 | AE21: I-4 | AF21: UL | AG21: 181500 | AH21: 79500 | AI21: 39000 | AJ21: 70500 | AK21: 39000 | AL21: 229500 | AM21: 153000 | AN21: 76500 | AO21: 76500 | AP21: 55500 | AQ21: 27000 | AR21: SM (without ht. increase) | AT21: I-4 | AU21: UL | AV21: 60500 | AW21: 26500 | AX21: 13000 | AY21: 23500 | AZ21: 13000 | BA21: 76500 | BB21: 51000 | BC21: 25500 | BD21: 25500 | BE21: 18500 | BF21: 9000 | BG21: SM (with ht. increase) | BI21: I-4 | BJ21: NP W/ 13D | BK21: NP W/ 13D | BL21: NP W/ 13D | BM21: NP W/ 13D | BN21: NP W/ 13D | BO21: NP W/ 13D | BP21: NP W/ 13D | BQ21: NP W/ 13D | BR21: NP W/ 13D | BS21: NP W/ 13D | BT21: NP W/ 13D | BU21: NP W/ 13D | BX21: I-4 | BY21: NP W/13R | BZ21: NP W/13R | CA21: NP W/13R | CB21: NP W/13R | CC21: NP W/13R | CD21: NP W/13R | CE21: NP W/13R | CF21: NP W/13R | CG21: NP W/13R | CH21: NP W/13R | CI21: NP W/13R | CJ21: NP W/13R
A22: L | B22: UL | C22: 60000 | D22: 37500 | E22: 17500 | F22: 28500 | G22: 17500 | H22: 6000 | I22: 37500 | J22: 36000 | K22: 36000 | L22: 18000 | M22: 6500 | N22: NS | P22: L | Q22: UL | R22: 60000 | S22: 37500 | T22: 17500 | U22: 28500 | V22: 17500 | W22: 60000 | X22: 37500 | Y22: 36000 | Z22: 36000 | AA22: 18000 | AB22: 6500 | AC22: S-1 | AE22: L | AF22: UL | AG22: 60000 | AH22: 37500 | AI22: 17500 | AJ22: 28500 | AK22: 17500 | AL22: 60000 | AM22: 37500 | AN22: 36000 | AO22: 36000 | AP22: 18000 | AQ22: 6500 | AR22: SM | AT22: L | AU22: No Limitations | AV22: No Limitations | AW22: No Limitations | AX22: No Limitations | AY22: No Limitations | AZ22: No Limitations | BA22: No Limitations | BB22: No Limitations | BC22: No Limitations | BD22: No Limitations | BE22: No Limitations | BF22: No Limitations | BI22: L | BJ22: NP W/ 13D | BK22: NP W/ 13D | BL22: NP W/ 13D | BM22: NP W/ 13D | BN22: NP W/ 13D | BO22: NP W/ 13D | BP22: NP W/ 13D | BQ22: NP W/ 13D | BR22: NP W/ 13D | BS22: NP W/ 13D | BT22: NP W/ 13D | BU22: NP W/ 13D | BX22: L | BY22: NP W/13R | BZ22: NP W/13R | CA22: NP W/13R | CB22: NP W/13R | CC22: NP W/13R | CD22: NP W/13R | CE22: NP W/13R | CF22: NP W/13R | CG22: NP W/13R | CH22: NP W/13R | CI22: NP W/13R | CJ22: NP W/13R
A23: M | B23: UL | C23: UL | D23: 21500 | E23: 12500 | F23: 18500 | G23: 12500 | H23: 61500 | I23: 41000 | J23: 26625 | K23: 20500 | L23: 14000 | M23: 9000 | N23: NS | P23: M | Q23: UL | R23: UL | S23: 86000 | T23: 50000 | U23: 74000 | V23: 50000 | W23: 246000 | X23: 164000 | Y23: 102500 | Z23: 82000 | AA23: 56000 | AB23: 36000 | AC23: S-1 | AE23: M | AF23: UL | AG23: UL | AH23: 64500 | AI23: 37500 | AJ23: 55500 | AK23: 37500 | AL23: 184500 | AM23: 123000 | AN23: 76875 | AO23: 61500 | AP23: 42000 | AQ23: 27000 | AR23: SM | AT23: M | AU23: No Limitations | AV23: No Limitations | AW23: No Limitations | AX23: No Limitations | AY23: No Limitations | AZ23: No Limitations | BA23: No Limitations | BB23: No Limitations | BC23: No Limitations | BD23: No Limitations | BE23: No Limitations | BF23: No Limitations | BI23: M | BJ23: NP W/ 13D | BK23: NP W/ 13D | BL23: NP W/ 13D | BM23: NP W/ 13D | BN23: NP W/ 13D | BO23: NP W/ 13D | BP23: NP W/ 13D | BQ23: NP W/ 13D | BR23: NP W/ 13D | BS23: NP W/ 13D | BT23: NP W/ 13D | BU23: NP W/ 13D | BX23: M | BY23: NP W/13R | BZ23: NP W/13R | CA23: NP W/13R | CB23: NP W/13R | CC23: NP W/13R | CD23: NP W/13R | CE23: NP W/13R | CF23: NP W/13R | CG23: NP W/13R | CH23: NP W/13R | CI23: NP W/13R | CJ23: NP W/13R
A24: R-1 | B24: UL | C24: UL | D24: 24000 | E24: 16000 | F24: 24000 | G24: 16000 | H24: 61500 | I24: 41000 | J24: 26625 | K24: 20500 | L24: 12000 | M24: 7000 | N24: NS | P24: R-1 | Q24: UL | R24: UL | S24: 96000 | T24: 64000 | U24: 96000 | V24: 64000 | W24: 246000 | X24: 164000 | Y24: 102500 | Z24: 82000 | AA24: 48000 | AB24: 28000 | AC24: S1 | AE24: R-1 | AF24: UL | AG24: UL | AH24: 72000 | AI24: 48000 | AJ24: 72000 | AK24: 48000 | AL24: 184500 | AM24: 123000 | AN24: 76875 | AO24: 61500 | AP24: 36000 | AQ24: 21000 | AR24: SM (without ht. increase) | AT24: R-1 | AU24: UL | AV24: UL | AW24: 24000 | AX24: 16000 | AY24: 24000 | AZ24: 16000 | BA24: 61500 | BB24: 41000 | BC24: 25625 | BD24: 20500 | BE24: 12000 | BF24: 7000 | BG24: SM (with ht. increase) | BI24: R-1 | BJ24: NP W/ 13D | BK24: NP W/ 13D | BL24: NP W/ 13D | BM24: NP W/ 13D | BN24: NP W/ 13D | BO24: NP W/ 13D | BP24: NP W/ 13D | BQ24: NP W/ 13D | BR24: NP W/ 13D | BS24: NP W/ 13D | BT24: NP W/ 13D | BU24: NP W/ 13D | BX24: R-1 | BY24: UL | BZ24: UL | CA24: 24000 | CB24: 16000 | CC24: 24000 | CD24: 16000 | CE24: 61500 | CF24: 41000 | CG24: 25625 | CH24: 20500 | CI24: 12000 | CJ24: 7000 | CK24: S13R
A25: R-2 | B25: UL | C25: UL | D25: 24000 | E25: 16000 | F25: 24000 | G25: 16000 | H25: 61500 | I25: 41000 | J25: 26625 | K25: 20500 | L25: 12000 | M25: 7000 | N25: NS | P25: R-2 | Q25: UL | R25: UL | S25: 96000 | T25: 64000 | U25: 96000 | V25: 64000 | W25: 246000 | X25: 164000 | Y25: 102500 | Z25: 82000 | AA25: 48000 | AB25: 28000 | AC25: S1 | AE25: R-2 | AF25: UL | AG25: UL | AH25: 72000 | AI25: 48000 | AJ25: 72000 | AK25: 48000 | AL25: 184500 | AM25: 123000 | AN25: 76875 | AO25: 61500 | AP25: 36000 | AQ25: 21000 | AR25: SM (without ht. increase) | AT25: R-2 | AU25: UL | AV25: UL | AW25: 24000 | AX25: 16000 | AY25: 24000 | AZ25: 16000 | BA25: 61500 | BB25: 41000 | BC25: 25625 | BD25: 20500 | BE25: 12000 | BF25: 7000 | BG25: SM (with ht. increase) | BI25: R-2 | BJ25: NP W/ 13D | BK25: NP W/ 13D | BL25: NP W/ 13D | BM25: NP W/ 13D | BN25: NP W/ 13D | BO25: NP W/ 13D | BP25: NP W/ 13D | BQ25: NP W/ 13D | BR25: NP W/ 13D | BS25: NP W/ 13D | BT25: NP W/ 13D | BU25: NP W/ 13D | BX25: R-2 | BY25: UL | BZ25: UL | CA25: 24000 | CB25: 16000 | CC25: 24000 | CD25: 16000 | CE25: 61500 | CF25: 41000 | CG25: 25625 | CH25: 20500 | CI25: 12000 | CJ25: 7000 | CK25: S13R
A26: R-2 Type VA construction | B26: NP / Construction V-A Only | C26: NP / Construction V-A Only | D26: NP / Construction V-A Only | E26: NP / Construction V-A Only | F26: NP / Construction V-A Only | G26: NP / Construction V-A Only | H26: NP / Construction V-A Only | I26: NP / Construction V-A Only | J26: NP / Construction V-A Only | K26: NP / Construction V-A Only | L26: 12000 | M26: NP / Construction V-A Only | N26: NS | P26: R-2 Type VA construction | Q26: NP / Construction V-A Only | R26: NP / Construction V-A Only | S26: NP / Construction V-A Only | T26: NP / Construction V-A Only | U26: NP / Construction V-A Only | V26: NP / Construction V-A Only | W26: NP / Construction V-A Only | X26: NP / Construction V-A Only | Y26: NP / Construction V-A Only | Z26: NP / Construction V-A Only | AA26: 48000 | AB26: NP / Construction V-A Only | AC26: S1 | AE26: R-2 Type VA construction | AF26: NP / Construction V-A Only | AG26: NP / Construction V-A Only | AH26: NP / Construction V-A Only | AI26: NP / Construction V-A Only | AJ26: NP / Construction V-A Only | AK26: NP / Construction V-A Only | AL26: NP / Construction V-A Only | AM26: NP / Construction V-A Only | AN26: NP / Construction V-A Only | AO26: NP / Construction V-A Only | AP26: 36000 | AQ26: NP / Construction V-A Only | AR26: SM (without ht. increase) | AT26: R-2 Type VA construction | AU26: NP / Construction V-A Only | AV26: NP / Construction V-A Only | AW26: NP / Construction V-A Only | AX26: NP / Construction V-A Only | AY26: NP / Construction V-A Only | AZ26: NP / Construction V-A Only | BA26: NP / Construction V-A Only | BB26: NP / Construction V-A Only | BC26: NP / Construction V-A Only | BD26: NP / Construction V-A Only | BE26: 36000 w/ Ht. Increase | BF26: NP / Construction V-A Only | BG26: SM (with ht. increase) | BI26: R-2 Type VA construction | BJ26: NP W/ 13D | BK26: NP W/ 13D | BL26: NP W/ 13D | BM26: NP W/ 13D | BN26: NP W/ 13D | BO26: NP W/ 13D | BP26: NP W/ 13D | BQ26: NP W/ 13D | BR26: NP W/ 13D | BS26: NP W/ 13D | BT26: NP W/ 13D | BU26: NP W/ 13D | BX26: R-2 Type VA construction | BY26: NP W/13R | BZ26: NP W/13R | CA26: NP W/13R | CB26: NP W/13R | CC26: NP W/13R | CD26: NP W/13R | CE26: NP W/13R | CF26: NP W/13R | CG26: NP W/13R | CH26: NP W/13R | CI26: NP W/13R | CJ26: NP W/13R | CK26: S13R
A27: R-2.1 | B27: UL | C27: 55000 | D27: 19000 | E27: NP W/ II-B, III-B, IV-A (216,000 Sprinkled), IV-B, IV-C, IV-HT, V-B Construction | F27: 16500 | G27: NP W/ II-B, III-B, IV-A (216,000 Sprinkled), IV-B, IV-C, IV-HT, V-B Construction | H27: 216000 | I27: NP W/ II-B, III-B, IV-A (216,000 Sprinkled), IV-B, IV-C, IV-HT, V-B Construction | J27: NP W/ II-B, III-B, IV-A (216,000 Sprinkled), IV-B, IV-C, IV-HT, V-B Construction | K27: NP W/ II-B, III-B, IV-A (216,000 Sprinkled), IV-B, IV-C, IV-HT, V-B Construction | L27: 10500 | M27: NP W/ II-B, III-B, IV-A (216,000 Sprinkled), IV-B, IV-C, IV-HT, V-B Construction | N27: NS | P27: R-2.1 | Q27: UL | R27: 220000 | S27: 76000 | T27: NP W/ II-B, III-B, IV-A (216,000 Sprinkled), IV-B, IV-C, IV-HT, V-B Construction | U27: 66000 | V27: NP W/ II-B, III-B, IV-A (216,000 Sprinkled), IV-B, IV-C, IV-HT, V-B Construction | W27: 216000 | X27: NP W/ II-B, III-B, IV-A (216,000 Sprinkled), IV-B, IV-C, IV-HT, V-B Construction | Y27: NP W/ II-B, III-B, IV-A (216,000 Sprinkled), IV-B, IV-C, IV-HT, V-B Construction | Z27: NP W/ II-B, III-B, IV-A (216,000 Sprinkled), IV-B, IV-C, IV-HT, V-B Construction | AA27: 42000 | AB27: NP W/ II-B, III-B, IV-A (216,000 Sprinkled), IV-B, IV-C, IV-HT, V-B Construction | AC27: S1 | AE27: R-2.1 | AF27: UL | AG27: 165000 | AH27: 57000 | AI27: NP W/ II-B, III-B, IV-A (216,000 Sprinkled), IV-B, IV-C, IV-HT, V-B Construction | AJ27: 49500 | AK27: NP W/ II-B, III-B, IV-A (216,000 Sprinkled), IV-B, IV-C, IV-HT, V-B Construction | AL27: 162000 | AM27: NP W/ II-B, III-B, IV-A (216,000 Sprinkled), IV-B, IV-C, IV-HT, V-B Construction | AN27: NP W/ II-B, III-B, IV-A (216,000 Sprinkled), IV-B, IV-C, IV-HT, V-B Construction | AO27: NP W/ II-B, III-B, IV-A (216,000 Sprinkled), IV-B, IV-C, IV-HT, V-B Construction | AP27: 31500 | AQ27: NP W/ II-B, III-B, IV-A (216,000 Sprinkled), IV-B, IV-C, IV-HT, V-B Construction | AR27: SM (without ht. increase) | AT27: R-2.1 | AU27: UL | AV27: 55000 | AW27: 19000 | AX27: W/ II-B, III-B, IV-A (216,000 Sprinkled), IV-B, IV-C, IV-HT, V-B Construction | AY27: 16500 | AZ27: W/ II-B, III-B, IV-A (216,000 Sprinkled), IV-B, IV-C, IV-HT, V-B Construction | BA27: 54000 | BB27: W/ II-B, III-B, IV-A (216,000 Sprinkled), IV-B, IV-C, IV-HT, V-B Construction | BC27: W/ II-B, III-B, IV-A (216,000 Sprinkled), IV-B, IV-C, IV-HT, V-B Construction | BD27: W/ II-B, III-B, IV-A (216,000 Sprinkled), IV-B, IV-C, IV-HT, V-B Construction | BE27: 10500 | BF27: W/ II-B, III-B, IV-A (216,000 Sprinkled), IV-B, IV-C, IV-HT, V-B Construction | BG27: SM (with ht. increase) | BI27: R-2.1 | BJ27: NP W/ 13D | BK27: NP W/ 13D | BL27: NP W/ 13D | BM27: NP W/ 13D | BN27: NP W/ 13D | BO27: NP W/ 13D | BP27: NP W/ 13D | BQ27: NP W/ 13D | BR27: NP W/ 13D | BS27: NP W/ 13D | BT27: NP W/ 13D | BU27: NP W/ 13D | BX27: R-2.1 | BY27: UL | BZ27: 55000 | CA27: 19000 | CB27: NP | CC27: 16500 | CD27: NP | CE27: NP | CF27: NP | CG27: NP | CH27: NP | CI27: 16500 | CJ27: NP | CK27: S13R
A28: R-2.2 (CA Only) | B28: NP W/O S1 or SM Sprinklers | C28: NP W/O S1 or SM Sprinklers | D28: NP W/O S1 or SM Sprinklers | E28: NP W/O S1 or SM Sprinklers | F28: NP W/O S1 or SM Sprinklers | G28: NP W/O S1 or SM Sprinklers | H28: NP W/O S1 or SM Sprinklers | I28: NP W/O S1 or SM Sprinklers | J28: NP W/O S1 or SM Sprinklers | K28: NP W/O S1 or SM Sprinklers | L28: NP W/O S1 or SM Sprinklers | M28: NP W/O S1 or SM Sprinklers | N28: NS | P28: R-2.2 (CA Only) | Q28: UL | R28: UL | S28: 96000 | T28: NP W/ II-B & III-BConstruction | U28: 9600 | V28: NP W/ II-B & III-BConstruction | W28: 246000 | X28: 164000 | Y28: 102500 | Z28: 82000 | AA28: 48000 | AB28: 28000 | AC28: S1 | AE28: R-2.2 (CA Only) | AF28: UL | AG28: UL | AH28: 72000 | AI28: 48000 | AJ28: 72000 | AK28: 48000 | AL28: 184500 | AM28: 123000 | AN28: 76875 | AO28: 61500 | AP28: 36000 | AQ28: 21000 | AR28: SM (without ht. increase) | AT28: R-2.2 (CA Only) | AU28: UL | AV28: UL | AW28: 24000 | AX28: 16000 | AY28: 24000 | AZ28: 16000 | BA28: 61500 | BB28: 41000 | BC28: 25625 | BD28: 20500 | BE28: 12000 | BF28: 7000 | BG28: SM (with ht. increase) | BI28: R-2.2 (CA Only) | BJ28: NP W/ 13D | BK28: NP W/ 13D | BL28: NP W/ 13D | BM28: NP W/ 13D | BN28: NP W/ 13D | BO28: NP W/ 13D | BP28: NP W/ 13D | BQ28: NP W/ 13D | BR28: NP W/ 13D | BS28: NP W/ 13D | BT28: NP W/ 13D | BU28: NP W/ 13D | BX28: R-2.2 (CA Only) | BY28: NP W/13R | BZ28: NP W/13R | CA28: NP W/13R | CB28: NP W/13R | CC28: NP W/13R | CD28: NP W/13R | CE28: NP W/13R | CF28: NP W/13R | CG28: NP W/13R | CH28: NP W/13R | CI28: NP W/13R | CJ28: NP W/13R
A29: R-3/R-3.1 | B29: UL | C29: UL | D29: UL | E29: UL | F29: UL | G29: UL | H29: UL | I29: UL | J29: UL | K29: UL | L29: UL | M29: UL | N29: NS | P29: R-3/R-3.1 | Q29: UL | R29: UL | S29: UL | T29: UL | U29: UL | V29: UL | W29: UL | X29: UL | Y29: UL | Z29: UL | AA29: UL | AB29: UL | AC29: S1 | AE29: R-3/R-3.1 | AF29: UL | AG29: UL | AH29: UL | AI29: UL | AJ29: UL | AK29: UL | AL29: UL | AM29: UL | AN29: UL | AO29: UL | AP29: UL | AQ29: UL | AR29: SM | AT29: R-3/R-3.1 | AU29: No Limitations | AV29: No Limitations | AW29: No Limitations | AX29: No Limitations | AY29: No Limitations | AZ29: No Limitations | BA29: No Limitations | BB29: No Limitations | BC29: No Limitations | BD29: No Limitations | BE29: No Limitations | BF29: No Limitations | BG29: SM (with ht. increase) | BI29: R-3/R-3.1 | BJ29: UL | BK29: UL | BL29: UL | BM29: UL | BN29: UL | BO29: UL | BP29: UL | BQ29: UL | BR29: UL | BS29: UL | BT29: UL | BU29: UL | BV29: S13D | BX29: R-3/R-3.1 | BY29: UL | BZ29: UL | CA29: UL | CB29: UL | CC29: UL | CD29: UL | CE29: UL | CF29: UL | CG29: UL | CH29: UL | CI29: UL | CJ29: UL | CK29: S13R
A30: R-4 | B30: UL | C30: UL | D30: 24000 | E30: 16000 | F30: 24000 | G30: 16000 | H30: 61500 | I30: 41000 | J30: 25625 | K30: 20500 | L30: 12000 | M30: 7000 | N30: NS | P30: R-4 | Q30: UL | R30: UL | S30: 96000 | T30: 64000 | U30: 96000 | V30: 64000 | W30: 246000 | X30: 164000 | Y30: 102500 | Z30: 82000 | AA30: 48000 | AB30: 28000 | AC30: S1 | AE30: R-4 | AF30: UL | AG30: UL | AH30: 72000 | AI30: 48000 | AJ30: 7222 | AK30: 48000 | AL30: 184500 | AM30: 123000 | AN30: 76875 | AO30: 61500 | AP30: 36000 | AQ30: 21000 | AR30: SM (without ht. increase) | AT30: R-4 | AU30: UL | AV30: UL | AW30: 24000 | AX30: 16000 | AY30: 24000 | AZ30: 16000 | BA30: 61500 | BB30: 41000 | BC30: 25625 | BD30: 20500 | BE30: 12000 | BF30: 7000 | BG30: SM (with ht. increase) | BI30: R-4 | BJ30: UL | BK30: UL | BL30: 24000 | BM30: 16000 | BN30: 24000 | BO30: 16000 | BP30: 61500 | BQ30: 41000 | BR30: 25625 | BS30: 20500 | BT30: 12000 | BU30: 7000 | BX30: R-4 | BY30: UL | BZ30: UL | CA30: 24000 | CB30: 16000 | CC30: 24000 | CD30: 16000 | CE30: 61500 | CF30: 41000 | CG30: 25625 | CH30: 20500 | CI30: 12000 | CJ30: 7000 | CK30: S13R
A31: S-1 | B31: UL | C31: 48000 | D31: 26000 | E31: 17500 | F31: 26000 | G31: 17500 | H31: 76500 | I31: 51000 | J31: 31875 | K31: 25500 | L31: 14000 | M31: 9000 | N31: NS | P31: S-1 | Q31: UL | R31: 192000 | S31: 104000 | T31: 70000 | U31: 104000 | V31: 70000 | W31: 306000 | X31: 204000 | Y31: 127500 | Z31: 102000 | AA31: 56000 | AB31: 36000 | AC31: S1 | AE31: S-1 | AF31: UL | AG31: 144000 | AH31: 48000 | AI31: 52500 | AJ31: 78000 | AK31: 52500 | AL31: 229500 | AM31: 153000 | AN31: 95625 | AO31: 76500 | AP31: 42000 | AQ31: 27000 | AR31: SM | AT31: S-1 | AU31: No Limitations | AV31: No Limitations | AW31: No Limitations | AX31: No Limitations | AY31: No Limitations | AZ31: No Limitations | BA31: No Limitations | BB31: No Limitations | BC31: No Limitations | BD31: No Limitations | BE31: No Limitations | BF31: No Limitations | BI31: S-1 | BJ31: NP W/ 13D | BK31: NP W/ 13D | BL31: NP W/ 13D | BM31: NP W/ 13D | BN31: NP W/ 13D | BO31: NP W/ 13D | BP31: NP W/ 13D | BQ31: NP W/ 13D | BR31: NP W/ 13D | BS31: NP W/ 13D | BT31: NP W/ 13D | BU31: NP W/ 13D | BX31: S-1 | BY31: NP W/13R | BZ31: NP W/13R | CA31: NP W/13R | CB31: NP W/13R | CC31: NP W/13R | CD31: NP W/13R | CE31: NP W/13R | CF31: NP W/13R | CG31: NP W/13R | CH31: NP W/13R | CI31: NP W/13R | CJ31: NP W/13R
A32: S-2 | B32: UL | C32: 79000 | D32: 39000 | E32: 26000 | F32: 39000 | G32: 26000 | H32: 115500 | I32: 77000 | J32: 48125 | K32: 38500 | L32: 21000 | M32: 13500 | N32: NS | P32: S-2 | Q32: UL | R32: 316000 | S32: 156000 | T32: 104000 | U32: 156000 | V32: 104000 | W32: 462000 | X32: 308000 | Y32: 192500 | Z32: 154000 | AA32: 84000 | AB32: 54000 | AC32: S1 | AE32: S-2 | AF32: UL | AG32: 237000 | AH32: 117000 | AI32: 78000 | AJ32: 117000 | AK32: 78000 | AL32: 346500 | AM32: 231000 | AN32: 144375 | AO32: 115500 | AP32: 63000 | AQ32: 40500 | AR32: SM | AT32: S-2 | AU32: No Limitations | AV32: No Limitations | AW32: No Limitations | AX32: No Limitations | AY32: No Limitations | AZ32: No Limitations | BA32: No Limitations | BB32: No Limitations | BC32: No Limitations | BD32: No Limitations | BE32: No Limitations | BF32: No Limitations | BI32: S-2 | BJ32: NP W/ 13D | BK32: NP W/ 13D | BL32: NP W/ 13D | BM32: NP W/ 13D | BN32: NP W/ 13D | BO32: NP W/ 13D | BP32: NP W/ 13D | BQ32: NP W/ 13D | BR32: NP W/ 13D | BS32: NP W/ 13D | BT32: NP W/ 13D | BU32: NP W/ 13D | BX32: S-2 | BY32: NP W/13R | BZ32: NP W/13R | CA32: NP W/13R | CB32: NP W/13R | CC32: NP W/13R | CD32: NP W/13R | CE32: NP W/13R | CF32: NP W/13R | CG32: NP W/13R | CH32: NP W/13R | CI32: NP W/13R | CJ32: NP W/13R
A33: U | B33: UL | C33: 35500 | D33: 19000 | E33: 8500 | F33: 14000 | G33: 8500 | H33: 54000 | I33: 36000 | J33: 22500 | K33: 18000 | L33: 9000 | M33: 5500 | N33: NS | P33: U | Q33: UL | R33: 142000 | S33: 76000 | T33: 34000 | U33: 56000 | V33: 34000 | W33: 216000 | X33: 144000 | Y33: 90000 | Z33: 72000 | AA33: 36000 | AB33: 22000 | AC33: S1 | AE33: U | AF33: UL | AG33: 106500 | AH33: 57000 | AI33: 25500 | AJ33: 42000 | AK33: 25500 | AL33: 162000 | AM33: 108000 | AN33: 67500 | AO33: 54000 | AP33: 27000 | AQ33: 16500 | AR33: SM | AT33: U | AU33: No Limitations | AV33: No Limitations | AW33: No Limitations | AX33: No Limitations | AY33: No Limitations | AZ33: No Limitations | BA33: No Limitations | BB33: No Limitations | BC33: No Limitations | BD33: No Limitations | BE33: No Limitations | BF33: No Limitations | BI33: U | BJ33: NP W/ 13D | BK33: NP W/ 13D | BL33: NP W/ 13D | BM33: NP W/ 13D | BN33: NP W/ 13D | BO33: NP W/ 13D | BP33: NP W/ 13D | BQ33: NP W/ 13D | BR33: NP W/ 13D | BS33: NP W/ 13D | BT33: NP W/ 13D | BU33: NP W/ 13D | BX33: U | BY33: NP W/13R | BZ33: NP W/13R | CA33: NP W/13R | CB33: NP W/13R | CC33: NP W/13R | CD33: NP W/13R | CE33: NP W/13R | CF33: NP W/13R | CG33: NP W/13R | CH33: NP W/13R | CI33: NP W/13R | CJ33: NP W/13R
A34: =INDEX(TableNS,MATCH(A37,OccNS,0),MATCH(B37,ConstructionNS,0)) -> 9000 | M34: =INDEX(TableNS,MATCH(E38,OccNS,0),MATCH(F38,ConstructionNS,0)) -> 9000 | N34: =INDEX(TableNS,MATCH(H38,OccNS,0),MATCH(F38,ConstructionNS,0)) -> 9500 | P34: =INDEX(TableSS,MATCH(A37,OccSS,0),MATCH(B37,ConstrucS,0)) -> 36000 | AB34: =INDEX(TableSS,MATCH(E38,OccSS,0),MATCH(F38,ConstrucS,0)) -> 36000 | AC34: =INDEX(TableSS,MATCH(H38,OccSS,0),MATCH(F38,ConstrucS,0)) -> 38000 | AE34: =INDEX(TableSM,MATCH(A37,OccSM,0),MATCH(B37,ConstructionSM,0)) -> 27000 | AQ34: =INDEX(TableSM,MATCH(E38,OccSM,0),MATCH(F38,ConstructionSM,0)) -> 27000 | AR34: =INDEX(TableSM,MATCH(H38,OccSM,0),MATCH(F38,ConstructionSM,0)) -> 28500 | AT34: =INDEX(TableAIL,MATCH(A37,OccAIL,0),MATCH(B37,ConstructionAIL,0)) -> No Limitations | BI34: =INDEX(Table13D,MATCH(A37,Occ13D,0),MATCH(B37,Construction13D,0)) -> NP W/ 13D | BU34: =INDEX(Table13D,MATCH(E38,Occ13D,0),MATCH(F38,Construction13D,0)) -> NP W/ 13D | BV34: =INDEX(Table13D,MATCH(H38,Occ13D,0),MATCH(F38,Construction13D,0)) -> NP W/ 13D | BX34: =INDEX(Table13R,MATCH(A37,Occ13R,0),MATCH(B37,Construction13R,0)) -> NP W/13R | CJ34: =INDEX(Table13R,MATCH(E38,Occ13R,0),MATCH(F38,Construction13R,0)) -> NP W/13R | CK34: =INDEX(Table13R,MATCH(H38,Occ13R,0),MATCH(F38,Construction13R,0)) -> NP W/13R
A35: area increase | M35: occ1 | N35: occ2 | P35: area increase | AB35: occ1 | AC35: occ2 | AE35: area increase | AQ35: occ1 | AR35: occ2 | AT35: area increase | BI35: area increase | BU35: occ1 | BV35: occ2 | BX35: area increase | CJ35: occ1 | CK35: occ2
A36: DO NOT OVERIDE BELOW | E36: For Mixed Occ. #1 | H36: For Mixed Occ. #2
A37: ='2021-2024 Frontage Increase'!B5 -> B | B37: ='2021-2024 Frontage Increase'!B6 -> V-B | E37: DO NOT OVERIDE BELOW | H37: DO NOT OVERIDE BELOW
E38: ='2021-2024 Mixed Occupancy'!B5 -> B | F38: ='2021-2024 Mixed Occupancy'!B6 -> V-B | H38: ='2021-2024 Mixed Occupancy'!D5 -> E
A39: Note: UL = Unlimited; NP = Not Permitted;
A41: For SI: 1 square foot = 0.0929 m2
A43: NS | B43: = Buildings not equipped throughout with an automatic sprinkler system.
A44: S1 | B44: = Buildings a maximum of one story above grade equipped throughout with an automatic sprinkler system in accordance with Section 903.3.1.1.
A45: SM | B45: = Buildings two or more stories above grade equipped throughout with an automatic sprinkler system in accordance with Section 903.3.1.1.
A46: S13R | B46: = Buildings equipped throughout with an automatic sprinkler system in accordance with Section 903.3.1.2.
A47: S13D | B47: = Buildings equipped throughout with an automatic sprinkler system in accordance with Section 903.3.1.3.

Sheet Allowable Bldg Ht Table 504.3
A1: NOT SPRINKLED | L1: SPRINKLERS (S1 & SM) | W1: AREA INCREASE LIMITATIONS | AH1: S13D SPRINKLERS | AS1: S13R SPRINKLERS
B2: I-A | C2: I-B | D2: II-A | E2: II-B | F2: III-A | G2: III-B | H2: IV-HT | I2: V-A | J2: V-B | M2: I-A | N2: I-B | O2: II-A | P2: II-B | Q2: III-A | R2: III-B | S2: IV-HT | T2: V-A | U2: V-B | X2: I-A | Y2: I-B | Z2: II-A | AA2: II-B | AB2: III-A | AC2: III-B | AD2: IV-HT | AE2: V-A | AF2: V-B | AI2: I-A | AJ2: I-B | AK2: II-A | AL2: II-B | AM2: III-A | AN2: III-B | AO2: IV-HT | AP2: V-A | AQ2: V-B | AT2: I-A | AU2: I-B | AV2: II-A | AW2: II-B | AX2: III-A | AY2: III-B | AZ2: IV-HT | BA2: V-A | BB2: V-B
A3: A-1 | B3: UL | C3: 160 | D3: 65 | E3: 55 | F3: 65 | G3: 55 | H3: 65 | I3: 50 | J3: 40 | L3: A-1 | M3: UL | N3: 180 | O3: 85 | P3: 75 | Q3: 85 | R3: 75 | S3: 85 | T3: 70 | U3: 60 | W3: A-1 | X3: UL | Y3: 160 | Z3: 65 | AA3: 55 | AB3: 65 | AC3: 55 | AD3: 65 | AE3: 50 | AF3: 40 | AH3: A-1 | AI3: NP W/13D | AJ3: NP W/13D | AK3: NP W/13D | AL3: NP W/13D | AM3: NP W/13D | AN3: NP W/13D | AO3: NP W/13D | AP3: NP W/13D | AQ3: NP W/13D | AS3: A-1 | AT3: NP W/ 13R | AU3: NP W/ 13R | AV3: NP W/ 13R | AW3: NP W/ 13R | AX3: NP W/ 13R | AY3: NP W/ 13R | AZ3: NP W/ 13R | BA3: NP W/ 13R | BB3: NP W/ 13R
A4: A-2 | B4: UL | C4: 160 | D4: 65 | E4: 55 | F4: 65 | G4: 55 | H4: 65 | I4: 50 | J4: 40 | L4: A-2 | M4: UL | N4: 180 | O4: 85 | P4: 75 | Q4: 85 | R4: 75 | S4: 85 | T4: 70 | U4: 60 | W4: A-2 | X4: UL | Y4: 160 | Z4: 65 | AA4: 55 | AB4: 65 | AC4: 55 | AD4: 65 | AE4: 50 | AF4: 40 | AH4: A-2 | AI4: NP W/13D | AJ4: NP W/13D | AK4: NP W/13D | AL4: NP W/13D | AM4: NP W/13D | AN4: NP W/13D | AO4: NP W/13D | AP4: NP W/13D | AQ4: NP W/13D | AS4: A-2 | AT4: NP W/ 13R | AU4: NP W/ 13R | AV4: NP W/ 13R | AW4: NP W/ 13R | AX4: NP W/ 13R | AY4: NP W/ 13R | AZ4: NP W/ 13R | BA4: NP W/ 13R | BB4: NP W/ 13R
A5: A-3 | B5: UL | C5: 160 | D5: 65 | E5: 55 | F5: 65 | G5: 55 | H5: 65 | I5: 50 | J5: 40 | L5: A-3 | M5: UL | N5: 160 | O5: 65 | P5: 55 | Q5: 65 | R5: 55 | S5: 65 | T5: 50 | U5: 40 | W5: A-3 | X5: UL | Y5: 160 | Z5: 65 | AA5: 55 | AB5: 65 | AC5: 55 | AD5: 65 | AE5: 50 | AF5: 40 | AH5: A-3 | AI5: NP W/13D | AJ5: NP W/13D | AK5: NP W/13D | AL5: NP W/13D | AM5: NP W/13D | AN5: NP W/13D | AO5: NP W/13D | AP5: NP W/13D | AQ5: NP W/13D | AS5: A-3 | AT5: NP W/ 13R | AU5: NP W/ 13R | AV5: NP W/ 13R | AW5: NP W/ 13R | AX5: NP W/ 13R | AY5: NP W/ 13R | AZ5: NP W/ 13R | BA5: NP W/ 13R | BB5: NP W/ 13R
A6: A-4 | B6: UL | C6: 160 | D6: 65 | E6: 55 | F6: 65 | G6: 55 | H6: 65 | I6: 50 | J6: 40 | L6: A-4 | M6: UL | N6: 180 | O6: 85 | P6: 75 | Q6: 85 | R6: 75 | S6: 85 | T6: 70 | U6: 60 | W6: A-4 | X6: UL | Y6: 160 | Z6: 65 | AA6: 55 | AB6: 65 | AC6: 55 | AD6: 65 | AE6: 50 | AF6: 40 | AH6: A-4 | AI6: NP W/13D | AJ6: NP W/13D | AK6: NP W/13D | AL6: NP W/13D | AM6: NP W/13D | AN6: NP W/13D | AO6: NP W/13D | AP6: NP W/13D | AQ6: NP W/13D | AS6: A-4 | AT6: NP W/ 13R | AU6: NP W/ 13R | AV6: NP W/ 13R | AW6: NP W/ 13R | AX6: NP W/ 13R | AY6: NP W/ 13R | AZ6: NP W/ 13R | BA6: NP W/ 13R | BB6: NP W/ 13R
A7: A-5 | B7: UL | C7: 160 | D7: 65 | E7: 55 | F7: 65 | G7: 55 | H7: 65 | I7: 50 | J7: 40 | L7: A-5 | M7: UL | N7: 180 | O7: 85 | P7: 75 | Q7: 85 | R7: 75 | S7: 85 | T7: 70 | U7: 60 | W7: A-5 | X7: UL | Y7: 160 | Z7: 65 | AA7: 55 | AB7: 65 | AC7: 55 | AD7: 65 | AE7: 50 | AF7: 40 | AH7: A-5 | AI7: NP W/13D | AJ7: NP W/13D | AK7: NP W/13D | AL7: NP W/13D | AM7: NP W/13D | AN7: NP W/13D | AO7: NP W/13D | AP7: NP W/13D | AQ7: NP W/13D | AS7: A-5 | AT7: NP W/ 13R | AU7: NP W/ 13R | AV7: NP W/ 13R | AW7: NP W/ 13R | AX7: NP W/ 13R | AY7: NP W/ 13R | AZ7: NP W/ 13R | BA7: NP W/ 13R | BB7: NP W/ 13R
A8: B | B8: UL | C8: 160 | D8: 65 | E8: 55 | F8: 65 | G8: 55 | H8: 65 | I8: 50 | J8: 40 | L8: B | M8: UL | N8: 180 | O8: 85 | P8: 75 | Q8: 85 | R8: 75 | S8: 85 | T8: 70 | U8: 60 | W8: B | X8: No Limitations | Y8: No Limitations | Z8: No Limitations | AA8: No Limitations | AB8: No Limitations | AC8: No Limitations | AD8: No Limitations | AE8: No Limitations | AF8: No Limitations | AH8: B | AI8: NP W/13D | AJ8: NP W/13D | AK8: NP W/13D | AL8: NP W/13D | AM8: NP W/13D | AN8: NP W/13D | AO8: NP W/13D | AP8: NP W/13D | AQ8: NP W/13D | AS8: B | AT8: NP W/ 13R | AU8: NP W/ 13R | AV8: NP W/ 13R | AW8: NP W/ 13R | AX8: NP W/ 13R | AY8: NP W/ 13R | AZ8: NP W/ 13R | BA8: NP W/ 13R | BB8: NP W/ 13R
A9: E | B9: UL | C9: 160 | D9: 65 | E9: 55 | F9: 65 | G9: 55 | H9: 65 | I9: 50 | J9: 40 | L9: E | M9: UL | N9: 160 | O9: 85 | P9: 75 | Q9: 85 | R9: 75 | S9: 85 | T9: 70 | U9: 60 | W9: E | X9: UL | Y9: 160 | Z9: 65 | AA9: 55 | AB9: 65 | AC9: 55 | AD9: 65 | AE9: 50 | AF9: 40 | AH9: E | AI9: NP W/13D | AJ9: NP W/13D | AK9: NP W/13D | AL9: NP W/13D | AM9: NP W/13D | AN9: NP W/13D | AO9: NP W/13D | AP9: NP W/13D | AQ9: NP W/13D | AS9: E | AT9: NP W/ 13R | AU9: NP W/ 13R | AV9: NP W/ 13R | AW9: NP W/ 13R | AX9: NP W/ 13R | AY9: NP W/ 13R | AZ9: NP W/ 13R | BA9: NP W/ 13R | BB9: NP W/ 13R
A10: F-1 | B10: UL | C10: 160 | D10: 65 | E10: 55 | F10: 65 | G10: 55 | H10: 65 | I10: 50 | J10: 40 | L10: F-1 | M10: UL | N10: 180 | O10: 85 | P10: 75 | Q10: 85 | R10: 75 | S10: 85 | T10: 70 | U10: 60 | W10: F-1 | X10: No Limitations | Y10: No Limitations | Z10: No Limitations | AA10: No Limitations | AB10: No Limitations | AC10: No Limitations | AD10: No Limitations | AE10: No Limitations | AF10: No Limitations | AH10: F-1 | AI10: NP W/13D | AJ10: NP W/13D | AK10: NP W/13D | AL10: NP W/13D | AM10: NP W/13D | AN10: NP W/13D | AO10: NP W/13D | AP10: NP W/13D | AQ10: NP W/13D | AS10: F-1 | AT10: NP W/ 13R | AU10: NP W/ 13R | AV10: NP W/ 13R | AW10: NP W/ 13R | AX10: NP W/ 13R | AY10: NP W/ 13R | AZ10: NP W/ 13R | BA10: NP W/ 13R | BB10: NP W/ 13R
A11: F-2 | B11: UL | C11: 160 | D11: 65 | E11: 55 | F11: 65 | G11: 55 | H11: 65 | I11: 50 | J11: 40 | L11: F-2 | M11: UL | N11: 180 | O11: 85 | P11: 75 | Q11: 85 | R11: 75 | S11: 85 | T11: 70 | U11: 60 | W11: F-2 | X11: No Limitations | Y11: No Limitations | Z11: No Limitations | AA11: No Limitations | AB11: No Limitations | AC11: No Limitations | AD11: No Limitations | AE11: No Limitations | AF11: No Limitations | AH11: F-2 | AI11: NP W/13D | AJ11: NP W/13D | AK11: NP W/13D | AL11: NP W/13D | AM11: NP W/13D | AN11: NP W/13D | AO11: NP W/13D | AP11: NP W/13D | AQ11: NP W/13D | AS11: F-2 | AT11: NP W/ 13R | AU11: NP W/ 13R | AV11: NP W/ 13R | AW11: NP W/ 13R | AX11: NP W/ 13R | AY11: NP W/ 13R | AZ11: NP W/ 13R | BA11: NP W/ 13R | BB11: NP W/ 13R
A12: H-1 | B12: UL | C12: 160 | D12: 65 | E12: 55 | F12: 65 | G12: 55 | H12: 65 | I12: 50 | J12: 40 | L12: H-1 | M12: UL | N12: 160 | O12: 65 | P12: 55 | Q12: 65 | R12: 55 | S12: 65 | T12: 50 | U12: 40 | W12: H-1 | X12: UL | Y12: 160 | Z12: 65 | AA12: 55 | AB12: 65 | AC12: 55 | AD12: 65 | AE12: 50 | AF12: 40 | AH12: H-1 | AI12: NP W/13D | AJ12: NP W/13D | AK12: NP W/13D | AL12: NP W/13D | AM12: NP W/13D | AN12: NP W/13D | AO12: NP W/13D | AP12: NP W/13D | AQ12: NP W/13D | AS12: H-1 | AT12: NP W/ 13R | AU12: NP W/ 13R | AV12: NP W/ 13R | AW12: NP W/ 13R | AX12: NP W/ 13R | AY12: NP W/ 13R | AZ12: NP W/ 13R | BA12: NP W/ 13R | BB12: NP W/ 13R
A13: H-2 | B13: UL | C13: 160 | D13: 65 | E13: 55 | F13: 65 | G13: 55 | H13: 65 | I13: 50 | J13: 40 | L13: H-2 | M13: UL | N13: 160 | O13: 65 | P13: 55 | Q13: 65 | R13: 55 | S13: 65 | T13: 50 | U13: 40 | W13: H-2 | X13: UL | Y13: 160 | Z13: 65 | AA13: 55 | AB13: 65 | AC13: 55 | AD13: 65 | AE13: 50 | AF13: 40 | AH13: H-2 | AI13: NP W/13D | AJ13: NP W/13D | AK13: NP W/13D | AL13: NP W/13D | AM13: NP W/13D | AN13: NP W/13D | AO13: NP W/13D | AP13: NP W/13D | AQ13: NP W/13D | AS13: H-2 | AT13: NP W/ 13R | AU13: NP W/ 13R | AV13: NP W/ 13R | AW13: NP W/ 13R | AX13: NP W/ 13R | AY13: NP W/ 13R | AZ13: NP W/ 13R | BA13: NP W/ 13R | BB13: NP W/ 13R
A14: H-3 | B14: UL | C14: 160 | D14: 65 | E14: 55 | F14: 65 | G14: 55 | H14: 65 | I14: 50 | J14: 40 | L14: H-3 | M14: UL | N14: 160 | O14: 65 | P14: 55 | Q14: 65 | R14: 55 | S14: 65 | T14: 50 | U14: 40 | W14: H-3 | X14: UL | Y14: 160 | Z14: 65 | AA14: 55 | AB14: 65 | AC14: 55 | AD14: 65 | AE14: 50 | AF14: 40 | AH14: H-3 | AI14: NP W/13D | AJ14: NP W/13D | AK14: NP W/13D | AL14: NP W/13D | AM14: NP W/13D | AN14: NP W/13D | AO14: NP W/13D | AP14: NP W/13D | AQ14: NP W/13D | AS14: H-3 | AT14: NP W/ 13R | AU14: NP W/ 13R | AV14: NP W/ 13R | AW14: NP W/ 13R | AX14: NP W/ 13R | AY14: NP W/ 13R | AZ14: NP W/ 13R | BA14: NP W/ 13R | BB14: NP W/ 13R
A15: H-4 | B15: UL | C15: 160 | D15: 65 | E15: 55 | F15: 65 | G15: 55 | H15: 65 | I15: 50 | J15: 40 | L15: H-4 | M15: UL | N15: 180 | O15: 85 | P15: 75 | Q15: 85 | R15: 75 | S15: 85 | T15: 70 | U15: 60 | W15: H-4 | X15: UL | Y15: 160 | Z15: 65 | AA15: 55 | AB15: 65 | AC15: 55 | AD15: 65 | AE15: 50 | AF15: 40 | AH15: H-4 | AI15: NP W/13D | AJ15: NP W/13D | AK15: NP W/13D | AL15: NP W/13D | AM15: NP W/13D | AN15: NP W/13D | AO15: NP W/13D | AP15: NP W/13D | AQ15: NP W/13D | AS15: H-4 | AT15: NP W/ 13R | AU15: NP W/ 13R | AV15: NP W/ 13R | AW15: NP W/ 13R | AX15: NP W/ 13R | AY15: NP W/ 13R | AZ15: NP W/ 13R | BA15: NP W/ 13R | BB15: NP W/ 13R
A16: H-5 | B16: UL | C16: 160 | D16: 65 | E16: 55 | F16: 65 | G16: 55 | H16: 65 | I16: 50 | J16: 40 | L16: H-5 | M16: UL | N16: 160 | O16: 65 | P16: 55 | Q16: 65 | R16: 55 | S16: 65 | T16: 50 | U16: 40 | W16: H-5 | X16: UL | Y16: 160 | Z16: 65 | AA16: 55 | AB16: 65 | AC16: 55 | AD16: 65 | AE16: 50 | AF16: 40 | AH16: H-5 | AI16: NP W/13D | AJ16: NP W/13D | AK16: NP W/13D | AL16: NP W/13D | AM16: NP W/13D | AN16: NP W/13D | AO16: NP W/13D | AP16: NP W/13D | AQ16: NP W/13D | AS16: H-5 | AT16: NP W/ 13R | AU16: NP W/ 13R | AV16: NP W/ 13R | AW16: NP W/ 13R | AX16: NP W/ 13R | AY16: NP W/ 13R | AZ16: NP W/ 13R | BA16: NP W/ 13R | BB16: NP W/ 13R
A17: I-1 Cond. 1 | B17: UL | C17: 160 | D17: 65 | E17: 55 | F17: 65 | G17: 55 | H17: 65 | I17: 50 | J17: 40 | L17: I-1 Cond. 1 | M17: UL | N17: 180 | O17: 85 | P17: 75 | Q17: 85 | R17: 75 | S17: 85 | T17: 70 | U17: 60 | W17: I-1 Cond. 1 | X17: UL | Y17: 160 | Z17: 65 | AA17: 55 | AB17: 65 | AC17: 55 | AD17: 65 | AE17: 50 | AF17: 40 | AH17: I-1 Cond. 1 | AI17: NP W/13D | AJ17: NP W/13D | AK17: NP W/13D | AL17: NP W/13D | AM17: NP W/13D | AN17: NP W/13D | AO17: NP W/13D | AP17: NP W/13D | AQ17: NP W/13D | AS17: I-1 Cond. 1 | AT17: 60 | AU17: 60 | AV17: 60 | AW17: 60 | AX17: 60 | AY17: 60 | AZ17: 60 | BA17: 60 | BB17: 60
A18: I-1 Cond. 2 | B18: UL | C18: 160 | D18: 65 | E18: 55 | F18: 65 | G18: 55 | H18: 65 | I18: 50 | J18: 40 | L18: I-1 Cond. 2 | M18: UL | N18: 180 | O18: 85 | P18: 55 | Q18: 65 | R18: 55 | S18: 65 | T18: 50 | U18: 40 | W18: I-1 Cond. 2 | X18: UL | Y18: 160 | Z18: 65 | AA18: 55 | AB18: 65 | AC18: 55 | AD18: 65 | AE18: 50 | AF18: 40 | AH18: I-1 Cond. 2 | AI18: NP W/13D | AJ18: NP W/13D | AK18: NP W/13D | AL18: NP W/13D | AM18: NP W/13D | AN18: NP W/13D | AO18: NP W/13D | AP18: NP W/13D | AQ18: NP W/13D | AS18: I-1 Cond. 2 | AT18: NP W/ 13R | AU18: NP W/ 13R | AV18: NP W/ 13R | AW18: NP W/ 13R | AX18: NP W/ 13R | AY18: NP W/ 13R | AZ18: NP W/ 13R | BA18: NP W/ 13R | BB18: NP W/ 13R
A19: I-2/I-2.1 | B19: UL | C19: 160 | D19: 65 | E19: 55 | F19: 65 | G19: 55 | H19: 65 | I19: 50 | J19: 40 | L19: I-2/I-2.1 | M19: UL | N19: 180 | O19: 85 | P19: 55 | Q19: 65 | R19: 55 | S19: 65 | T19: 50 | U19: 40 | W19: I-2/I-2.1 | X19: UL | Y19: 160 | Z19: 65 | AA19: 55 | AB19: 65 | AC19: 55 | AD19: 65 | AE19: 50 | AF19: 40 | AH19: I-2/I-2.1 | AI19: NP W/13D | AJ19: NP W/13D | AK19: NP W/13D | AL19: NP W/13D | AM19: NP W/13D | AN19: NP W/13D | AO19: NP W/13D | AP19: NP W/13D | AQ19: NP W/13D | AS19: I-2/I-2.1 | AT19: NP W/ 13R | AU19: NP W/ 13R | AV19: NP W/ 13R | AW19: NP W/ 13R | AX19: NP W/ 13R | AY19: NP W/ 13R | AZ19: NP W/ 13R | BA19: NP W/ 13R | BB19: NP W/ 13R
A20: I-3 | B20: UL | C20: 160 | D20: 65 | E20: 55 | F20: 65 | G20: 55 | H20: 65 | I20: 50 | J20: 40 | L20: I-3 | M20: UL | N20: 180 | O20: 85 | P20: 75 | Q20: 85 | R20: 75 | S20: 85 | T20: 70 | U20: 60 | W20: I-3 | X20: UL | Y20: 160 | Z20: 65 | AA20: 55 | AB20: 65 | AC20: 55 | AD20: 65 | AE20: 50 | AF20: 40 | AH20: I-3 | AI20: NP W/13D | AJ20: NP W/13D | AK20: NP W/13D | AL20: NP W/13D | AM20: NP W/13D | AN20: NP W/13D | AO20: NP W/13D | AP20: NP W/13D | AQ20: NP W/13D | AS20: I-3 | AT20: NP W/ 13R | AU20: NP W/ 13R | AV20: NP W/ 13R | AW20: NP W/ 13R | AX20: NP W/ 13R | AY20: NP W/ 13R | AZ20: NP W/ 13R | BA20: NP W/ 13R | BB20: NP W/ 13R
A21: I-4 | B21: UL | C21: 160 | D21: 65 | E21: 55 | F21: 65 | G21: 55 | H21: 65 | I21: 50 | J21: 40 | L21: I-4 | M21: UL | N21: 180 | O21: 85 | P21: 75 | Q21: 85 | R21: 75 | S21: 85 | T21: 70 | U21: 60 | W21: I-4 | X21: UL | Y21: 160 | Z21: 65 | AA21: 55 | AB21: 65 | AC21: 55 | AD21: 65 | AE21: 50 | AF21: 50 | AH21: I-4 | AI21: NP W/13D | AJ21: NP W/13D | AK21: NP W/13D | AL21: NP W/13D | AM21: NP W/13D | AN21: NP W/13D | AO21: NP W/13D | AP21: NP W/13D | AQ21: NP W/13D | AS21: I-4 | AT21: NP W/ 13R | AU21: NP W/ 13R | AV21: NP W/ 13R | AW21: NP W/ 13R | AX21: NP W/ 13R | AY21: NP W/ 13R | AZ21: NP W/ 13R | BA21: NP W/ 13R | BB21: NP W/ 13R
A22: L | B22: UL | C22: 160 | D22: 65 | E22: 55 | F22: 65 | G22: 55 | H22: 65 | I22: 50 | J22: 40 | L22: L | M22: UL | N22: 160 | O22: 65 | P22: 55 | Q22: 65 | R22: 55 | S22: 65 | T22: 50 | U22: 40 | W22: L | X22: UL | Y22: 160 | Z22: 65 | AA22: 55 | AB22: 65 | AC22: 55 | AD22: 65 | AE22: 50 | AF22: 40 | AH22: L | AI22: NP W/13D | AJ22: NP W/13D | AK22: NP W/13D | AL22: NP W/13D | AM22: NP W/13D | AN22: NP W/13D | AO22: NP W/13D | AP22: NP W/13D | AQ22: NP W/13D | AS22: L | AT22: NP W/ 13R | AU22: NP W/ 13R | AV22: NP W/ 13R | AW22: NP W/ 13R | AX22: NP W/ 13R | AY22: NP W/ 13R | AZ22: NP W/ 13R | BA22: NP W/ 13R | BB22: NP W/ 13R
A23: M | B23: UL | C23: 160 | D23: 65 | E23: 55 | F23: 65 | G23: 55 | H23: 65 | I23: 50 | J23: 40 | L23: M | M23: UL | N23: 180 | O23: 85 | P23: 75 | Q23: 85 | R23: 75 | S23: 85 | T23: 70 | U23: 60 | W23: M | X23: No Limitations | Y23: No Limitations | Z23: No Limitations | AA23: No Limitations | AB23: No Limitations | AC23: No Limitations | AD23: No Limitations | AE23: No Limitations | AF23: No Limitations | AH23: M | AI23: NP W/13D | AJ23: NP W/13D | AK23: NP W/13D | AL23: NP W/13D | AM23: NP W/13D | AN23: NP W/13D | AO23: NP W/13D | AP23: NP W/13D | AQ23: NP W/13D | AS23: M | AT23: NP W/ 13R | AU23: NP W/ 13R | AV23: NP W/ 13R | AW23: NP W/ 13R | AX23: NP W/ 13R | AY23: NP W/ 13R | AZ23: NP W/ 13R | BA23: NP W/ 13R | BB23: NP W/ 13R
A24: R-1 | B24: UL | C24: 160 | D24: 65 | E24: 55 | F24: 65 | G24: 55 | H24: 65 | I24: 50 | J24: 40 | L24: R-1 | M24: UL | N24: 180 | O24: 85 | P24: 75 | Q24: 85 | R24: 75 | S24: 85 | T24: 70 | U24: 60 | W24: R-1 | X24: UL | Y24: 160 | Z24: 65 | AA24: 55 | AB24: 65 | AC24: 55 | AD24: 65 | AE24: 50 | AF24: 40 | AH24: R-1 | AI24: NP W/13D | AJ24: NP W/13D | AK24: NP W/13D | AL24: NP W/13D | AM24: NP W/13D | AN24: NP W/13D | AO24: NP W/13D | AP24: NP W/13D | AQ24: NP W/13D | AS24: R-1 | AT24: 60 | AU24: 60 | AV24: 60 | AW24: 55 | AX24: 60 | AY24: 55 | AZ24: 60 | BA24: 50 | BB24: 40
