Workbook
Name An: 'Calculation Tables'!$S$5:$S$15
Name Ani: 'Calculation Tables'!$S$5:$S$15
Name Animal: 'Calculation Tables'!$S$5:$S$15
Name bardindex: 'HVAC Reference'!$C$4:$E$12
Name bardsize: 'HVAC Reference'!$A$4:$A$12
Name bardvent: 'HVAC Reference'!$C$3:$E$3
Name CARa: 'Calculation Tables'!$G$3:$G$95
Name CFMtableDaikin: '2009 - 2021 IMC-UMC Multi-Zone'!$K$3:$M$10
Name CFMtableDaikin: '2009 - 2021 IMC-UMC Single Zone'!$G$3:$I$8
Name CFMtableDaikin: '2022 CA Multi-Zone Calculator'!$G$3:$I$8
Name CFMtableDaikin: '2022 CA Single Zone Calculator'!$G$3:$I$8
Name CFMtableDaikin: '2024 IMC-UMC Multi-Zone'!$K$3:$M$10
Name CFMtableDaikin: '2024 IMC-UMC Single'!$G$3:$I$8
Name CFMtableDaikin: '2025 CA Multi-Zone Calculator'!$J$5:$L$10
Name CFMtableDaikin: '2025 CA Single Zone Calculator'!$G$6:$I$11
Name CFMtableDaikin: #REF!
Name Co: 'Calculation Tables'!$S$18:$S$23
Name Coor: 'Calculation Tables'!$A$100:$A$104
Name Cor: 'Calculation Tables'!$S$18:$S$23
Name Dr: 'Calculation Tables'!$S$26:$S$30
Name Dry: 'Calculation Tables'!$A$64:$A$68
Name Ed: 'Calculation Tables'!$S$33:$S$48
Name EdCA: 'Calculation Tables'!$F$3:$F$16
Name Edu: 'Calculation Tables'!$A$21:$A$32
Name ERVINDEX: 'HVAC Reference'!$B$17:$B$18
Name ERVSIZE: 'HVAC Reference'!$A$17:$A$18
Name Fo: 'Calculation Tables'!$S$51:$S$58
Name FoCA: 'Calculation Tables'!$F$19:$F$22
Name Foo: 'Calculation Tables'!$S$51:$S$58
Name Food: 'Calculation Tables'!$A$58:$A$61
Name GenCA: 'Calculation Tables'!$F$25:$F$29
Name Ho: 'Calculation Tables'!$S$61:$S$68
Name Hot: 'Calculation Tables'!$A$43:$A$48
Name HotCA: 'Calculation Tables'!$F$32:$F$37
Name IMCocc1: 'Calculation Tables'!$T$3:$T$161
Name IMCoccDens: 'Calculation Tables'!$D$3:$D$97
Name IMCoccDensity: 'Calculation Tables'!$D$3:$D$104
Name IMCRa: 'Calculation Tables'!$C$3:$C$104
Name IMCRa1: 'Calculation Tables'!$V$3:$V$161
Name IMCRp: 'Calculation Tables'!$B$3:$B$104
Name IMCRp1: 'Calculation Tables'!$U$3:$U$161
Name IMCRp24: 'Calculation Tables'!$U$3:$U$161
Name IMCuse: 'Calculation Tables'!$A$3:$A$104
Name IMCuse1: 'Calculation Tables'!$S$3:$S$161
Name marairref: 'HVAC Reference'!$O$4:$Q$11
Name marvairsize: 'HVAC Reference'!$M$4:$M$11
Name marvairvent: 'HVAC Reference'!$O$3:$Q$3
Name MisCA: 'Calculation Tables'!$F$48:$F$60
Name MultiCO2: 'Calculation Tables'!$N$2:$N$95
Name NONE: 'Calculation Tables'!$A$3
Name NONE1: 'Calculation Tables'!$F$1
Name Of: 'Calculation Tables'!$S$71:$S$77
Name Off: 'Calculation Tables'!$A$5:$A$9
Name OffCA: 'Calculation Tables'!$F$40:$F$45
Name Ou: 'Calculation Tables'!$S$80:$S$97
Name Out: 'Calculation Tables'!$S$80:$S$97
Name Pu: 'Calculation Tables'!$S$100:$S$107
Name Pub: 'Calculation Tables'!$A$12:$A$18
Name PubCA: 'Calculation Tables'!$F$63:$F$70
Name Re: 'Calculation Tables'!$S$110:$S$115

Sheet HVAC Reference
A2: BARD WALL MOUNT OUTDOOR AIR VENTILATION: | G2: DAIKIN ROOF TOP OUTDOOR AIR VENTILATION: | M2: Marvair WALL MOUNT OUTDOOR AIR VENTILATION:
A3: HVAC SIZE: | B3: SYSTEM CFM OUTPUT: | C3: FAD | D3: CRV | E3: ECONOMIZER | G3: HVAC SIZE: | H3: SYSTEM CFM OUTPUT: | I3: FAD | J3: CRV | K3: ECONOMIZER | M3: HVAC SIZE: | N3: SYSTEM CFM OUTPUT: | O3: FAD | P3: CRV | Q3: ECONOMIZER
A4: N/A | B4: 0 | C4: 0 | D4: 0 | E4: 0 | G4: N/A | H4: 0 | I4: 0 | J4: 0 | K4: 0 | M4: N/A | N4: 0 | O4: 0 | P4: 0 | Q4: 0
A5: 1 TON | B5: 420 | C5: =SUM(B5*0.25) -> 105 | D5: =SUM(B5*0.5) -> 210 | E5: =SUM(B5*1) -> 420 | G5: 2 TON | H5: 780 | I5: =SUM(H5*0.25) -> 195 | J5: =SUM(H5*0.5) -> 390 | K5: =SUM(H5*1) -> 780 | M5: 1.5 TON | N5: 660 | O5: =SUM(N5*0.15) -> 99 | P5: =SUM(N5*0.5) -> 330 | Q5: =SUM(N5*1) -> 660
A6: 1.5 TON | B6: 600 | C6: =SUM(B6*0.25) -> 150 | D6: =SUM(B6*0.5) -> 300 | E6: =SUM(B6*1) -> 600 | G6: 2.5 TON | H6: 900 | I6: =SUM(H6*0.25) -> 225 | J6: =SUM(H6*0.5) -> 450 | K6: =SUM(H6*1) -> 900 | M6: 2 TON | N6: 850 | O6: =SUM(N6*0.15) -> 127.5 | P6: =SUM(N6*0.5) -> 425 | Q6: =SUM(N6*1) -> 850
A7: 2 TON | B7: 800 | C7: =SUM(B7*0.25) -> 200 | D7: =SUM(B7*0.5) -> 400 | E7: =SUM(B7*1) -> 800 | G7: 3 TON | H7: 1195 | I7: =SUM(H7*0.25) -> 298.75 | J7: =SUM(H7*0.5) -> 597.5 | K7: =SUM(H7*1) -> 1195 | M7: 2.5 TON | N7: 1070 | O7: =SUM(N7*0.15) -> 160.5 | P7: =SUM(N7*0.5) -> 535 | Q7: =SUM(N7*1) -> 1070
A8: 2.5 TON | B8: 950 | C8: =SUM(B8*0.25) -> 237.5 | D8: =SUM(B8*0.5) -> 475 | E8: =SUM(B8*1) -> 950 | G8: 3.5 TON | H8: 1420 | I8: =SUM(H8*0.25) -> 355 | J8: =SUM(H8*0.5) -> 710 | K8: =SUM(H8*1) -> 1420 | M8: 3 TON | N8: 1200 | O8: =SUM(N8*0.15) -> 180 | P8: =SUM(N8*0.5) -> 600 | Q8: =SUM(N8*1) -> 1200
A9: 3 TON | B9: 1150 | C9: =SUM(B9*0.25) -> 287.5 | D9: =SUM(B9*0.5) -> 575 | E9: =SUM(B9*1) -> 1150 | G9: 4 TON | H9: 1605 | I9: =SUM(H9*0.25) -> 401.25 | J9: =SUM(H9*0.5) -> 802.5 | K9: =SUM(H9*1) -> 1605 | M9: 3.5 TON | N9: 1250 | O9: =SUM(N9*0.15) -> 187.5 | P9: =SUM(N9*0.5) -> 625 | Q9: =SUM(N9*1) -> 1250
A10: 3.5 TON | B10: 1350 | C10: =SUM(B10*0.25) -> 337.5 | D10: =SUM(B10*0.5) -> 675 | E10: =SUM(B10*1) -> 1350 | G10: 5 TON | H10: 1700 | I10: =SUM(H10*0.25) -> 425 | J10: =SUM(H10*0.5) -> 850 | K10: =SUM(H10*1) -> 1700 | M10: 4 TON | N10: 1400 | O10: =SUM(N10*0.15) -> 210 | P10: =SUM(N10*0.5) -> 700 | Q10: =SUM(N10*1) -> 1400
A11: 4 TON | B11: 1550 | C11: =SUM(B11*0.25) -> 387.5 | D11: =SUM(B11*0.5) -> 775 | E11: =SUM(B11*1) -> 1550 | M11: 5 TON | N11: 1750 | O11: =SUM(N11*0.15) -> 262.5 | P11: =SUM(N11*0.5) -> 875 | Q11: =SUM(N11*1) -> 1750
A12: 5 TON | B12: 1750 | C12: =SUM(B12*0.25) -> 437.5 | D12: =SUM(B12*0.5) -> 875 | E12: =SUM(B12*1) -> 1750
A15: THRU-WALL ERV
A16: HVAC SIZE: | B16: SYSTEM CFM OUTPUT:
A17: N/A | B17: 0
A18: THRU-WALL ERV | B18: 30

Sheet Natural Ventilation Calc
A1: NATURAL VENTILATION CALCULATION: | I1: Code: | J1: IMC
A2: =IF(J3="yes","C403.2.5 DOAS","") -> C403.2.5 DOAS | I2: Building Sq. Ft.: | J2: 1400
I3: Is DOAS provided for Washington? | J3: Yes
A4: ="NATURAL VENTILATION PER "&J1&" SECTION 402 (4% OF FLOOR AREA)" -> NATURAL VENTILATION PER IMC SECTION 402 (4% OF FLOOR AREA)
A7: =J2 -> 1400 | B7: SQ. FT. X 4% = | C7: =SUM(A7*0.04) -> 56 | D7: SQ. FT. REQUIRED | I7: Windows
I8: QTY: | J8: Type of Window: | K8: Width (Inches): | L8: Height (Inches): | M8: Total SQ. FT. of Glazing: | N8: Operable Sq. Ft.:
A9: =IF(N15>0,"NET TOTAL OF WINDOW OPENING(S) = "&N15&" SQ. FT. PROVIDED","NET TOTAL OF WINDOW OPENING(S) = 0 SQ. FT. PROVIDED") -> NET TOTAL OF WINDOW OPENING(S) = 5.4 SQ. FT. PROVIDED | I9: 1 | J9: V.S. | K9: 48 | L9: 36 | M9: =SUM(((K9*L9)/144)*I9) -> 12 | N9: =IF(OR(J9="FIXED",J9="STOREFRONT"),0,SUM(((K9*L9)/144)*I9)*0.45) -> 5.4
I10: 0 | J10: V.S. | K10: 0 | L10: 0 | M10: =SUM(((K10*L10)/144)*I10) -> 0 | N10: =IF(OR(J10="FIXED",J10="STOREFRONT"),0,SUM(((K10*L10)/144)*I10)*0.45) -> 0
I11: 0 | J11: V.S. | K11: 0 | L11: 0 | M11: =SUM(((K11*L11)/144)*I11) -> 0 | N11: =IF(OR(J11="FIXED",J11="STOREFRONT"),0,SUM(((K11*L11)/144)*I11)*0.45) -> 0
A12: =IF(N25>0,"NET TOTAL OF DOOR OPENING(S) = "&N25&" SQ. FT. PROVIDED","NET TOTAL OF DOOR OPENING(S) = 0 SQ. FT. PROVIDED") -> NET TOTAL OF DOOR OPENING(S) = 20 SQ. FT. PROVIDED | I12: 0 | J12: V.S. | K12: 0 | L12: 0 | M12: =SUM(((K12*L12)/144)*I12) -> 0 | N12: =IF(OR(J12="FIXED",J12="STOREFRONT"),0,SUM(((K12*L12)/144)*I12)*0.45) -> 0
I13: 0 | J13: V.S. | K13: 0 | L13: 0 | M13: =SUM(((K13*L13)/144)*I13) -> 0 | N13: =IF(OR(J13="FIXED",J13="STOREFRONT"),0,SUM(((K13*L13)/144)*I13)*0.45) -> 0
I14: 0 | J14: V.S. | K14: 0 | L14: 0 | M14: =SUM(((K14*L14)/144)*I14) -> 0 | N14: =IF(OR(J14="FIXED",J14="STOREFRONT"),0,SUM(((K14*L14)/144)*I14)*0.45) -> 0
A15: =IF(AND(N15>0,N25>0),"TOTAL "&N26&" SQ.FT. OF WINDOW AND DOOR OPENINGS PROVIDED",IF(AND(N15>0,N25=0),"TOTAL "&N26&" SQ.FT. OF WINDOW OPENINGS PROVIDED",IF(AND(N15=0,N25>0),"TOTAL "&N26&" SQ.FT. OF DOOR OPENINGS PROVIDED","NO NATURAL VENTILATION PROVIDED"))) -> TOTAL 25.4 SQ.FT. OF WINDOW AND DOOR OPENINGS PROVIDED | I15: Total: | M15: =SUM(M9:M14) -> 12 | N15: =SUM(N9:N14) -> 5.4
I17: Doors
A18: --->> | I18: QTY: | J18: Type of Door: | K18: Width (Inches): | L18: Height (Inches): | M18: Total SQ. FT. of Doors: | N18: Operable Sq. Ft.:
I19: 1 | J19: Swinging | K19: 36 | L19: 80 | M19: =SUM((K19*L19)/144)*I19 -> 20 | N19: =IF(J19="SLIDER",SUM((((K19/2)-2.5)*L19)/144)*I19,SUM((K19*L19)/144)*I19) -> 20
A20: COPY ABOVE AND "PASTESPEC" INTO AUTOCAD | I20: 0 | J20: Swinging | K20: 0 | L20: 0 | M20: =SUM((K20*L20)/144)*I20 -> 0 | N20: =IF(J20="SLIDER",SUM((((K20/2)-2.5)*L20)/144)*I20,SUM((K20*L20)/144)*I20) -> 0
I21: 0 | J21: Swinging | K21: 0 | L21: 0 | M21: =SUM((K21*L21)/144)*I21 -> 0 | N21: =IF(J21="SLIDER",SUM((((K21/2)-2.5)*L21)/144)*I21,SUM((K21*L21)/144)*I21) -> 0
I22: 0 | J22: Swinging | K22: 0 | L22: 0 | M22: =SUM((K22*L22)/144)*I22 -> 0 | N22: =IF(J22="SLIDER",SUM((((K22/2)-2.5)*L22)/144)*I22,SUM((K22*L22)/144)*I22) -> 0
I23: 0 | J23: Swinging | K23: 0 | L23: 0 | M23: =SUM((K23*L23)/144)*I23 -> 0 | N23: =IF(J23="SLIDER",SUM((((K23/2)-2.5)*L23)/144)*I23,SUM((K23*L23)/144)*I23) -> 0
I24: 0 | J24: Swinging | K24: 0 | L24: 0 | M24: =SUM((K24*L24)/144)*I24 -> 0 | N24: =IF(J24="SLIDER",SUM((((K24/2)-2.5)*L24)/144)*I24,SUM((K24*L24)/144)*I24) -> 0
I25: Total: | M25: =SUM(M19:M24) -> 20 | N25: =SUM(N19:N24) -> 20
L26: Total of Windows & Doors: | N26: =IF(AND(N15>0,N25>0),SUM(N15+N25),IF(AND(N15>0,N25=0),SUM(N15),IF(AND(N15=0,N25>0),SUM(N25),0))) -> 25.4

Sheet 2009 - 2021 IMC-UMC Single Zone
A1: Use | B1: FRESH AIR CALCULATION
A2: OFFICES: | B2: OFFICE SPACE | C2: Floor Area (Az): | D2: 0 | E2: <--Enter Sq. Ft.
A3: ------->>>> DON'T COPY AND PASTE THIS PORTION ON PLANS | B3: PEOPLE OUTDOOR FLOW RATE (Rp): | D3: =INDEX(IMCRp,MATCH(B2,IMCuse,0)) -> 5 | G3: Type of HVAC: | H3: BARD | P3: N/A:
B4: AREA OUTDOOR FLOW RATE (Ra): | D4: =INDEX(IMCRa,MATCH(B2,IMCuse,0)) -> 0.06 | P4: OFFICES:
B5: OCCUPANT LOAD DENSITY / 1000 SQ. FT.: | D5: =INDEX(IMCoccDensity,MATCH(B2,IMCuse,0)) -> 5 | F5: HVAC SIZE: | G5: =IF(H3="THRU-WALL ERV","# OF ERV'S:","# OF A/C's:") -> # OF A/C's: | H5: VENTILATION: | I5: VENT RATE: | P5: PUBLIC USES:
B6: OCCUPANT LOAD OF SPACE (Pz): | D6: =ROUNDUP(((D5/1000)*D2),0) -> 0 | F6: 3 TON | G6: 1 | H6: FAD | I6: =IF(AND(H3="thru-wall erv",OR(F6="1 ton",F6="1.5 ton",F6="2 ton",F6="2.5 ton",F6="3 ton",F6="3.5 ton",F6="4 ton",F6="5 ton")),"-",IF(H3="bard",INDEX(bardindex,MATCH(F6,bardsize,0),MATCH(H6,bardvent,0))*G6,IF(H3="RTU",INDEX(rturef,MATCH(F6,rtusize,0),MATCH(H6,rtuvent,0))*G6,IF(H3="MARVAIR",INDEX(marairref,MATCH(F6,marvairsize,0),MATCH(H6,marvairvent,0))*G6,IF(H3="THRU-WALL ERV",INDEX(ERVINDEX,MATCH(F6,ERVSIZE,0))*G6,0))))) -> 287.5 | P6: EDUCATION:
B7: OUTDOOR AIR REQUIRED (Vbz=RpPz+RaAz): | D7: =SUM(D3*D6)+(D4*D2) -> 0 | F7: 4 TON | G7: 0 | H7: FAD | I7: =IF(AND(H3="thru-wall erv",OR(F7="1 ton",F7="1.5 ton",F7="2 ton",F7="2.5 ton",F7="3 ton",F7="3.5 ton",F7="4 ton",F7="5 ton")),"-",IF(H3="bard",INDEX(bardindex,MATCH(F7,bardsize,0),MATCH(H7,bardvent,0))*G7,IF(H3="RTU",INDEX(rturef,MATCH(F7,rtusize,0),MATCH(H7,rtuvent,0))*G7,IF(H3="MARVAIR",INDEX(marairref,MATCH(F7,marvairsize,0),MATCH(H7,marvairvent,0))*G7,IF(H3="THRU-WALL ERV",INDEX(ERVINDEX,MATCH(F7,ERVSIZE,0))*G7,0))))) -> 0 | P7: WORK ROOMS:
B8: TOTAL FRESH AIR SUPPLIED: | D8: =SUM(I6:I8) -> 287.5 | F8: 5 TON | G8: 0 | H8: FAD | I8: =IF(AND(H3="thru-wall erv",OR(F8="1 ton",F8="1.5 ton",F8="2 ton",F8="2.5 ton",F8="3 ton",F8="3.5 ton",F8="4 ton",F8="5 ton")),"-",IF(H3="bard",INDEX(bardindex,MATCH(F8,bardsize,0),MATCH(H8,bardvent,0))*G8,IF(H3="RTU",INDEX(rturef,MATCH(F8,rtusize,0),MATCH(H8,rtuvent,0))*G8,IF(H3="MARVAIR",INDEX(marairref,MATCH(F8,marvairsize,0),MATCH(H8,marvairvent,0))*G8,IF(H3="THRU-WALL ERV",INDEX(ERVINDEX,MATCH(F8,ERVSIZE,0))*G8,0))))) -> 0 | P8: HOTELS, MOTELS, RESORTS AND DORMATORIES:
B9: RESULTS: | C9: =IF(D7>D8,""&D8&" CFM < "&D7&" CFM, THEREFORE NG",IF(D7<D8,""&D8&" CFM > "&D7&" CFM, THEREFORE OK",0)) -> 287.5 CFM > 0 CFM, THEREFORE OK | P9: RETAIL STORES, SALES FLOOR AND SHOWROOM FLOORS:
P10: FOOD AND BEVERAGE SERVICE:
F11: FOR 100% OUTSIDE AIR, USE ECONOMIZER OPTION | P11: DRY CLEANERS, LAUNDRIES:
P12: SPORTS AND AMUSEMENT:
B13: VALUE(S) ABOVE CAN BE FOUND IN: | P13: STORAGE:
B14: IMC: | C14: Table 403.3.1.1 / Zone Calc: Section 403.3.1.1.1.1 | P14: THEATERS:
B15: UMC: | C15: Table 402.1 / Zone Calc: Section 403.2.1 | P15: SPECIALTY SHOPS:
B16: ASHREA: | C16: Table 6-1 / Zone Calc: Section 6.2.4.1 | P16: TRANSPORTATION:
P17: CORRECTIONAL FACILITIES:

Sheet 2009 - 2021 IMC-UMC Multi-Zone
B1: FRESH AIR CALCULATION
A2: USE: | B2: SPACE: | C2: SQUARE FOOTAGE OF AREA (Az): | D2: PEOPLE OUTDOOR FLOW RATE (Rp): | E2: AREA OUTDOOR FLOW RATE (Ra): | F2: OCCUPANT DENSITY /1000 sq. ft.: | G2: OCCUPANT LOAD OF SPACE (Pz) | H2: OUTDOOR AIR REQUIRED (Vbz=RpPz+RaAz):
A3: OFFICES: | B3: OFFICE SPACE | C3: 0 | D3: =INDEX(IMCRp,MATCH(B3,IMCuse,0)) -> 5 | E3: =INDEX(IMCRa,MATCH(B3,IMCuse,0)) -> 0.06 | F3: =INDEX(IMCoccDensity,MATCH(B3,IMCuse,0)) -> 5 | G3: =ROUNDUP(((F3/1000)*C3),0) -> 0 | H3: =SUM(D3*G3)+(E3*C3) -> 0 | K3: Type of HVAC: | L3: BARD | P3: N/A:
A4: N/A: | B4: N/A | C4: 0 | D4: =INDEX(IMCRp,MATCH(B4,IMCuse,0)) -> 0 | E4: =INDEX(IMCRa,MATCH(B4,IMCuse,0)) -> 0 | F4: =INDEX(IMCoccDensity,MATCH(B4,IMCuse,0)) -> 0 | G4: =ROUNDUP(((F4/1000)*C4),0) -> 0 | H4: =SUM(D4*G4)+(E4*C4) -> 0 | P4: OFFICES:
A5: N/A: | B5: N/A | C5: 0 | D5: =INDEX(IMCRp,MATCH(B5,IMCuse,0)) -> 0 | E5: =INDEX(IMCRa,MATCH(B5,IMCuse,0)) -> 0 | F5: =INDEX(IMCoccDensity,MATCH(B5,IMCuse,0)) -> 0 | G5: =ROUNDUP(((F5/1000)*C5),0) -> 0 | H5: =SUM(D5*G5)+(E5*C5) -> 0 | J5: HVAC SIZE: | K5: # OF A/C's: | L5: VENTILATION: | M5: VENT RATE: | P5: PUBLIC USES:
A6: N/A: | B6: N/A | C6: 0 | D6: =INDEX(IMCRp,MATCH(B6,IMCuse,0)) -> 0 | E6: =INDEX(IMCRa,MATCH(B6,IMCuse,0)) -> 0 | F6: =INDEX(IMCoccDensity,MATCH(B6,IMCuse,0)) -> 0 | G6: =ROUNDUP(((F6/1000)*C6),0) -> 0 | H6: =SUM(D6*G6)+(E6*C6) -> 0 | J6: 3 TON | K6: 1 | L6: FAD | M6: =IF(AND(L3="thru-wall erv",OR(J6="1 ton",J6="1.5 ton",J6="2 ton",J6="2.5 ton",J6="3 ton",J6="3.5 ton",J6="4 ton",J6="5 ton")),"-",IF(L3="bard",INDEX(bardindex,MATCH(J6,bardsize,0),MATCH(L6,bardvent,0))*K6,IF(L3="RTU",INDEX(rturef,MATCH(J6,rtusize,0),MATCH(L6,rtuvent,0))*K6,IF(L3="MARVAIR",INDEX(marairref,MATCH(J6,marvairsize,0),MATCH(L6,marvairvent,0))*K6,IF(L3="THRU-WALL ERV",INDEX(ERVINDEX,MATCH(J6,ERVSIZE,0))*K6,0))))) -> 287.5 | P6: EDUCATION:
A7: N/A: | B7: N/A | C7: 0 | D7: =INDEX(IMCRp,MATCH(B7,IMCuse,0)) -> 0 | E7: =INDEX(IMCRa,MATCH(B7,IMCuse,0)) -> 0 | F7: =INDEX(IMCoccDensity,MATCH(B7,IMCuse,0)) -> 0 | G7: =ROUNDUP(((F7/1000)*C7),0) -> 0 | H7: =SUM(D7*G7)+(E7*C7) -> 0 | J7: N/A | K7: 0 | L7: FAD | M7: =IF(AND(L3="thru-wall erv",OR(J7="1 ton",J7="1.5 ton",J7="2 ton",J7="2.5 ton",J7="3 ton",J7="3.5 ton",J7="4 ton",J7="5 ton")),"-",IF(L3="bard",INDEX(bardindex,MATCH(J7,bardsize,0),MATCH(L7,bardvent,0))*K7,IF(L3="RTU",INDEX(rturef,MATCH(J7,rtusize,0),MATCH(L7,rtuvent,0))*K7,IF(L3="MARVAIR",INDEX(marairref,MATCH(J7,marvairsize,0),MATCH(L7,marvairvent,0))*K7,IF(L3="THRU-WALL ERV",INDEX(ERVINDEX,MATCH(J7,ERVSIZE,0))*K7,0))))) -> 0 | P7: WORK ROOMS:
A8: ------->>>> DON'T COPY AND PASTE THIS PORTION ON PLANS | B8: TOTAL OUTDOOR AIR REQUIRED: | D8: =SUM(H3:H7) -> 0 | E8: RESULTS: | G8: =IF(D8>D9,""&D9&" CFM < "&D8&" CFM, THEREFORE NG",IF(D8<D9,""&D9&" CFM > "&D8&" CFM, THEREFORE OK",0)) -> 287.5 CFM > 0 CFM, THEREFORE OK | J8: N/A | K8: 0 | L8: FAD | M8: =IF(AND(L3="thru-wall erv",OR(J8="1 ton",J8="1.5 ton",J8="2 ton",J8="2.5 ton",J8="3 ton",J8="3.5 ton",J8="4 ton",J8="5 ton")),"-",IF(L3="bard",INDEX(bardindex,MATCH(J8,bardsize,0),MATCH(L8,bardvent,0))*K8,IF(L3="RTU",INDEX(rturef,MATCH(J8,rtusize,0),MATCH(L8,rtuvent,0))*K8,IF(L3="MARVAIR",INDEX(marairref,MATCH(J8,marvairsize,0),MATCH(L8,marvairvent,0))*K8,IF(L3="THRU-WALL ERV",INDEX(ERVINDEX,MATCH(J8,ERVSIZE,0))*K8,0))))) -> 0 | P8: HOTELS, MOTELS, RESORTS AND DORMATORIES:
B9: TOTAL FRESH AIR SUPPLIED: | D9: =SUM(M6:M10) -> 287.5 | J9: N/A | K9: 0 | L9: FAD | M9: =IF(AND(L3="thru-wall erv",OR(J9="1 ton",J9="1.5 ton",J9="2 ton",J9="2.5 ton",J9="3 ton",J9="3.5 ton",J9="4 ton",J9="5 ton")),"-",IF(L3="bard",INDEX(bardindex,MATCH(J9,bardsize,0),MATCH(L9,bardvent,0))*K9,IF(L3="RTU",INDEX(rturef,MATCH(J9,rtusize,0),MATCH(L9,rtuvent,0))*K9,IF(L3="MARVAIR",INDEX(marairref,MATCH(J9,marvairsize,0),MATCH(L9,marvairvent,0))*K9,IF(L3="THRU-WALL ERV",INDEX(ERVINDEX,MATCH(J9,ERVSIZE,0))*K9,0))))) -> 0 | P9: RETAIL STORES, SALES FLOOR AND SHOWROOM FLOORS:
J10: N/A | K10: 0 | L10: FAD | M10: =IF(AND(L3="thru-wall erv",OR(J10="1 ton",J10="1.5 ton",J10="2 ton",J10="2.5 ton",J10="3 ton",J10="3.5 ton",J10="4 ton",J10="5 ton")),"-",IF(L3="bard",INDEX(bardindex,MATCH(J10,bardsize,0),MATCH(L10,bardvent,0))*K10,IF(L3="RTU",INDEX(rturef,MATCH(J10,rtusize,0),MATCH(L10,rtuvent,0))*K10,IF(L3="MARVAIR",INDEX(marairref,MATCH(J10,marvairsize,0),MATCH(L10,marvairvent,0))*K10,IF(L3="THRU-WALL ERV",INDEX(ERVINDEX,MATCH(J10,ERVSIZE,0))*K10,0))))) -> 0 | P10: FOOD AND BEVERAGE SERVICE:
P11: DRY CLEANERS, LAUNDRIES:
P12: SPORTS AND AMUSEMENT:
C13: VALUE(S) ABOVE CAN BE FOUND IN: | J13: FOR 100% OUTSIDE AIR, USE ECONOMIZER OPTION | P13: STORAGE:
C14: IMC: | D14: Table 403.3.1.1 / Zone Calc: Section 403.3.1.1.1.1 | P14: THEATERS:
C15: UMC: | D15: Table 402.1 / Zone Calc: Section 403.2.1 | P15: SPECIALTY SHOPS:
C16: ASHREA 62.1: | D16: Table 6-1 / Zone Calc: Section 6.2.4.1 | P16: TRANSPORTATION:
P17: CORRECTIONAL FACILITIES:

Sheet 2024 IMC-UMC Single
A1: Use | B1: FRESH AIR CALCULATION
A2: Offices: | B2: Office spaces | C2: Floor Area (Az): | D2: 0 | E2: <--Enter Sq. Ft.
A3: ------->>>> DON'T COPY AND PASTE THIS PORTION ON PLANS | B3: PEOPLE OUTDOOR FLOW RATE (Rp): | D3: =INDEX(IMCRp1,MATCH(B2,IMCuse1,0)) -> 5 | G3: Type of HVAC: | H3: BARD | P3: N/A:
B4: AREA OUTDOOR FLOW RATE (Ra): | D4: =INDEX(IMCRa1,MATCH(B2,IMCuse1,0)) -> 0.06 | P4: Animal facilities:
B5: OCCUPANT LOAD DENSITY / 1000 SQ. FT.: | D5: =INDEX(IMCocc1,MATCH(B2,IMCuse1,0)) -> 5 | F5: HVAC SIZE: | G5: # OF A/C's: | H5: VENTILATION: | I5: VENT RATE: | P5: Correction facilities:
B6: OCCUPANT LOAD OF SPACE (Pz): | D6: =ROUNDUP(((D5/1000)*D2),0) -> 0 | F6: 3 TON | G6: 2 | H6: FAD | I6: =IF(AND(H3="thru-wall erv",OR(F6="1 ton",F6="1.5 ton",F6="2 ton",F6="2.5 ton",F6="3 ton",F6="3.5 ton",F6="4 ton",F6="5 ton")),"-",IF(H3="bard",INDEX(bardindex,MATCH(F6,bardsize,0),MATCH(H6,bardvent,0))*G6,IF(H3="RTU",INDEX(rturef,MATCH(F6,rtusize,0),MATCH(H6,rtuvent,0))*G6,IF(H3="MARVAIR",INDEX(marairref,MATCH(F6,marvairsize,0),MATCH(H6,marvairvent,0))*G6,IF(H3="THRU-WALL ERV",INDEX(ERVINDEX,MATCH(F6,ERVSIZE,0))*G6,0))))) -> 575 | P6: Dry cleaners, laundries:
B7: OUTDOOR AIR REQUIRED (Vbz=RpPz+RaAz): | D7: =SUM(D3*D6)+(D4*D2) -> 0 | F7: 4 TON | G7: 0 | H7: FAD | I7: =IF(AND(H3="thru-wall erv",OR(F7="1 ton",F7="1.5 ton",F7="2 ton",F7="2.5 ton",F7="3 ton",F7="3.5 ton",F7="4 ton",F7="5 ton")),"-",IF(H3="bard",INDEX(bardindex,MATCH(F7,bardsize,0),MATCH(H7,bardvent,0))*G7,IF(H3="RTU",INDEX(rturef,MATCH(F7,rtusize,0),MATCH(H7,rtuvent,0))*G7,IF(H3="MARVAIR",INDEX(marairref,MATCH(F7,marvairsize,0),MATCH(H7,marvairvent,0))*G7,IF(H3="THRU-WALL ERV",INDEX(ERVINDEX,MATCH(F7,ERVSIZE,0))*G7,0))))) -> 0 | P7: Education:
B8: TOTAL FRESH AIR SUPPLIED: | D8: =SUM(I6:I8) -> 575 | F8: 4 TON | G8: 0 | H8: FAD | I8: =IF(AND(H3="thru-wall erv",OR(F8="1 ton",F8="1.5 ton",F8="2 ton",F8="2.5 ton",F8="3 ton",F8="3.5 ton",F8="4 ton",F8="5 ton")),"-",IF(H3="bard",INDEX(bardindex,MATCH(F8,bardsize,0),MATCH(H8,bardvent,0))*G8,IF(H3="RTU",INDEX(rturef,MATCH(F8,rtusize,0),MATCH(H8,rtuvent,0))*G8,IF(H3="MARVAIR",INDEX(marairref,MATCH(F8,marvairsize,0),MATCH(H8,marvairvent,0))*G8,IF(H3="THRU-WALL ERV",INDEX(ERVINDEX,MATCH(F8,ERVSIZE,0))*G8,0))))) -> 0 | P8: Food and beverage service:
B9: RESULTS: | C9: =IF(D7>D8,""&D8&" CFM < "&D7&" CFM, THEREFORE NG",IF(D7<D8,""&D8&" CFM > "&D7&" CFM, THEREFORE OK",0)) -> 575 CFM > 0 CFM, THEREFORE OK | P9: Hotels, motels, resorts and domitories:
P10: Offices:
F11: FOR 100% OUTSIDE AIR, USE ECONOMIZER OPTION | P11: Outpatien healthcar facilities:
P12: Public spaces:
B13: VALUE(S) ABOVE CAN BE FOUND IN: | P13: Retial stores, sales floors, and show room floors:
B14: IMC: | C14: Table 403.3.1.1 / Zone Calc: Section 403.3.1.1.1.1 | P14: Specialty shops:
B15: UMC: | C15: Table 402.1 / Zone Calc: Section 403.2.1 | P15: Sports and amusement:
B16: ASHREA: | C16: Table 6-1 / Zone Calc: Section 6.2.4.1 | P16: Storage:
P17: Theaters:
P18: Transportation:
P19: Workrooms:

Sheet 2024 IMC-UMC Multi-Zone
B1: FRESH AIR CALCULATION
A2: USE: | B2: SPACE: | C2: SQUARE FOOTAGE OF AREA (Az): | D2: PEOPLE OUTDOOR FLOW RATE (Rp): | E2: AREA OUTDOOR FLOW RATE (Ra): | F2: OCCUPANT DENSITY /1000 sq. ft.: | G2: OCCUPANT LOAD OF SPACE (Pz) | H2: OUTDOOR AIR REQUIRED (Vbz=RpPz+RaAz):
A3: OFFICES: | B3: Office spaces | C3: 0 | D3: =INDEX(IMCRp1,MATCH(B3,IMCuse1,0)) -> 5 | E3: =INDEX(IMCRa1,MATCH(B3,IMCuse1,0)) -> 0.06 | F3: =INDEX(IMCocc1,MATCH(B3,IMCuse1,0)) -> 5 | G3: =ROUNDUP(((F3/1000)*C3),0) -> 0 | H3: =SUM(D3*G3)+(E3*C3) -> 0 | K3: Type of HVAC: | L3: BARD | P3: N/A:
A4: N/A: | B4: N/A | C4: 0 | D4: =INDEX(IMCRp1,MATCH(B4,IMCuse1,0)) -> 0 | E4: =INDEX(IMCRa1,MATCH(B4,IMCuse1,0)) -> 0 | F4: =INDEX(IMCocc1,MATCH(B4,IMCuse1,0)) -> 0 | G4: =ROUNDUP(((F4/1000)*C4),0) -> 0 | H4: =SUM(D4*G4)+(E4*C4) -> 0 | P4: Animal facilities:
A5: N/A: | B5: N/A | C5: 0 | D5: =INDEX(IMCRp1,MATCH(B5,IMCuse1,0)) -> 0 | E5: =INDEX(IMCRa1,MATCH(B5,IMCuse1,0)) -> 0 | F5: =INDEX(IMCocc1,MATCH(B5,IMCuse1,0)) -> 0 | G5: =ROUNDUP(((F5/1000)*C5),0) -> 0 | H5: =SUM(D5*G5)+(E5*C5) -> 0 | J5: HVAC SIZE: | K5: # OF A/C's: | L5: VENTILATION: | M5: VENT RATE: | P5: Correction facilities:
A6: N/A: | B6: N/A | C6: 0 | D6: =INDEX(IMCRp1,MATCH(B6,IMCuse1,0)) -> 0 | E6: =INDEX(IMCRa1,MATCH(B6,IMCuse1,0)) -> 0 | F6: =INDEX(IMCocc1,MATCH(B6,IMCuse1,0)) -> 0 | G6: =ROUNDUP(((F6/1000)*C6),0) -> 0 | H6: =SUM(D6*G6)+(E6*C6) -> 0 | J6: 3 TON | K6: 1 | L6: FAD | M6: =IF(AND(L3="thru-wall erv",OR(J6="1 ton",J6="1.5 ton",J6="2 ton",J6="2.5 ton",J6="3 ton",J6="3.5 ton",J6="4 ton",J6="5 ton")),"-",IF(L3="bard",INDEX(bardindex,MATCH(J6,bardsize,0),MATCH(L6,bardvent,0))*K6,IF(L3="RTU",INDEX(rturef,MATCH(J6,rtusize,0),MATCH(L6,rtuvent,0))*K6,IF(L3="MARVAIR",INDEX(marairref,MATCH(J6,marvairsize,0),MATCH(L6,marvairvent,0))*K6,IF(L3="THRU-WALL ERV",INDEX(ERVINDEX,MATCH(J6,ERVSIZE,0))*K6,0))))) -> 287.5 | P6: Dry cleaners, laundries:
A7: N/A: | B7: N/A | C7: 0 | D7: =INDEX(IMCRp1,MATCH(B7,IMCuse1,0)) -> 0 | E7: =INDEX(IMCRa1,MATCH(B7,IMCuse1,0)) -> 0 | F7: =INDEX(IMCocc1,MATCH(B7,IMCuse1,0)) -> 0 | G7: =ROUNDUP(((F7/1000)*C7),0) -> 0 | H7: =SUM(D7*G7)+(E7*C7) -> 0 | J7: N/A | K7: 1 | L7: FAD | M7: =IF(AND(L3="thru-wall erv",OR(J7="1 ton",J7="1.5 ton",J7="2 ton",J7="2.5 ton",J7="3 ton",J7="3.5 ton",J7="4 ton",J7="5 ton")),"-",IF(L3="bard",INDEX(bardindex,MATCH(J7,bardsize,0),MATCH(L7,bardvent,0))*K7,IF(L3="RTU",INDEX(rturef,MATCH(J7,rtusize,0),MATCH(L7,rtuvent,0))*K7,IF(L3="MARVAIR",INDEX(marairref,MATCH(J7,marvairsize,0),MATCH(L7,marvairvent,0))*K7,IF(L3="THRU-WALL ERV",INDEX(ERVINDEX,MATCH(J7,ERVSIZE,0))*K7,0))))) -> 0 | P7: Education:
A8: ------->>>> DON'T COPY AND PASTE THIS PORTION ON PLANS | B8: TOTAL OUTDOOR AIR REQUIRED: | D8: =SUM(H3:H7) -> 0 | E8: RESULTS: | G8: =IF(D8>D9,""&D9&" CFM < "&D8&" CFM, THEREFORE NG",IF(D8<D9,""&D9&" CFM > "&D8&" CFM, THEREFORE OK",0)) -> 287.5 CFM > 0 CFM, THEREFORE OK | J8: N/A | K8: 0 | L8: FAD | M8: =IF(AND(L3="thru-wall erv",OR(J8="1 ton",J8="1.5 ton",J8="2 ton",J8="2.5 ton",J8="3 ton",J8="3.5 ton",J8="4 ton",J8="5 ton")),"-",IF(L3="bard",INDEX(bardindex,MATCH(J8,bardsize,0),MATCH(L8,bardvent,0))*K8,IF(L3="RTU",INDEX(rturef,MATCH(J8,rtusize,0),MATCH(L8,rtuvent,0))*K8,IF(L3="MARVAIR",INDEX(marairref,MATCH(J8,marvairsize,0),MATCH(L8,marvairvent,0))*K8,IF(L3="THRU-WALL ERV",INDEX(ERVINDEX,MATCH(J8,ERVSIZE,0))*K8,0))))) -> 0 | P8: Food and beverage service:
B9: TOTAL FRESH AIR SUPPLIED: | D9: =SUM(M6:M10) -> 287.5 | J9: N/A | K9: 0 | L9: FAD | M9: =IF(AND(L3="thru-wall erv",OR(J9="1 ton",J9="1.5 ton",J9="2 ton",J9="2.5 ton",J9="3 ton",J9="3.5 ton",J9="4 ton",J9="5 ton")),"-",IF(L3="bard",INDEX(bardindex,MATCH(J9,bardsize,0),MATCH(L9,bardvent,0))*K9,IF(L3="RTU",INDEX(rturef,MATCH(J9,rtusize,0),MATCH(L9,rtuvent,0))*K9,IF(L3="MARVAIR",INDEX(marairref,MATCH(J9,marvairsize,0),MATCH(L9,marvairvent,0))*K9,IF(L3="THRU-WALL ERV",INDEX(ERVINDEX,MATCH(J9,ERVSIZE,0))*K9,0))))) -> 0 | P9: Hotels, motels, resorts and domitories:
J10: N/A | K10: 0 | L10: FAD | M10: =IF(AND(L3="thru-wall erv",OR(J10="1 ton",J10="1.5 ton",J10="2 ton",J10="2.5 ton",J10="3 ton",J10="3.5 ton",J10="4 ton",J10="5 ton")),"-",IF(L3="bard",INDEX(bardindex,MATCH(J10,bardsize,0),MATCH(L10,bardvent,0))*K10,IF(L3="RTU",INDEX(rturef,MATCH(J10,rtusize,0),MATCH(L10,rtuvent,0))*K10,IF(L3="MARVAIR",INDEX(marairref,MATCH(J10,marvairsize,0),MATCH(L10,marvairvent,0))*K10,IF(L3="THRU-WALL ERV",INDEX(ERVINDEX,MATCH(J10,ERVSIZE,0))*K10,0))))) -> 0 | P10: Offices:
P11: Outpatien healthcar facilities:
P12: Public spaces:
C13: VALUE(S) ABOVE CAN BE FOUND IN: | J13: FOR 100% OUTSIDE AIR, USE ECONOMIZER OPTION | P13: Retial stores, sales floors, and show room floors:
C14: IMC: | D14: Table 403.3.1.1 / Zone Calc: Section 403.3.1.1.1.1 | P14: Specialty shops:
C15: UMC: | D15: Table 402.1 / Zone Calc: Section 403.2.1 | P15: Sports and amusement:
C16: ASHREA 62.1: | D16: Table 6-1 / Zone Calc: Section 6.2.4.1 | P16: Storage:
P17: Theaters:
P18: Transportation:
P19: Workrooms:

Sheet Calculation Tables
A1: 2009 - 2021 IMC | F1: N/A | G1: 0 | H1: 2022 CEC SINGLE ZONE TABLE | K1: N/A | L1: 0 | M1: 2022 CEC MULTI-ZONE TABLE | S1: 2024 IMC | Z1: N/A | AA1: 0 | AB1: 2025 CEC SINGLE (Ra x Az) | AE1: N/A | AF1: 0 | AG1: 2025 CEC MULTI-ZONE (Ra x Az) | AM1: N/A | AN1: 0 | AO1: 2025 CEC SINGLE ZONE (Rp x Pz) | AT1: N/A | AU1: 0 | AV1: 2025 CEC MULTI ZONE (Rp x Pz)
A2: BUILDING USE: | B2: PEOPLE OUTDOOR FLOW RATE (Rp): | C2: AREA OUTDOOR FLOW RATE (Ra): | D2: OCCUPANT DENSITY /1000 sq. ft.: | F2: (Educational Facilities:) | K2: (Educational Facilities:) | S2: BUILDING USE: | T2: OCCUPANT DENSITY /1000 sq. ft.: | U2: PEOPLE OUTDOOR FLOW RATE (Rp): | V2: AREA OUTDOOR FLOW RATE (Ra): | Z2: (Educational Facilities:) | AE2: (Educational Facilities:) | AM2: (Educational Facilities:) | AT2: (Educational Facilities:)
A3: N/A | B3: 0 | C3: 0 | D3: 0 | F3: Daycare (through age 4) | G3: =IF(OR('2022 CA Single Zone Calculator'!H6="economizer",'2022 CA Single Zone Calculator'!H7="economizer",'2022 CA Single Zone Calculator'!H8="economizer"),0.15,0.21) -> 0.15 | I3: =IF(G3=0.15,"Title 24: CO2 Sensor required","") -> Title 24: CO2 Sensor required | K3: Daycare (through age 4) | L3: =IF(OR('2022 CA Multi-Zone Calculator'!H6="economizer",'2022 CA Multi-Zone Calculator'!H7="economizer",'2022 CA Multi-Zone Calculator'!H8="economizer"),0.15,0.21) -> 0.15 | N3: =IF(L3=0.15,"Title 24: CO2 Sensor required","") -> Title 24: CO2 Sensor required | S3: N/A | T3: 0 | U3: 0 | V3: 0 | Z3: Daycare (through age 4) | AA3: 0.15 | AB3: =SUM(AA3*'2025 CA Single Zone Calculator'!D2) -> 210 | AC3: =IF(OR('2025 CA Single Zone Calculator'!H9="economizer",'2025 CA Single Zone Calculator'!H10="economizer",'2025 CA Single Zone Calculator'!H11="economizer"),"Title 24: CO2 Sensor required","") -> Title 24: CO2 Sensor required | AE3: Daycare (through age 4) | AF3: 0.15 | AH3: =IF('2025 CA Multi-Zone Calculator'!K7="economizer","Title 24: CO2 Sensor required","") | AM3: Daycare (through age 4) | AN3: 14 | AO3: =SUM(AN3/1000)*15*'2025 CA Single Zone Calculator'!D2 -> 294 | AP3: Title 24: CO2 Sensor required | AT3: Daycare (through age 4) | AU3: 14 | AV3: =SUM(AU3/1000)*15*'2025 CA Single Zone Calculator'!K2 -> 0 | AW3: Title 24: CO2 Sensor required
A4: (OFFICES:) | F4: Daycare sickroom | G4: 0.15 | K4: Daycare sickroom | L4: 0.15 | S4: ANIMAL FACILITIES: | Z4: Daycare sickroom | AA4: 0.15 | AB4: =SUM(AA4*'2025 CA Single Zone Calculator'!D2) -> 210 | AE4: Daycare sickroom | AF4: 0.15 | AM4: Daycare sickroom | AN4: 5 | AO4: =SUM(AN4/1000)*15*'2025 CA Single Zone Calculator'!D2 -> 105 | AT4: Daycare sickroom | AU4: 5 | AV4: =SUM(AU4/1000)*15*'2025 CA Single Zone Calculator'!K2 -> 0
A5: OFFICE SPACE | B5: 5 | C5: 0.06 | D5: 5 | F5: Classrooms (ages 5-8) | G5: =IF(OR('2022 CA Single Zone Calculator'!H6="economizer",'2022 CA Single Zone Calculator'!H7="economizer",'2022 CA Single Zone Calculator'!H8="economizer"),0.15,0.38) -> 0.15 | I5: =IF(G5=0.15,"Title 24: CO2 Sensor required","") -> Title 24: CO2 Sensor required | K5: Classrooms (ages 5-8) | L5: =IF(OR('2022 CA Multi-Zone Calculator'!H6="economizer",'2022 CA Multi-Zone Calculator'!H7="economizer",'2022 CA Multi-Zone Calculator'!H8="economizer"),0.15,0.38) -> 0.15 | N5: =IF(L5=0.15,"Title 24: CO2 Sensor required","") -> Title 24: CO2 Sensor required | S5: Animal exam room (Vet Office) | T5: 20 | U5: 10 | V5: 0.12 | Z5: Classrooms (ages 5-8) | AA5: 0.15 | AB5: =SUM(AA5*'2025 CA Single Zone Calculator'!D2) -> 210 | AC5: =IF(OR('2025 CA Single Zone Calculator'!H9="economizer",'2025 CA Single Zone Calculator'!H10="economizer",'2025 CA Single Zone Calculator'!H11="economizer"),"Title 24: CO2 Sensor required","") -> Title 24: CO2 Sensor required | AE5: Classrooms (ages 5-8) | AF5: 0.15 | AH5: =IF(AF5=0.15,"Title 24: CO2 Sensor required","") -> Title 24: CO2 Sensor required | AM5: Classrooms (ages 5-8) | AN5: 25 | AO5: =SUM(AN5/1000)*15*'2025 CA Single Zone Calculator'!D2 -> 525 | AP5: Title 24: CO2 Sensor required | AT5: Classrooms (ages 5-8) | AU5: 25 | AV5: =SUM(AU5/1000)*15*'2025 CA Single Zone Calculator'!K2 -> 0 | AW5: Title 24: CO2 Sensor required
A6: CONFERENCE ROOM(S) | B6: 5 | C6: 0.06 | D6: 50 | F6: Classrooms (ages 9-18) | G6: =IF(OR('2022 CA Single Zone Calculator'!H6="economizer",'2022 CA Single Zone Calculator'!H7="economizer",'2022 CA Single Zone Calculator'!H8="economizer"),0.15,0.38) -> 0.15 | I6: =IF(G6=0.15,"Title 24: CO2 Sensor required","") -> Title 24: CO2 Sensor required | K6: Classrooms (ages 9-18) | L6: =IF(OR('2022 CA Multi-Zone Calculator'!H6="economizer",'2022 CA Multi-Zone Calculator'!H7="economizer",'2022 CA Multi-Zone Calculator'!H8="economizer"),0.15,0.38) -> 0.15 | N6: =IF(L6=0.15,"Title 24: CO2 Sensor required","") -> Title 24: CO2 Sensor required | S6: Animal imaging (MR/CT/PET) | T6: 20 | U6: 10 | V6: 0.18 | Z6: Classrooms (ages 9-18) | AA6: 0.15 | AB6: =SUM(AA6*'2025 CA Single Zone Calculator'!D2) -> 210 | AC6: =IF(OR('2025 CA Single Zone Calculator'!H9="economizer",'2025 CA Single Zone Calculator'!H10="economizer",'2025 CA Single Zone Calculator'!H11="economizer"),"Title 24: CO2 Sensor required","") -> Title 24: CO2 Sensor required | AE6: Classrooms (ages 9-18) | AF6: 0.15 | AH6: =IF(AF6=0.15,"Title 24: CO2 Sensor required","") -> Title 24: CO2 Sensor required | AM6: Classrooms (ages 9-18) | AN6: 25 | AO6: =SUM(AN6/1000)*15*'2025 CA Single Zone Calculator'!D2 -> 525 | AP6: Title 24: CO2 Sensor required | AT6: Classrooms (ages 9-18) | AU6: 25 | AV6: =SUM(AU6/1000)*15*'2025 CA Single Zone Calculator'!K2 -> 0 | AW6: Title 24: CO2 Sensor required
A7: RECEPTION AREA | B7: 5 | C7: 0.06 | D7: 30 | F7: Lecture/postsecondary classroom | G7: =IF(OR('2022 CA Single Zone Calculator'!H6="economizer",'2022 CA Single Zone Calculator'!H7="economizer",'2022 CA Single Zone Calculator'!H8="economizer"),0.15,0.38) -> 0.15 | I7: =IF(G7=0.15,"Title 24: CO2 Sensor required","") -> Title 24: CO2 Sensor required | K7: Lecture/postsecondary classroom | L7: =IF(OR('2022 CA Multi-Zone Calculator'!H6="economizer",'2022 CA Multi-Zone Calculator'!H7="economizer",'2022 CA Multi-Zone Calculator'!H8="economizer"),0.15,0.38) -> 0.15 | N7: =IF(L7=0.15,"Title 24: CO2 Sensor required","") -> Title 24: CO2 Sensor required | S7: Animal operating rooms | T7: 20 | U7: 10 | V7: 0.18 | Z7: Lecture/postsecondary classroom | AA7: 0.15 | AB7: =SUM(AA7*'2025 CA Single Zone Calculator'!D2) -> 210 | AC7: =IF(OR('2025 CA Single Zone Calculator'!H9="economizer",'2025 CA Single Zone Calculator'!H10="economizer",'2025 CA Single Zone Calculator'!H11="economizer"),"Title 24: CO2 Sensor required","") -> Title 24: CO2 Sensor required | AE7: Lecture/postsecondary classroom | AF7: 0.15 | AH7: =IF(AF7=0.15,"Title 24: CO2 Sensor required","") -> Title 24: CO2 Sensor required | AM7: Lecture/postsecondary classroom | AN7: 25 | AO7: =SUM(AN7/1000)*15*'2025 CA Single Zone Calculator'!D2 -> 525 | AP7: Title 24: CO2 Sensor required | AT7: Lecture/postsecondary classroom | AU7: 25 | AV7: =SUM(AU7/1000)*15*'2025 CA Single Zone Calculator'!K2 -> 0 | AW7: Title 24: CO2 Sensor required
A8: MAIN ENRTY LOBBIES | B8: 5 | C8: 0.06 | D8: 10 | F8: Lecture hall (fixed seats) | G8: =IF(OR('2022 CA Single Zone Calculator'!H6="economizer",'2022 CA Single Zone Calculator'!H7="economizer",'2022 CA Single Zone Calculator'!H8="economizer"),0.15,"-") -> 0.15 | I8: =IF(G8=0.15,"Title 24: CO2 Sensor required","") -> Title 24: CO2 Sensor required | K8: Lecture hall (fixed seats) | L8: =IF(OR('2022 CA Multi-Zone Calculator'!H6="economizer",'2022 CA Multi-Zone Calculator'!H7="economizer",'2022 CA Multi-Zone Calculator'!H8="economizer"),0.15,"-") -> 0.15 | N8: =IF(L8=0.15,"Title 24: CO2 Sensor required","") -> Title 24: CO2 Sensor required | S8: Aniaml postoperative revovery room | T8: 20 | U8: 10 | V8: 0.18 | Z8: Lecture hall (fixed seats) | AA8: 0.15 | AB8: =SUM(AA8*'2025 CA Single Zone Calculator'!D2) -> 210 | AC8: =IF(OR('2025 CA Single Zone Calculator'!H9="economizer",'2025 CA Single Zone Calculator'!H10="economizer",'2025 CA Single Zone Calculator'!H11="economizer"),"Title 24: CO2 Sensor required","") -> Title 24: CO2 Sensor required | AE8: Lecture hall (fixed seats) | AF8: 0.15 | AH8: =IF(AF8=0.15,"Title 24: CO2 Sensor required","") -> Title 24: CO2 Sensor required | AM8: Lecture hall (fixed seats) | AN8: 71 | AO8: =SUM(AN8/1000)*15*'2025 CA Single Zone Calculator'!D2 -> 1491 | AP8: Title 24: CO2 Sensor required | AT8: Lecture hall (fixed seats) | AU8: 71 | AV8: =SUM(AU8/1000)*15*'2025 CA Single Zone Calculator'!K2 -> 0 | AW8: Title 24: CO2 Sensor required
A9: TELEPHONE / DATA ENRTY | B9: 5 | C9: 0.06 | D9: 60 | F9: Art classroom | G9: 0.15 | K9: Art classroom | L9: 0.15 | S9: Animal preparation rooms | T9: 20 | U9: 10 | V9: 0.18 | Z9: Art classroom | AA9: 0.15 | AB9: =SUM(AA9*'2025 CA Single Zone Calculator'!D2) -> 210 | AE9: Art classroom | AF9: 0.15 | AM9: Art classroom | AN9: 25 | AO9: =SUM(AN9/1000)*15*'2025 CA Single Zone Calculator'!D2 -> 525 | AT9: Art classroom | AU9: 25 | AV9: =SUM(AU9/1000)*15*'2025 CA Single Zone Calculator'!K2 -> 0
F10: Science laboratories | G10: 0.15 | K10: Science laboratories | L10: 0.15 | S10: Animal procdure rooms | T10: 20 | U10: 10 | V10: 0.18 | Z10: Science laboratories | AA10: 0.15 | AB10: =SUM(AA10*'2025 CA Single Zone Calculator'!D2) -> 210 | AE10: Science laboratories | AF10: 0.15 | AM10: Science laboratories | AN10: 25 | AO10: =SUM(AN10/1000)*15*'2025 CA Single Zone Calculator'!D2 -> 525 | AT10: Science laboratories | AU10: 25 | AV10: =SUM(AU10/1000)*15*'2025 CA Single Zone Calculator'!K2 -> 0
A11: (PUBLIC USES:) | F11: University/college laboratories | G11: 0.15 | K11: University/college laboratories | L11: 0.15 | S11: Animal surgery scrub | T11: 20 | U11: 10 | V11: 0.18 | Z11: University/college laboratories | AA11: 0.15 | AB11: =SUM(AA11*'2025 CA Single Zone Calculator'!D2) -> 210 | AE11: University/college laboratories | AF11: 0.15 | AM11: University/college laboratories | AN11: 25 | AO11: =SUM(AN11/1000)*15*'2025 CA Single Zone Calculator'!D2 -> 525 | AT11: University/college laboratories | AU11: 25 | AV11: =SUM(AU11/1000)*15*'2025 CA Single Zone Calculator'!K2 -> 0
A12: CORRIDORS | B12: 0 | C12: 0.06 | D12: 0 | F12: Wood/metal shop | G12: 0.15 | K12: Wood/metal shop | L12: 0.15 | S12: Large-animal holding room | T12: 20 | U12: 10 | V12: 0.18 | Z12: Wood/metal shop | AA12: 0.15 | AB12: =SUM(AA12*'2025 CA Single Zone Calculator'!D2) -> 210 | AE12: Wood/metal shop | AF12: 0.15 | AM12: Wood/metal shop | AN12: 10 | AO12: =SUM(AN12/1000)*15*'2025 CA Single Zone Calculator'!D2 -> 210 | AT12: Wood/metal shop | AU12: 10 | AV12: =SUM(AU12/1000)*15*'2025 CA Single Zone Calculator'!K2 -> 0
A13: COURTROOMS | B13: 5 | C13: 0.06 | D13: 70 | F13: Computer lab | G13: 0.15 | K13: Computer lab | L13: 0.15 | S13: Necropsy | T13: 20 | U13: 10 | V13: 0.18 | Z13: Computer lab | AA13: 0.15 | AB13: =SUM(AA13*'2025 CA Single Zone Calculator'!D2) -> 210 | AE13: Computer lab | AF13: 0.15 | AM13: Computer lab | AN13: 25 | AO13: =SUM(AN13/1000)*15*'2025 CA Single Zone Calculator'!D2 -> 525 | AT13: Computer lab | AU13: 25 | AV13: =SUM(AU13/1000)*15*'2025 CA Single Zone Calculator'!K2 -> 0
A14: LEGISTLATIVE CHAMBERS | B14: 5 | C14: 0.06 | D14: 50 | F14: Media center | G14: 0.15 | K14: Media center | L14: 0.15 | S14: Small-animal cage room (static cages) | T14: 20 | U14: 10 | V14: 0.18 | Z14: Media center | AA14: 0.15 | AB14: =SUM(AA14*'2025 CA Single Zone Calculator'!D2) -> 210 | AE14: Media center | AF14: 0.15 | AM14: Media center | AN14: 25 | AO14: =SUM(AN14/1000)*15*'2025 CA Single Zone Calculator'!D2 -> 525 | AT14: Media center | AU14: 25 | AV14: =SUM(AU14/1000)*15*'2025 CA Single Zone Calculator'!K2 -> 0
A15: LIBRARIES | B15: 5 | C15: 0.12 | D15: 10 | F15: Music/theater/dance | G15: =IF(OR('2022 CA Single Zone Calculator'!H6="economizer",'2022 CA Single Zone Calculator'!H7="economizer",'2022 CA Single Zone Calculator'!H8="economizer"),0.15,1.07) -> 0.15 | I15: =IF(G15=0.15,"Title 24: CO2 Sensor required","") -> Title 24: CO2 Sensor required | K15: Music/theater/dance | L15: =IF(OR('2022 CA Multi-Zone Calculator'!H6="economizer",'2022 CA Multi-Zone Calculator'!H7="economizer",'2022 CA Multi-Zone Calculator'!H8="economizer"),0.15,1.07) -> 0.15 | N15: =IF(L15=0.15,"Title 24: CO2 Sensor required","") -> Title 24: CO2 Sensor required | S15: Small-animal cage room (ventilated cages) | T15: 20 | U15: 10 | V15: 0.18 | Z15: Music/theater/dance | AA15: 0.15 | AB15: =SUM(AA15*'2025 CA Single Zone Calculator'!D2) -> 210 | AC15: =IF(OR('2025 CA Single Zone Calculator'!H9="economizer",'2025 CA Single Zone Calculator'!H10="economizer",'2025 CA Single Zone Calculator'!H11="economizer"),"Title 24: CO2 Sensor required","") -> Title 24: CO2 Sensor required | AE15: Music/theater/dance | AF15: 0.15 | AH15: =IF(AF15=0.15,"Title 24: CO2 Sensor required","") -> Title 24: CO2 Sensor required | AM15: Music/theater/dance | AN15: 33 | AO15: =SUM(AN15/1000)*15*'2025 CA Single Zone Calculator'!D2 -> 693 | AP15: Title 24: CO2 Sensor required | AT15: Music/theater/dance | AU15: 33 | AV15: =SUM(AU15/1000)*15*'2025 CA Single Zone Calculator'!K2 -> 0 | AW15: Title 24: CO2 Sensor required
A16: MUSEUMS / GALLERIES | B16: 7.5 | C16: 0.12 | D16: 40 | F16: Multiuse assembly | G16: =IF(OR('2022 CA Single Zone Calculator'!H6="economizer",'2022 CA Single Zone Calculator'!H7="economizer",'2022 CA Single Zone Calculator'!H8="economizer"),0.15,0.5) -> 0.15 | I16: =IF(G16=0.15,"Title 24: CO2 Sensor required","") -> Title 24: CO2 Sensor required | K16: Multiuse assembly | L16: =IF(OR('2022 CA Multi-Zone Calculator'!H6="economizer",'2022 CA Multi-Zone Calculator'!H7="economizer",'2022 CA Multi-Zone Calculator'!H8="economizer"),0.15,0.5) -> 0.15 | N16: =IF(L16=0.15,"Title 24: CO2 Sensor required","") -> Title 24: CO2 Sensor required | Z16: Multiuse assembly | AA16: 0.15 | AB16: =SUM(AA16*'2025 CA Single Zone Calculator'!D2) -> 210 | AC16: =IF(OR('2025 CA Single Zone Calculator'!H9="economizer",'2025 CA Single Zone Calculator'!H10="economizer",'2025 CA Single Zone Calculator'!H11="economizer"),"Title 24: CO2 Sensor required","") -> Title 24: CO2 Sensor required | AE16: Multiuse assembly | AF16: 0.15 | AH16: =IF(AF16=0.15,"Title 24: CO2 Sensor required","") -> Title 24: CO2 Sensor required | AM16: Multiuse assembly | AN16: 33 | AO16: =SUM(AN16/1000)*15*'2025 CA Single Zone Calculator'!D2 -> 693 | AP16: Title 24: CO2 Sensor required | AT16: Multiuse assembly | AU16: 33 | AV16: =SUM(AU16/1000)*15*'2025 CA Single Zone Calculator'!K2 -> 0 | AW16: Title 24: CO2 Sensor required
A17: RELIGIOUS WORSHIP | B17: 5 | C17: 0.06 | D17: 120 | S17: CORRECTIONAL FACILITIES:
A18: SMOKING LOUNGES | B18: 60 | C18: 0 | D18: 70 | F18: (Food and Beverage Service:) | K18: (Food and Beverage Service:) | S18: Booking/waiting | T18: 50 | U18: 7.5 | V18: 0.06 | Z18: (Food and Beverage Service:) | AE18: (Food and Beverage Service:) | AM18: (Food and Beverage Service:) | AT18: (Food and Beverage Service:)
F19: Restaurant dining rooms | G19: =IF(OR('2022 CA Single Zone Calculator'!H6="economizer",'2022 CA Single Zone Calculator'!H7="economizer",'2022 CA Single Zone Calculator'!H8="economizer"),0.15,0.5) -> 0.15 | I19: =IF(G19=0.15,"Title 24: CO2 Sensor required","") -> Title 24: CO2 Sensor required | K19: Restaurant dining rooms | L19: =IF(OR('2022 CA Multi-Zone Calculator'!H6="economizer",'2022 CA Multi-Zone Calculator'!H7="economizer",'2022 CA Multi-Zone Calculator'!H8="economizer"),0.15,0.5) -> 0.15 | N19: =IF(L19=0.15,"Title 24: CO2 Sensor required","") -> Title 24: CO2 Sensor required | S19: Cells without plumbing | T19: 25 | U19: 5 | V19: 0.12 | Z19: Restaurant dining rooms | AA19: 0.15 | AB19: =SUM(AA19*'2025 CA Single Zone Calculator'!D2) -> 210 | AC19: =IF(OR('2025 CA Single Zone Calculator'!H9="economizer",'2025 CA Single Zone Calculator'!H10="economizer",'2025 CA Single Zone Calculator'!H11="economizer"),"Title 24: CO2 Sensor required","") -> Title 24: CO2 Sensor required | AE19: Restaurant dining rooms | AF19: 0.15 | AH19: =IF(AF19=0.15,"Title 24: CO2 Sensor required","") -> Title 24: CO2 Sensor required | AM19: Restaurant dining rooms | AN19: 33 | AO19: =SUM(AN19/1000)*15*'2025 CA Single Zone Calculator'!D2 -> 693 | AP19: Title 24: CO2 Sensor required | AT19: Restaurant dining rooms | AU19: 33 | AV19: =SUM(AU19/1000)*15*'2025 CA Single Zone Calculator'!K2 -> 0 | AW19: Title 24: CO2 Sensor required
A20: (EDUCATION:) | F20: Cafeteria/fast-food dining | G20: =IF(OR('2022 CA Single Zone Calculator'!H6="economizer",'2022 CA Single Zone Calculator'!H7="economizer",'2022 CA Single Zone Calculator'!H8="economizer"),0.15,0.5) -> 0.15 | I20: =IF(G20=0.15,"Title 24: CO2 Sensor required","") -> Title 24: CO2 Sensor required | K20: Cafeteria/fast-food dining | L20: =IF(OR('2022 CA Multi-Zone Calculator'!H6="economizer",'2022 CA Multi-Zone Calculator'!H7="economizer",'2022 CA Multi-Zone Calculator'!H8="economizer"),0.15,0.5) -> 0.15 | N20: =IF(L20=0.15,"Title 24: CO2 Sensor required","") -> Title 24: CO2 Sensor required | S20: Cells with plumbing | T20: 25 | U20: 5 | V20: 0.12 | Z20: Cafeteria/fast-food dining | AA20: 0.15 | AB20: =SUM(AA20*'2025 CA Single Zone Calculator'!D2) -> 210 | AC20: =IF(OR('2025 CA Single Zone Calculator'!H9="economizer",'2025 CA Single Zone Calculator'!H10="economizer",'2025 CA Single Zone Calculator'!H11="economizer"),"Title 24: CO2 Sensor required","") -> Title 24: CO2 Sensor required | AE20: Cafeteria/fast-food dining | AF20: 0.15 | AH20: =IF(AF20=0.15,"Title 24: CO2 Sensor required","") -> Title 24: CO2 Sensor required | AM20: Cafeteria/fast-food dining | AN20: 33 | AO20: =SUM(AN20/1000)*15*'2025 CA Single Zone Calculator'!D2 -> 693 | AP20: Title 24: CO2 Sensor required | AT20: Cafeteria/fast-food dining | AU20: 33 | AV20: =SUM(AU20/1000)*15*'2025 CA Single Zone Calculator'!K2 -> 0 | AW20: Title 24: CO2 Sensor required
A21: CLASSROOM (5-8) | B21: 10 | C21: 0.12 | D21: 25 | F21: Bars, cocktail lounges | G21: =IF(OR('2022 CA Single Zone Calculator'!H6="economizer",'2022 CA Single Zone Calculator'!H7="economizer",'2022 CA Single Zone Calculator'!H8="economizer"),0.2,0.5) -> 0.2 | I21: =IF(G21=0.2,"Title 24: CO2 Sensor required","") -> Title 24: CO2 Sensor required | K21: Bars, cocktail lounges | L21: =IF(OR('2022 CA Multi-Zone Calculator'!H6="economizer",'2022 CA Multi-Zone Calculator'!H7="economizer",'2022 CA Multi-Zone Calculator'!H8="economizer"),0.2,0.5) -> 0.2 | N21: =IF(L21=0.2,"Title 24: CO2 Sensor required","") -> Title 24: CO2 Sensor required | S21: Day room | T21: 30 | U21: 5 | V21: 0.06 | Z21: Bars, cocktail lounges | AA21: 0.5 | AB21: =SUM(AA21*'2025 CA Single Zone Calculator'!D2) -> 700 | AC21: =IF(AA21=0.2,"Title 24: CO2 Sensor required","") | AE21: Bars, cocktail lounges | AF21: 0.5 | AH21: =IF(AF21=0.2,"Title 24: CO2 Sensor required","") | AM21: Bars, cocktail lounges | AN21: 33 | AO21: =SUM(AN21/1000)*15*'2025 CA Single Zone Calculator'!D2 -> 693 | AP21: =IF(AN21=0.2,"Title 24: CO2 Sensor required","") | AT21: Bars, cocktail lounges | AU21: 33 | AV21: =SUM(AU21/1000)*15*'2025 CA Single Zone Calculator'!K2 -> 0 | AW21: =IF(AU21=0.2,"Title 24: CO2 Sensor required","")
A22: CLASSROOM (9+) | B22: 10 | C22: 0.12 | D22: 35 | F22: Kitchen (cooking) | G22: 0.15 | K22: Kitchen (cooking) | L22: 0.15 | S22: Dining halls | T22: 70 | U22: 7.5 | V22: 0.18 | Z22: Kitchen (cooking) | AA22: 0.15 | AB22: =SUM(AA22*'2025 CA Single Zone Calculator'!D2) -> 210 | AE22: Kitchen (cooking) | AF22: 0.15 | AM22: Kitchen (cooking) | AN22: 3 | AO22: =SUM(AN22/1000)*15*'2025 CA Single Zone Calculator'!D2 -> 63 | AT22: Kitchen (cooking) | AU22: 3 | AV22: =SUM(AU22/1000)*15*'2025 CA Single Zone Calculator'!K2 -> 0
A23: DAYCARE (UP TO 4YR) | B23: 10 | C23: 0.18 | D23: 25 | S23: Guard stations | T23: 15 | U23: 5 | V23: 0.06
A24: ART CLASSROOM | B24: 10 | C24: 0.18 | D24: 20 | F24: (General:) | K24: (General:) | Z24: (General:) | AE24: (General:) | AM24: (General:) | AT24: (General:)
A25: AUDITORIUMS | B25: 5 | C25: 0.06 | D25: 150 | F25: Break rooms | G25: =IF(OR('2022 CA Single Zone Calculator'!H6="economizer",'2022 CA Single Zone Calculator'!H7="economizer",'2022 CA Single Zone Calculator'!H8="economizer"),0.15,0.5) -> 0.15 | I25: =IF(G25=0.15,"Title 24: CO2 Sensor required","") -> Title 24: CO2 Sensor required | K25: Break rooms | L25: =IF(OR('2022 CA Multi-Zone Calculator'!H6="economizer",'2022 CA Multi-Zone Calculator'!H7="economizer",'2022 CA Multi-Zone Calculator'!H8="economizer"),0.15,0.5) -> 0.15 | N25: =IF(L25=0.15,"Title 24: CO2 Sensor required","") -> Title 24: CO2 Sensor required | S25: (DRY CLEANERS, LAUNDRIES:) | Z25: Break rooms | AA25: 0.15 | AB25: =SUM(AA25*'2025 CA Single Zone Calculator'!D2) -> 210 | AC25: =IF(OR('2025 CA Single Zone Calculator'!H9="economizer",'2025 CA Single Zone Calculator'!H10="economizer",'2025 CA Single Zone Calculator'!H11="economizer"),"Title 24: CO2 Sensor required","") -> Title 24: CO2 Sensor required | AE25: Break rooms | AF25: 0.15 | AH25: =IF(AF25=0.15,"Title 24: CO2 Sensor required","") -> Title 24: CO2 Sensor required | AM25: Break rooms | AN25: 33 | AO25: =SUM(AN25/1000)*15*'2025 CA Single Zone Calculator'!D2 -> 693 | AP25: Title 24: CO2 Sensor required | AT25: Break rooms | AU25: 33 | AV25: =SUM(AU25/1000)*15*'2025 CA Single Zone Calculator'!K2 -> 0 | AW25: Title 24: CO2 Sensor required
A26: COMPUTER LAB | B26: 10 | C26: 0.12 | D26: 25 | F26: Coffee Stations | G26: =IF(OR('2022 CA Single Zone Calculator'!H6="economizer",'2022 CA Single Zone Calculator'!H7="economizer",'2022 CA Single Zone Calculator'!H8="economizer"),0.15,0.5) -> 0.15 | I26: =IF(G26=0.15,"Title 24: CO2 Sensor required","") -> Title 24: CO2 Sensor required | K26: Coffee Stations | L26: =IF(OR('2022 CA Multi-Zone Calculator'!H6="economizer",'2022 CA Multi-Zone Calculator'!H7="economizer",'2022 CA Multi-Zone Calculator'!H8="economizer"),0.15,0.5) -> 0.15 | N26: =IF(L26=0.15,"Title 24: CO2 Sensor required","") -> Title 24: CO2 Sensor required | S26: Coin-operated dry cleaner | T26: 20 | U26: 15 | V26: 0 | Z26: Coffee Stations | AA26: 0.15 | AB26: =SUM(AA26*'2025 CA Single Zone Calculator'!D2) -> 210 | AC26: =IF(OR('2025 CA Single Zone Calculator'!H9="economizer",'2025 CA Single Zone Calculator'!H10="economizer",'2025 CA Single Zone Calculator'!H11="economizer"),"Title 24: CO2 Sensor required","") -> Title 24: CO2 Sensor required | AE26: Coffee Stations | AF26: 0.15 | AH26: =IF(AF26=0.15,"Title 24: CO2 Sensor required","") -> Title 24: CO2 Sensor required | AM26: Coffee Stations | AN26: 33 | AO26: =SUM(AN26/1000)*15*'2025 CA Single Zone Calculator'!D2 -> 693 | AP26: Title 24: CO2 Sensor required | AT26: Coffee Stations | AU26: 33 | AV26: =SUM(AU26/1000)*15*'2025 CA Single Zone Calculator'!K2 -> 0 | AW26: Title 24: CO2 Sensor required
A27: LECTURE CLASSROOM | B27: 7.5 | C27: 0.06 | D27: 65 | F27: Conference/meeting | G27: =IF(OR('2022 CA Single Zone Calculator'!H6="economizer",'2022 CA Single Zone Calculator'!H7="economizer",'2022 CA Single Zone Calculator'!H8="economizer"),0.15,0.5) -> 0.15 | I27: =IF(G27=0.15,"Title 24: CO2 Sensor required","") -> Title 24: CO2 Sensor required | K27: Conference/meeting | L27: =IF(OR('2022 CA Multi-Zone Calculator'!H6="economizer",'2022 CA Multi-Zone Calculator'!H7="economizer",'2022 CA Multi-Zone Calculator'!H8="economizer"),0.15,0.5) -> 0.15 | S27: Coin-operated laundries | T27: 20 | U27: 7.5 | V27: 0.12 | Z27: Conference/meeting | AA27: 0.15 | AB27: =SUM(AA27*'2025 CA Single Zone Calculator'!D2) -> 210 | AC27: =IF(OR('2025 CA Single Zone Calculator'!H9="economizer",'2025 CA Single Zone Calculator'!H10="economizer",'2025 CA Single Zone Calculator'!H11="economizer"),"Title 24: CO2 Sensor required","") -> Title 24: CO2 Sensor required | AE27: Conference/meeting | AF27: 0.15 | AM27: Conference/meeting | AN27: 33 | AO27: =SUM(AN27/1000)*15*'2025 CA Single Zone Calculator'!D2 -> 693 | AP27: Title 24: CO2 Sensor required | AT27: Conference/meeting | AU27: 33 | AV27: =SUM(AU27/1000)*15*'2025 CA Single Zone Calculator'!K2 -> 0 | AW27: Title 24: CO2 Sensor required
A28: MEDIA CENTER | B28: 10 | C28: 0.12 | D28: 25 | F28: Corridors | G28: 0.15 | K28: Corridors | L28: 0.15 | N28: =IF(L28=0.15,"Title 24: CO2 Sensor required","") -> Title 24: CO2 Sensor required | S28: Commercial dry cleaner | T28: 30 | U28: 30 | V28: 0 | Z28: Corridors | AA28: 0.15 | AB28: =SUM(AA28*'2025 CA Single Zone Calculator'!D2) -> 210 | AE28: Corridors | AF28: 0.15 | AH28: =IF(AF28=0.15,"Title 24: CO2 Sensor required","") -> Title 24: CO2 Sensor required | AM28: Corridors | AN28: 5 | AO28: =SUM(AN28/1000)*15*'2025 CA Single Zone Calculator'!D2 -> 105 | AT28: Corridors | AU28: 5 | AV28: =SUM(AU28/1000)*15*'2025 CA Single Zone Calculator'!K2 -> 0
A29: MULTIUSE ASSEMBLY | B29: 7.5 | C29: 0.06 | D29: 100 | F29: Occupiable storage rooms for liquids or gels | G29: 0.15 | K29: Occupiable storage rooms for liquids or gels | L29: 0.15 | S29: Commercial laundry | T29: 10 | U29: 5 | V29: 0.12 | Z29: Occupiable storage rooms for liquids or gels | AA29: 0.15 | AB29: =SUM(AA29*'2025 CA Single Zone Calculator'!D2) -> 210 | AE29: Occupiable storage rooms for liquids or gels | AF29: 0.15 | AM29: Occupiable storage rooms for liquids or gels | AN29: 2 | AO29: =SUM(AN29/1000)*15*'2025 CA Single Zone Calculator'!D2 -> 42 | AT29: Occupiable storage rooms for liquids or gels | AU29: 2 | AV29: =SUM(AU29/1000)*15*'2025 CA Single Zone Calculator'!K2 -> 0
A30: MUSIC / THEATER / DANCE | B30: 10 | C30: 0.06 | D30: 35 | S30: Storage, pick up | T30: 30 | U30: 7.5 | V30: 0.12
A31: SCIENCE LAB | B31: 10 | C31: 0.18 | D31: 25 | F31: (Hotels, Motels, Resorts, Dormitories:) | K31: (Hotels, Motels, Resorts, Dormitories:) | Z31: (Hotels, Motels, Resorts, Dormitories:) | AE31: (Hotels, Motels, Resorts, Dormitories:) | AM31: (Hotels, Motels, Resorts, Dormitories:) | AT31: (Hotels, Motels, Resorts, Dormitories:)
A32: WOOD / METAL SHOP | B32: 10 | C32: 0.18 | D32: 20 | F32: Bedroom/living room | G32: 0.15 | K32: Bedroom/living room | L32: 0.15 | S32: (EDUCATION:) | Z32: Bedroom/living room | AA32: 0.15 | AB32: =SUM(AA32*'2025 CA Single Zone Calculator'!D2) -> 210 | AE32: Bedroom/living room | AF32: 0.15 | AM32: Bedroom/living room | AN32: 3 | AO32: =SUM(AN32/1000)*15*'2025 CA Single Zone Calculator'!D2 -> 63 | AT32: Bedroom/living room | AU32: 3 | AV32: =SUM(AU32/1000)*15*'2025 CA Single Zone Calculator'!K2 -> 0
F33: Barracks sleeping areas | G33: 0.15 | K33: Barracks sleeping areas | L33: 0.15 | S33: Art classroom | T33: 20 | U33: 10 | V33: 0.18 | Z33: Barracks sleeping areas | AA33: 0.15 | AB33: =SUM(AA33*'2025 CA Single Zone Calculator'!D2) -> 210 | AE33: Barracks sleeping areas | AF33: 0.15 | AM33: Barracks sleeping areas | AN33: 5 | AO33: =SUM(AN33/1000)*15*'2025 CA Single Zone Calculator'!D2 -> 105 | AT33: Barracks sleeping areas | AU33: 5 | AV33: =SUM(AU33/1000)*15*'2025 CA Single Zone Calculator'!K2 -> 0
A34: (WORKROOMS:) | F34: Laundry rooms, central | G34: 0.15 | K34: Laundry rooms, central | L34: 0.15 | S34: Auditoriums | T34: 150 | U34: 5 | V34: 0.06 | Z34: Laundry rooms, central | AA34: 0.15 | AB34: =SUM(AA34*'2025 CA Single Zone Calculator'!D2) -> 210 | AE34: Laundry rooms, central | AF34: 0.15 | AM34: Laundry rooms, central | AN34: 5 | AO34: =SUM(AN34/1000)*15*'2025 CA Single Zone Calculator'!D2 -> 105 | AT34: Laundry rooms, central | AU34: 5 | AV34: =SUM(AU34/1000)*15*'2025 CA Single Zone Calculator'!K2 -> 0
A35: BANK VAULTS / SAFE DEPOSIT | B35: 5 | C35: 0.06 | D35: 5 | F35: Laundry rooms within dwelling units | G35: 0.15 | K35: Laundry rooms within dwelling units | L35: 0.15 | S35: Classrooms (ages 5-8) | T35: 25 | U35: 10 | V35: 0.12 | Z35: Laundry rooms within dwelling units | AA35: 0.15 | AB35: =SUM(AA35*'2025 CA Single Zone Calculator'!D2) -> 210 | AE35: Laundry rooms within dwelling units | AF35: 0.15 | AM35: Laundry rooms within dwelling units | AN35: 5 | AO35: =SUM(AN35/1000)*15*'2025 CA Single Zone Calculator'!D2 -> 105 | AT35: Laundry rooms within dwelling units | AU35: 5 | AV35: =SUM(AU35/1000)*15*'2025 CA Single Zone Calculator'!K2 -> 0
A36: COPY / PRINTING RM | B36: 5 | C36: 0.06 | D36: 4 | F36: Lobbies/pre-function | G36: =IF(OR('2022 CA Single Zone Calculator'!H6="economizer",'2022 CA Single Zone Calculator'!H7="economizer",'2022 CA Single Zone Calculator'!H8="economizer"),0.15,0.5) -> 0.15 | I36: =IF(G36=0.15,"Title 24: CO2 Sensor required","") -> Title 24: CO2 Sensor required | K36: Lobbies/pre-function | L36: =IF(OR('2022 CA Multi-Zone Calculator'!H6="economizer",'2022 CA Multi-Zone Calculator'!H7="economizer",'2022 CA Multi-Zone Calculator'!H8="economizer"),0.15,0.5) -> 0.15 | N36: =IF(L36=0.15,"Title 24: CO2 Sensor required","") -> Title 24: CO2 Sensor required | S36: Classrooms (ages 9 plus) | T36: 35 | U36: 10 | V36: 0.12 | Z36: Lobbies/pre-function | AA36: 0.15 | AB36: =SUM(AA36*'2025 CA Single Zone Calculator'!D2) -> 210 | AC36: =IF(OR('2025 CA Single Zone Calculator'!H9="economizer",'2025 CA Single Zone Calculator'!H10="economizer",'2025 CA Single Zone Calculator'!H11="economizer"),"Title 24: CO2 Sensor required","") -> Title 24: CO2 Sensor required | AE36: Lobbies/pre-function | AF36: 0.15 | AH36: =IF(AF36=0.15,"Title 24: CO2 Sensor required","") -> Title 24: CO2 Sensor required | AM36: Lobbies/pre-function | AN36: 33 | AO36: =SUM(AN36/1000)*15*'2025 CA Single Zone Calculator'!D2 -> 693 | AP36: Title 24: CO2 Sensor required | AT36: Lobbies/pre-function | AU36: 33 | AV36: =SUM(AU36/1000)*15*'2025 CA Single Zone Calculator'!K2 -> 0 | AW36: Title 24: CO2 Sensor required
A37: COMPUTER (WITHOUT PRINTING) | B37: 5 | C37: 0.06 | D37: 4 | F37: Multipurpose assembly | G37: 0.5 | K37: Multipurpose assembly | L37: 0.5 | S37: Computer lab | T37: 25 | U37: 10 | V37: 0.12 | Z37: Multipurpose assembly | AA37: 0.15 | AB37: =SUM(AA37*'2025 CA Single Zone Calculator'!D2) -> 210 | AE37: Multipurpose assembly | AF37: 0.15 | AM37: Multipurpose assembly | AN37: 33 | AO37: =SUM(AN37/1000)*15*'2025 CA Single Zone Calculator'!D2 -> 693 | AT37: Multipurpose assembly | AU37: 33 | AV37: =SUM(AU37/1000)*15*'2025 CA Single Zone Calculator'!K2 -> 0
A38: PHARMACY PREP AREA | B38: 5 | C38: 0.18 | D38: 10 | S38: Corridors | T38: 0 | U38: 0 | V38: 0.06
A39: PHOTO STUDIOS | B39: 5 | C39: 0.12 | D39: 10 | F39: (Office Buildings:) | K39: (Office Buildings:) | S39: Day care (through age 4) | T39: 25 | U39: 10 | V39: 0.18 | Z39: (Office Buildings:) | AE39: (Office Buildings:) | AM39: (Office Buildings:) | AT39: (Office Buildings:)
A40: MEAT PROCESSING | B40: 15 | C40: 0 | D40: 10 | F40: Breakrooms | G40: =IF(OR('2022 CA Single Zone Calculator'!H6="economizer",'2022 CA Single Zone Calculator'!H7="economizer",'2022 CA Single Zone Calculator'!H8="economizer"),0.15,0.5) -> 0.15 | I40: =IF(G40=0.15,"Title 24: CO2 Sensor required","") -> Title 24: CO2 Sensor required | K40: Breakrooms | L40: =IF(OR('2022 CA Multi-Zone Calculator'!H6="economizer",'2022 CA Multi-Zone Calculator'!H7="economizer",'2022 CA Multi-Zone Calculator'!H8="economizer"),0.15,0.5) -> 0.15 | N40: =IF(L40=0.15,"Title 24: CO2 Sensor required","") -> Title 24: CO2 Sensor required | S40: Lecture classroom | T40: 65 | U40: 7.5 | V40: 0.06 | Z40: Breakrooms | AA40: 0.15 | AB40: =SUM(AA40*'2025 CA Single Zone Calculator'!D2) -> 210 | AC40: =IF(OR('2025 CA Single Zone Calculator'!H9="economizer",'2025 CA Single Zone Calculator'!H10="economizer",'2025 CA Single Zone Calculator'!H11="economizer"),"Title 24: CO2 Sensor required","") -> Title 24: CO2 Sensor required | AE40: Breakrooms | AF40: 0.15 | AH40: =IF(AF40=0.15,"Title 24: CO2 Sensor required","") -> Title 24: CO2 Sensor required | AM40: Breakrooms | AN40: 33 | AO40: =SUM(AN40/1000)*15*'2025 CA Single Zone Calculator'!D2 -> 693 | AP40: Title 24: CO2 Sensor required | AT40: Breakrooms | AU40: 33 | AV40: =SUM(AU40/1000)*15*'2025 CA Single Zone Calculator'!K2 -> 0 | AW40: Title 24: CO2 Sensor required
F41: Main entry lobbies | G41: =IF(OR('2022 CA Single Zone Calculator'!H6="economizer",'2022 CA Single Zone Calculator'!H7="economizer",'2022 CA Single Zone Calculator'!H8="economizer"),0.15,0.5) -> 0.15 | I41: =IF(G41=0.15,"Title 24: CO2 Sensor required","") -> Title 24: CO2 Sensor required | K41: Main entry lobbies | L41: =IF(OR('2022 CA Multi-Zone Calculator'!H6="economizer",'2022 CA Multi-Zone Calculator'!H7="economizer",'2022 CA Multi-Zone Calculator'!H8="economizer"),0.15,0.5) -> 0.15 | N41: =IF(L41=0.15,"Title 24: CO2 Sensor required","") -> Title 24: CO2 Sensor required | S41: Lecture hall (fixed seats) | T41: 150 | U41: 7.5 | V41: 0.06 | Z41: Main entry lobbies | AA41: 0.15 | AB41: =SUM(AA41*'2025 CA Single Zone Calculator'!D2) -> 210 | AC41: =IF(OR('2025 CA Single Zone Calculator'!H9="economizer",'2025 CA Single Zone Calculator'!H10="economizer",'2025 CA Single Zone Calculator'!H11="economizer"),"Title 24: CO2 Sensor required","") -> Title 24: CO2 Sensor required | AE41: Main entry lobbies | AF41: 0.15 | AH41: =IF(AF41=0.15,"Title 24: CO2 Sensor required","") -> Title 24: CO2 Sensor required | AM41: Main entry lobbies | AN41: 33 | AO41: =SUM(AN41/1000)*15*'2025 CA Single Zone Calculator'!D2 -> 693 | AP41: Title 24: CO2 Sensor required | AT41: Main entry lobbies | AU41: 33 | AV41: =SUM(AU41/1000)*15*'2025 CA Single Zone Calculator'!K2 -> 0 | AW41: Title 24: CO2 Sensor required
A42: (HOTELS, MOTELS, RESORTS AND DORMATORIES:) | F42: Occupiable storage rooms for dry materials | G42: 0.15 | K42: Occupiable storage rooms for dry materials | L42: 0.15 | S42: Medfia center | T42: 25 | U42: 10 | V42: 0.12 | Z42: Occupiable storage rooms for dry materials | AA42: 0.15 | AB42: =SUM(AA42*'2025 CA Single Zone Calculator'!D2) -> 210 | AE42: Occupiable storage rooms for dry materials | AF42: 0.15 | AM42: Occupiable storage rooms for dry materials | AN42: 2 | AO42: =SUM(AN42/1000)*15*'2025 CA Single Zone Calculator'!D2 -> 42 | AT42: Occupiable storage rooms for dry materials | AU42: 2 | AV42: =SUM(AU42/1000)*15*'2025 CA Single Zone Calculator'!K2 -> 0
A43: BEDROOM / LIVING ROOM | B43: 5 | C43: 0.06 | D43: 10 | F43: Office space | G43: 0.15 | K43: Office space | L43: 0.15 | S43: Multiuse assembly | T43: 100 | U43: 7.5 | V43: 0.06 | Z43: Office space | AA43: 0.15 | AB43: =SUM(AA43*'2025 CA Single Zone Calculator'!D2) -> 210 | AE43: Office space | AF43: 0.15 | AM43: Office space | AN43: 5 | AO43: =SUM(AN43/1000)*15*'2025 CA Single Zone Calculator'!D2 -> 105 | AT43: Office space | AU43: 5 | AV43: =SUM(AU43/1000)*15*'2025 CA Single Zone Calculator'!K2 -> 0
A44: CONFERENCE / MEETING | B44: 5 | C44: 0.06 | D44: 50 | F44: Reception areas | G44: 0.15 | K44: Reception areas | L44: 0.15 | S44: Music/theater/dance | T44: 35 | U44: 10 | V44: 0.06 | Z44: Reception areas | AA44: 0.15 | AB44: =SUM(AA44*'2025 CA Single Zone Calculator'!D2) -> 210 | AE44: Reception areas | AF44: 0.15 | AM44: Reception areas | AN44: 5 | AO44: =SUM(AN44/1000)*15*'2025 CA Single Zone Calculator'!D2 -> 105 | AT44: Reception areas | AU44: 5 | AV44: =SUM(AU44/1000)*15*'2025 CA Single Zone Calculator'!K2 -> 0
A45: DORMATORY SLEEPING AREAS | B45: 5 | C45: 0.06 | D45: 20 | F45: Telephone/data entry | G45: 0.15 | K45: Telephone/data entry | L45: 0.15 | S45: Science labortories | T45: 25 | U45: 10 | V45: 0.18 | Z45: Telephone/data entry | AA45: 0.15 | AB45: =SUM(AA45*'2025 CA Single Zone Calculator'!D2) -> 210 | AE45: Telephone/data entry | AF45: 0.15 | AM45: Telephone/data entry | AN45: 33 | AO45: =SUM(AN45/1000)*15*'2025 CA Single Zone Calculator'!D2 -> 693 | AT45: Telephone/data entry | AU45: 33 | AV45: =SUM(AU45/1000)*15*'2025 CA Single Zone Calculator'!K2 -> 0
A46: LOBBIES / PREFUNCTION | B46: 7.5 | C46: 0.18 | D46: 30 | S46: Smokeing loundes | T46: 70 | U46: 60 | V46: 0
A47: MULTIPURPOSE ASSEMBLY | B47: 5 | C47: 0.06 | D47: 120 | F47: (Miscellaneous Spaces:) | K47: (Miscellaneous Spaces:) | S47: Sports locker rooms | T47: - | U47: - | V47: - | Z47: (Miscellaneous Spaces:) | AE47: (Miscellaneous Spaces:) | AM47: (Miscellaneous Spaces:) | AT47: (Miscellaneous Spaces:)
A48: GAMBLING CASINOS | B48: 7.5 | C48: 0.18 | D48: 120 | F48: Bank vaults/safe deposit | G48: 0.15 | K48: Bank vaults/safe deposit | L48: 0.15 | S48: Wood/metal shops | T48: 20 | U48: 10 | V48: 0.18 | Z48: Bank vaults/safe deposit | AA48: 0.15 | AB48: =SUM(AA48*'2025 CA Single Zone Calculator'!D2) -> 210 | AE48: Bank vaults/safe deposit | AF48: 0.15 | AM48: Bank vaults/safe deposit | AN48: 5 | AO48: =SUM(AN48/1000)*15*'2025 CA Single Zone Calculator'!D2 -> 105 | AT48: Bank vaults/safe deposit | AU48: 5 | AV48: =SUM(AU48/1000)*15*'2025 CA Single Zone Calculator'!K2 -> 0
F49: Banks or bank lobbies | G49: 0.15 | K49: Banks or bank lobbies | L49: 0.15 | Z49: Banks or bank lobbies | AA49: 0.15 | AB49: =SUM(AA49*'2025 CA Single Zone Calculator'!D2) -> 210 | AE49: Banks or bank lobbies | AF49: 0.15 | AM49: Banks or bank lobbies | AN49: 5 | AO49: =SUM(AN49/1000)*15*'2025 CA Single Zone Calculator'!D2 -> 105 | AT49: Banks or bank lobbies | AU49: 5 | AV49: =SUM(AU49/1000)*15*'2025 CA Single Zone Calculator'!K2 -> 0
A50: (RETAIL STORES, SALES FLOOR AND SHOWROOM FLOORS:) | F50: Computer (not printing) | G50: 0.15 | K50: Computer (not printing) | L50: 0.15 | S50: (FOOD AND BEVERAGE SERVICE:) | Z50: Computer (not printing) | AA50: 0.15 | AB50: =SUM(AA50*'2025 CA Single Zone Calculator'!D2) -> 210 | AE50: Computer (not printing) | AF50: 0.15 | AM50: Computer (not printing) | AN50: 5 | AO50: =SUM(AN50/1000)*15*'2025 CA Single Zone Calculator'!D2 -> 105 | AT50: Computer (not printing) | AU50: 5 | AV50: =SUM(AU50/1000)*15*'2025 CA Single Zone Calculator'!K2 -> 0
A51: SALES | B51: 7.5 | C51: 0.12 | D51: 15 | F51: Freezer and refrigerated spaces (<50F) | G51: - | K51: Freezer and refrigerated spaces (<50F) | L51: - | S51: Bars, cocktail lounges | T51: 100 | U51: 7.5 | V51: 0.18 | Z51: Freezer and refrigerated spaces (<50F) | AA51: 0 | AB51: =SUM(AA51*'2025 CA Single Zone Calculator'!D2) -> 0 | AE51: Freezer and refrigerated spaces (<50F) | AF51: 0 | AM51: Freezer and refrigerated spaces (<50F) | AN51: 0 | AO51: =SUM(AN51/1000)*15*'2025 CA Single Zone Calculator'!D2 -> 0 | AT51: Freezer and refrigerated spaces (<50F) | AU51: 0 | AV51: =SUM(AU51/1000)*15*'2025 CA Single Zone Calculator'!K2 -> 0
A52: STORAGE ROOMS | B52: 0 | C52: 0.12 | D52: 0 | F52: General manufacturing (excludes heavy industrial and process using chemicals) | G52: 0.15 | K52: General manufacturing (excludes heavy industrial and process using chemicals) | L52: 0.15 | S52: Break rooms | T52: 25 | U52: 5 | V52: 0.06 | Z52: General manufacturing (excludes heavy industrial and process using chemicals) | AA52: 0.15 | AB52: =SUM(AA52*'2025 CA Single Zone Calculator'!D2) -> 210 | AE52: General manufacturing (excludes heavy industrial and process using chemicals) | AF52: 0.15 | AM52: General manufacturing (excludes heavy industrial and process using chemicals) | AN52: 5 | AO52: =SUM(AN52/1000)*15*'2025 CA Single Zone Calculator'!D2 -> 105 | AT52: General manufacturing (excludes heavy industrial and process using chemicals) | AU52: 5 | AV52: =SUM(AU52/1000)*15*'2025 CA Single Zone Calculator'!K2 -> 0
A53: WAREHOUSES | B53: 10 | C53: 0.06 | D53: 0 | F53: Pharmacy (prep. Area) | G53: 0.15 | K53: Pharmacy (prep. Area) | L53: 0.15 | S53: Cafereria, fast food | T53: 100 | U53: 7.5 | V53: 0.18 | Z53: Pharmacy (prep. Area) | AA53: 0.15 | AB53: =SUM(AA53*'2025 CA Single Zone Calculator'!D2) -> 210 | AE53: Pharmacy (prep. Area) | AF53: 0.15 | AM53: Pharmacy (prep. Area) | AN53: 5 | AO53: =SUM(AN53/1000)*15*'2025 CA Single Zone Calculator'!D2 -> 105 | AT53: Pharmacy (prep. Area) | AU53: 5 | AV53: =SUM(AU53/1000)*15*'2025 CA Single Zone Calculator'!K2 -> 0
A54: MALL COMMON AREAS | B54: 7.5 | C54: 0.06 | D54: 40 | F54: Photo studios | G54: 0.15 | K54: Photo studios | L54: 0.15 | S54: Coffee stations | T54: 20 | U54: 5 | V54: 0.06 | Z54: Photo studios | AA54: 0.15 | AB54: =SUM(AA54*'2025 CA Single Zone Calculator'!D2) -> 210 | AE54: Photo studios | AF54: 0.15 | AM54: Photo studios | AN54: 5 | AO54: =SUM(AN54/1000)*15*'2025 CA Single Zone Calculator'!D2 -> 105 | AT54: Photo studios | AU54: 5 | AV54: =SUM(AU54/1000)*15*'2025 CA Single Zone Calculator'!K2 -> 0
A55: SHIPPING AND RECEIVING | B55: 10 | C55: 0.12 | D55: 2 | F55: Shipping/receiving | G55: 0.15 | K55: Shipping/receiving | L55: 0.15 | S55: Corridors | T55: 0 | U55: 0 | V55: 0.06 | Z55: Shipping/receiving | AA55: 0.15 | AB55: =SUM(AA55*'2025 CA Single Zone Calculator'!D2) -> 210 | AE55: Shipping/receiving | AF55: 0.15 | AM55: Shipping/receiving | AN55: 2 | AO55: =SUM(AN55/1000)*15*'2025 CA Single Zone Calculator'!D2 -> 42 | AT55: Shipping/receiving | AU55: 2 | AV55: =SUM(AU55/1000)*15*'2025 CA Single Zone Calculator'!K2 -> 0
F56: Sorting, packing, light assembly | G56: 0.15 | K56: Sorting, packing, light assembly | L56: 0.15 | S56: Dining rooms | T56: 70 | U56: 7.5 | V56: 0.18 | Z56: Sorting, packing, light assembly | AA56: 0.15 | AB56: =SUM(AA56*'2025 CA Single Zone Calculator'!D2) -> 210 | AE56: Sorting, packing, light assembly | AF56: 0.15 | AM56: Sorting, packing, light assembly | AN56: 2 | AO56: =SUM(AN56/1000)*15*'2025 CA Single Zone Calculator'!D2 -> 42 | AT56: Sorting, packing, light assembly | AU56: 2 | AV56: =SUM(AU56/1000)*15*'2025 CA Single Zone Calculator'!K2 -> 0
A57: (FOOD AND BEVERAGE SERVICE:) | F57: Telephone closets | G57: 0.15 | K57: Telephone closets | L57: 0.15 | S57: Kitchen (cooking) | T57: 20 | U57: 7.5 | V57: 0.12 | Z57: Telephone closets | AA57: 0.15 | AB57: =SUM(AA57*'2025 CA Single Zone Calculator'!D2) -> 210 | AE57: Telephone closets | AF57: 0.15 | AM57: Telephone closets | AN57: 5 | AO57: =SUM(AN57/1000)*15*'2025 CA Single Zone Calculator'!D2 -> 105 | AT57: Telephone closets | AU57: 5 | AV57: =SUM(AU57/1000)*15*'2025 CA Single Zone Calculator'!K2 -> 0
A58: DINING ROOM | B58: 7.5 | C58: 0.18 | D58: 70 | F58: Transportation waiting | G58: =IF(OR('2022 CA Single Zone Calculator'!H6="economizer",'2022 CA Single Zone Calculator'!H7="economizer",'2022 CA Single Zone Calculator'!H8="economizer"),0.15,0.5) -> 0.15 | I58: =IF(G58=0.15,"Title 24: CO2 Sensor required","") -> Title 24: CO2 Sensor required | K58: Transportation waiting | L58: =IF(OR('2022 CA Multi-Zone Calculator'!H6="economizer",'2022 CA Multi-Zone Calculator'!H7="economizer",'2022 CA Multi-Zone Calculator'!H8="economizer"),0.15,0.5) -> 0.15 | N58: =IF(L58=0.15,"Title 24: CO2 Sensor required","") -> Title 24: CO2 Sensor required | S58: Occupiable storage rooms for liquids or gels | T58: 2 | U58: 5 | V58: 0.12 | Z58: Transportation waiting | AA58: 0.15 | AB58: =SUM(AA58*'2025 CA Single Zone Calculator'!D2) -> 210 | AC58: =IF(OR('2025 CA Single Zone Calculator'!H9="economizer",'2025 CA Single Zone Calculator'!H10="economizer",'2025 CA Single Zone Calculator'!H11="economizer"),"Title 24: CO2 Sensor required","") -> Title 24: CO2 Sensor required | AE58: Transportation waiting | AF58: 0.15 | AH58: =IF(AF58=0.15,"Title 24: CO2 Sensor required","") -> Title 24: CO2 Sensor required | AM58: Transportation waiting | AN58: 33 | AO58: =SUM(AN58/1000)*15*'2025 CA Single Zone Calculator'!D2 -> 693 | AP58: Title 24: CO2 Sensor required | AT58: Transportation waiting | AU58: 33 | AV58: =SUM(AU58/1000)*15*'2025 CA Single Zone Calculator'!K2 -> 0 | AW58: Title 24: CO2 Sensor required
A59: CAFETERIA | B59: 7.5 | C59: 0.18 | D59: 100 | F59: Warehouses | G59: 0.15 | K59: Warehouses | L59: 0.15 | Z59: Warehouses | AA59: 0.15 | AB59: =SUM(AA59*'2025 CA Single Zone Calculator'!D2) -> 210 | AE59: Warehouses | AF59: 0.15 | AM59: Warehouses | AN59: 1 | AO59: =SUM(AN59/1000)*15*'2025 CA Single Zone Calculator'!D2 -> 21 | AT59: Warehouses | AU59: 1 | AV59: =SUM(AU59/1000)*15*'2025 CA Single Zone Calculator'!K2 -> 0
A60: KITCHENS (COOKING) | B60: 7.5 | C60: 0.12 | D60: 20 | F60: All others | G60: 0.15 | K60: All others | L60: 0.15 | S60: Hotels, motes, resorts, and dormitories | Z60: All others | AA60: 0.15 | AB60: =SUM(AA60*'2025 CA Single Zone Calculator'!D2) -> 210 | AE60: All others | AF60: 0.15 | AM60: All others | AN60: 5 | AO60: =SUM(AN60/1000)*15*'2025 CA Single Zone Calculator'!D2 -> 105 | AT60: All others | AU60: 5 | AV60: =SUM(AU60/1000)*15*'2025 CA Single Zone Calculator'!K2 -> 0
A61: BARS, COCKTAIL LOUNGES | B61: 7.5 | C61: 0.18 | D61: 100 | S61: Bedroom/living room | T61: 10 | U61: 5 | V61: 0.06
F62: (Public Assembly Spaces:) | K62: (Public Assembly Spaces:) | S62: Conference/meeting | T62: 50 | U62: 5 | V62: 0.06 | Z62: (Public Assembly Spaces:) | AE62: (Public Assembly Spaces:) | AM62: (Public Assembly Spaces:) | AT62: (Public Assembly Spaces:)
A63: (DRY CLEANERS, LAUNDRIES:) | F63: Auditorium seating area | G63: =IF(OR('2022 CA Single Zone Calculator'!H6="economizer",'2022 CA Single Zone Calculator'!H7="economizer",'2022 CA Single Zone Calculator'!H8="economizer"),0.15,1.07) -> 0.15 | I63: =IF(G63=0.15,"Title 24: CO2 Sensor required","") -> Title 24: CO2 Sensor required | K63: Auditorium seating area | L63: =IF(OR('2022 CA Multi-Zone Calculator'!H6="economizer",'2022 CA Multi-Zone Calculator'!H7="economizer",'2022 CA Multi-Zone Calculator'!H8="economizer"),0.15,1.07) -> 0.15 | N63: =IF(L63=0.15,"Title 24: CO2 Sensor required","") -> Title 24: CO2 Sensor required | S63: Dormitory sleeping areas | T63: 20 | U63: 5 | V63: 0.06 | Z63: Auditorium seating area | AA63: 0.15 | AB63: =SUM(AA63*'2025 CA Single Zone Calculator'!D25) -> 0 | AC63: =IF(OR('2025 CA Single Zone Calculator'!H9="economizer",'2025 CA Single Zone Calculator'!H10="economizer",'2025 CA Single Zone Calculator'!H11="economizer"),"Title 24: CO2 Sensor required","") -> Title 24: CO2 Sensor required | AE63: Auditorium seating area | AF63: 0.15 | AH63: =IF(AF63=0.15,"Title 24: CO2 Sensor required","") -> Title 24: CO2 Sensor required | AM63: Auditorium seating area | AN63: 71 | AO63: =SUM(AN63/1000)*15*'2025 CA Single Zone Calculator'!D2 -> 1491 | AP63: Title 24: CO2 Sensor required | AT63: Auditorium seating area | AU63: 71 | AV63: =SUM(AU63/1000)*15*'2025 CA Single Zone Calculator'!K2 -> 0 | AW63: Title 24: CO2 Sensor required
A64: COIN-OPERATED DRY CLEANER | B64: 15 | C64: 0 | D64: 20 | F64: Places of religious worship | G64: =IF(OR('2022 CA Single Zone Calculator'!H6="economizer",'2022 CA Single Zone Calculator'!H7="economizer",'2022 CA Single Zone Calculator'!H8="economizer"),0.15,1.07) -> 0.15 | I64: =IF(G64=0.15,"Title 24: CO2 Sensor required","") -> Title 24: CO2 Sensor required | K64: Places of religious worship | L64: =IF(OR('2022 CA Multi-Zone Calculator'!H6="economizer",'2022 CA Multi-Zone Calculator'!H7="economizer",'2022 CA Multi-Zone Calculator'!H8="economizer"),0.15,1.07) -> 0.15 | N64: =IF(L64=0.15,"Title 24: CO2 Sensor required","") -> Title 24: CO2 Sensor required | S64: Gambling casinos | T64: 120 | U64: 7.5 | V64: 0.18 | Z64: Places of religious worship | AA64: 0.15 | AB64: =SUM(AA64*'2025 CA Single Zone Calculator'!D2) -> 210 | AC64: =IF(OR('2025 CA Single Zone Calculator'!H9="economizer",'2025 CA Single Zone Calculator'!H10="economizer",'2025 CA Single Zone Calculator'!H11="economizer"),"Title 24: CO2 Sensor required","") -> Title 24: CO2 Sensor required | AE64: Places of religious worship | AF64: 0.15 | AH64: =IF(AF64=0.15,"Title 24: CO2 Sensor required","") -> Title 24: CO2 Sensor required | AM64: Places of religious worship | AN64: 71 | AO64: =SUM(AN64/1000)*15*'2025 CA Single Zone Calculator'!D2 -> 1491 | AP64: Title 24: CO2 Sensor required | AT64: Places of religious worship | AU64: 71 | AV64: =SUM(AU64/1000)*15*'2025 CA Single Zone Calculator'!K2 -> 0 | AW64: Title 24: CO2 Sensor required
A65: COIN-OPERATED DRY LAUNDRIES | B65: 7.5 | C65: 0.12 | D65: 20 | F65: Courtrooms | G65: =IF(OR('2022 CA Single Zone Calculator'!H6="economizer",'2022 CA Single Zone Calculator'!H7="economizer",'2022 CA Single Zone Calculator'!H8="economizer"),0.15,0.19) -> 0.15 | I65: =IF(G65=0.15,"Title 24: CO2 Sensor required","") -> Title 24: CO2 Sensor required | K65: Courtrooms | L65: =IF(OR('2022 CA Multi-Zone Calculator'!H6="economizer",'2022 CA Multi-Zone Calculator'!H7="economizer",'2022 CA Multi-Zone Calculator'!H8="economizer"),0.15,0.19) -> 0.15 | N65: =IF(L65=0.15,"Title 24: CO2 Sensor required","") -> Title 24: CO2 Sensor required | S65: Laundry rooms, central | T65: 10 | U65: 5 | V65: 0.12 | Z65: Courtrooms | AA65: 0.15 | AB65: =SUM(AA65*'2025 CA Single Zone Calculator'!D2) -> 210 | AC65: =IF(OR('2025 CA Single Zone Calculator'!H9="economizer",'2025 CA Single Zone Calculator'!H10="economizer",'2025 CA Single Zone Calculator'!H11="economizer"),"Title 24: CO2 Sensor required","") -> Title 24: CO2 Sensor required | AE65: Courtrooms | AF65: 0.15 | AH65: =IF(AF65=0.15,"Title 24: CO2 Sensor required","") -> Title 24: CO2 Sensor required | AM65: Courtrooms | AN65: 13 | AO65: =SUM(AN65/1000)*15*'2025 CA Single Zone Calculator'!D2 -> 273 | AP65: Title 24: CO2 Sensor required | AT65: Courtrooms | AU65: 13 | AV65: =SUM(AU65/1000)*15*'2025 CA Single Zone Calculator'!K2 -> 0 | AW65: Title 24: CO2 Sensor required
A66: COMMERICAL DRY CLEANER | B66: 30 | C66: 0 | D66: 30 | F66: Legislative chambers | G66: =IF(OR('2022 CA Single Zone Calculator'!H6="economizer",'2022 CA Single Zone Calculator'!H7="economizer",'2022 CA Single Zone Calculator'!H8="economizer"),0.15,0.19) -> 0.15 | I66: =IF(G66=0.15,"Title 24: CO2 Sensor required","") -> Title 24: CO2 Sensor required | K66: Legislative chambers | L66: =IF(OR('2022 CA Multi-Zone Calculator'!H6="economizer",'2022 CA Multi-Zone Calculator'!H7="economizer",'2022 CA Multi-Zone Calculator'!H8="economizer"),0.15,0.19) -> 0.15 | N66: =IF(L66=0.15,"Title 24: CO2 Sensor required","") -> Title 24: CO2 Sensor required | S66: Laundry rooms within dwelling | T66: 10 | U66: 5 | V66: 0.12 | Z66: Legislative chambers | AA66: 0.15 | AB66: =SUM(AA66*'2025 CA Single Zone Calculator'!D2) -> 210 | AC66: =IF(OR('2025 CA Single Zone Calculator'!H9="economizer",'2025 CA Single Zone Calculator'!H10="economizer",'2025 CA Single Zone Calculator'!H11="economizer"),"Title 24: CO2 Sensor required","") -> Title 24: CO2 Sensor required | AE66: Legislative chambers | AF66: 0.15 | AH66: =IF(AF66=0.15,"Title 24: CO2 Sensor required","") -> Title 24: CO2 Sensor required | AM66: Legislative chambers | AN66: 13 | AO66: =SUM(AN66/1000)*15*'2025 CA Single Zone Calculator'!D2 -> 273 | AP66: Title 24: CO2 Sensor required | AT66: Legislative chambers | AU66: 13 | AV66: =SUM(AU66/1000)*15*'2025 CA Single Zone Calculator'!K2 -> 0 | AW66: Title 24: CO2 Sensor required
A67: COMMERICAL LAUNDRY | B67: 5 | C67: 0.12 | D67: 10 | F67: Libraries (reading rooms and stack areas) | G67: 0.15 | K67: Libraries (reading rooms and stack areas) | L67: 0.15 | S67: Lobbies/prefunction | T67: 30 | U67: 7.5 | V67: 0.06 | Z67: Libraries (reading rooms and stack areas) | AA67: 0.15 | AB67: =SUM(AA67*'2025 CA Single Zone Calculator'!D2) -> 210 | AE67: Libraries (reading rooms and stack areas) | AF67: 0.15 | AM67: Libraries (reading rooms and stack areas) | AN67: 10 | AO67: =SUM(AN67/1000)*15*'2025 CA Single Zone Calculator'!D2 -> 210 | AT67: Libraries (reading rooms and stack areas) | AU67: 10 | AV67: =SUM(AU67/1000)*15*'2025 CA Single Zone Calculator'!K2 -> 0
A68: STORAGE, PICKUP | B68: 7.5 | C68: 0.12 | D68: 30 | F68: Lobbies | G68: =IF(OR('2022 CA Single Zone Calculator'!H6="economizer",'2022 CA Single Zone Calculator'!H7="economizer",'2022 CA Single Zone Calculator'!H8="economizer"),0.15,0.5) -> 0.15 | I68: =IF(G68=0.15,"Title 24: CO2 Sensor required","") -> Title 24: CO2 Sensor required | K68: Lobbies | L68: =IF(OR('2022 CA Multi-Zone Calculator'!H6="economizer",'2022 CA Multi-Zone Calculator'!H7="economizer",'2022 CA Multi-Zone Calculator'!H8="economizer"),0.15,0.5) -> 0.15 | N68: =IF(L68=0.15,"Title 24: CO2 Sensor required","") -> Title 24: CO2 Sensor required | S68: Multipurpose assembly | T68: 120 | U68: 5 | V68: 0.06 | Z68: Lobbies | AA68: 0.15 | AB68: =SUM(AA68*'2025 CA Single Zone Calculator'!D2) -> 210 | AC68: =IF(OR('2025 CA Single Zone Calculator'!H9="economizer",'2025 CA Single Zone Calculator'!H10="economizer",'2025 CA Single Zone Calculator'!H11="economizer"),"Title 24: CO2 Sensor required","") -> Title 24: CO2 Sensor required | AE68: Lobbies | AF68: 0.15 | AH68: =IF(AF68=0.15,"Title 24: CO2 Sensor required","") -> Title 24: CO2 Sensor required | AM68: Lobbies | AN68: 33 | AO68: =SUM(AN68/1000)*15*'2025 CA Single Zone Calculator'!D2 -> 693 | AP68: Title 24: CO2 Sensor required | AT68: Lobbies | AU68: 33 | AV68: =SUM(AU68/1000)*15*'2025 CA Single Zone Calculator'!K2 -> 0 | AW68: Title 24: CO2 Sensor required
F69: Museums (children's) | G69: =IF(OR('2022 CA Single Zone Calculator'!H6="economizer",'2022 CA Single Zone Calculator'!H7="economizer",'2022 CA Single Zone Calculator'!H8="economizer"),0.15,0.25) -> 0.15 | I69: =IF(G69=0.15,"Title 24: CO2 Sensor required","") -> Title 24: CO2 Sensor required | K69: Museums (children's) | L69: =IF(OR('2022 CA Multi-Zone Calculator'!H6="economizer",'2022 CA Multi-Zone Calculator'!H7="economizer",'2022 CA Multi-Zone Calculator'!H8="economizer"),0.15,0.25) -> 0.15 | N69: =IF(L69=0.15,"Title 24: CO2 Sensor required","") -> Title 24: CO2 Sensor required | Z69: Museums (children's) | AA69: 0.15 | AB69: =SUM(AA69*'2025 CA Single Zone Calculator'!D2) -> 210 | AC69: =IF(OR('2025 CA Single Zone Calculator'!H9="economizer",'2025 CA Single Zone Calculator'!H10="economizer",'2025 CA Single Zone Calculator'!H11="economizer"),"Title 24: CO2 Sensor required","") -> Title 24: CO2 Sensor required | AE69: Museums (children's) | AF69: 0.15 | AH69: =IF(AF69=0.15,"Title 24: CO2 Sensor required","") -> Title 24: CO2 Sensor required | AM69: Museums (children's) | AN69: 17 | AO69: =SUM(AN69/1000)*15*'2025 CA Single Zone Calculator'!D2 -> 357 | AP69: Title 24: CO2 Sensor required | AT69: Museums (children's) | AU69: 17 | AV69: =SUM(AU69/1000)*15*'2025 CA Single Zone Calculator'!K2 -> 0 | AW69: Title 24: CO2 Sensor required
A70: (SPORTS AND AMUSEMENT:) | F70: Museums/galleries | G70: =IF(OR('2022 CA Single Zone Calculator'!H6="economizer",'2022 CA Single Zone Calculator'!H7="economizer",'2022 CA Single Zone Calculator'!H8="economizer"),0.15,0.25) -> 0.15 | I70: =IF(G70=0.15,"Title 24: CO2 Sensor required","") -> Title 24: CO2 Sensor required | K70: Museums/galleries | L70: =IF(OR('2022 CA Multi-Zone Calculator'!H6="economizer",'2022 CA Multi-Zone Calculator'!H7="economizer",'2022 CA Multi-Zone Calculator'!H8="economizer"),0.15,0.25) -> 0.15 | N70: =IF(L70=0.15,"Title 24: CO2 Sensor required","") -> Title 24: CO2 Sensor required | S70: Offices | Z70: Museums/galleries | AA70: 0.15 | AB70: =SUM(AA70*'2025 CA Single Zone Calculator'!D2) -> 210 | AC70: =IF(OR('2025 CA Single Zone Calculator'!H9="economizer",'2025 CA Single Zone Calculator'!H10="economizer",'2025 CA Single Zone Calculator'!H11="economizer"),"Title 24: CO2 Sensor required","") -> Title 24: CO2 Sensor required | AE70: Museums/galleries | AF70: 0.15 | AH70: =IF(AF70=0.15,"Title 24: CO2 Sensor required","") -> Title 24: CO2 Sensor required | AM70: Museums/galleries | AN70: 17 | AO70: =SUM(AN70/1000)*15*'2025 CA Single Zone Calculator'!D2 -> 357 | AP70: Title 24: CO2 Sensor required | AT70: Museums/galleries | AU70: 17 | AV70: =SUM(AU70/1000)*15*'2025 CA Single Zone Calculator'!K2 -> 0 | AW70: Title 24: CO2 Sensor required
A71: GYM, STADUIM, ARENA (PLAY AREA) | B71: 7 | C71: 0.18 | D71: 7 | S71: Break rooms | T71: 50 | U71: 5 | V71: 0.12
A72: HEALTH CLUB / AEROBICS ROOM | B72: 20 | C72: 0.06 | D72: 40 | F72: (Residential:) | K72: (Residential:) | S72: Conference rooms | T72: 50 | U72: 5 | V72: 0.06 | Z72: (Residential:) | AE72: (Residential:) | AM72: (Residential:) | AT72: (Residential:)
A73: HEALTH CLUB / WEIGHT ROOM | B73: 20 | C73: 0.06 | D73: 10 | F73: Common corridors | G73: 0 | K73: Common corridors | L73: 0 | S73: Main enrty lobbies | T73: 10 | U73: 5 | V73: 0.06 | Z73: Common corridors | AA73: 0.15 | AB73: =SUM(AA73*'2025 CA Single Zone Calculator'!D2) -> 210 | AE73: Common corridors | AF73: 0.15 | AM73: Common corridors | AN73: 5 | AO73: =SUM(AN73/1000)*15*'2025 CA Single Zone Calculator'!D2 -> 105 | AT73: Common corridors | AU73: 5 | AV73: =SUM(AU73/1000)*15*'2025 CA Single Zone Calculator'!K2 -> 0
A74: GAME ARCADES | B74: 7.5 | C74: 0.18 | D74: 20 | S74: Occupiable storage rooms for dry material | T74: 2 | U74: 5 | V74: 0.06
A75: DISCO / DANCE FLOORS | B75: 20 | C75: 0.06 | D75: 100 | F75: (Retail:) | K75: (Retail:) | S75: Office spaces | T75: 5 | U75: 5 | V75: 0.06 | Z75: (Retail:) | AE75: (Retail:) | AM75: (Retail:) | AT75: (Retail:)
A76: BOWLING ALLEYS | B76: 10 | C76: 0.12 | D76: 40 | F76: Sales (except as below) | G76: =IF(OR('2022 CA Single Zone Calculator'!H6="economizer",'2022 CA Single Zone Calculator'!H7="economizer",'2022 CA Single Zone Calculator'!H8="economizer"),0.2,0.25) -> 0.2 | I76: =IF(G76=0.2,"Title 24: CO2 Sensor required","") -> Title 24: CO2 Sensor required | K76: Sales (except as below) | L76: =IF(OR('2022 CA Multi-Zone Calculator'!H6="economizer",'2022 CA Multi-Zone Calculator'!H7="economizer",'2022 CA Multi-Zone Calculator'!H8="economizer"),0.2,0.25) -> 0.2 | N76: =IF(L76=0.2,"Title 24: CO2 Sensor required","") -> Title 24: CO2 Sensor required | S76: Reception areas | T76: 30 | U76: 5 | V76: 0.06 | Z76: Sales (except as below) | AA76: 0.25 | AB76: =SUM(AA76*'2025 CA Single Zone Calculator'!D2) -> 350 | AC76: =IF(AA76=0.2,"Title 24: CO2 Sensor required","") | AE76: Sales (except as below) | AF76: 0.25 | AH76: =IF(AF76=0.2,"Title 24: CO2 Sensor required","") | AM76: Sales (except as below) | AN76: 17 | AO76: =SUM(AN76/1000)*15*'2025 CA Single Zone Calculator'!D2 -> 357 | AP76: =IF(AN76=0.2,"Title 24: CO2 Sensor required","") | AT76: Sales (except as below) | AU76: 17 | AV76: =SUM(AU76/1000)*15*'2025 CA Single Zone Calculator'!K2 -> 0 | AW76: =IF(AU76=0.2,"Title 24: CO2 Sensor required","")
A77: SPECTATOR AREAS | B77: 7.5 | C77: 0.06 | D77: 150 | F77: Mall common areas | G77: =IF(OR('2022 CA Single Zone Calculator'!H6="economizer",'2022 CA Single Zone Calculator'!H7="economizer",'2022 CA Single Zone Calculator'!H8="economizer"),0.15,0.25) -> 0.15 | I77: =IF(G77=0.15,"Title 24: CO2 Sensor required","") -> Title 24: CO2 Sensor required | K77: Mall common areas | L77: =IF(OR('2022 CA Multi-Zone Calculator'!H6="economizer",'2022 CA Multi-Zone Calculator'!H7="economizer",'2022 CA Multi-Zone Calculator'!H8="economizer"),0.15,0.25) -> 0.15 | N77: =IF(L77=0.15,"Title 24: CO2 Sensor required","") -> Title 24: CO2 Sensor required | S77: Telephone/data entry | T77: 60 | U77: 5 | V77: 0.06 | Z77: Mall common areas | AA77: 0.15 | AB77: =SUM(AA77*'2025 CA Single Zone Calculator'!D2) -> 210 | AC77: =IF(OR('2025 CA Single Zone Calculator'!H9="economizer",'2025 CA Single Zone Calculator'!H10="economizer",'2025 CA Single Zone Calculator'!H11="economizer"),"Title 24: CO2 Sensor required","") -> Title 24: CO2 Sensor required | AE77: Mall common areas | AF77: 0.15 | AH77: =IF(AF77=0.15,"Title 24: CO2 Sensor required","") -> Title 24: CO2 Sensor required | AM77: Mall common areas | AN77: 17 | AO77: =SUM(AN77/1000)*15*'2025 CA Single Zone Calculator'!D2 -> 357 | AP77: Title 24: CO2 Sensor required | AT77: Mall common areas | AU77: 17 | AV77: =SUM(AU77/1000)*15*'2025 CA Single Zone Calculator'!K2 -> 0 | AW77: Title 24: CO2 Sensor required
F78: Barbershop | G78: 0.4 | K78: Barbershop | L78: 0.4 | Z78: Barbershop | AA78: 0.4 | AB78: =SUM(AA78*'2025 CA Single Zone Calculator'!D2) -> 560 | AE78: Barbershop | AF78: 0.4 | AM78: Barbershop | AN78: 17 | AO78: =SUM(AN78/1000)*15*'2025 CA Single Zone Calculator'!D2 -> 357 | AT78: Barbershop | AU78: 17 | AV78: =SUM(AU78/1000)*15*'2025 CA Single Zone Calculator'!K2 -> 0
A79: (STORAGE:) | F79: Beauty and nail salons | G79: 0.4 | K79: Beauty and nail salons | L79: 0.4 | S79: Outpatient healthcare facilities | Z79: Beauty and nail salons | AA79: 0.4 | AB79: =SUM(AA79*'2025 CA Single Zone Calculator'!D2) -> 560 | AE79: Beauty and nail salons | AF79: 0.4 | AM79: Beauty and nail salons | AN79: 17 | AO79: =SUM(AN79/1000)*15*'2025 CA Single Zone Calculator'!D2 -> 357 | AT79: Beauty and nail salons | AU79: 17 | AV79: =SUM(AU79/1000)*15*'2025 CA Single Zone Calculator'!K2 -> 0
A80: REFRIGERATED WAREHOUSES / FREEZERS | B80: 10 | C80: 0 | D80: 0 | F80: Pet shops (animal areas) | G80: =IF(OR('2022 CA Single Zone Calculator'!H6="economizer",'2022 CA Single Zone Calculator'!H7="economizer",'2022 CA Single Zone Calculator'!H8="economizer"),0.15,0.25) -> 0.15 | I80: =IF(G80=0.15,"Title 24: CO2 Sensor required","") -> Title 24: CO2 Sensor required | K80: Pet shops (animal areas) | L80: =IF(OR('2022 CA Multi-Zone Calculator'!H6="economizer",'2022 CA Multi-Zone Calculator'!H7="economizer",'2022 CA Multi-Zone Calculator'!H8="economizer"),0.15,0.25) -> 0.15 | N80: =IF(L80=0.15,"Title 24: CO2 Sensor required","") -> Title 24: CO2 Sensor required | S80: Birthing room | T80: 15 | U80: 10 | V80: 0.18 | Z80: Pet shops (animal areas) | AA80: 0.2 | AB80: =SUM(AA80*'2025 CA Single Zone Calculator'!D2) -> 280 | AC80: =IF(AA80=0.15,"Title 24: CO2 Sensor required","") | AE80: Pet shops (animal areas) | AF80: 0.2 | AH80: =IF(AF80=0.15,"Title 24: CO2 Sensor required","") | AM80: Pet shops (animal areas) | AN80: 17 | AO80: =SUM(AN80/1000)*15*'2025 CA Single Zone Calculator'!D2 -> 357 | AP80: =IF(AN80=0.15,"Title 24: CO2 Sensor required","") | AT80: Pet shops (animal areas) | AU80: 17 | AV80: =SUM(AU80/1000)*15*'2025 CA Single Zone Calculator'!K2 -> 0 | AW80: =IF(AU80=0.15,"Title 24: CO2 Sensor required","")
A81: WAREHOUSES | B81: 10 | C81: 0.06 | D81: 0 | F81: Supermarket | G81: =IF(OR('2022 CA Single Zone Calculator'!H6="economizer",'2022 CA Single Zone Calculator'!H7="economizer",'2022 CA Single Zone Calculator'!H8="economizer"),0.2,0.25) -> 0.2 | I81: =IF(G81=0.2,"Title 24: CO2 Sensor required","") -> Title 24: CO2 Sensor required | K81: Supermarket | L81: =IF(OR('2022 CA Multi-Zone Calculator'!H6="economizer",'2022 CA Multi-Zone Calculator'!H7="economizer",'2022 CA Multi-Zone Calculator'!H8="economizer"),0.2,0.25) -> 0.2 | N81: =IF(L81=0.2,"Title 24: CO2 Sensor required","") -> Title 24: CO2 Sensor required | S81: Class 1 imaging room | T81: 5 | U81: 5 | V81: 0.12 | Z81: Supermarket | AA81: 0.25 | AB81: =SUM(AA81*'2025 CA Single Zone Calculator'!D2) -> 350 | AC81: =IF(AA81=0.2,"Title 24: CO2 Sensor required","") | AE81: Supermarket | AF81: 0.25 | AH81: =IF(AF81=0.2,"Title 24: CO2 Sensor required","") | AM81: Supermarket | AN81: 17 | AO81: =SUM(AN81/1000)*15*'2025 CA Single Zone Calculator'!D2 -> 357 | AP81: =IF(AN81=0.2,"Title 24: CO2 Sensor required","") | AT81: Supermarket | AU81: 17 | AV81: =SUM(AU81/1000)*15*'2025 CA Single Zone Calculator'!K2 -> 0 | AW81: =IF(AU81=0.2,"Title 24: CO2 Sensor required","")
F82: Coin-operated laundries | G82: 0.3 | K82: Coin-operated laundries | L82: 0.3 | S82: Dental operatory | T82: 20 | U82: 10 | V82: 0.18 | Z82: Coin-operated laundries | AA82: 0.3 | AB82: =SUM(AA82*'2025 CA Single Zone Calculator'!D2) -> 420 | AE82: Coin-operated laundries | AF82: 0.3 | AM82: Coin-operated laundries | AN82: 17 | AO82: =SUM(AN82/1000)*15*'2025 CA Single Zone Calculator'!D2 -> 357 | AT82: Coin-operated laundries | AU82: 17 | AV82: =SUM(AU82/1000)*15*'2025 CA Single Zone Calculator'!K2 -> 0
A83: (THEATERS:) | S83: General exam room | T83: 20 | U83: 7.5 | V83: 0.12
A84: LOBBIES | B84: 5 | C84: 0.06 | D84: 150 | F84: (Sports and Entertainment:) | K84: (Sports and Entertainment:) | S84: Other dental treatment areas | T84: 5 | U84: 5 | V84: 0.06 | Z84: (Sports and Entertainment:) | AE84: (Sports and Entertainment:) | AM84: (Sports and Entertainment:) | AT84: (Sports and Entertainment:)
A85: STAGES, STUDIOS | B85: 10 | C85: 0.06 | D85: 70 | F85: Gym, sports arena (play area) | G85: =IF(OR('2022 CA Single Zone Calculator'!H6="economizer",'2022 CA Single Zone Calculator'!H7="economizer",'2022 CA Single Zone Calculator'!H8="economizer"),0.15,0.5) -> 0.15 | I85: =IF(G85=0.15,"Title 24: CO2 Sensor required","") -> Title 24: CO2 Sensor required | K85: Gym, sports arena (play area) | L85: =IF(OR('2022 CA Multi-Zone Calculator'!H6="economizer",'2022 CA Multi-Zone Calculator'!H7="economizer",'2022 CA Multi-Zone Calculator'!H8="economizer"),0.15,0.5) -> 0.15 | N85: =IF(L85=0.15,"Title 24: CO2 Sensor required","") -> Title 24: CO2 Sensor required | S85: Physical therapy exercise areas | T85: 7 | U85: 20 | V85: 0.18 | Z85: Gym, sports arena (play area) | AA85: 0.15 | AB85: =SUM(AA85*'2025 CA Single Zone Calculator'!D6) -> 345 | AC85: =IF(OR('2025 CA Single Zone Calculator'!H9="economizer",'2025 CA Single Zone Calculator'!H10="economizer",'2025 CA Single Zone Calculator'!H11="economizer"),"Title 24: CO2 Sensor required","") -> Title 24: CO2 Sensor required | AE85: Gym, sports arena (play area) | AF85: 0.15 | AH85: =IF(AF85=0.15,"Title 24: CO2 Sensor required","") -> Title 24: CO2 Sensor required | AM85: Gym, sports arena (play area) | AN85: 10 | AO85: =SUM(AN85/1000)*15*'2025 CA Single Zone Calculator'!D2 -> 210 | AP85: Title 24: CO2 Sensor required | AT85: Gym, sports arena (play area) | AU85: 10 | AV85: =SUM(AU85/1000)*15*'2025 CA Single Zone Calculator'!K2 -> 0 | AW85: Title 24: CO2 Sensor required
A86: TICKET BOOTHS | B86: 5 | C86: 0.06 | D86: 60 | F86: Spetator areas | G86: =IF(OR('2022 CA Single Zone Calculator'!H6="economizer",'2022 CA Single Zone Calculator'!H7="economizer",'2022 CA Single Zone Calculator'!H8="economizer"),0.15,0.5) -> 0.15 | I86: =IF(G86=0.15,"Title 24: CO2 Sensor required","") -> Title 24: CO2 Sensor required | K86: Spetator areas | L86: =IF(OR('2022 CA Multi-Zone Calculator'!H6="economizer",'2022 CA Multi-Zone Calculator'!H7="economizer",'2022 CA Multi-Zone Calculator'!H8="economizer"),0.15,0.5) -> 0.15 | N86: =IF(L86=0.15,"Title 24: CO2 Sensor required","") -> Title 24: CO2 Sensor required | S86: Physical therapy individual room | T86: 20 | U86: 10 | V86: 0.06 | Z86: Spetator areas | AA86: 0.15 | AB86: =SUM(AA86*'2025 CA Single Zone Calculator'!D2) -> 210 | AC86: =IF(OR('2025 CA Single Zone Calculator'!H9="economizer",'2025 CA Single Zone Calculator'!H10="economizer",'2025 CA Single Zone Calculator'!H11="economizer"),"Title 24: CO2 Sensor required","") -> Title 24: CO2 Sensor required | AE86: Spetator areas | AF86: 0.15 | AH86: =IF(AF86=0.15,"Title 24: CO2 Sensor required","") -> Title 24: CO2 Sensor required | AM86: Spetator areas | AN86: 33 | AO86: =SUM(AN86/1000)*15*'2025 CA Single Zone Calculator'!D2 -> 693 | AP86: Title 24: CO2 Sensor required | AT86: Spetator areas | AU86: 33 | AV86: =SUM(AU86/1000)*15*'2025 CA Single Zone Calculator'!K2 -> 0 | AW86: Title 24: CO2 Sensor required
F87: Swimming (pool) | G87: 0.15 | K87: Swimming (pool) | L87: 0.15 | S87: Physical therapeutic pool area | T87: 0 | U87: 0 | V87: 0.48 | Z87: Swimming (pool) | AA87: 0.15 | AB87: =SUM(AA87*'2025 CA Single Zone Calculator'!D2) -> 210 | AE87: Swimming (pool) | AF87: 0.15 | AM87: Swimming (pool) | AN87: 10 | AO87: =SUM(AN87/1000)*15*'2025 CA Single Zone Calculator'!D2 -> 210 | AT87: Swimming (pool) | AU87: 10 | AV87: =SUM(AU87/1000)*15*'2025 CA Single Zone Calculator'!K2 -> 0
A88: (SPECIALTY SHOPS:) | F88: Swimming (deck) | G88: =IF(OR('2022 CA Single Zone Calculator'!H6="economizer",'2022 CA Single Zone Calculator'!H7="economizer",'2022 CA Single Zone Calculator'!H8="economizer"),0.15,0.5) -> 0.15 | I88: =IF(G88=0.15,"Title 24: CO2 Sensor required","") -> Title 24: CO2 Sensor required | K88: Swimming (deck) | L88: =IF(OR('2022 CA Multi-Zone Calculator'!H6="economizer",'2022 CA Multi-Zone Calculator'!H7="economizer",'2022 CA Multi-Zone Calculator'!H8="economizer"),0.15,0.5) -> 0.15 | N88: =IF(L88=0.15,"Title 24: CO2 Sensor required","") -> Title 24: CO2 Sensor required | S88: Prosthestics and orthotics room | T88: 20 | U88: 10 | V88: 0.18 | Z88: Swimming (deck) | AA88: 0.15 | AB88: =SUM(AA88*'2025 CA Single Zone Calculator'!D2) -> 210 | AC88: =IF(OR('2025 CA Single Zone Calculator'!H9="economizer",'2025 CA Single Zone Calculator'!H10="economizer",'2025 CA Single Zone Calculator'!H11="economizer"),"Title 24: CO2 Sensor required","") -> Title 24: CO2 Sensor required | AE88: Swimming (deck) | AF88: 0.15 | AH88: =IF(AF88=0.15,"Title 24: CO2 Sensor required","") -> Title 24: CO2 Sensor required | AM88: Swimming (deck) | AN88: 33 | AO88: =SUM(AN88/1000)*15*'2025 CA Single Zone Calculator'!D2 -> 693 | AP88: Title 24: CO2 Sensor required | AT88: Swimming (deck) | AU88: 33 | AV88: =SUM(AU88/1000)*15*'2025 CA Single Zone Calculator'!K2 -> 0 | AW88: Title 24: CO2 Sensor required
A89: BARBER | B89: 7.5 | C89: 0.06 | D89: 25 | F89: Disco/dance floors | G89: =IF(OR('2022 CA Single Zone Calculator'!H6="economizer",'2022 CA Single Zone Calculator'!H7="economizer",'2022 CA Single Zone Calculator'!H8="economizer"),0.15,1.5) -> 0.15 | I89: =IF(G89=0.15,"Title 24: CO2 Sensor required","") -> Title 24: CO2 Sensor required | K89: Disco/dance floors | L89: =IF(OR('2022 CA Multi-Zone Calculator'!H6="economizer",'2022 CA Multi-Zone Calculator'!H7="economizer",'2022 CA Multi-Zone Calculator'!H8="economizer"),0.15,1.5) -> 0.15 | N89: =IF(L89=0.15,"Title 24: CO2 Sensor required","") -> Title 24: CO2 Sensor required | S89: Psychiatric consultation room | T89: 20 | U89: 5 | V89: 0.06 | Z89: Disco/dance floors | AA89: 0.15 | AB89: =SUM(AA89*'2025 CA Single Zone Calculator'!D2) -> 210 | AC89: =IF(OR('2025 CA Single Zone Calculator'!H9="economizer",'2025 CA Single Zone Calculator'!H10="economizer",'2025 CA Single Zone Calculator'!H11="economizer"),"Title 24: CO2 Sensor required","") -> Title 24: CO2 Sensor required | AE89: Disco/dance floors | AF89: 0.15 | AH89: =IF(AF89=0.15,"Title 24: CO2 Sensor required","") -> Title 24: CO2 Sensor required | AM89: Disco/dance floors | AN89: 100 | AO89: =SUM(AN89/1000)*15*'2025 CA Single Zone Calculator'!D2 -> 2100 | AP89: Title 24: CO2 Sensor required | AT89: Disco/dance floors | AU89: 100 | AV89: =SUM(AU89/1000)*15*'2025 CA Single Zone Calculator'!K2 -> 0 | AW89: Title 24: CO2 Sensor required
A90: BEAUTY SALONS | B90: 20 | C90: 0.12 | D90: 25 | F90: Health club/aerobics room | G90: 0.15 | K90: Health club/aerobics room | L90: 0.15 | S90: Psychiatric exam room | T90: 20 | U90: 5 | V90: 0.06 | Z90: Health club/aerobics room | AA90: 0.15 | AB90: =SUM(AA90*'2025 CA Single Zone Calculator'!D10) -> 0 | AE90: Health club/aerobics room | AF90: 0.15 | AM90: Health club/aerobics room | AN90: 10 | AO90: =SUM(AN90/1000)*15*'2025 CA Single Zone Calculator'!D2 -> 210 | AT90: Health club/aerobics room | AU90: 10 | AV90: =SUM(AU90/1000)*15*'2025 CA Single Zone Calculator'!K2 -> 0
A91: NAIL SALONS | B91: 20 | C91: 0.12 | D91: 25 | F91: Health club/weight rooms | G91: 0.15 | K91: Health club/weight rooms | L91: 0.15 | S91: Psychiatric group room | T91: 50 | U91: 5 | V91: 0.06 | Z91: Health club/weight rooms | AA91: 0.15 | AB91: =SUM(AA91*'2025 CA Single Zone Calculator'!D11) -> 0 | AE91: Health club/weight rooms | AF91: 0.15 | AM91: Health club/weight rooms | AN91: 10 | AO91: =SUM(AN91/1000)*15*'2025 CA Single Zone Calculator'!D2 -> 210 | AT91: Health club/weight rooms | AU91: 10 | AV91: =SUM(AU91/1000)*15*'2025 CA Single Zone Calculator'!K2 -> 0
A92: PET SHOPS (ANIMAL AREAS) | B92: 7.5 | C92: 0.18 | D92: 10 | F92: Bowling alley (seating) | G92: =IF(OR('2022 CA Single Zone Calculator'!H6="economizer",'2022 CA Single Zone Calculator'!H7="economizer",'2022 CA Single Zone Calculator'!H8="economizer"),0.15,1.07) -> 0.15 | I92: =IF(G92=0.15,"Title 24: CO2 Sensor required","") -> Title 24: CO2 Sensor required | K92: Bowling alley (seating) | L92: =IF(OR('2022 CA Multi-Zone Calculator'!H6="economizer",'2022 CA Multi-Zone Calculator'!H7="economizer",'2022 CA Multi-Zone Calculator'!H8="economizer"),0.15,1.07) -> 0.15 | N92: =IF(L92=0.15,"Title 24: CO2 Sensor required","") -> Title 24: CO2 Sensor required | S92: Psychiatric seclusion room | T92: 5 | U92: 10 | V92: 0.06 | Z92: Bowling alley (seating) | AA92: 0.15 | AB92: =SUM(AA92*'2025 CA Single Zone Calculator'!D2) -> 210 | AC92: =IF(OR('2025 CA Single Zone Calculator'!H9="economizer",'2025 CA Single Zone Calculator'!H10="economizer",'2025 CA Single Zone Calculator'!H11="economizer"),"Title 24: CO2 Sensor required","") -> Title 24: CO2 Sensor required | AE92: Bowling alley (seating) | AF92: 0.15 | AH92: =IF(AF92=0.15,"Title 24: CO2 Sensor required","") -> Title 24: CO2 Sensor required | AM92: Bowling alley (seating) | AN92: 7 | AO92: =SUM(AN92/1000)*15*'2025 CA Single Zone Calculator'!D2 -> 147 | AP92: Title 24: CO2 Sensor required | AT92: Bowling alley (seating) | AU92: 7 | AV92: =SUM(AU92/1000)*15*'2025 CA Single Zone Calculator'!K2 -> 0 | AW92: Title 24: CO2 Sensor required
A93: SUPERMARKETS | B93: 7.5 | C93: 0.06 | D93: 8 | F93: Gambling casinos | G93: =IF(OR('2022 CA Single Zone Calculator'!H6="economizer",'2022 CA Single Zone Calculator'!H7="economizer",'2022 CA Single Zone Calculator'!H8="economizer"),0.15,0.68) -> 0.15 | I93: =IF(G93=0.15,"Title 24: CO2 Sensor required","") -> Title 24: CO2 Sensor required | K93: Gambling casinos | L93: =IF(OR('2022 CA Multi-Zone Calculator'!H6="economizer",'2022 CA Multi-Zone Calculator'!H7="economizer",'2022 CA Multi-Zone Calculator'!H8="economizer"),0.15,0.68) -> 0.15 | N93: =IF(L93=0.15,"Title 24: CO2 Sensor required","") -> Title 24: CO2 Sensor required | S93: Speech therapy room | T93: 20 | U93: 5 | V93: 0.06 | Z93: Gambling casinos | AA93: 0.15 | AB93: =SUM(AA93*'2025 CA Single Zone Calculator'!D2) -> 210 | AC93: =IF(OR('2025 CA Single Zone Calculator'!H9="economizer",'2025 CA Single Zone Calculator'!H10="economizer",'2025 CA Single Zone Calculator'!H11="economizer"),"Title 24: CO2 Sensor required","") -> Title 24: CO2 Sensor required | AE93: Gambling casinos | AF93: 0.15 | AH93: =IF(AF93=0.15,"Title 24: CO2 Sensor required","") -> Title 24: CO2 Sensor required | AM93: Gambling casinos | AN93: 45 | AO93: =SUM(AN93/1000)*15*'2025 CA Single Zone Calculator'!D2 -> 945 | AP93: Title 24: CO2 Sensor required | AT93: Gambling casinos | AU93: 45 | AV93: =SUM(AU93/1000)*15*'2025 CA Single Zone Calculator'!K2 -> 0 | AW93: Title 24: CO2 Sensor required
F94: Game arcades | G94: =IF(OR('2022 CA Single Zone Calculator'!H6="economizer",'2022 CA Single Zone Calculator'!H7="economizer",'2022 CA Single Zone Calculator'!H8="economizer"),0.15,0.68) -> 0.15 | I94: =IF(G94=0.15,"Title 24: CO2 Sensor required","") -> Title 24: CO2 Sensor required | K94: Game arcades | L94: =IF(OR('2022 CA Multi-Zone Calculator'!H6="economizer",'2022 CA Multi-Zone Calculator'!H7="economizer",'2022 CA Multi-Zone Calculator'!H8="economizer"),0.15,0.68) -> 0.15 | N94: =IF(L94=0.15,"Title 24: CO2 Sensor required","") -> Title 24: CO2 Sensor required | S94: Urgent care exam room | T94: 20 | U94: 7.5 | V94: 0.12 | Z94: Game arcades | AA94: 0.15 | AB94: =SUM(AA94*'2025 CA Single Zone Calculator'!D2) -> 210 | AC94: =IF(OR('2025 CA Single Zone Calculator'!H9="economizer",'2025 CA Single Zone Calculator'!H10="economizer",'2025 CA Single Zone Calculator'!H11="economizer"),"Title 24: CO2 Sensor required","") -> Title 24: CO2 Sensor required | AE94: Game arcades | AF94: 0.15 | AH94: =IF(AF94=0.15,"Title 24: CO2 Sensor required","") -> Title 24: CO2 Sensor required | AM94: Game arcades | AN94: 45 | AO94: =SUM(AN94/1000)*15*'2025 CA Single Zone Calculator'!D2 -> 945 | AP94: Title 24: CO2 Sensor required | AT94: Game arcades | AU94: 45 | AV94: =SUM(AU94/1000)*15*'2025 CA Single Zone Calculator'!K2 -> 0 | AW94: Title 24: CO2 Sensor required
A95: (TRANSPORTATION:) | F95: Stages, studios | G95: =IF(OR('2022 CA Single Zone Calculator'!H6="economizer",'2022 CA Single Zone Calculator'!H7="economizer",'2022 CA Single Zone Calculator'!H8="economizer"),0.15,0.5) -> 0.15 | I95: =IF(G95=0.15,"Title 24: CO2 Sensor required","") -> Title 24: CO2 Sensor required | K95: Stages, studios | L95: =IF(OR('2022 CA Multi-Zone Calculator'!H6="economizer",'2022 CA Multi-Zone Calculator'!H7="economizer",'2022 CA Multi-Zone Calculator'!H8="economizer"),0.15,0.5) -> 0.15 | N95: =IF(L95=0.15,"Title 24: CO2 Sensor required","") -> Title 24: CO2 Sensor required | S95: Urgent care observation room | T95: 20 | U95: 5 | V95: 0.06 | Z95: Stages, studios | AA95: 0.15 | AB95: =SUM(AA95*'2025 CA Single Zone Calculator'!D2) -> 210 | AC95: =IF(OR('2025 CA Single Zone Calculator'!H9="economizer",'2025 CA Single Zone Calculator'!H10="economizer",'2025 CA Single Zone Calculator'!H11="economizer"),"Title 24: CO2 Sensor required","") -> Title 24: CO2 Sensor required | AE95: Stages, studios | AF95: 0.15 | AH95: =IF(AF95=0.15,"Title 24: CO2 Sensor required","") -> Title 24: CO2 Sensor required | AM95: Stages, studios | AN95: 33 | AO95: =SUM(AN95/1000)*15*'2025 CA Single Zone Calculator'!D2 -> 693 | AP95: Title 24: CO2 Sensor required | AT95: Stages, studios | AU95: 33 | AV95: =SUM(AU95/1000)*15*'2025 CA Single Zone Calculator'!K2 -> 0 | AW95: Title 24: CO2 Sensor required
A96: PLATFORMS | B96: 7.5 | C96: 0.06 | D96: 100 | S96: Urgent care treatment room | T96: 20 | U96: 7.5 | V96: 0.18
A97: TRANSPORTATION WAITING | B97: 7.5 | C97: 0.06 | D97: 100 | S97: Urgent care triage room | T97: 20 | U97: 10 | V97: 0.18
F98: Space 1: | G98: =INDEX(I1:I95,MATCH('2022 CA Single Zone Calculator'!B2,'Calculation Tables'!F1:F95,0)) -> 0 | K98: Space 1: | L98: =INDEX(N1:N95,MATCH('2022 CA Multi-Zone Calculator'!B3,K1:K95,0)) -> 0 | Z98: Space 1: | AA98: =INDEX(AC1:AC95,MATCH('2025 CA Single Zone Calculator'!B2,Z1:Z95,0)) -> 0 | AE98: Space 1: | AF98: =INDEX(AH1:AH95,MATCH('2025 CA Multi-Zone Calculator'!B3,AE1:AE95,0)) -> 0 | AM98: Space 1: | AN98: =INDEX(AP1:AP95,MATCH('2025 CA Single Zone Calculator'!B2,AM1:AM95,0)) -> 0 | AT98: Space 1: | AU98: =INDEX(AW1:AW95,MATCH('2025 CA Multi-Zone Calculator'!B3,AT1:AT95,0)) -> 0
A99: (CORRECTIONAL FACILITIES:) | K99: Space 2: | L99: =INDEX(N1:N95,MATCH('2022 CA Multi-Zone Calculator'!B4,K1:K95,0)) -> 0 | S99: Public spaces | AE99: Space 2: | AF99: =INDEX(AH1:AH95,MATCH('2025 CA Multi-Zone Calculator'!B4,AE1:AE95,0)) -> 0 | AT99: Space 2: | AU99: =INDEX(AW1:AW95,MATCH('2025 CA Multi-Zone Calculator'!B4,AT1:AT95,0)) -> 0
A100: BOOKING / WAITING | B100: 7.5 | C100: 0.06 | D100: 50 | K100: Space 3: | L100: =INDEX(N1:N95,MATCH('2022 CA Multi-Zone Calculator'!B5,K1:K95,0)) -> 0 | S100: Corridors | T100: 0 | U100: 0 | V100: 0.06 | AE100: Space 3: | AF100: =INDEX(AH1:AH95,MATCH('2025 CA Multi-Zone Calculator'!B5,AE1:AE95,0)) -> 0 | AT100: Space 3: | AU100: =INDEX(AW1:AW95,MATCH('2025 CA Multi-Zone Calculator'!B5,AT1:AT95,0)) -> 0
...

Sheet 2022 CA Single Zone Calculator
A1: USE: | B1: FRESH AIR CALCULATION (Table 120.1-A & Section 120.1(c)(3))
A2: Office Buildings: | B2: Office space | C2: Floor Area (Az): | D2: 1400 | E2: <--Enter Square Footage
A3: ------->>>> DON'T COPY AND PASTE THIS PORTION ON PLANS | B3: =IF(OR(H6="economizer",H7="economizer",H8="economizer"),"MIN. VENTILATION AIR RATE FOR DCV (Ra):","TOTAL OUTDOOR AIRFLOW RATE (Rt):") -> MIN. VENTILATION AIR RATE FOR DCV (Ra): | D3: =INDEX(CARa,MATCH(B2,'Calculation Tables'!F2:F95,0)) -> 0.15 | G3: Type of HVAC: | H3: BARD
B4: OUTDOOR AIR REQUIRED: | D4: =SUM(D3*D2) -> 210
B5: TOTAL FRESH AIR SUPPLIED: | D5: =SUM(I6:I8) -> 2300 | F5: HVAC SIZE: | G5: # OF A/C's: | H5: VENTILATION: | I5: VENT RATE: | L5: Office Buildings:
B6: RESULTS: | C6: =IF(D4>D5,""&D5&" CFM < "&D4&" CFM, THEREFORE NG",IF(D4<D5,""&D5&" CFM > "&D4&" CFM, THEREFORE OK",0)) -> 2300 CFM > 210 CFM, THEREFORE OK | F6: 3 TON | G6: 2 | H6: ECONOMIZER | I6: =IF(H3="bard",INDEX(bardindex,MATCH(F6,bardsize,0),MATCH(H6,bardvent,0))*G6,IF(H3="RTU",INDEX(rturef,MATCH(F6,rtusize,0),MATCH(H6,rtuvent,0))*G6,IF(H3="MARVAIR",INDEX(marairref,MATCH(F6,marvairsize,0),MATCH(H6,marvairvent,0))*G6,0))) -> 2300 | L6: Educational Facilities:
F7: N/A | G7: 0 | H7: FAD | I7: =IF(H3="bard",INDEX(bardindex,MATCH(F7,bardsize,0),MATCH(H7,bardvent,0))*G7,IF(H3="RTU",INDEX(rturef,MATCH(F7,rtusize,0),MATCH(H7,rtuvent,0))*G7,IF(H3="MARVAIR",INDEX(marairref,MATCH(F7,marvairsize,0),MATCH(H7,marvairvent,0))*G7,0))) -> 0 | L7: General:
F8: N/A | G8: 0 | H8: FAD | I8: =IF(H3="bard",INDEX(bardindex,MATCH(F8,bardsize,0),MATCH(H8,bardvent,0))*G8,IF(H3="RTU",INDEX(rturef,MATCH(F8,rtusize,0),MATCH(H8,rtuvent,0))*G8,IF(H3="MARVAIR",INDEX(marairref,MATCH(F8,marvairsize,0),MATCH(H8,marvairvent,0))*G8,0))) -> 0 | L8: Hotels, Motels, Resorts, Dormitories:
B9: VALUE(S) ABOVE CAN BE FOUND IN: | F9: =IF(AND(AND(G6>0),(F6="5 Ton"),OR(H6="fad",H6="crv")),"Economizer Required for 5 Ton",IF(AND(AND(G7>0),(F7="5 Ton"),OR(H7="fad",H7="crv")),"Economizer Required for 5 Ton",IF(AND(AND(G8>0),(F8="5 Ton"),OR(H8="fad",H8="crv")),"Economizer Required for 5 Ton",IF(AND(AND(G6>0),(F6="3 Ton"),OR(H6="fad",H6="crv")),"Economizer Required for 3 Ton / CEC 140.4(e)(1)",IF(AND(AND(G7>0),(F7="3 Ton"),OR(H7="fad",H7="crv")),"Economizer Required for 3 Ton / CEC 140.4(e)(1)",IF(AND(AND(G8>0),(F8="3 Ton"),OR(H8="fad",H8="crv")),"Economizer Required for 3 Ton / CEC 140.4(e)(1)",IF(AND(AND(G6>0),(F6="3.5 Ton"),OR(H6="fad",H6="crv")),"Economizer Required for 3.5 Ton / CEC 140.4(e)(1)",IF(AND(AND(G7>0),(F7="3.5 Ton"),OR(H7="fad",H7="crv")),"Economizer Required for 3.5 Ton / CEC 140.4(e)(1)",IF(AND(AND(G8>0),(F8="3.5 Ton"),OR(H8="fad",H8="crv")),"Economizer Required for 3.5 Ton / CEC 140.4(e)(1)",IF(AND(AND(G6>0),(F6="4 Ton"),OR(H6="fad",H6="crv")),"Economizer Required for 4 Ton / CEC 140.4(e)(1)",IF(AND(AND(G7>0),(F7="4 Ton"),OR(H7="fad",H7="crv")),"Economizer Required for 4 Ton / CEC 140.4(e)(1)",IF(AND(AND(G8>0),(F8="4 Ton"),OR(H8="fad",H8="crv")),"Economizer Required for 4 Ton / CEC 140.4(e)(1)","")))))))))))) | L9: Food and Beverage Service:
B10: CA Energy Code: | C10: Table 120.1-A & Section 120.1(c)(3) | L10: Miscellaneous Spaces:
F11: FOR 100% OUTSIDE AIR, USE ECONOMIZER OPTION | L11: Public Assembly Spaces:
L12: Residential:
B13: CO2 Sensor Requirements: CA Energy Code Section 120.1(d)(3) | F13: {=IF(A2=L5,OffCA,IF(A2=L6,EdCA,IF(A2=L7,GenCA,IF(A2=L8,HotCA,IF(A2=L9,FoCA,IF(A2=L10,MisCA,IF(A2=L11,PubCA,IF(A2=L12,ResCA,IF(A2=L13,RetCA,IF(A2=L14,SporCA,0))))))))))} -> Breakrooms | L13: Retail:
B14: =IF('Calculation Tables'!G98="Title 24: CO2 Sensor required","CO2 Sensor required in spaces for "&B2&"","") | F14: Main entry lobbies | L14: Sports and Entertainment:
F15: Occupiable storage rooms for dry materials
F16: Office space
F17: Reception areas
F18: Telephone/data entry

Sheet 2022 CA Multi-Zone Calculator
B1: FRESH AIR CALCULATION (Table 120.1-A & Section 120.1(c)(3))
A2: USE: | B2: SPACE | C2: SQUARE FOOTAGE OF FREE ZONE AREA (Az): | D2: =IF(OR(H6="economizer",H7="economizer",H8="economizer"),"MIN. VENTILATION AIR RATE FOR DCV (Ra):","TOTAL OUTDOOR AIRFLOW RATE (Rt):") -> MIN. VENTILATION AIR RATE FOR DCV (Ra):
A3: Office Buildings: | B3: Office space | C3: 0 | D3: =INDEX('Calculation Tables'!L1:L95,MATCH(B3,'Calculation Tables'!K1:K95,0)) -> 0.15 | G3: Type of HVAC: | H3: BARD
A4: N/A: | B4: N/A | C4: 0 | D4: =INDEX('Calculation Tables'!L1:L95,MATCH(B4,'Calculation Tables'!K1:K95,0)) -> 0 | L4: N/A:
A5: N/A: | B5: N/A | C5: 0 | D5: =INDEX('Calculation Tables'!L1:L95,MATCH(B5,'Calculation Tables'!K1:K95,0)) -> 0 | F5: HVAC SIZE: | G5: # OF A/C's: | H5: VENTILATION: | I5: VENT RATE: | L5: Office Buildings:
A6: N/A: | B6: N/A | C6: 0 | D6: =INDEX('Calculation Tables'!L1:L95,MATCH(B6,'Calculation Tables'!K1:K95,0)) -> 0 | F6: 3 TON | G6: 2 | H6: ECONOMIZER | I6: =IF(H3="bard",INDEX(bardindex,MATCH(F6,bardsize,0),MATCH(H6,bardvent,0))*G6,IF(H3="RTU",INDEX(rturef,MATCH(F6,rtusize,0),MATCH(H6,rtuvent,0))*G6,IF(H3="MARVAIR",INDEX(marairref,MATCH(F6,marvairsize,0),MATCH(H6,marvairvent,0))*G6,0))) -> 2300 | L6: Educational Facilities:
A7: N/A: | B7: N/A | C7: 0 | D7: =INDEX('Calculation Tables'!L1:L95,MATCH(B7,'Calculation Tables'!K1:K95,0)) -> 0 | F7: N/A | G7: 0 | H7: FAD | I7: =IF(H3="bard",INDEX(bardindex,MATCH(F7,bardsize,0),MATCH(H7,bardvent,0))*G7,IF(H3="RTU",INDEX(rturef,MATCH(F7,rtusize,0),MATCH(H7,rtuvent,0))*G7,IF(H3="MARVAIR",INDEX(marairref,MATCH(F7,marvairsize,0),MATCH(H7,marvairvent,0))*G7,0))) -> 0 | L7: General:
A8: ---->>>> DON'T COPY AND PASTE THIS PORTION ON PLANS | B8: OUTDOOR AIR REQUIRED: | D8: =SUM(D3*C3)+(D4*C4)+(D5*C5)+(D6*C6)+(D7*C7) -> 0 | F8: N/A | G8: 0 | H8: FAD | I8: =IF(H3="bard",INDEX(bardindex,MATCH(F8,bardsize,0),MATCH(H8,bardvent,0))*G8,IF(H3="RTU",INDEX(rturef,MATCH(F8,rtusize,0),MATCH(H8,rtuvent,0))*G8,IF(H3="MARVAIR",INDEX(marairref,MATCH(F8,marvairsize,0),MATCH(H8,marvairvent,0))*G8,0))) -> 0 | L8: Hotels, Motels, Resorts, Dormitories:
B9: TOTAL FRESH AIR SUPPLIED: | D9: =SUM(I6:I8) -> 2300 | F9: =IF(AND(AND(G6>0),(F6="5 Ton"),OR(H6="fad",H6="crv")),"Economizer Required for 5 Ton",IF(AND(AND(G7>0),(F7="5 Ton"),OR(H7="fad",H7="crv")),"Economizer Required for 5 Ton",IF(AND(AND(G8>0),(F8="5 Ton"),OR(H8="fad",H8="crv")),"Economizer Required for 5 Ton",IF(AND(AND(G6>0),(F6="3 Ton"),OR(H6="fad",H6="crv")),"Economizer Required for 3 Ton / CEC 140.4(e)(1)",IF(AND(AND(G7>0),(F7="3 Ton"),OR(H7="fad",H7="crv")),"Economizer Required for 3 Ton / CEC 140.4(e)(1)",IF(AND(AND(G8>0),(F8="3 Ton"),OR(H8="fad",H8="crv")),"Economizer Required for 3 Ton / CEC 140.4(e)(1)",IF(AND(AND(G6>0),(F6="3.5 Ton"),OR(H6="fad",H6="crv")),"Economizer Required for 3.5 Ton / CEC 140.4(e)(1)",IF(AND(AND(G7>0),(F7="3.5 Ton"),OR(H7="fad",H7="crv")),"Economizer Required for 3.5 Ton / CEC 140.4(e)(1)",IF(AND(AND(G8>0),(F8="3.5 Ton"),OR(H8="fad",H8="crv")),"Economizer Required for 3.5 Ton / CEC 140.4(e)(1)",IF(AND(AND(G6>0),(F6="4 Ton"),OR(H6="fad",H6="crv")),"Economizer Required for 4 Ton / CEC 140.4(e)(1)",IF(AND(AND(G7>0),(F7="4 Ton"),OR(H7="fad",H7="crv")),"Economizer Required for 4 Ton / CEC 140.4(e)(1)",IF(AND(AND(G8>0),(F8="4 Ton"),OR(H8="fad",H8="crv")),"Economizer Required for 4 Ton / CEC 140.4(e)(1)","")))))))))))) | L9: Food and Beverage Service:
B10: RESULTS: | C10: =IF(D8>D9,""&D9&" CFM < "&D8&" CFM, THEREFORE NG",IF(D8<D9,""&D9&" CFM > "&D8&" CFM, THEREFORE OK",0)) -> 2300 CFM > 0 CFM, THEREFORE OK | L10: Miscellaneous Spaces:
F11: FOR 100% OUTSIDE AIR, USE ECONOMIZER OPTION | L11: Public Assembly Spaces:
L12: Residential:
B13: VALUE(S) ABOVE CAN BE FOUND IN: | L13: Retail:
B14: CA Energy Code: | C14: Table 120.1-A & Section 120.1(c)(3) | L14: Sports and Entertainment:
B17: CO2 Sensor Requirements: CA Energy Code Section 120.1(d)(3)
B18: =IF('Calculation Tables'!L98="Title 24: CO2 Sensor required","CO2 Sensor required in spaces for "&B3&"","")
B19: =IF('Calculation Tables'!L99="Title 24: CO2 Sensor required","CO2 Sensor required in spaces for "&B4&"","")
B20: =IF('Calculation Tables'!L100="Title 24: CO2 Sensor required","CO2 Sensor required in spaces for "&B5&"","")
B21: =IF('Calculation Tables'!L101="Title 24: CO2 Sensor required","CO2 Sensor required in spaces for "&B6&"","")
B22: =IF('Calculation Tables'!L102="Title 24: CO2 Sensor required","CO2 Sensor required in spaces for "&B7&"","")

Sheet 2025 CA Single Zone Calculator
A1: USE: | B1: FRESH AIR CALCULATION (Table 120.1-A & Section 120.1(c)(3))
A2: Office Buildings: | B2: Office space | C2: =IF(S2>=S5,"Floor Area (Az):","Floor Area:") -> Floor Area (Az): | D2: 1400 | E2: <--Enter Square Footage | Q2: Ra x Az = | R2: =INDEX('Calculation Tables'!AA3:AA95,MATCH(B2,'Calculation Tables'!Z1:Z95,0)) -> 0.15 | S2: =SUM(R2*D2) -> 210
A3: ------->>>> DON'T COPY AND PASTE THIS PORTION ON PLANS | B3: =IF(S2>=S5,"TOTAL OUTDOOR AIRFLOW RATE (Rt):","OUTDOOR AIRFLOW PER PERSON (Rp):") -> TOTAL OUTDOOR AIRFLOW RATE (Rt): | D3: =IF(S2>S5,R2,15) -> 0.15 | Q3: Rp x Pz = | R3: =INDEX('Calculation Tables'!AN3:AN95,MATCH('2025 CA Single Zone Calculator'!B2,'Calculation Tables'!AM3:AM95,0)) -> 5 | S3: =R3*15 -> 75 | T3: Using Occupant Load Density
B4: =IF(S2>=S5,"",IF(S3>S4,"MIN. OCCUPANT LOAD DENSITY: (Pz):","OCCUPANT LOAD: (Pz):")) | D4: =IF(S2>S5,"",IF(S3>S4,R3,R4)) | E4: 9 | F4: <--Enter Occupant Load | Q4: Rp x Pz = | R4: =E4 -> 9 | S4: =SUM(E4*15) -> 135 | T4: Using Actual Occupant Load
B5: =IF(S2>=S5,"TOTAL OUTDOOR AIRFLOW RATE (Rt x Az):","TOTAL OUTDOOR AIRFLOW RATE (Rp x Pz):") -> TOTAL OUTDOOR AIRFLOW RATE (Rt x Az): | D5: =IF(S2>=S5,S2,S5) -> 210 | L5: Office Buildings: | S5: =MAX(S3,S4) -> 135 | T5: <-- Greater of Occ. Load Density & Actual Occupant Load
B6: TOTAL FRESH AIR SUPPLIED: | D6: =SUM(I9:I11) -> 2300 | G6: Type of HVAC: | H6: BARD | L6: Educational Facilities:
B7: RESULTS: | C7: =IF(D5>D6,""&D6&" CFM < "&D5&" CFM, THEREFORE NG",IF(D5<D6,""&D6&" CFM > "&D5&" CFM, THEREFORE OK",0)) -> 2300 CFM > 210 CFM, THEREFORE OK | L7: General:
F8: HVAC SIZE: | G8: # OF A/C's: | H8: VENTILATION: | I8: VENT RATE: | L8: Hotels, Motels, Resorts, Dormitories:
B9: VALUE(S) ABOVE CAN BE FOUND IN: | F9: 3 TON | G9: 2 | H9: ECONOMIZER | I9: =IF(H6="bard",INDEX(bardindex,MATCH(F9,bardsize,0),MATCH(H9,bardvent,0))*G9,IF(H6="RTU",INDEX(rturef,MATCH(F9,rtusize,0),MATCH(H9,rtuvent,0))*G9,IF(H6="MARVAIR",INDEX(marairref,MATCH(F9,marvairsize,0),MATCH(H9,marvairvent,0))*G9,0))) -> 2300 | L9: Food and Beverage Service:
B10: CA Energy Code: | C10: Table 120.1-A & Section 120.1(c)(3) | F10: N/A | G10: 0 | H10: FAD | I10: =IF(H6="bard",INDEX(bardindex,MATCH(F10,bardsize,0),MATCH(H10,bardvent,0))*G10,IF(H6="RTU",INDEX(rturef,MATCH(F10,rtusize,0),MATCH(H10,rtuvent,0))*G10,IF(H6="MARVAIR",INDEX(marairref,MATCH(F10,marvairsize,0),MATCH(H10,marvairvent,0))*G10,0))) -> 0 | L10: Miscellaneous Spaces:
F11: N/A | G11: 0 | H11: FAD | I11: =IF(H6="bard",INDEX(bardindex,MATCH(F11,bardsize,0),MATCH(H11,bardvent,0))*G11,IF(H6="RTU",INDEX(rturef,MATCH(F11,rtusize,0),MATCH(H11,rtuvent,0))*G11,IF(H6="MARVAIR",INDEX(marairref,MATCH(F11,marvairsize,0),MATCH(H11,marvairvent,0))*G11,0))) -> 0 | L11: Public Assembly Spaces:
F12: =IF(AND(AND(G9>0),(F9="5 Ton"),OR(H9="fad",H9="crv")),"Economizer Required for 5 Ton",IF(AND(AND(G10>0),(F10="5 Ton"),OR(H10="fad",H10="crv")),"Economizer Required for 5 Ton",IF(AND(AND(G11>0),(F11="5 Ton"),OR(H11="fad",H11="crv")),"Economizer Required for 5 Ton",IF(AND(AND(G9>0),(F9="3 Ton"),OR(H9="fad",H9="crv")),"Economizer Required for 3 Ton / CEC 140.4(e)(1)",IF(AND(AND(G10>0),(F10="3 Ton"),OR(H10="fad",H10="crv")),"Economizer Required for 3 Ton / CEC 140.4(e)(1)",IF(AND(AND(G11>0),(F11="3 Ton"),OR(H11="fad",H11="crv")),"Economizer Required for 3 Ton / CEC 140.4(e)(1)",IF(AND(AND(G9>0),(F9="3.5 Ton"),OR(H9="fad",H9="crv")),"Economizer Required for 3.5 Ton / CEC 140.4(e)(1)",IF(AND(AND(G10>0),(F10="3.5 Ton"),OR(H10="fad",H10="crv")),"Economizer Required for 3.5 Ton / CEC 140.4(e)(1)",IF(AND(AND(G11>0),(F11="3.5 Ton"),OR(H11="fad",H11="crv")),"Economizer Required for 3.5 Ton / CEC 140.4(e)(1)",IF(AND(AND(G9>0),(F9="4 Ton"),OR(H9="fad",H9="crv")),"Economizer Required for 4 Ton / CEC 140.4(e)(1)",IF(AND(AND(G10>0),(F10="4 Ton"),OR(H10="fad",H10="crv")),"Economizer Required for 4 Ton / CEC 140.4(e)(1)",IF(AND(AND(G11>0),(F11="4 Ton"),OR(H11="fad",H11="crv")),"Economizer Required for 4 Ton / CEC 140.4(e)(1)","")))))))))))) | L12: Residential:
B13: CO2 Sensor Requirements: CA Energy Code Section 120.1(d)(3) | F13: FOR 100% OUTSIDE AIR, USE ECONOMIZER OPTION | L13: Retail:
B14: =IF('Calculation Tables'!AN98="Title 24: CO2 Sensor required","CO2 Sensor required in spaces for "&B2&"","") | L14: Sports and Entertainment:
L23: {=IF(A2=L5,OffCA,IF(A2=L6,EdCA,IF(A2=L7,GenCA,IF(A2=L8,HotCA,IF(A2=L9,FoCA,IF(A2=L10,MisCA,IF(A2=L11,PubCA,IF(A2=L12,ResCA,IF(A2=L13,RetCA,IF(A2=L14,SporCA,0))))))))))} -> Breakrooms
L24: Main entry lobbies
L25: Occupiable storage rooms for dry materials
L26: Office space
L27: Reception areas
L28: Telephone/data entry

Sheet 2025 CA Multi-Zone Calculator
B1: FRESH AIR CALCULATION (Table 120.1-A & Section 120.1(c)(3))
A2: USE: | B2: SPACE | C2: =IF(Z3>=Z18,"Floor Area (Az):","Floor Area:") -> Floor Area (Az): | D2: =IF(Z3>=Z18,"TOTAL OUTDOOR AIRFLOW RATE (Rt):","OUTDOOR AIRFLOW PER PERSON (Rp):") -> TOTAL OUTDOOR AIRFLOW RATE (Rt): | E2: =IF(Z3>=Z18,"",IF(Z8>Z13,"MIN. OCCUPANT LOAD DENSITY: (Pz):","OCCUPANT LOAD: (Pz):"))
A3: Office Buildings: | B3: Office space | C3: 1400 | D3: =IF(Z3>Z18,U3,IF(Z3<Z18,15,0)) -> 0.15 | E3: =IF(Z3>Z18,"",IF(Z8>Z13,U8,U13)) | F3: 9 | G3: <--Enter Occupant Load | S3: Use 1: | T3: Ra x Az = | U3: =INDEX('Calculation Tables'!AF3:AF95,MATCH(B3,'Calculation Tables'!AE3:AE95,0)) -> 0.15 | V3: =SUM(U3*C3) -> 210 | Z3: =SUM(V3+V4+V5+V6+V7) -> 210 | AA3: Sum of Ra X Az
A4: N/A: | B4: N/A | C4: 0 | D4: =IF(C4=0,0,IF(Z3>Z18,U4,15)) -> 0 | E4: =IF(Z3>Z18,"",IF(Z8>Z13,U9,U14)) | F4: 0 | G4: <--Enter Occupant Load | O4: N/A: | S4: Use 2: | T4: Ra x Az = | U4: =IF(B4="n/a",0,INDEX('Calculation Tables'!AF3:AF95,MATCH(B4,'Calculation Tables'!AE3:AE95,0))) -> 0 | V4: =SUM(U4*C4) -> 0
A5: N/A: | B5: N/A | C5: 0 | D5: =IF(C5=0,0,IF(Z3>Z18,U5,15)) -> 0 | E5: =IF(Z3>Z18,"",IF(Z8>Z13,U10,U15)) | F5: 0 | G5: <--Enter Occupant Load | J5: Type of HVAC: | K5: BARD | O5: Office Buildings: | S5: Use 3: | T5: Ra x Az = | U5: =IF(B5="n/a",0,INDEX('Calculation Tables'!AF3:AF95,MATCH(B5,'Calculation Tables'!AE3:AE95,0))) -> 0 | V5: =SUM(U5*C5) -> 0
A6: N/A: | B6: N/A | C6: 0 | D6: =IF(C6=0,0,IF(Z3>Z18,U6,15)) -> 0 | E6: =IF(Z3>Z18,"",IF(Z8>Z13,U11,U16)) | F6: 0 | G6: <--Enter Occupant Load | O6: Educational Facilities: | S6: Use 4: | T6: Ra x Az = | U6: =IF(B6="n/a",0,INDEX('Calculation Tables'!AF3:AF95,MATCH(B6,'Calculation Tables'!AE3:AE95,0))) -> 0 | V6: =SUM(U6*C6) -> 0
A7: N/A: | B7: N/A | C7: 0 | D7: =IF(C7=0,0,IF(Z3>Z18,U7,15)) -> 0 | E7: =IF(Z3>Z18,"",IF(Z8>Z13,U12,U17)) | F7: 0 | G7: <--Enter Occupant Load | I7: HVAC SIZE: | J7: # OF A/C's: | K7: VENTILATION: | L7: VENT RATE: | O7: General: | S7: Use 5: | T7: Ra x Az = | U7: =IF(B7="n/a",0,INDEX('Calculation Tables'!AF3:AF95,MATCH(B7,'Calculation Tables'!AE3:AE95,0))) -> 0 | V7: =SUM(U7*C7) -> 0
A8: ---->>>> DON'T COPY AND PASTE THIS PORTION ON PLANS | B8: =IF(Z3>=Z18,"TOTAL OUTDOOR AIRFLOW RATE (Rt x Az):","TOTAL OUTDOOR AIRFLOW RATE (Rp x Pz):") -> TOTAL OUTDOOR AIRFLOW RATE (Rt x Az): | E8: =IF(Z3>Z18,SUM(D3*C3)+(D4*C4)+(D5*C5)+(D6*C6)+(D7*C7),Z18) -> 210 | I8: 3 TON | J8: 2 | K8: ECONOMIZER | L8: =IF(K5="bard",INDEX(bardindex,MATCH(I8,bardsize,0),MATCH(K8,bardvent,0))*J8,IF(K5="RTU",INDEX(rturef,MATCH(I8,rtusize,0),MATCH(K8,rtuvent,0))*J8,IF(K5="MARVAIR",INDEX(marairref,MATCH(I8,marvairsize,0),MATCH(K8,marvairvent,0))*J8,0))) -> 2300 | O8: Hotels, Motels, Resorts, Dormitories: | S8: Use 1: | T8: Rp x Pz = | U8: =INDEX('Calculation Tables'!AU1:AU95,MATCH(B3,'Calculation Tables'!AT1:AT95,0)) -> 5 | V8: =U8*15 -> 75 | W8: Using Occupant Load Density | Z8: =SUM(V8+V9+V10+V11+V12) -> 75 | AA8: Sum of Occ Load Density
B9: TOTAL FRESH AIR SUPPLIED: | E9: =SUM(L8:L10) -> 2300 | I9: N/A | J9: 0 | K9: FAD | L9: =IF(K5="bard",INDEX(bardindex,MATCH(I9,bardsize,0),MATCH(K9,bardvent,0))*J9,IF(K5="RTU",INDEX(rturef,MATCH(I9,rtusize,0),MATCH(K9,rtuvent,0))*J9,IF(K5="MARVAIR",INDEX(marairref,MATCH(I9,marvairsize,0),MATCH(K9,marvairvent,0))*J9,0))) -> 0 | O9: Food and Beverage Service: | S9: Use 2: | T9: Rp x Pz = | U9: =INDEX('Calculation Tables'!AU1:AU95,MATCH(B4,'Calculation Tables'!AT1:AT95,0)) -> 0 | V9: =U9*15 -> 0 | W9: Using Occupant Load Density
B10: RESULTS: | D10: =IF(E8>E9,""&E9&" CFM < "&E8&" CFM, THEREFORE NG",IF(E8<E9,""&E9&" CFM > "&E8&" CFM, THEREFORE OK",0)) -> 2300 CFM > 210 CFM, THEREFORE OK | I10: N/A | J10: 0 | K10: FAD | L10: =IF(K5="bard",INDEX(bardindex,MATCH(I10,bardsize,0),MATCH(K10,bardvent,0))*J10,IF(K5="RTU",INDEX(rturef,MATCH(I10,rtusize,0),MATCH(K10,rtuvent,0))*J10,IF(K5="MARVAIR",INDEX(marairref,MATCH(I10,marvairsize,0),MATCH(K10,marvairvent,0))*J10,0))) -> 0 | O10: Miscellaneous Spaces: | S10: Use 3: | T10: Rp x Pz = | U10: =INDEX('Calculation Tables'!AU1:AU95,MATCH(B5,'Calculation Tables'!AT1:AT95,0)) -> 0 | V10: =U10*15 -> 0 | W10: Using Occupant Load Density
I11: =IF(AND(AND(J8>0),(I8="5 Ton"),OR(K8="fad",K8="crv")),"Economizer Required for 5 Ton",IF(AND(AND(J9>0),(I9="5 Ton"),OR(K9="fad",K9="crv")),"Economizer Required for 5 Ton",IF(AND(AND(J10>0),(I10="5 Ton"),OR(K10="fad",K10="crv")),"Economizer Required for 5 Ton",IF(AND(AND(J8>0),(I8="3 Ton"),OR(K8="fad",K8="crv")),"Economizer Required for 3 Ton / CEC 140.4(e)(1)",IF(AND(AND(J9>0),(I9="3 Ton"),OR(K9="fad",K9="crv")),"Economizer Required for 3 Ton / CEC 140.4(e)(1)",IF(AND(AND(J10>0),(I10="3 Ton"),OR(K10="fad",K10="crv")),"Economizer Required for 3 Ton / CEC 140.4(e)(1)",IF(AND(AND(J8>0),(I8="3.5 Ton"),OR(K8="fad",K8="crv")),"Economizer Required for 3.5 Ton / CEC 140.4(e)(1)",IF(AND(AND(J9>0),(I9="3.5 Ton"),OR(K9="fad",K9="crv")),"Economizer Required for 3.5 Ton / CEC 140.4(e)(1)",IF(AND(AND(J10>0),(I10="3.5 Ton"),OR(K10="fad",K10="crv")),"Economizer Required for 3.5 Ton / CEC 140.4(e)(1)",IF(AND(AND(J8>0),(I8="4 Ton"),OR(K8="fad",K8="crv")),"Economizer Required for 4 Ton / CEC 140.4(e)(1)",IF(AND(AND(J9>0),(I9="4 Ton"),OR(K9="fad",K9="crv")),"Economizer Required for 4 Ton / CEC 140.4(e)(1)",IF(AND(AND(J10>0),(I10="4 Ton"),OR(K10="fad",K10="crv")),"Economizer Required for 4 Ton / CEC 140.4(e)(1)","")))))))))))) | O11: Public Assembly Spaces: | S11: Use 4: | T11: Rp x Pz = | U11: =INDEX('Calculation Tables'!AU1:AU95,MATCH(B6,'Calculation Tables'!AT1:AT95,0)) -> 0 | V11: =U11*15 -> 0 | W11: Using Occupant Load Density
O12: Residential: | S12: Use 5: | T12: Rp x Pz = | U12: =INDEX('Calculation Tables'!AU1:AU95,MATCH(B7,'Calculation Tables'!AT1:AT95,0)) -> 0 | V12: =U12*15 -> 0 | W12: Using Occupant Load Density
B13: VALUE(S) ABOVE CAN BE FOUND IN: | I13: FOR 100% OUTSIDE AIR, USE ECONOMIZER OPTION | O13: Retail: | S13: Use 1: | T13: Rp x Pz = | U13: =F3 -> 9 | V13: =SUM(F3*15) -> 135 | W13: Using Actual Occupant Load | Z13: =SUM(V13+V14+V15+V16+V17) -> 135 | AA13: Sum of Actual Occ Load
B14: CA Energy Code: | C14: Table 120.1-A & Section 120.1(c)(3) | O14: Sports and Entertainment: | S14: Use 2: | T14: Rp x Pz = | U14: =F4 -> 0 | V14: =SUM(F4*15) -> 0 | W14: Using Actual Occupant Load
S15: Use 3: | T15: Rp x Pz = | U15: =F5 -> 0 | V15: =SUM(F5*15) -> 0 | W15: Using Actual Occupant Load
S16: Use 4: | T16: Rp x Pz = | U16: =F6 -> 0 | V16: =SUM(F6*15) -> 0 | W16: Using Actual Occupant Load
B17: CO2 Sensor Requirements: CA Energy Code Section 120.1(d)(3) | S17: Use 5: | T17: Rp x Pz = | U17: =F7 -> 0 | V17: =SUM(F7*15) -> 0 | W17: Using Actual Occupant Load
B18: =IF('Calculation Tables'!AF98="Title 24: CO2 Sensor required","CO2 Sensor required in spaces for "&B3&"","") | Z18: =MAX(Z8,Z13) -> 135 | AA18: <-- Greater of Occ. Load Density & Actual Occupant Load
B19: =IF('Calculation Tables'!AF99="Title 24: CO2 Sensor required","CO2 Sensor required in spaces for "&B4&"","")
B20: =IF('Calculation Tables'!AF100="Title 24: CO2 Sensor required","CO2 Sensor required in spaces for "&B5&"","")
B21: =IF('Calculation Tables'!AF101="Title 24: CO2 Sensor required","CO2 Sensor required in spaces for "&B6&"","")
B22: =IF('Calculation Tables'!AF102="Title 24: CO2 Sensor required","CO2 Sensor required in spaces for "&B7&"","")

Sheet 2009 - 2021 IMC Exhaust Rqmts
A1: IMC Table 403.3.1.1
A2: Occupancy Classification: | B2: Exhaust Rate: | C2: Square Footage: | D2: # of Fixtures: | E2: Exhaust CFM Required:
A3: Correction Facilities:
A4: Cells W/ Plumbing Fixtures: | B4: 1 | C4: 0 | E4: =SUM(B4*C4) -> 0
A5: Education:
A6: Art Classroom: | B6: 0.7 | C6: 0 | E6: =SUM(B6*C6) -> 0
A7: Locker/Dressing Rooms: | B7: 0.25 | C7: 0 | E7: =SUM(B7*C7) -> 0
A8: Science Laboratories: | B8: 1 | C8: 0 | E8: =SUM(B8*C8) -> 0
A9: Sports Locker Rooms: | B9: 0.5 | C9: 0 | E9: =SUM(B9*C9) -> 0
A10: Wood / Metal Shops: | B10: 0.5 | C10: 0 | E10: =SUM(B10*C10) -> 0
A11: Food and Beverage:
A12: Kitchens (cooking): | B12: 0.7 | C12: 0 | E12: =SUM(B12*C12) -> 0
A13: Hotels, Motels, Resorts, and Dormatories:
A14: Bathrooms/Toilet - Private: | B14: 50 | D14: 0 | E14: =SUM(B14*D14) -> 0
A15: Private Dwellings, Single and Multiple:
A16: Garages, common for multi units: | B16: 0.75 | C16: 0 | E16: =SUM(B16*C16) -> 0
A17: Kitchens (Cont. running fan): | B17: 50 | D17: 0 | E17: =SUM(B17*D17) -> 0
A18: Kitchens (Intermediate fan): | B18: 100 | D18: 0 | E18: =SUM(B18*D18) -> 0
A19: Toilet Rooms and Bathrooms (Cont. running fan): | B19: 25 | D19: 0 | E19: =SUM(B19*D19) -> 0
A20: Toilet Rooms and Bathrooms (Intermediate fan): | B20: 50 | D20: 0 | E20: =SUM(B20*D20) -> 0
A21: Public Spaces:
A22: Elevator Car: | B22: 1 | C22: 0
A23: Shower room (per shower head) (Cont. running fan): | B23: 20 | D23: 0 | E23: =SUM(B23*D23) -> 0
A24: Shower room (per shower head) (Intermediate fan): | B24: 50 | D24: 0 | E24: =SUM(B24*D24) -> 0
A25: Toilet Rooms - Public (Cont. running fan): | B25: 50 | D25: 0 | E25: =SUM(B25*D25) -> 0
A26: Toilet Rooms - Public (Intermediate fan): | B26: 70 | D26: 0 | E26: =SUM(B26*D26) -> 0
A27: Retail Stores, Sales Floors and Showroom Floors:
A28: Dressing Rooms: | B28: 0.25 | C28: 0 | E28: =SUM(B28*C28) -> 0
A29: Specialty Shops:
A30: Auto Motor fuel-dispensing station: | B30: 1.5 | C30: 0 | E30: =SUM(B30*C30) -> 0
A31: Barber: | B31: 0.5 | C31: 0 | E31: =SUM(B31*C31) -> 0
A32: Beauty Salon: | B32: 0.6 | C32: 0 | E32: =SUM(B32*C32) -> 0
A33: Embalming Room: | B33: 2 | C33: 0 | E33: =SUM(B33*C33) -> 0
A34: Nail Salon: | B34: 0.6 | C34: 0 | E34: =SUM(B34*C34) -> 0
A35: Pet Shops (Animal area): | B35: 0.9 | C35: 0 | E35: =SUM(B35*C35) -> 0
A36: Sports and Amusement:
A37: Ice Arenas without Combustion Engines: | B37: 0.5 | C37: 0 | E37: =SUM(B37*C37) -> 0
A38: Storage:
A39: Repair garages, Enclosed parking garages: | B39: 0.75 | C39: 0 | E39: =SUM(B39*C39) -> 0
A40: Workrooms:
A41: Copy, Printing rooms | B41: 0.5 | C41: 0 | E41: =SUM(B41*C41) -> 0
A42: Darkrooms: | B42: 1 | C42: 0 | E42: =SUM(B42*C42) -> 0
A44: Total Exhaust Required: | B44: =SUM(E4+E6+E7+E8+E9+E10+E12+E14+E16+E18+E20+E24+E26+E28+E30+E31+E32+E33+E34+E35+E37+E39+E41+E42) -> 0 | C44: CFM

Sheet 2024 IMC Exhaust Rqmts
A1: IMC Table 403.3.1.1
A2: Occupancy Classification: | B2: Exhaust Rate: | C2: Square Footage: | D2: # of Fixtures: | E2: Exhaust CFM Required:
A3: Animal Facilities
A4: Animal Imaging (MR/CT/PET): | B4: 0.9 | C4: 0 | E4: =SUM(B4*C4) -> 0
A5: Animal Operating Room: | B5: 3 | C5: 0 | E5: =SUM(B5*C5) -> 0
A6: Animal PostOp Recovery Room: | B6: 1.5 | C6: 0 | E6: =SUM(B6*C6) -> 0
A7: Animal Preperation Room: | B7: 1.5 | C7: 0 | E7: =SUM(B7*C7) -> 0
A8: Animal Procedure Room: | B8: 2.25 | C8: 0 | E8: =SUM(B8*C8) -> 0
A9: Animal Surgery Scrub: | B9: 1.5 | C9: 0 | E9: =SUM(B9*C9) -> 0
A10: Large-Animal Holding Room: | B10: 2.25 | C10: 0 | E10: =SUM(B10*C10) -> 0
A11: Necropsy: | B11: 2.25 | C11: 0 | E11: =SUM(B11*C11) -> 0
A12: Small-Animal Cage Room (Static Cages): | B12: 2.25 | C12: 0 | E12: =SUM(B12*C12) -> 0
A13: Small-Animal Cage Room (Ventilated Cages): | B13: 1.5 | C13: 0 | E13: =SUM(B13*C13) -> 0
A14: Correction Facilities:
A15: Cells W/ Plumbing Fixtures: | B15: 1 | C15: 0 | E15: =SUM(B15*C15) -> 0
A16: Education:
A17: Art Classroom: | B17: 0.7 | C17: 0 | E17: =SUM(B17*C17) -> 0
A18: Locker/Dressing Rooms: | B18: 0.25 | C18: 0 | E18: =SUM(B18*C18) -> 0
A19: Science Laboratories: | B19: 1 | C19: 0 | E19: =SUM(B19*C19) -> 0
A20: Sports Locker Rooms: | B20: 0.5 | C20: 0 | E20: =SUM(B20*C20) -> 0
A21: Wood / Metal Shops: | B21: 0.5 | C21: 0 | E21: =SUM(B21*C21) -> 0
A22: Food and Beverage:
A23: Kitchens (cooking): | B23: 0.7 | C23: 0 | E23: =SUM(B23*C23) -> 0
A24: Hotels, Motels, Resorts, and Dormatories:
A25: Bathrooms/Toilet - Private (Cont. Running Fan): | B25: 25 | D25: 0 | E25: =SUM(B25*D25) -> 0
A26: Bathrooms/Toilet - Private (Intermediate Fan): | B26: 50 | D26: 0 | E26: =SUM(B26*D26) -> 0
A27: Private Dwellings, Single and Multiple:
A28: Garages, common for multi units: | B28: 0.75 | C28: 0 | E28: =SUM(B28*C28) -> 0
A29: Kitchens (Cont. Running Fan): | B29: 50 | D29: 0 | E29: =SUM(B29*D29) -> 0
A30: Kitchens (Intermediate Fan): | B30: 100 | D30: 0 | E30: =SUM(B30*D30) -> 0
A31: Toilet Rooms and Bathrooms (Cont. Running Fan): | B31: 25 | D31: 0 | E31: =SUM(B31*D31) -> 0
A32: Toilet Rooms and Bathrooms (Intermediate Fan): | B32: 50 | D32: 0 | E32: =SUM(B32*D32) -> 0
A33: Public Spaces:
A34: Elevator Car: | B34: 1 | C34: 0
A35: Room with adult changing station (Cont. Running Fan): | B35: 50 | D35: 0 | E35: =SUM(B35*D35) -> 0
A36: Room with adult changing station (Intermediate Fan): | B36: 70 | D36: 0 | E36: =SUM(B36*D36) -> 0
A37: Shower room (per shower head) (Cont. Running Fan): | B37: 20 | D37: 0 | E37: =SUM(B37*D37) -> 0
A38: Shower room (per shower head) (Intermediate Fan): | B38: 50 | D38: 0 | E38: =SUM(B38*D38) -> 0
A39: Toilet Rooms - Public (Cont. Running Fan): | B39: 50 | D39: 0 | E39: =SUM(B39*D39) -> 0
A40: Toilet Rooms - Public (Intermediate Fan): | B40: 70 | D40: 0 | E40: =SUM(B40*D40) -> 0
A41: Retail Stores, Sales Floors and Showroom Floors:
A42: Dressing Rooms: | B42: 0.25 | C42: 0 | E42: =SUM(B42*C42) -> 0
A43: Specialty Shops:
A44: Auto Motor fuel-dispensing station: | B44: 1.5 | C44: 0 | E44: =SUM(B44*C44) -> 0
A45: Barber: | B45: 0.5 | C45: 0 | E45: =SUM(B45*C45) -> 0
A46: Beauty Salon: | B46: 0.6 | C46: 0 | E46: =SUM(B46*C46) -> 0
A47: Embalming Room: | B47: 2 | C47: 0 | E47: =SUM(B47*C47) -> 0
A48: Nail Salon: | B48: 0.6 | C48: 0 | E48: =SUM(B48*C48) -> 0
A49: Pet Shops (Animal area): | B49: 0.9 | C49: 0 | E49: =SUM(B49*C49) -> 0
A50: Sports and Amusement:
A51: Ice Arenas without Combustion Engines: | B51: 0.5 | C51: 0 | E51: =SUM(B51*C51) -> 0
A52: Storage:
A53: Repair garages, Enclosed parking garages: | B53: 0.75 | C53: 0 | E53: =SUM(B53*C53) -> 0
A54: Workrooms:
A55: Copy, Printing rooms | B55: 0.5 | C55: 0 | E55: =SUM(B55*C55) -> 0
A56: Darkrooms: | B56: 1 | C56: 0 | E56: =SUM(B56*C56) -> 0
A58: Total Exhaust Required: | B58: =SUM(N19+E17+E18+E19+E20+E21+E23+E26+E28+E30+E32+E38+E40+E42+E44+E45+E46+E47+E48+E49+E51+E53+E55+E56) -> 0 | C58: CFM

Sheet 2009 - 2021 UMC Exhaust Rqmts
A1: UMC Table 403.7
A2: Occupancy Classification: | B2: Exhaust Rate: | C2: Square Footage: | D2: # of Fixtures: | E2: Exhaust CFM Required:
A3: Arenas: | B3: 0.5 | C3: 0 | E3: =SUM(B3*C3) -> 0
A4: Art Classrooms: | B4: 0.7 | C4: 0 | E4: =SUM(B4*C4) -> 0
A5: Auto Repair Rooms: | B5: 1.5 | C5: 0 | E5: =SUM(B5*C5) -> 0
A6: Barber Shops: | B6: 0.5 | C6: 0 | E6: =SUM(B6*C6) -> 0
A7: Beauty and Nail Salons: | B7: 0.6 | C7: 0 | E7: =SUM(B7*C7) -> 0
A8: Cell with toilet: | B8: 1 | C8: 0 | E8: =SUM(B8*C8) -> 0
A9: Copy, Printing rooms: | B9: 0.5 | C9: 0 | E9: =SUM(B9*C9) -> 0
A10: Darkrooms: | B10: 1 | C10: 0 | E10: =SUM(B10*C10) -> 0
A11: Educational Science Laboratories: | B11: 1 | C11: 0 | E11: =SUM(B11*C11) -> 0
A12: Janitor closet, Trash rooms, recylcing: | B12: 1 | C12: 0 | E12: =SUM(B12*C12) -> 0
A13: Kitchens - Commercial: | B13: 0.7 | C13: 0 | E13: =SUM(B13*C13) -> 0
A14: Kitchenettes: | B14: 0.3 | C14: 0 | E14: =SUM(B14*C14) -> 0
... A21: Woodowork shop/classrooms: | B21: 0.5 | C21: 0 | E21: =SUM(B21*C21) -> 0
A22: Bathroom - Private (Cont. running fan): | B22: 25 | D22: 0 | E22: =SUM(B22*D22) -> 0
A23: Bathroom - Private (Intermediate fan): | B23: 50 | D23: 0 | E23: =SUM(B23*D23) -> 0
A24: Shower rooms - per head (Cont. running fan): | B24: 20 | D24: 0 | E24: =SUM(B24*D24) -> 0
A25: Shower rooms - per head (Intermediate fan): | B25: 50 | D25: 0 | E25: =SUM(B25*D25) -> 0
A26: Residential Kitchens (Cont. running fan): | B26: 50 | D26: 0 | E26: =SUM(B26*D26) -> 0
A27: Residential Kitchens (Intermediate fan): | B27: 100 | D27: 0 | E27: =SUM(B27*D27) -> 0
A28: Toilets - Public (Cont. running fan): | B28: 50 | D28: 0 | E28: =SUM(B28*D28) -> 0
A29: Toilets - Public: | B29: 70 | D29: 0 | E29: =SUM(B29*D29) -> 0
A31: Total Exhaust Required: | B31: =SUM(E3:E29) -> 0 | C31: CFM

Sheet 2024 UMC Exhaust Rqmts
A1: UMC Table 403.7
A2: Occupancy Classification: | B2: Exhaust Rate: | C2: Square Footage: | D2: # of Fixtures: | E2: Exhaust CFM Required:
A3: Animal Imaging (MRI/CT/PET): | B3: 0.9 | C3: 0 | E3: =SUM(B3*C3) -> 0
A4: Animal Operating Rooms: | B4: 3 | C4: 0 | E4: =SUM(B4*C4) -> 0
A5: Animal PostOp Recovery Room: | B5: 1.5 | C5: 0 | E5: =SUM(B5*C5) -> 0
A6: Animal Preperation Rooms: | B6: 1.5 | C6: 0 | E6: =SUM(B6*C6) -> 0
A7: Animal Procedure Room: | B7: 2.25 | C7: 0 | E7: =SUM(B7*C7) -> 0
A8: Animal Surgery Scrub: | B8: 1.5 | C8: 0 | E8: =SUM(B8*C8) -> 0
A9: Large Animal Holding Room: | B9: 2.25 | C9: 0 | E9: =SUM(B9*C9) -> 0
A10: Necropsy: | B10: 2.25 | C10: 0 | E10: =SUM(B10*C10) -> 0
A11: Small-Animal Cage Room (Static Cages): | B11: 2.25 | C11: 0 | E11: =SUM(B11*C11) -> 0
A12: Snall-Animal Cage Room (Ventilated Cages): | B12: 1.5 | C12: 0 | E12: =SUM(B12*C12) -> 0
A13: Arenas: | B13: 0.5 | C13: 0 | E13: =SUM(B13*C13) -> 0
A14: Art Classrooms: | B14: 0.7 | C14: 0 | E14: =SUM(B14*C14) -> 0
... A31: Woodowork shop/classrooms: | B31: 0.5 | C31: 0 | E31: =SUM(B31*C31) -> 0
A32: Bathroom - Private (Cont. Running Fan): | B32: 25 | D32: 0 | E32: =SUM(B32*D32) -> 0
A33: Bathroom - Private (Intermediate Fan): | B33: 50 | D33: 0 | E33: =SUM(B33*D33) -> 0
A34: Shower rooms (Per Head) (Cont. Running Fan): | B34: 20 | D34: 0 | E34: =SUM(B34*D34) -> 0
A35: Shower rooms (Per Head) (Intermediate Fan): | B35: 50 | D35: 0 | E35: =SUM(B35*D35) -> 0
A36: Residential Kitchens (Cont. Running Fan): | B36: 50 | D36: 0 | E36: =SUM(B36*D36) -> 0
A37: Residential Kitchens (Intermediate Fan): | B37: 100 | D37: 0 | E37: =SUM(B37*D37) -> 0
A38: Toilets - Public (Cont. Running Fan): | B38: 50 | D38: 0 | E38: =SUM(B38*D38) -> 0
A39: Toilets - Public (Intermediate Fan): | B39: 70 | D39: 0 | E39: =SUM(B39*D39) -> 0
A41: Total Exhaust Required: | B41: =SUM(E13:E39) -> 0 | C41: CFM
