Workbook

Sheet Snow Load Conversion
A1: =IF(S7>S6,"ROOF SNOW LOAD (Low Slope), Pm",IF(D13>=15,"ROOF SNOW LOAD (Low Slope), Ps","ROOF SNOW LOAD (Low Slope), Pf")) -> ROOF SNOW LOAD (Low Slope), Pf
B3: Building Width: | C3: 24 | E3: Building Length: | F3: 60 | H3: Roof Slope: | I3: Transverse/Complex | K3: ASCE 7-10: | L3: 2012, 2015 IBC | P3: ASCE 7-10 | S3: =IF(AND(AND(D12<=7),I5=P5,D9<=1.1),0.7*D7*D9*D11*D5,IF(AND(AND(D12<=8),I5=P5,D9<=1.1),0.9*(0.7*D7*D9*D11*D5),IF(AND(AND(D12<=9),I5=P5,D9<=1.1),0.85*(0.7*D7*D9*D11*D5),IF(AND(AND(D12<=10),I5=P5,D9<=1.1),0.78*(0.7*D7*D9*D11*D5),IF(AND(AND(D12<=11),I5=P5,D9<=1.1),0.7*(0.7*D7*D9*D11*D5),IF(AND(AND(D12<=12),I5=P5,D9<=1.1),0.6*(0.7*D7*D9*D11*D5),IF(AND(AND(AND(D12<=9),I5=P5),D9>1.1,D9<1.2),0.7*D7*D9*D11*D5,IF(AND(AND(AND(D12<=10),I5=P5),D9>1.1,D9<1.2),0.95*(0.7*D7*D9*D11*D5),IF(AND(AND(AND(D12<=11),I5=P5),D9>1.1,D9<1.2),0.85*(0.7*D7*D9*D11*D5),IF(AND(AND(AND(D12<=12),I5=P5),D9>1.1,D9<1.2),0.75*(0.7*D7*D9*D11*D5),IF(AND(I5=P5,D9>=1.2),0.7*D7*D9*D11*D5,0.7*D7*D9*D11*D5))))))))))) -> 34.986 | T3: <---Cs formulas for sloped roofs (Not used) (Formulas for top portion)
K4: ASCE 7-16: | L4: 2018, 2021 IBC | P4: ASCE 7-16 | S4: =IF(AND(AND(D12<=7),I5=P5,D9<=1.1),(D22/(0.7*D7*D9*D11)),IF(AND(AND(D12<=8),I5=P5,D9<=1.1),(D22/(0.9*(0.7*D7*D9*D11))),IF(AND(AND(D12<=9),I5=P5,D9<=1.1),(D22/(0.85*(0.7*D7*D9*D11))),IF(AND(AND(D12<=10),I5=P5,D9<=1.1),(D22/(0.78*(0.7*D7*D9*D11))),IF(AND(AND(D12<=11),I5=P5,D9<=1.1),(D22/(0.7*(0.7*D7*D9*D11))),IF(AND(AND(D12<=12),I5=P5,D9<=1.1),(D22/(0.6*(0.7*D7*D9*D11))),IF(AND(AND(AND(D12<=9),I5=P5),D9>1.1,D9<1.2),(D22/(0.7*D7*D9*D11)),IF(AND(AND(AND(D12<=10),I5=P5),D9>1.1,D9<1.2),(D22/(0.95*(0.7*D7*D9*D11))),IF(AND(AND(AND(D12<=11),I5=P5),D9>1.1,D9<1.2),(D22/(0.85*(0.7*D7*D9*D11))),IF(AND(AND(AND(D12<=12),I5=P5),D9>1.1,D9<1.2),(D22/(0.75*(0.7*D7*D9*D11))),IF(AND(I5=P5,D9>=1.2),(D22/(0.7*D7*D9*D11)),(D22/(0.7*D7*D9*D11))))))))))))) -> 36.014406 | T4: <---Cs formulas for sloped roofs (Not used) (Formulas for bottom portion)
C5: Design Ground Snow Load (Pg) = | D5: 42 | E5: psf | H5: ASCE Year: | I5: ASCE 7-22 | K5: ASCE 7-22: | L5: 2024 IBC, FL, VA | P5: ASCE 7-22
C6: Wind Exposure = | D6: C | S6: =SUM(0.7*D7*D9*D11*D5) -> 34.986 | T6: <---Formula for Pf
C7: Exposure (Ce) = | D7: =P31 -> 1 | H7: Roof Insulation Value (R): | I7: 50 | J7: <--Round up to nearest value | S7: =IF(D13>15,0,IF(AND(AND(D10="I"),I5=P5,D13<=15),25,IF(AND(AND(D10="ii"),I5=P5,D13<=15),30,IF(AND(AND(D10="iii"),I5=P5,D13<=15),35,IF(AND(AND(D10="iv"),I5=P5,D13<=15),40,IF(AND(D13<=15,D5<=20),D5*D11,20*D11)))))) -> 30 | T7: <---Formula for Pm
C8: Ventilate Roof?: | D8: No | S8: =IF(AND(D5<10,I5=P5),1.2,IF(AND(I5=P5,D8="yes"),1.2,IF(AND(AND(AND(I5=P5),D8="no"),P21=0,D5>70),INDEX(Y14:Y17,MATCH(P19,P14:P17,0)),IF(AND(AND(I5=P5),D8="no",P21=0),INDEX(R14:X17,MATCH(I7,P14:P17,0),MATCH(D5,R13:Y13,0)),IF(AND(I5=P5,D8="no"),P21,IF(AND(OR(I5=P3,I5=P4,I5=P5),D8="yes"),1.1,1)))))) -> 1.19 | T8: <---Formula for Ct
C9: Thermal Factor (Ct) = | D9: =S8 -> 1.19 | I9: *Default Wind Eposure C if information is unknown | S9: =IF(D10="I",0.8,IF(D10="II",1,IF(D10="III",1.1,IF(D10="IV",1.2)))) -> 1 | T9: <---Formula for Is
C10: Risk Category = | D10: II | I10: *Default Risk Category II if information is unknown | S10: =IF(AND(AND(I5=P5),S6<S7,D13<D16/50),8,IF(AND(AND(OR(I5=P3,I5=P4)),S6<S7,D13<D16/50),5,0)) -> 0 | T10: <---Formula Rain-on-Snow Surcharge
C11: Importance Factor (Is) = | D11: =IF(D10="I",0.8,IF(D10="II",1,IF(D10="III",1.1,IF(D10="IV",1.2)))) -> 1 | I11: *See next tab for Wind Exposure and Risk Category descriptions
C12: Enter Roof Slope (decimals) = | D12: 0.25 | E12: in 12 (Max 3:12) | P12: Thermal Factor, Ct for Heated structures with Unventilated Roofs (Table 7.3-3 of ASCE 7-22)
C13: Roof Slope (Degrees) = | D13: =ATAN(D12/12)*(180/PI()) -> 1.1934894 | P13: Rroof | Q13: Uroof | R13: 10 | S13: 20 | T13: 30 | U13: 40 | V13: 50 | W13: 60 | X13: 70 | Y13: 105
C14: Roof Snow Load (Pf) = | D14: =S6+D17 -> 34.986 | E14: psf | P14: 20 | Q14: =1/P14 -> 0.05 | R14: 1.2 | S14: 1.11 | T14: 1.05 | U14: 1.01 | V14: 1 | W14: 1 | X14: 1 | Y14: 1
C15: Min. Roof Snow Load (Pm) = | D15: =S7 -> 30 | E15: psf | P15: 30 | Q15: =1/P15 -> 0.033333333 | R15: 1.2 | S15: 1.17 | T15: 1.14 | U15: 1.13 | V15: 1.12 | W15: 1.11 | X15: 1.1 | Y15: 1.1
C16: Eave to Ridge Distance = | D16: =IF(I3="transverse/complex",F3/2,IF(I3="single slope",F3,IF(I3="mono (dbl. wide)",C3/2,C3))) -> 30 | E16: ft | P16: 40 | Q16: =1/P16 -> 0.025 | R16: 1.2 | S16: 1.19 | T16: 1.17 | U16: 1.16 | V16: 1.16 | W16: 1.15 | X16: 1.15 | Y16: 1.15
C17: Rain-on-Snow Surcharge Load = | D17: =S10 -> 0 | E17: psf | P17: 50 | Q17: =1/P17 -> 0.02 | R17: 1.2 | S17: 1.2 | T17: 1.19 | U17: 1.19 | V17: 1.19 | W17: 1.18 | X17: 1.18 | Y17: 1.18
C18: =IF(D13>15,"Calculated Roof Snow Load (Ps) =",IF(S7<S6,"Calculated Roof Snow Load (Pf) =","Calculated Roof Snow Load (Pm) =")) -> Calculated Roof Snow Load (Pf) = | D18: =MAX(S6,S7) -> 34.986 | E18: psf | Q18: Row | R18: <--Interpolated values -->
C19: =IF(D13>15,"(Ps = CsPf)",IF(S7<S6,"(Pf = 0.7PgCeCtIs)",IF(S7=S6,"(Pf = Pg x Ce x Ct x I x 0.7)",IF(AND(I5=P5,S7>S6),"(Pm=Pm,max)","(Pm=IsPg)")))) -> (Pf = 0.7PgCeCtIs) | O19: Using R = | P19: =I7 -> 50 | Q19: =IF(P19<P14,1,IF(P19<P15,2,IF(P19<P16,3,4))) -> 4 | R19: =CHOOSE($Q$19-1,R14,R15,R16,R17)+(CHOOSE($Q$19,R14,R15,R16,R17)-CHOOSE($Q$19-1,R14,R15,R16,R17))*($P$19-CHOOSE($Q$19-1,$P$14,$P$15,$P$16,$P$17))/(CHOOSE($Q$19,$P$14,$P$15,$P$16,$P$17)-CHOOSE($Q$19-1,$P$14,$P$15,$P$16,$P$17)) -> 1.2 | S19: =CHOOSE($Q$19-1,S14,S15,S16,S17)+(CHOOSE($Q$19,S14,S15,S16,S17)-CHOOSE($Q$19-1,S14,S15,S16,S17))*($P$19-CHOOSE($Q$19-1,$P$14,$P$15,$P$16,$P$17))/(CHOOSE($Q$19,$P$14,$P$15,$P$16,$P$17)-CHOOSE($Q$19-1,$P$14,$P$15,$P$16,$P$17)) -> 1.2 | T19: =CHOOSE($Q$19-1,T14,T15,T16,T17)+(CHOOSE($Q$19,T14,T15,T16,T17)-CHOOSE($Q$19-1,T14,T15,T16,T17))*($P$19-CHOOSE($Q$19-1,$P$14,$P$15,$P$16,$P$17))/(CHOOSE($Q$19,$P$14,$P$15,$P$16,$P$17)-CHOOSE($Q$19-1,$P$14,$P$15,$P$16,$P$17)) -> 1.19 | U19: =CHOOSE($Q$19-1,U14,U15,U16,U17)+(CHOOSE($Q$19,U14,U15,U16,U17)-CHOOSE($Q$19-1,U14,U15,U16,U17))*($P$19-CHOOSE($Q$19-1,$P$14,$P$15,$P$16,$P$17))/(CHOOSE($Q$19,$P$14,$P$15,$P$16,$P$17)-CHOOSE($Q$19-1,$P$14,$P$15,$P$16,$P$17)) -> 1.19 | V19: =CHOOSE($Q$19-1,V14,V15,V16,V17)+(CHOOSE($Q$19,V14,V15,V16,V17)-CHOOSE($Q$19-1,V14,V15,V16,V17))*($P$19-CHOOSE($Q$19-1,$P$14,$P$15,$P$16,$P$17))/(CHOOSE($Q$19,$P$14,$P$15,$P$16,$P$17)-CHOOSE($Q$19-1,$P$14,$P$15,$P$16,$P$17)) -> 1.19 | W19: =CHOOSE($Q$19-1,W14,W15,W16,W17)+(CHOOSE($Q$19,W14,W15,W16,W17)-CHOOSE($Q$19-1,W14,W15,W16,W17))*($P$19-CHOOSE($Q$19-1,$P$14,$P$15,$P$16,$P$17))/(CHOOSE($Q$19,$P$14,$P$15,$P$16,$P$17)-CHOOSE($Q$19-1,$P$14,$P$15,$P$16,$P$17)) -> 1.18 | X19: =CHOOSE($Q$19-1,X14,X15,X16,X17)+(CHOOSE($Q$19,X14,X15,X16,X17)-CHOOSE($Q$19-1,X14,X15,X16,X17))*($P$19-CHOOSE($Q$19-1,$P$14,$P$15,$P$16,$P$17))/(CHOOSE($Q$19,$P$14,$P$15,$P$16,$P$17)-CHOOSE($Q$19-1,$P$14,$P$15,$P$16,$P$17)) -> 1.18 | Y19: =CHOOSE($Q$19-1,Y14,Y15,Y16,Y17)+(CHOOSE($Q$19,Y14,Y15,Y16,Y17)-CHOOSE($Q$19-1,Y14,Y15,Y16,Y17))*($P$19-CHOOSE($Q$19-1,$P$14,$P$15,$P$16,$P$17))/(CHOOSE($Q$19,$P$14,$P$15,$P$16,$P$17)-CHOOSE($Q$19-1,$P$14,$P$15,$P$16,$P$17)) -> 1.18
A20: ROOF SNOW LOAD TO GROUND LOAD CONVERSION | O20: Pg = | P20: =D5 -> 42 | R20: =IF(AND(($P$20-R13)<10,$P$20>R13),R19+(S19-R19)*($P$20-R13)/(S13-R13),"") | S20: =IF(AND(($P$20-S13)<10,$P$20>S13),S19+(T19-S19)*($P$20-S13)/(T13-S13),"") | T20: =IF(AND(($P$20-T13)<10,$P$20>T13),T19+(U19-T19)*($P$20-T13)/(U13-T13),"") | U20: =IF(AND(($P$20-U13)<10,$P$20>U13),U19+(V19-U19)*($P$20-U13)/(V13-U13),"") -> 1.19 | V20: =IF(AND(($P$20-V13)<10,$P$20>V13),V19+(W19-V19)*($P$20-V13)/(W13-V13),"") | W20: =IF(AND(($P$20-W13)<10,$P$20>W13),W19+(X19-W19)*($P$20-W13)/(X13-W13),"") | X20: =IF(AND(($P$20-X13)<10,$P$20>X13),X19+(Y19-X19)*($P$20-X13)/(Y13-X13),"")
O21: Use Ct= | P21: =IF(I7=">50",1.2,SUM(R20:X20)) -> 1.19
C22: Roof Snow Load = | D22: 30 | E22: psf | F22: Note: Values above need to be adjusted accordingly (Cells D6, D8, D10 & D12)
C23: Ground Snow Load = | D23: =SUM((D22)/(0.7*D7*D9*D11)) -> 36.014406 | E23: psf
P24: Table 7.3-1. Exposure Factor, Ce
Q25: Fully | R25: Partial | S25: Sheltered
P26: B | Q26: 0.9 | R26: 1 | S26: 1.2
P27: C | Q27: 0.9 | R27: 1 | S27: 1.1
P28: D | Q28: 0.8 | R28: 0.9 | S28: 1
P30: Partial | Q30: <--Default is Partially Exposed
P31: =INDEX(Q26:S28,MATCH(D6,P26:P28,0),MATCH(P30,Q25:S25,0)) -> 1 | Q31: <--Formula changes based on Exposure above

Sheet Risk Cat. - Exposure
A1: Risk Category | B1: Nature of Occupancy | E1: Note: RED is new to the 2024 IBC
A2: I | B2: Buildings and other structures that represent a low hazard to human life in the event of failure, including bu not limited to: | D2: <---Risk Cat. I is very rare
C3: -Agricultural facilities.
C4: -Certain temporary facilities
C5: -Minor storage facilities
A6: II | B6: Buildings and other structures except thos listed in Risk Categories I, III and IV. | D6: <---Most common risk Category
A7: III | B7: Buildings and other structures that represent a substantial hazard to human life in the event of failure, including but not limited to:
C8: -Florida State Funded Educational Facilities (SREF) | D8: <---Common Item
C9: -Buildings and other structures whose primary occupancy is public assembly with an occupant load greater than 300. | D9: <---Common Item
C10: -Buildings and other structures containing one or more public assembly spaces, each having an occupant load greater than 300 and a cumulative occupant load of these public assembly spaces greater than 2,500.
C11: -Buildings and other structures containing E or Group I-4 occupancies or conbination thereof, with an occupant load greater than 250. | D11: <---Common Item
C12: -Buildings and other structures containing educational occupancies for strudents above the 12th grade with an occupant load greater than 500.
C13: -Group I-3, Condition 1 occupancies.
C14: -Any other occupancy with an occupant load greater than 5,000.
C15: -Power-generating stations with individual power units rated 75 Mwac (magawatts, alternating current) or greater, water treatment facilities for potable water, wasstewater treatment facilities and other public utility facilities not included in Risk Cat. IV.
C16: -Buildings and other structures not included in Risk Cat. IV containing quantities or toxic or explosive materials that:
C17: 1. Exceed maximum allowable quantities per control area as given in Table 307.1(1) or 307.1(2) per outdoor control area in accordance with the IFC.
C18: 2. Are sufficient to pose a threat to the public if realeased.
A19: IV | B19: Buildings and other structures designated as essential facilities and buildings where loss of function represents a substantial hazard to occupants or users, including but not limited to:
C20: -Group I-2, Condition 2 occupancies.
C21: -Ambulatory care facilities having emergency surgery or emergency treatment facilities.
C22: -Group I-3 occupancies other than Condition 1.
C23: -Fire, rescue, ambulance and police stations and emergency vehicle garages. | D23: <---Apply to fire station(s) sleeping quarters
C24: -Designated eartquake, hurricane or other emergency shelters.
C25: -Public utility facilities providing power generation, potable water treatment, or wastewater treatment.
C26: -Power-generating stations and other public utility facilities required as emergency backup facilties required for emergency response.
C27: -Buildings and other structures containing quantities of highly toxic materials that:
C28: 1. Exceed maximum allowable quantities per control area as given in Table 307.1(2) per outdoor control area in accordance with the IFC.
C29: 2. Are sufficient to pose a threat to the public if realeased.
C30: -Aviation control towers, air traffic control centers and emergency aircraft hangers.
C31: -Buildings and other structures having critical national defense functions.
C32: -Water storage facilities and pump structures required to maintain water pressure for fire suppression.
A35: Wind Exposure Categories:
A36: Exposure: | B36: Description | D36: Example:
A37: B | B37: -For buildings with a mean roof height of less than 30 feet. | D37: Terrain with numerous, closely spaced obstructions that have the sinze of single-family dwellings ro larger.
B38: -Where ground surface roughness, as defined by Surface Roughness B, prevails in the upwind direction for a distance or not less than 1,500 feet.
B39: -Buildings with a mean roof height greater than 30 feert, exposure B shall apoply where Surface Roughness B prevails in the upwind direction for a distance of not less than 2,600 feet or 20 times the height of the building, whichever is greater. | D39: -Urban and suburban areas and wooded areas.
A40: C | B40: -Expsosure C shall apply for all cases where Exposure B or D does not apply. | D40: Open terrain with scattered obstructions that have heights gennerally less than 30 feet. | K40: <---Most common Wind Exposure
D41: -Flat, open country.
D42: -Grasslands.
A43: D | B43: -Where the ground surface roughness, as defined by Surface Roughness D, prevails in the upwind direction for a distance of not less than 5,000 feet or 20 times the height of the building, whichever is greater. | D43: Flat, unobstructed areas and water surfaces.
D44: -Smooth mud flats.
B45: -Where the ground surface roughness immediatley upwind of the sire if B or C, and the site is withing a distance of 600 fee or 20 times the building height, whichever is greater. | D45: -Salt flats.
D46: -Unbroken ice.

Sheet Sheet1
C3: Snow Density (g): | D3: =IF(0.13*'Snow Load Conversion'!D5+14>30,30,0.13*'Snow Load Conversion'!D5+14) -> 19.46 | E3: pcf
C4: Balanced Snow Load (hb): | D4: =SUM('Snow Load Conversion'!D18/Sheet1!D3) -> 1.7978417 | E4: ft.
C5: Obstruction (Parapet) Ht: | D5: 3 | E5: ft.
C6: Clear Ht (hc): | D6: =IF(D5=0,0,IF(D5-D4<=0,0,D5-D4)) -> 1.2021583
C7: Leeward Drift (hd): | D7: =IF(D5=0,0,SUM(0.43*'Snow Load Conversion'!F3^(1/3)*('Snow Load Conversion'!D5+10)^(1/4)-1.5)) -> 3.020499 | E7: ft.
C8: hw | D8: =IF(D5=0,0,SUM(0.75*(0.43*'Snow Load Conversion'!C3^(1/3)*('Snow Load Conversion'!D5+10)^(1/4)-1.5))) -> 1.3730491 | E8: ft.
C9: Design Drift Ht (hd): | D9: =MIN(D7,D8,D6) -> 1.2021583
C10: Ratio (hc/hb): | D10: =SUM(D6/D4) -> 0.66866747 | E10: =IF(D10>=0.2,"Snow drifts required to be applied","") -> Snow drifts required to be applied
C11: Drift Length: | D11: =IF(D9<=D6,4*D9,4*D9^2/D6) -> 4.8086331
C12: Wt. of Drift at Heigh End (pd): | D12: =D9*D3 -> 23.394
C13: Rain-On-Snow Surch (prs): | D13: ='Snow Load Conversion'!D17 -> 0
C14: Balanced Snow Load pf(bal): | D14: =MAX('Snow Load Conversion'!D18,'Snow Load Conversion'!D5) -> 42
C15: Total Snow Load p(total): | D15: =SUM(D14+D12) -> 65.394

Sheet AK Ground - Snow Loads
A1: ALASKA GROUND SNOW LOAD REQUIREMENTS | K1: =SUM(D4-500)*0.15 -> 0
A2: CITY / TOWN: | B2: GROUND SNOW LOAD REQUIREMENT (lb/ft2): | C2: MIN. ROOF SNOW LOAD (lb/ft2): | D2: ELEVATION: | K2: =SUM(D25-500)*0.15 -> 0 | L2: (Pm) | M2: (Pf)
A3: Adak | B3: =IF(AND('Snow Load Conversion'!I5='Snow Load Conversion'!P5,'Snow Load Conversion'!D10="I"),32,IF(AND('Snow Load Conversion'!I5='Snow Load Conversion'!P5,'Snow Load Conversion'!D10="II"),40,IF(AND('Snow Load Conversion'!I5='Snow Load Conversion'!P5,'Snow Load Conversion'!D10="III"),46,IF(AND('Snow Load Conversion'!I5='Snow Load Conversion'!P5,'Snow Load Conversion'!D10="IV"),50,30)))) -> 40 | C3: =MAX(L3,M3) -> 33.32 | D3: 100 | E3: *Enter information on Snow Load Conversion Tab | L3: =IF(AND(AND('Snow Load Conversion'!D10="I"),'Snow Load Conversion'!I5='Snow Load Conversion'!P5,'Snow Load Conversion'!D13<=15),25,IF(AND(AND('Snow Load Conversion'!D10="ii"),'Snow Load Conversion'!I5='Snow Load Conversion'!P5,'Snow Load Conversion'!D13<=15),30,IF(AND(AND('Snow Load Conversion'!D10="iii"),'Snow Load Conversion'!I5='Snow Load Conversion'!P5,'Snow Load Conversion'!D13<=15),35,IF(AND(AND('Snow Load Conversion'!D10="iv"),'Snow Load Conversion'!I5='Snow Load Conversion'!P5,'Snow Load Conversion'!D13<=15),40,IF(B3<=20,B3*'Snow Load Conversion'!D11,20*'Snow Load Conversion'!D11))))) -> 30 | M3: =(0.7*'Snow Load Conversion'!D7*'Snow Load Conversion'!D9*'Snow Load Conversion'!D11*B3)+'Snow Load Conversion'!D17 -> 33.32 | O3: Additioanl Ground Snow Loads can be found at:
A4: Anchorage/Eagle River | B4: =IF(AND('Snow Load Conversion'!I5='Snow Load Conversion'!P5,'Snow Load Conversion'!D10="I"),64,IF(AND('Snow Load Conversion'!I5='Snow Load Conversion'!P5,'Snow Load Conversion'!D10="II"),80,IF(AND('Snow Load Conversion'!I5='Snow Load Conversion'!P5,'Snow Load Conversion'!D10="III"),92,IF(AND('Snow Load Conversion'!I5='Snow Load Conversion'!P5,'Snow Load Conversion'!D10="IV"),100,50))))+IF(D4>500,K1,0) -> 80 | C4: =MAX(L4,M4) -> 66.64 | D4: 500 | E4: <--Enter Elevation (Base: 500 feet) | L4: =IF(AND(AND('Snow Load Conversion'!D10="I"),'Snow Load Conversion'!I5='Snow Load Conversion'!P5,'Snow Load Conversion'!D13<=15),25,IF(AND(AND('Snow Load Conversion'!D10="ii"),'Snow Load Conversion'!I5='Snow Load Conversion'!P5,'Snow Load Conversion'!D13<=15),30,IF(AND(AND('Snow Load Conversion'!D10="iii"),'Snow Load Conversion'!I5='Snow Load Conversion'!P5,'Snow Load Conversion'!D13<=15),35,IF(AND(AND('Snow Load Conversion'!D10="iv"),'Snow Load Conversion'!I5='Snow Load Conversion'!P5,'Snow Load Conversion'!D13<=15),40,IF(B4<=20,B4*'Snow Load Conversion'!D11,20*'Snow Load Conversion'!D11))))) -> 30 | M4: =(0.7*'Snow Load Conversion'!D7*'Snow Load Conversion'!D9*'Snow Load Conversion'!D11*B4)+'Snow Load Conversion'!D17 -> 66.64 | O4: https://seaak.net/alaska-snow-loads
A5: =IF('Snow Load Conversion'!I5='Snow Load Conversion'!P5,"Artic Village","Angoon") -> Artic Village | B5: =IF(AND('Snow Load Conversion'!I5='Snow Load Conversion'!P5,'Snow Load Conversion'!D10="I"),38,IF(AND('Snow Load Conversion'!I5='Snow Load Conversion'!P5,'Snow Load Conversion'!D10="II"),48,IF(AND('Snow Load Conversion'!I5='Snow Load Conversion'!P5,'Snow Load Conversion'!D10="III"),55,IF(AND('Snow Load Conversion'!I5='Snow Load Conversion'!P5,'Snow Load Conversion'!D10="IV"),60,70)))) -> 48 | C5: =MAX(L5,M5) -> 39.984 | D5: 2100 | E5: *Ground Snow Loads apply to 7-10, 7-16, and 7-22 (as applicable) | L5: =IF(AND(AND('Snow Load Conversion'!D10="I"),'Snow Load Conversion'!I5='Snow Load Conversion'!P5,'Snow Load Conversion'!D13<=15),25,IF(AND(AND('Snow Load Conversion'!D10="ii"),'Snow Load Conversion'!I5='Snow Load Conversion'!P5,'Snow Load Conversion'!D13<=15),30,IF(AND(AND('Snow Load Conversion'!D10="iii"),'Snow Load Conversion'!I5='Snow Load Conversion'!P5,'Snow Load Conversion'!D13<=15),35,IF(AND(AND('Snow Load Conversion'!D10="iv"),'Snow Load Conversion'!I5='Snow Load Conversion'!P5,'Snow Load Conversion'!D13<=15),40,IF(B5<=20,B5*'Snow Load Conversion'!D11,20*'Snow Load Conversion'!D11))))) -> 30 | M5: =(0.7*'Snow Load Conversion'!D7*'Snow Load Conversion'!D9*'Snow Load Conversion'!D11*B5)+'Snow Load Conversion'!D17 -> 39.984
A6: Barrow (Utqiagvik) | B6: =IF(AND('Snow Load Conversion'!I5='Snow Load Conversion'!P5,'Snow Load Conversion'!D10="I"),32,IF(AND('Snow Load Conversion'!I5='Snow Load Conversion'!P5,'Snow Load Conversion'!D10="II"),40,IF(AND('Snow Load Conversion'!I5='Snow Load Conversion'!P5,'Snow Load Conversion'!D10="III"),46,IF(AND('Snow Load Conversion'!I5='Snow Load Conversion'!P5,'Snow Load Conversion'!D10="IV"),50,25)))) -> 40 | C6: =MAX(L6,M6) -> 33.32 | D6: 100 | L6: =IF(AND(AND('Snow Load Conversion'!D10="I"),'Snow Load Conversion'!I5='Snow Load Conversion'!P5,'Snow Load Conversion'!D13<=15),25,IF(AND(AND('Snow Load Conversion'!D10="ii"),'Snow Load Conversion'!I5='Snow Load Conversion'!P5,'Snow Load Conversion'!D13<=15),30,IF(AND(AND('Snow Load Conversion'!D10="iii"),'Snow Load Conversion'!I5='Snow Load Conversion'!P5,'Snow Load Conversion'!D13<=15),35,IF(AND(AND('Snow Load Conversion'!D10="iv"),'Snow Load Conversion'!I5='Snow Load Conversion'!P5,'Snow Load Conversion'!D13<=15),40,IF(B6<=20,B6*'Snow Load Conversion'!D11,20*'Snow Load Conversion'!D11))))) -> 30 | M6: =(0.7*'Snow Load Conversion'!D7*'Snow Load Conversion'!D9*'Snow Load Conversion'!D11*B6)+'Snow Load Conversion'!D17 -> 33.32
A7: Barter | B7: 35 | C7: =MAX(L7,M7) -> 30 | D7: 56 | L7: =IF(AND(AND('Snow Load Conversion'!D10="I"),'Snow Load Conversion'!I5='Snow Load Conversion'!P5,'Snow Load Conversion'!D13<=15),25,IF(AND(AND('Snow Load Conversion'!D10="ii"),'Snow Load Conversion'!I5='Snow Load Conversion'!P5,'Snow Load Conversion'!D13<=15),30,IF(AND(AND('Snow Load Conversion'!D10="iii"),'Snow Load Conversion'!I5='Snow Load Conversion'!P5,'Snow Load Conversion'!D13<=15),35,IF(AND(AND('Snow Load Conversion'!D10="iv"),'Snow Load Conversion'!I5='Snow Load Conversion'!P5,'Snow Load Conversion'!D13<=15),40,IF(B7<=20,B7*'Snow Load Conversion'!D11,20*'Snow Load Conversion'!D11))))) -> 30 | M7: =(0.7*'Snow Load Conversion'!D7*'Snow Load Conversion'!D9*'Snow Load Conversion'!D11*B7)+'Snow Load Conversion'!D17 -> 29.155
A8: Bethel | B8: =IF(AND('Snow Load Conversion'!I5='Snow Load Conversion'!P5,'Snow Load Conversion'!D10="I"),51,IF(AND('Snow Load Conversion'!I5='Snow Load Conversion'!P5,'Snow Load Conversion'!D10="II"),64,IF(AND('Snow Load Conversion'!I5='Snow Load Conversion'!P5,'Snow Load Conversion'!D10="III"),74,IF(AND('Snow Load Conversion'!I5='Snow Load Conversion'!P5,'Snow Load Conversion'!D10="IV"),80,40)))) -> 64 | C8: =MAX(L8,M8) -> 53.312 | D8: 100 | L8: =IF(AND(AND('Snow Load Conversion'!D10="I"),'Snow Load Conversion'!I5='Snow Load Conversion'!P5,'Snow Load Conversion'!D13<=15),25,IF(AND(AND('Snow Load Conversion'!D10="ii"),'Snow Load Conversion'!I5='Snow Load Conversion'!P5,'Snow Load Conversion'!D13<=15),30,IF(AND(AND('Snow Load Conversion'!D10="iii"),'Snow Load Conversion'!I5='Snow Load Conversion'!P5,'Snow Load Conversion'!D13<=15),35,IF(AND(AND('Snow Load Conversion'!D10="iv"),'Snow Load Conversion'!I5='Snow Load Conversion'!P5,'Snow Load Conversion'!D13<=15),40,IF(B8<=20,B8*'Snow Load Conversion'!D11,20*'Snow Load Conversion'!D11))))) -> 30 | M8: =(0.7*'Snow Load Conversion'!D7*'Snow Load Conversion'!D9*'Snow Load Conversion'!D11*B8)+'Snow Load Conversion'!D17 -> 53.312
A9: =IF('Snow Load Conversion'!I5='Snow Load Conversion'!P5,"Bettles","Big Delta") -> Bettles | B9: =IF(AND('Snow Load Conversion'!I5='Snow Load Conversion'!P5,'Snow Load Conversion'!D10="I"),102,IF(AND('Snow Load Conversion'!I5='Snow Load Conversion'!P5,'Snow Load Conversion'!D10="II"),128,IF(AND('Snow Load Conversion'!I5='Snow Load Conversion'!P5,'Snow Load Conversion'!D10="III"),147,IF(AND('Snow Load Conversion'!I5='Snow Load Conversion'!P5,'Snow Load Conversion'!D10="IV"),160,50)))) -> 128 | C9: =MAX(L9,M9) -> 106.624 | D9: 700 | L9: =IF(AND(AND('Snow Load Conversion'!D10="I"),'Snow Load Conversion'!I5='Snow Load Conversion'!P5,'Snow Load Conversion'!D13<=15),25,IF(AND(AND('Snow Load Conversion'!D10="ii"),'Snow Load Conversion'!I5='Snow Load Conversion'!P5,'Snow Load Conversion'!D13<=15),30,IF(AND(AND('Snow Load Conversion'!D10="iii"),'Snow Load Conversion'!I5='Snow Load Conversion'!P5,'Snow Load Conversion'!D13<=15),35,IF(AND(AND('Snow Load Conversion'!D10="iv"),'Snow Load Conversion'!I5='Snow Load Conversion'!P5,'Snow Load Conversion'!D13<=15),40,IF(B9<=20,B9*'Snow Load Conversion'!D11,20*'Snow Load Conversion'!D11))))) -> 30 | M9: =(0.7*'Snow Load Conversion'!D7*'Snow Load Conversion'!D9*'Snow Load Conversion'!D11*B9)+'Snow Load Conversion'!D17 -> 106.624
A10: Cantwell | B10: =IF(AND('Snow Load Conversion'!I5='Snow Load Conversion'!P5,'Snow Load Conversion'!D10="I"),109,IF(AND('Snow Load Conversion'!I5='Snow Load Conversion'!P5,'Snow Load Conversion'!D10="II"),136,IF(AND('Snow Load Conversion'!I5='Snow Load Conversion'!P5,'Snow Load Conversion'!D10="III"),156,IF(AND('Snow Load Conversion'!I5='Snow Load Conversion'!P5,'Snow Load Conversion'!D10="IV"),170,"NOT IN 7-10 OR 7-16")))) -> 136 | C10: =IF(B10="NOT IN 7-10 OR 7-16","NOT IN 7-10 OR 7-16",MAX(L10,M10)) -> 113.288 | D10: 2100 | L10: =IF(AND(AND('Snow Load Conversion'!D10="I"),'Snow Load Conversion'!I5='Snow Load Conversion'!P5,'Snow Load Conversion'!D13<=15),25,IF(AND(AND('Snow Load Conversion'!D10="ii"),'Snow Load Conversion'!I5='Snow Load Conversion'!P5,'Snow Load Conversion'!D13<=15),30,IF(AND(AND('Snow Load Conversion'!D10="iii"),'Snow Load Conversion'!I5='Snow Load Conversion'!P5,'Snow Load Conversion'!D13<=15),35,IF(AND(AND('Snow Load Conversion'!D10="iv"),'Snow Load Conversion'!I5='Snow Load Conversion'!P5,'Snow Load Conversion'!D13<=15),40,IF(B10<=20,B10*'Snow Load Conversion'!D11,20*'Snow Load Conversion'!D11))))) -> 30 | M10: =(0.7*'Snow Load Conversion'!D7*'Snow Load Conversion'!D9*'Snow Load Conversion'!D11*B10)+'Snow Load Conversion'!D17 -> 113.288
A11: Cold Bay | B11: =IF(AND('Snow Load Conversion'!I5='Snow Load Conversion'!P5,'Snow Load Conversion'!D10="I"),45,IF(AND('Snow Load Conversion'!I5='Snow Load Conversion'!P5,'Snow Load Conversion'!D10="II"),56,IF(AND('Snow Load Conversion'!I5='Snow Load Conversion'!P5,'Snow Load Conversion'!D10="III"),64,IF(AND('Snow Load Conversion'!I5='Snow Load Conversion'!P5,'Snow Load Conversion'!D10="IV"),70,25)))) -> 56 | C11: =MAX(L11,M11) -> 46.648 | D11: 100 | L11: =IF(AND(AND('Snow Load Conversion'!D10="I"),'Snow Load Conversion'!I5='Snow Load Conversion'!P5,'Snow Load Conversion'!D13<=15),25,IF(AND(AND('Snow Load Conversion'!D10="ii"),'Snow Load Conversion'!I5='Snow Load Conversion'!P5,'Snow Load Conversion'!D13<=15),30,IF(AND(AND('Snow Load Conversion'!D10="iii"),'Snow Load Conversion'!I5='Snow Load Conversion'!P5,'Snow Load Conversion'!D13<=15),35,IF(AND(AND('Snow Load Conversion'!D10="iv"),'Snow Load Conversion'!I5='Snow Load Conversion'!P5,'Snow Load Conversion'!D13<=15),40,IF(B11<=20,B11*'Snow Load Conversion'!D11,20*'Snow Load Conversion'!D11))))) -> 30 | M11: =(0.7*'Snow Load Conversion'!D7*'Snow Load Conversion'!D9*'Snow Load Conversion'!D11*B11)+'Snow Load Conversion'!D17 -> 46.648
A12: Cordova | B12: =IF(AND('Snow Load Conversion'!I5='Snow Load Conversion'!P5,'Snow Load Conversion'!D10="I"),128,IF(AND('Snow Load Conversion'!I5='Snow Load Conversion'!P5,'Snow Load Conversion'!D10="II"),160,IF(AND('Snow Load Conversion'!I5='Snow Load Conversion'!P5,'Snow Load Conversion'!D10="III"),184,IF(AND('Snow Load Conversion'!I5='Snow Load Conversion'!P5,'Snow Load Conversion'!D10="IV"),200,100)))) -> 160 | C12: =MAX(L12,M12) -> 133.28 | D12: 100 | L12: =IF(AND(AND('Snow Load Conversion'!D10="I"),'Snow Load Conversion'!I5='Snow Load Conversion'!P5,'Snow Load Conversion'!D13<=15),25,IF(AND(AND('Snow Load Conversion'!D10="ii"),'Snow Load Conversion'!I5='Snow Load Conversion'!P5,'Snow Load Conversion'!D13<=15),30,IF(AND(AND('Snow Load Conversion'!D10="iii"),'Snow Load Conversion'!I5='Snow Load Conversion'!P5,'Snow Load Conversion'!D13<=15),35,IF(AND(AND('Snow Load Conversion'!D10="iv"),'Snow Load Conversion'!I5='Snow Load Conversion'!P5,'Snow Load Conversion'!D13<=15),40,IF(B12<=20,B12*'Snow Load Conversion'!D11,20*'Snow Load Conversion'!D11))))) -> 30 | M12: =(0.7*'Snow Load Conversion'!D7*'Snow Load Conversion'!D9*'Snow Load Conversion'!D11*B12)+'Snow Load Conversion'!D17 -> 133.28
A13: Deadhorse | B13: =IF(AND('Snow Load Conversion'!I5='Snow Load Conversion'!P5,'Snow Load Conversion'!D10="I"),32,IF(AND('Snow Load Conversion'!I5='Snow Load Conversion'!P5,'Snow Load Conversion'!D10="II"),40,IF(AND('Snow Load Conversion'!I5='Snow Load Conversion'!P5,'Snow Load Conversion'!D10="III"),46,IF(AND('Snow Load Conversion'!I5='Snow Load Conversion'!P5,'Snow Load Conversion'!D10="IV"),50,"NOT IN 7-10 OR 7-16")))) -> 40 | C13: =IF(B13="NOT IN 7-10 OR 7-16","NOT IN 7-10 OR 7-16",MAX(L13,M13)) -> 33.32 | D13: 100 | L13: =IF(AND(AND('Snow Load Conversion'!D10="I"),'Snow Load Conversion'!I5='Snow Load Conversion'!P5,'Snow Load Conversion'!D13<=15),25,IF(AND(AND('Snow Load Conversion'!D10="ii"),'Snow Load Conversion'!I5='Snow Load Conversion'!P5,'Snow Load Conversion'!D13<=15),30,IF(AND(AND('Snow Load Conversion'!D10="iii"),'Snow Load Conversion'!I5='Snow Load Conversion'!P5,'Snow Load Conversion'!D13<=15),35,IF(AND(AND('Snow Load Conversion'!D10="iv"),'Snow Load Conversion'!I5='Snow Load Conversion'!P5,'Snow Load Conversion'!D13<=15),40,IF(B13<=20,B13*'Snow Load Conversion'!D11,20*'Snow Load Conversion'!D11))))) -> 30 | M13: =(0.7*'Snow Load Conversion'!D7*'Snow Load Conversion'!D9*'Snow Load Conversion'!D11*B13)+'Snow Load Conversion'!D17 -> 33.32
A14: Delta Junction | B14: =IF(AND('Snow Load Conversion'!I5='Snow Load Conversion'!P5,'Snow Load Conversion'!D10="I"),51,IF(AND('Snow Load Conversion'!I5='Snow Load Conversion'!P5,'Snow Load Conversion'!D10="II"),64,IF(AND('Snow Load Conversion'!I5='Snow Load Conversion'!P5,'Snow Load Conversion'!D10="III"),74,IF(AND('Snow Load Conversion'!I5='Snow Load Conversion'!P5,'Snow Load Conversion'!D10="IV"),80,"NOT IN 7-10 OR 7-16")))) -> 64 | C14: =IF(B14="NOT IN 7-10 OR 7-16","NOT IN 7-10 OR 7-16",MAX(L14,M14)) -> 53.312 | D14: 400 | L14: =IF(AND(AND('Snow Load Conversion'!D10="I"),'Snow Load Conversion'!I5='Snow Load Conversion'!P5,'Snow Load Conversion'!D13<=15),25,IF(AND(AND('Snow Load Conversion'!D10="ii"),'Snow Load Conversion'!I5='Snow Load Conversion'!P5,'Snow Load Conversion'!D13<=15),30,IF(AND(AND('Snow Load Conversion'!D10="iii"),'Snow Load Conversion'!I5='Snow Load Conversion'!P5,'Snow Load Conversion'!D13<=15),35,IF(AND(AND('Snow Load Conversion'!D10="iv"),'Snow Load Conversion'!I5='Snow Load Conversion'!P5,'Snow Load Conversion'!D13<=15),40,IF(B14<=20,B14*'Snow Load Conversion'!D11,20*'Snow Load Conversion'!D11))))) -> 30 | M14: =(0.7*'Snow Load Conversion'!D7*'Snow Load Conversion'!D9*'Snow Load Conversion'!D11*B14)+'Snow Load Conversion'!D17 -> 53.312
A15: Dillingham | B15: =IF(AND('Snow Load Conversion'!I5='Snow Load Conversion'!P5,'Snow Load Conversion'!D10="I"),141,IF(AND('Snow Load Conversion'!I5='Snow Load Conversion'!P5,'Snow Load Conversion'!D10="II"),176,IF(AND('Snow Load Conversion'!I5='Snow Load Conversion'!P5,'Snow Load Conversion'!D10="III"),202,IF(AND('Snow Load Conversion'!I5='Snow Load Conversion'!P5,'Snow Load Conversion'!D10="IV"),220,"NOT IN 7-10 OR 7-16")))) -> 176 | C15: =IF(B15="NOT IN 7-10 OR 7-16","NOT IN 7-10 OR 7-16",MAX(L15,M15)) -> 146.608 | D15: 100 | L15: =IF(AND(AND('Snow Load Conversion'!D10="I"),'Snow Load Conversion'!I5='Snow Load Conversion'!P5,'Snow Load Conversion'!D13<=15),25,IF(AND(AND('Snow Load Conversion'!D10="ii"),'Snow Load Conversion'!I5='Snow Load Conversion'!P5,'Snow Load Conversion'!D13<=15),30,IF(AND(AND('Snow Load Conversion'!D10="iii"),'Snow Load Conversion'!I5='Snow Load Conversion'!P5,'Snow Load Conversion'!D13<=15),35,IF(AND(AND('Snow Load Conversion'!D10="iv"),'Snow Load Conversion'!I5='Snow Load Conversion'!P5,'Snow Load Conversion'!D13<=15),40,IF(B15<=20,B15*'Snow Load Conversion'!D11,20*'Snow Load Conversion'!D11))))) -> 30 | M15: =(0.7*'Snow Load Conversion'!D7*'Snow Load Conversion'!D9*'Snow Load Conversion'!D11*B15)+'Snow Load Conversion'!D17 -> 146.608
A16: Emmonak | B16: =IF(AND('Snow Load Conversion'!I5='Snow Load Conversion'!P5,'Snow Load Conversion'!D10="I"),128,IF(AND('Snow Load Conversion'!I5='Snow Load Conversion'!P5,'Snow Load Conversion'!D10="II"),160,IF(AND('Snow Load Conversion'!I5='Snow Load Conversion'!P5,'Snow Load Conversion'!D10="III"),184,IF(AND('Snow Load Conversion'!I5='Snow Load Conversion'!P5,'Snow Load Conversion'!D10="IV"),200,"NOT IN 7-10 OR 7-16")))) -> 160 | C16: =IF(B16="NOT IN 7-10 OR 7-16","NOT IN 7-10 OR 7-16",MAX(L16,M16)) -> 133.28 | D16: 100 | L16: =IF(AND(AND('Snow Load Conversion'!D10="I"),'Snow Load Conversion'!I5='Snow Load Conversion'!P5,'Snow Load Conversion'!D13<=15),25,IF(AND(AND('Snow Load Conversion'!D10="ii"),'Snow Load Conversion'!I5='Snow Load Conversion'!P5,'Snow Load Conversion'!D13<=15),30,IF(AND(AND('Snow Load Conversion'!D10="iii"),'Snow Load Conversion'!I5='Snow Load Conversion'!P5,'Snow Load Conversion'!D13<=15),35,IF(AND(AND('Snow Load Conversion'!D10="iv"),'Snow Load Conversion'!I5='Snow Load Conversion'!P5,'Snow Load Conversion'!D13<=15),40,IF(B16<=20,B16*'Snow Load Conversion'!D11,20*'Snow Load Conversion'!D11))))) -> 30 | M16: =(0.7*'Snow Load Conversion'!D7*'Snow Load Conversion'!D9*'Snow Load Conversion'!D11*B16)+'Snow Load Conversion'!D17 -> 133.28
A17: Fairbanks | B17: =IF(AND('Snow Load Conversion'!I5='Snow Load Conversion'!P5,'Snow Load Conversion'!D10="I"),77,IF(AND('Snow Load Conversion'!I5='Snow Load Conversion'!P5,'Snow Load Conversion'!D10="II"),96,IF(AND('Snow Load Conversion'!I5='Snow Load Conversion'!P5,'Snow Load Conversion'!D10="III"),110,IF(AND('Snow Load Conversion'!I5='Snow Load Conversion'!P5,'Snow Load Conversion'!D10="IV"),120,60)))) -> 96 | C17: =MAX(L17,M17) -> 79.968 | D17: 1200 | L17: =IF(AND(AND('Snow Load Conversion'!D10="I"),'Snow Load Conversion'!I5='Snow Load Conversion'!P5,'Snow Load Conversion'!D13<=15),25,IF(AND(AND('Snow Load Conversion'!D10="ii"),'Snow Load Conversion'!I5='Snow Load Conversion'!P5,'Snow Load Conversion'!D13<=15),30,IF(AND(AND('Snow Load Conversion'!D10="iii"),'Snow Load Conversion'!I5='Snow Load Conversion'!P5,'Snow Load Conversion'!D13<=15),35,IF(AND(AND('Snow Load Conversion'!D10="iv"),'Snow Load Conversion'!I5='Snow Load Conversion'!P5,'Snow Load Conversion'!D13<=15),40,IF(B17<=20,B17*'Snow Load Conversion'!D11,20*'Snow Load Conversion'!D11))))) -> 30 | M17: =(0.7*'Snow Load Conversion'!D7*'Snow Load Conversion'!D9*'Snow Load Conversion'!D11*B17)+'Snow Load Conversion'!D17 -> 79.968
A18: Fort Yukon | B18: =IF(AND('Snow Load Conversion'!I5='Snow Load Conversion'!P5,'Snow Load Conversion'!D10="I"),64,IF(AND('Snow Load Conversion'!I5='Snow Load Conversion'!P5,'Snow Load Conversion'!D10="II"),80,IF(AND('Snow Load Conversion'!I5='Snow Load Conversion'!P5,'Snow Load Conversion'!D10="III"),92,IF(AND('Snow Load Conversion'!I5='Snow Load Conversion'!P5,'Snow Load Conversion'!D10="IV"),100,60)))) -> 80 | C18: =MAX(L18,M18) -> 66.64 | D18: 400 | L18: =IF(AND(AND('Snow Load Conversion'!D10="I"),'Snow Load Conversion'!I5='Snow Load Conversion'!P5,'Snow Load Conversion'!D13<=15),25,IF(AND(AND('Snow Load Conversion'!D10="ii"),'Snow Load Conversion'!I5='Snow Load Conversion'!P5,'Snow Load Conversion'!D13<=15),30,IF(AND(AND('Snow Load Conversion'!D10="iii"),'Snow Load Conversion'!I5='Snow Load Conversion'!P5,'Snow Load Conversion'!D13<=15),35,IF(AND(AND('Snow Load Conversion'!D10="iv"),'Snow Load Conversion'!I5='Snow Load Conversion'!P5,'Snow Load Conversion'!D13<=15),40,IF(B18<=20,B18*'Snow Load Conversion'!D11,20*'Snow Load Conversion'!D11))))) -> 30 | M18: =(0.7*'Snow Load Conversion'!D7*'Snow Load Conversion'!D9*'Snow Load Conversion'!D11*B18)+'Snow Load Conversion'!D17 -> 66.64
A19: Galena | B19: =IF(AND('Snow Load Conversion'!I5='Snow Load Conversion'!P5,'Snow Load Conversion'!D10="I"),77,IF(AND('Snow Load Conversion'!I5='Snow Load Conversion'!P5,'Snow Load Conversion'!D10="II"),96,IF(AND('Snow Load Conversion'!I5='Snow Load Conversion'!P5,'Snow Load Conversion'!D10="III"),110,IF(AND('Snow Load Conversion'!I5='Snow Load Conversion'!P5,'Snow Load Conversion'!D10="IV"),120,60)))) -> 96 | C19: =MAX(L19,M19) -> 79.968 | D19: 200 | L19: =IF(AND(AND('Snow Load Conversion'!D10="I"),'Snow Load Conversion'!I5='Snow Load Conversion'!P5,'Snow Load Conversion'!D13<=15),25,IF(AND(AND('Snow Load Conversion'!D10="ii"),'Snow Load Conversion'!I5='Snow Load Conversion'!P5,'Snow Load Conversion'!D13<=15),30,IF(AND(AND('Snow Load Conversion'!D10="iii"),'Snow Load Conversion'!I5='Snow Load Conversion'!P5,'Snow Load Conversion'!D13<=15),35,IF(AND(AND('Snow Load Conversion'!D10="iv"),'Snow Load Conversion'!I5='Snow Load Conversion'!P5,'Snow Load Conversion'!D13<=15),40,IF(B19<=20,B19*'Snow Load Conversion'!D11,20*'Snow Load Conversion'!D11))))) -> 30 | M19: =(0.7*'Snow Load Conversion'!D7*'Snow Load Conversion'!D9*'Snow Load Conversion'!D11*B19)+'Snow Load Conversion'!D17 -> 79.968
A20: Girdwood | B20: =IF(AND('Snow Load Conversion'!I5='Snow Load Conversion'!P5,'Snow Load Conversion'!D10="I"),179,IF(AND('Snow Load Conversion'!I5='Snow Load Conversion'!P5,'Snow Load Conversion'!D10="II"),224,IF(AND('Snow Load Conversion'!I5='Snow Load Conversion'!P5,'Snow Load Conversion'!D10="III"),258,IF(AND('Snow Load Conversion'!I5='Snow Load Conversion'!P5,'Snow Load Conversion'!D10="IV"),280,"NOT IN 7-10 OR 7-16")))) -> 224 | C20: =IF(B20="NOT IN 7-10 OR 7-16","NOT IN 7-10 OR 7-16",MAX(L20,M20)) -> 186.592 | D20: 200 | L20: =IF(AND(AND('Snow Load Conversion'!D10="I"),'Snow Load Conversion'!I5='Snow Load Conversion'!P5,'Snow Load Conversion'!D13<=15),25,IF(AND(AND('Snow Load Conversion'!D10="ii"),'Snow Load Conversion'!I5='Snow Load Conversion'!P5,'Snow Load Conversion'!D13<=15),30,IF(AND(AND('Snow Load Conversion'!D10="iii"),'Snow Load Conversion'!I5='Snow Load Conversion'!P5,'Snow Load Conversion'!D13<=15),35,IF(AND(AND('Snow Load Conversion'!D10="iv"),'Snow Load Conversion'!I5='Snow Load Conversion'!P5,'Snow Load Conversion'!D13<=15),40,IF(B20<=20,B20*'Snow Load Conversion'!D11,20*'Snow Load Conversion'!D11))))) -> 30 | M20: =(0.7*'Snow Load Conversion'!D7*'Snow Load Conversion'!D9*'Snow Load Conversion'!D11*B20)+'Snow Load Conversion'!D17 -> 186.592
A21: Glennallen | B21: =IF(AND('Snow Load Conversion'!I5='Snow Load Conversion'!P5,'Snow Load Conversion'!D10="I"),58,IF(AND('Snow Load Conversion'!I5='Snow Load Conversion'!P5,'Snow Load Conversion'!D10="II"),72,IF(AND('Snow Load Conversion'!I5='Snow Load Conversion'!P5,'Snow Load Conversion'!D10="III"),83,IF(AND('Snow Load Conversion'!I5='Snow Load Conversion'!P5,'Snow Load Conversion'!D10="IV"),90,"NOT IN 7-10 OR 7-16")))) -> 72 | C21: =IF(B21="NOT IN 7-10 OR 7-16","NOT IN 7-10 OR 7-16",MAX(L21,M21)) -> 59.976 | D21: 1400 | L21: =IF(AND(AND('Snow Load Conversion'!D10="I"),'Snow Load Conversion'!I5='Snow Load Conversion'!P5,'Snow Load Conversion'!D13<=15),25,IF(AND(AND('Snow Load Conversion'!D10="ii"),'Snow Load Conversion'!I5='Snow Load Conversion'!P5,'Snow Load Conversion'!D13<=15),30,IF(AND(AND('Snow Load Conversion'!D10="iii"),'Snow Load Conversion'!I5='Snow Load Conversion'!P5,'Snow Load Conversion'!D13<=15),35,IF(AND(AND('Snow Load Conversion'!D10="iv"),'Snow Load Conversion'!I5='Snow Load Conversion'!P5,'Snow Load Conversion'!D13<=15),40,IF(B21<=20,B21*'Snow Load Conversion'!D11,20*'Snow Load Conversion'!D11))))) -> 30 | M21: =(0.7*'Snow Load Conversion'!D7*'Snow Load Conversion'!D9*'Snow Load Conversion'!D11*B21)+'Snow Load Conversion'!D17 -> 59.976
A22: Gulkana | B22: 70 | C22: =MAX(L22,M22) -> 58.31 | D22: 1400 | L22: =IF(AND(AND('Snow Load Conversion'!D10="I"),'Snow Load Conversion'!I5='Snow Load Conversion'!P5,'Snow Load Conversion'!D13<=15),25,IF(AND(AND('Snow Load Conversion'!D10="ii"),'Snow Load Conversion'!I5='Snow Load Conversion'!P5,'Snow Load Conversion'!D13<=15),30,IF(AND(AND('Snow Load Conversion'!D10="iii"),'Snow Load Conversion'!I5='Snow Load Conversion'!P5,'Snow Load Conversion'!D13<=15),35,IF(AND(AND('Snow Load Conversion'!D10="iv"),'Snow Load Conversion'!I5='Snow Load Conversion'!P5,'Snow Load Conversion'!D13<=15),40,IF(B22<=20,B22*'Snow Load Conversion'!D11,20*'Snow Load Conversion'!D11))))) -> 30 | M22: =(0.7*'Snow Load Conversion'!D7*'Snow Load Conversion'!D9*'Snow Load Conversion'!D11*B22)+'Snow Load Conversion'!D17 -> 58.31
A23: Haines | B23: =IF(AND('Snow Load Conversion'!I5='Snow Load Conversion'!P5,'Snow Load Conversion'!D10="I"),237,IF(AND('Snow Load Conversion'!I5='Snow Load Conversion'!P5,'Snow Load Conversion'!D10="II"),296,IF(AND('Snow Load Conversion'!I5='Snow Load Conversion'!P5,'Snow Load Conversion'!D10="III"),340,IF(AND('Snow Load Conversion'!I5='Snow Load Conversion'!P5,'Snow Load Conversion'!D10="IV"),370,"NOT IN 7-10 OR 7-16")))) -> 296 | C23: =IF(B23="NOT IN 7-10 OR 7-16","NOT IN 7-10 OR 7-16",MAX(L23,M23)) -> 246.568 | D23: 100 | L23: =IF(AND(AND('Snow Load Conversion'!D10="I"),'Snow Load Conversion'!I5='Snow Load Conversion'!P5,'Snow Load Conversion'!D13<=15),25,IF(AND(AND('Snow Load Conversion'!D10="ii"),'Snow Load Conversion'!I5='Snow Load Conversion'!P5,'Snow Load Conversion'!D13<=15),30,IF(AND(AND('Snow Load Conversion'!D10="iii"),'Snow Load Conversion'!I5='Snow Load Conversion'!P5,'Snow Load Conversion'!D13<=15),35,IF(AND(AND('Snow Load Conversion'!D10="iv"),'Snow Load Conversion'!I5='Snow Load Conversion'!P5,'Snow Load Conversion'!D13<=15),40,IF(B23<=20,B23*'Snow Load Conversion'!D11,20*'Snow Load Conversion'!D11))))) -> 30 | M23: =(0.7*'Snow Load Conversion'!D7*'Snow Load Conversion'!D9*'Snow Load Conversion'!D11*B23)+'Snow Load Conversion'!D17 -> 246.568
A24: Holy Cross | B24: =IF(AND('Snow Load Conversion'!I5='Snow Load Conversion'!P5,'Snow Load Conversion'!D10="I"),154,IF(AND('Snow Load Conversion'!I5='Snow Load Conversion'!P5,'Snow Load Conversion'!D10="II"),192,IF(AND('Snow Load Conversion'!I5='Snow Load Conversion'!P5,'Snow Load Conversion'!D10="III"),221,IF(AND('Snow Load Conversion'!I5='Snow Load Conversion'!P5,'Snow Load Conversion'!D10="IV"),240,"NOT IN 7-10 OR 7-16")))) -> 192 | C24: =IF(B24="NOT IN 7-10 OR 7-16","NOT IN 7-10 OR 7-16",MAX(L24,M24)) -> 159.936 | D24: 100 | L24: =IF(AND(AND('Snow Load Conversion'!D10="I"),'Snow Load Conversion'!I5='Snow Load Conversion'!P5,'Snow Load Conversion'!D13<=15),25,IF(AND(AND('Snow Load Conversion'!D10="ii"),'Snow Load Conversion'!I5='Snow Load Conversion'!P5,'Snow Load Conversion'!D13<=15),30,IF(AND(AND('Snow Load Conversion'!D10="iii"),'Snow Load Conversion'!I5='Snow Load Conversion'!P5,'Snow Load Conversion'!D13<=15),35,IF(AND(AND('Snow Load Conversion'!D10="iv"),'Snow Load Conversion'!I5='Snow Load Conversion'!P5,'Snow Load Conversion'!D13<=15),40,IF(B24<=20,B24*'Snow Load Conversion'!D11,20*'Snow Load Conversion'!D11))))) -> 30 | M24: =(0.7*'Snow Load Conversion'!D7*'Snow Load Conversion'!D9*'Snow Load Conversion'!D11*B24)+'Snow Load Conversion'!D17 -> 159.936
A25: Homer | B25: =IF(AND('Snow Load Conversion'!I5='Snow Load Conversion'!P5,'Snow Load Conversion'!D10="I"),58,IF(AND('Snow Load Conversion'!I5='Snow Load Conversion'!P5,'Snow Load Conversion'!D10="II"),72,IF(AND('Snow Load Conversion'!I5='Snow Load Conversion'!P5,'Snow Load Conversion'!D10="III"),83,IF(AND('Snow Load Conversion'!I5='Snow Load Conversion'!P5,'Snow Load Conversion'!D10="IV"),90,40))))+IF(D25>500,K2,0) -> 72 | C25: =MAX(L25,M25) -> 59.976 | D25: 500 | E25: <--Enter Elevation (Base: 500 feet) | L25: =IF(AND(AND('Snow Load Conversion'!D10="I"),'Snow Load Conversion'!I5='Snow Load Conversion'!P5,'Snow Load Conversion'!D13<=15),25,IF(AND(AND('Snow Load Conversion'!D10="ii"),'Snow Load Conversion'!I5='Snow Load Conversion'!P5,'Snow Load Conversion'!D13<=15),30,IF(AND(AND('Snow Load Conversion'!D10="iii"),'Snow Load Conversion'!I5='Snow Load Conversion'!P5,'Snow Load Conversion'!D13<=15),35,IF(AND(AND('Snow Load Conversion'!D10="iv"),'Snow Load Conversion'!I5='Snow Load Conversion'!P5,'Snow Load Conversion'!D13<=15),40,IF(B25<=20,B25*'Snow Load Conversion'!D11,20*'Snow Load Conversion'!D11))))) -> 30 | M25: =(0.7*'Snow Load Conversion'!D7*'Snow Load Conversion'!D9*'Snow Load Conversion'!D11*B25)+'Snow Load Conversion'!D17 -> 59.976
A26: Iliamna | B26: =IF(AND('Snow Load Conversion'!I5='Snow Load Conversion'!P5,'Snow Load Conversion'!D10="I"),102,IF(AND('Snow Load Conversion'!I5='Snow Load Conversion'!P5,'Snow Load Conversion'!D10="II"),128,IF(AND('Snow Load Conversion'!I5='Snow Load Conversion'!P5,'Snow Load Conversion'!D10="III"),147,IF(AND('Snow Load Conversion'!I5='Snow Load Conversion'!P5,'Snow Load Conversion'!D10="IV"),160,"NOT IN 7-10 OR 7-16")))) -> 128 | C26: =IF(B26="NOT IN 7-10 OR 7-16","NOT IN 7-10 OR 7-16",MAX(L26,M26)) -> 106.624 | D26: 200 | L26: =IF(AND(AND('Snow Load Conversion'!D10="I"),'Snow Load Conversion'!I5='Snow Load Conversion'!P5,'Snow Load Conversion'!D13<=15),25,IF(AND(AND('Snow Load Conversion'!D10="ii"),'Snow Load Conversion'!I5='Snow Load Conversion'!P5,'Snow Load Conversion'!D13<=15),30,IF(AND(AND('Snow Load Conversion'!D10="iii"),'Snow Load Conversion'!I5='Snow Load Conversion'!P5,'Snow Load Conversion'!D13<=15),35,IF(AND(AND('Snow Load Conversion'!D10="iv"),'Snow Load Conversion'!I5='Snow Load Conversion'!P5,'Snow Load Conversion'!D13<=15),40,IF(B26<=20,B26*'Snow Load Conversion'!D11,20*'Snow Load Conversion'!D11))))) -> 30 | M26: =(0.7*'Snow Load Conversion'!D7*'Snow Load Conversion'!D9*'Snow Load Conversion'!D11*B26)+'Snow Load Conversion'!D17 -> 106.624
A27: Juneau | B27: =IF(AND('Snow Load Conversion'!I5='Snow Load Conversion'!P5,'Snow Load Conversion'!D10="I"),90,IF(AND('Snow Load Conversion'!I5='Snow Load Conversion'!P5,'Snow Load Conversion'!D10="II"),112,IF(AND('Snow Load Conversion'!I5='Snow Load Conversion'!P5,'Snow Load Conversion'!D10="III"),129,IF(AND('Snow Load Conversion'!I5='Snow Load Conversion'!P5,'Snow Load Conversion'!D10="IV"),140,60)))) -> 112 | C27: =MAX(L27,M27) -> 93.296 | D27: 100 | L27: =IF(AND(AND('Snow Load Conversion'!D10="I"),'Snow Load Conversion'!I5='Snow Load Conversion'!P5,'Snow Load Conversion'!D13<=15),25,IF(AND(AND('Snow Load Conversion'!D10="ii"),'Snow Load Conversion'!I5='Snow Load Conversion'!P5,'Snow Load Conversion'!D13<=15),30,IF(AND(AND('Snow Load Conversion'!D10="iii"),'Snow Load Conversion'!I5='Snow Load Conversion'!P5,'Snow Load Conversion'!D13<=15),35,IF(AND(AND('Snow Load Conversion'!D10="iv"),'Snow Load Conversion'!I5='Snow Load Conversion'!P5,'Snow Load Conversion'!D13<=15),40,IF(B27<=20,B27*'Snow Load Conversion'!D11,20*'Snow Load Conversion'!D11))))) -> 30 | M27: =(0.7*'Snow Load Conversion'!D7*'Snow Load Conversion'!D9*'Snow Load Conversion'!D11*B27)+'Snow Load Conversion'!D17 -> 93.296
A28: Kaktovik | B28: =IF(AND('Snow Load Conversion'!I5='Snow Load Conversion'!P5,'Snow Load Conversion'!D10="I"),58,IF(AND('Snow Load Conversion'!I5='Snow Load Conversion'!P5,'Snow Load Conversion'!D10="II"),72,IF(AND('Snow Load Conversion'!I5='Snow Load Conversion'!P5,'Snow Load Conversion'!D10="III"),83,IF(AND('Snow Load Conversion'!I5='Snow Load Conversion'!P5,'Snow Load Conversion'!D10="IV"),90,"NOT IN 7-10 OR 7-16")))) -> 72 | C28: =IF(B28="NOT IN 7-10 OR 7-16","NOT IN 7-10 OR 7-16",MAX(L28,M28)) -> 59.976 | D28: 100 | L28: =IF(AND(AND('Snow Load Conversion'!D10="I"),'Snow Load Conversion'!I5='Snow Load Conversion'!P5,'Snow Load Conversion'!D13<=15),25,IF(AND(AND('Snow Load Conversion'!D10="ii"),'Snow Load Conversion'!I5='Snow Load Conversion'!P5,'Snow Load Conversion'!D13<=15),30,IF(AND(AND('Snow Load Conversion'!D10="iii"),'Snow Load Conversion'!I5='Snow Load Conversion'!P5,'Snow Load Conversion'!D13<=15),35,IF(AND(AND('Snow Load Conversion'!D10="iv"),'Snow Load Conversion'!I5='Snow Load Conversion'!P5,'Snow Load Conversion'!D13<=15),40,IF(B28<=20,B28*'Snow Load Conversion'!D11,20*'Snow Load Conversion'!D11))))) -> 30 | M28: =(0.7*'Snow Load Conversion'!D7*'Snow Load Conversion'!D9*'Snow Load Conversion'!D11*B28)+'Snow Load Conversion'!D17 -> 59.976
A29: Kenai/Soldotna | B29: =IF(AND('Snow Load Conversion'!I5='Snow Load Conversion'!P5,'Snow Load Conversion'!D10="I"),83,IF(AND('Snow Load Conversion'!I5='Snow Load Conversion'!P5,'Snow Load Conversion'!D10="II"),104,IF(AND('Snow Load Conversion'!I5='Snow Load Conversion'!P5,'Snow Load Conversion'!D10="III"),120,IF(AND('Snow Load Conversion'!I5='Snow Load Conversion'!P5,'Snow Load Conversion'!D10="IV"),130,70)))) -> 104 | C29: =MAX(L29,M29) -> 86.632 | D29: 200 | L29: =IF(AND(AND('Snow Load Conversion'!D10="I"),'Snow Load Conversion'!I5='Snow Load Conversion'!P5,'Snow Load Conversion'!D13<=15),25,IF(AND(AND('Snow Load Conversion'!D10="ii"),'Snow Load Conversion'!I5='Snow Load Conversion'!P5,'Snow Load Conversion'!D13<=15),30,IF(AND(AND('Snow Load Conversion'!D10="iii"),'Snow Load Conversion'!I5='Snow Load Conversion'!P5,'Snow Load Conversion'!D13<=15),35,IF(AND(AND('Snow Load Conversion'!D10="iv"),'Snow Load Conversion'!I5='Snow Load Conversion'!P5,'Snow Load Conversion'!D13<=15),40,IF(B29<=20,B29*'Snow Load Conversion'!D11,20*'Snow Load Conversion'!D11))))) -> 30 | M29: =(0.7*'Snow Load Conversion'!D7*'Snow Load Conversion'!D9*'Snow Load Conversion'!D11*B29)+'Snow Load Conversion'!D17 -> 86.632
A30: Ketchikan | B30: =IF(AND('Snow Load Conversion'!I5='Snow Load Conversion'!P5,'Snow Load Conversion'!D10="I"),38,IF(AND('Snow Load Conversion'!I5='Snow Load Conversion'!P5,'Snow Load Conversion'!D10="II"),48,IF(AND('Snow Load Conversion'!I5='Snow Load Conversion'!P5,'Snow Load Conversion'!D10="III"),55,IF(AND('Snow Load Conversion'!I5='Snow Load Conversion'!P5,'Snow Load Conversion'!D10="IV"),60,"NOT IN 7-10 OR 7-16")))) -> 48 | C30: =IF(B30="NOT IN 7-10 OR 7-16","NOT IN 7-10 OR 7-16",MAX(L30,M30)) -> 39.984 | D30: 100 | L30: =IF(AND(AND('Snow Load Conversion'!D10="I"),'Snow Load Conversion'!I5='Snow Load Conversion'!P5,'Snow Load Conversion'!D13<=15),25,IF(AND(AND('Snow Load Conversion'!D10="ii"),'Snow Load Conversion'!I5='Snow Load Conversion'!P5,'Snow Load Conversion'!D13<=15),30,IF(AND(AND('Snow Load Conversion'!D10="iii"),'Snow Load Conversion'!I5='Snow Load Conversion'!P5,'Snow Load Conversion'!D13<=15),35,IF(AND(AND('Snow Load Conversion'!D10="iv"),'Snow Load Conversion'!I5='Snow Load Conversion'!P5,'Snow Load Conversion'!D13<=15),40,IF(B30<=20,B30*'Snow Load Conversion'!D11,20*'Snow Load Conversion'!D11))))) -> 30 | M30: =(0.7*'Snow Load Conversion'!D7*'Snow Load Conversion'!D9*'Snow Load Conversion'!D11*B30)+'Snow Load Conversion'!D17 -> 39.984
A31: Kobuk | B31: =IF(AND('Snow Load Conversion'!I5='Snow Load Conversion'!P5,'Snow Load Conversion'!D10="I"),115,IF(AND('Snow Load Conversion'!I5='Snow Load Conversion'!P5,'Snow Load Conversion'!D10="II"),144,IF(AND('Snow Load Conversion'!I5='Snow Load Conversion'!P5,'Snow Load Conversion'!D10="III"),166,IF(AND('Snow Load Conversion'!I5='Snow Load Conversion'!P5,'Snow Load Conversion'!D10="IV"),180,"NOT IN 7-10 OR 7-16")))) -> 144 | C31: =IF(B31="NOT IN 7-10 OR 7-16","NOT IN 7-10 OR 7-16",MAX(L31,M31)) -> 119.952 | D31: 200 | L31: =IF(AND(AND('Snow Load Conversion'!D10="I"),'Snow Load Conversion'!I5='Snow Load Conversion'!P5,'Snow Load Conversion'!D13<=15),25,IF(AND(AND('Snow Load Conversion'!D10="ii"),'Snow Load Conversion'!I5='Snow Load Conversion'!P5,'Snow Load Conversion'!D13<=15),30,IF(AND(AND('Snow Load Conversion'!D10="iii"),'Snow Load Conversion'!I5='Snow Load Conversion'!P5,'Snow Load Conversion'!D13<=15),35,IF(AND(AND('Snow Load Conversion'!D10="iv"),'Snow Load Conversion'!I5='Snow Load Conversion'!P5,'Snow Load Conversion'!D13<=15),40,IF(B31<=20,B31*'Snow Load Conversion'!D11,20*'Snow Load Conversion'!D11))))) -> 30 | M31: =(0.7*'Snow Load Conversion'!D7*'Snow Load Conversion'!D9*'Snow Load Conversion'!D11*B31)+'Snow Load Conversion'!D17 -> 119.952
A32: Kodiak | B32: =IF(AND('Snow Load Conversion'!I5='Snow Load Conversion'!P5,'Snow Load Conversion'!D10="I"),45,IF(AND('Snow Load Conversion'!I5='Snow Load Conversion'!P5,'Snow Load Conversion'!D10="II"),56,IF(AND('Snow Load Conversion'!I5='Snow Load Conversion'!P5,'Snow Load Conversion'!D10="III"),64,IF(AND('Snow Load Conversion'!I5='Snow Load Conversion'!P5,'Snow Load Conversion'!D10="IV"),70,30)))) -> 56 | C32: =MAX(L32,M32) -> 46.648 | D32: 100 | L32: =IF(AND(AND('Snow Load Conversion'!D10="I"),'Snow Load Conversion'!I5='Snow Load Conversion'!P5,'Snow Load Conversion'!D13<=15),25,IF(AND(AND('Snow Load Conversion'!D10="ii"),'Snow Load Conversion'!I5='Snow Load Conversion'!P5,'Snow Load Conversion'!D13<=15),30,IF(AND(AND('Snow Load Conversion'!D10="iii"),'Snow Load Conversion'!I5='Snow Load Conversion'!P5,'Snow Load Conversion'!D13<=15),35,IF(AND(AND('Snow Load Conversion'!D10="iv"),'Snow Load Conversion'!I5='Snow Load Conversion'!P5,'Snow Load Conversion'!D13<=15),40,IF(B32<=20,B32*'Snow Load Conversion'!D11,20*'Snow Load Conversion'!D11))))) -> 30 | M32: =(0.7*'Snow Load Conversion'!D7*'Snow Load Conversion'!D9*'Snow Load Conversion'!D11*B32)+'Snow Load Conversion'!D17 -> 46.648
A33: Kotzebue | B33: =IF(AND('Snow Load Conversion'!I5='Snow Load Conversion'!P5,'Snow Load Conversion'!D10="I"),77,IF(AND('Snow Load Conversion'!I5='Snow Load Conversion'!P5,'Snow Load Conversion'!D10="II"),96,IF(AND('Snow Load Conversion'!I5='Snow Load Conversion'!P5,'Snow Load Conversion'!D10="III"),110,IF(AND('Snow Load Conversion'!I5='Snow Load Conversion'!P5,'Snow Load Conversion'!D10="IV"),120,60)))) -> 96 | C33: =MAX(L33,M33) -> 79.968 | D33: 100 | L33: =IF(AND(AND('Snow Load Conversion'!D10="I"),'Snow Load Conversion'!I5='Snow Load Conversion'!P5,'Snow Load Conversion'!D13<=15),25,IF(AND(AND('Snow Load Conversion'!D10="ii"),'Snow Load Conversion'!I5='Snow Load Conversion'!P5,'Snow Load Conversion'!D13<=15),30,IF(AND(AND('Snow Load Conversion'!D10="iii"),'Snow Load Conversion'!I5='Snow Load Conversion'!P5,'Snow Load Conversion'!D13<=15),35,IF(AND(AND('Snow Load Conversion'!D10="iv"),'Snow Load Conversion'!I5='Snow Load Conversion'!P5,'Snow Load Conversion'!D13<=15),40,IF(B33<=20,B33*'Snow Load Conversion'!D11,20*'Snow Load Conversion'!D11))))) -> 30 | M33: =(0.7*'Snow Load Conversion'!D7*'Snow Load Conversion'!D9*'Snow Load Conversion'!D11*B33)+'Snow Load Conversion'!D17 -> 79.968
A34: McGrath | B34: =IF(AND('Snow Load Conversion'!I5='Snow Load Conversion'!P5,'Snow Load Conversion'!D10="I"),83,IF(AND('Snow Load Conversion'!I5='Snow Load Conversion'!P5,'Snow Load Conversion'!D10="II"),104,IF(AND('Snow Load Conversion'!I5='Snow Load Conversion'!P5,'Snow Load Conversion'!D10="III"),120,IF(AND('Snow Load Conversion'!I5='Snow Load Conversion'!P5,'Snow Load Conversion'!D10="IV"),130,70)))) -> 104 | C34: =MAX(L34,M34) -> 86.632 | D34: 400 | L34: =IF(AND(AND('Snow Load Conversion'!D10="I"),'Snow Load Conversion'!I5='Snow Load Conversion'!P5,'Snow Load Conversion'!D13<=15),25,IF(AND(AND('Snow Load Conversion'!D10="ii"),'Snow Load Conversion'!I5='Snow Load Conversion'!P5,'Snow Load Conversion'!D13<=15),30,IF(AND(AND('Snow Load Conversion'!D10="iii"),'Snow Load Conversion'!I5='Snow Load Conversion'!P5,'Snow Load Conversion'!D13<=15),35,IF(AND(AND('Snow Load Conversion'!D10="iv"),'Snow Load Conversion'!I5='Snow Load Conversion'!P5,'Snow Load Conversion'!D13<=15),40,IF(B34<=20,B34*'Snow Load Conversion'!D11,20*'Snow Load Conversion'!D11))))) -> 30 | M34: =(0.7*'Snow Load Conversion'!D7*'Snow Load Conversion'!D9*'Snow Load Conversion'!D11*B34)+'Snow Load Conversion'!D17 -> 86.632
A35: Nenana | B35: =IF(AND('Snow Load Conversion'!I5='Snow Load Conversion'!P5,'Snow Load Conversion'!D10="I"),96,IF(AND('Snow Load Conversion'!I5='Snow Load Conversion'!P5,'Snow Load Conversion'!D10="II"),120,IF(AND('Snow Load Conversion'!I5='Snow Load Conversion'!P5,'Snow Load Conversion'!D10="III"),138,IF(AND('Snow Load Conversion'!I5='Snow Load Conversion'!P5,'Snow Load Conversion'!D10="IV"),150,80)))) -> 120 | C35: =MAX(L35,M35) -> 99.96 | D35: 400 | L35: =IF(AND(AND('Snow Load Conversion'!D10="I"),'Snow Load Conversion'!I5='Snow Load Conversion'!P5,'Snow Load Conversion'!D13<=15),25,IF(AND(AND('Snow Load Conversion'!D10="ii"),'Snow Load Conversion'!I5='Snow Load Conversion'!P5,'Snow Load Conversion'!D13<=15),30,IF(AND(AND('Snow Load Conversion'!D10="iii"),'Snow Load Conversion'!I5='Snow Load Conversion'!P5,'Snow Load Conversion'!D13<=15),35,IF(AND(AND('Snow Load Conversion'!D10="iv"),'Snow Load Conversion'!I5='Snow Load Conversion'!P5,'Snow Load Conversion'!D13<=15),40,IF(B35<=20,B35*'Snow Load Conversion'!D11,20*'Snow Load Conversion'!D11))))) -> 30 | M35: =(0.7*'Snow Load Conversion'!D7*'Snow Load Conversion'!D9*'Snow Load Conversion'!D11*B35)+'Snow Load Conversion'!D17 -> 99.96
A36: Nikiski | B36: =IF(AND('Snow Load Conversion'!I5='Snow Load Conversion'!P5,'Snow Load Conversion'!D10="I"),102,IF(AND('Snow Load Conversion'!I5='Snow Load Conversion'!P5,'Snow Load Conversion'!D10="II"),128,IF(AND('Snow Load Conversion'!I5='Snow Load Conversion'!P5,'Snow Load Conversion'!D10="III"),147,IF(AND('Snow Load Conversion'!I5='Snow Load Conversion'!P5,'Snow Load Conversion'!D10="IV"),160,"NOT IN 7-10 OR 7-16")))) -> 128 | C36: =IF(B36="NOT IN 7-10 OR 7-16","NOT IN 7-10 OR 7-16",MAX(L36,M36)) -> 106.624 | D36: 200 | L36: =IF(AND(AND('Snow Load Conversion'!D10="I"),'Snow Load Conversion'!I5='Snow Load Conversion'!P5,'Snow Load Conversion'!D13<=15),25,IF(AND(AND('Snow Load Conversion'!D10="ii"),'Snow Load Conversion'!I5='Snow Load Conversion'!P5,'Snow Load Conversion'!D13<=15),30,IF(AND(AND('Snow Load Conversion'!D10="iii"),'Snow Load Conversion'!I5='Snow Load Conversion'!P5,'Snow Load Conversion'!D13<=15),35,IF(AND(AND('Snow Load Conversion'!D10="iv"),'Snow Load Conversion'!I5='Snow Load Conversion'!P5,'Snow Load Conversion'!D13<=15),40,IF(B36<=20,B36*'Snow Load Conversion'!D11,20*'Snow Load Conversion'!D11))))) -> 30 | M36: =(0.7*'Snow Load Conversion'!D7*'Snow Load Conversion'!D9*'Snow Load Conversion'!D11*B36)+'Snow Load Conversion'!D17 -> 106.624
A37: Nome | B37: =IF(AND('Snow Load Conversion'!I5='Snow Load Conversion'!P5,'Snow Load Conversion'!D10="I"),90,IF(AND('Snow Load Conversion'!I5='Snow Load Conversion'!P5,'Snow Load Conversion'!D10="II"),112,IF(AND('Snow Load Conversion'!I5='Snow Load Conversion'!P5,'Snow Load Conversion'!D10="III"),129,IF(AND('Snow Load Conversion'!I5='Snow Load Conversion'!P5,'Snow Load Conversion'!D10="IV"),140,70)))) -> 112 | C37: =MAX(L37,M37) -> 93.296 | D37: 100 | L37: =IF(AND(AND('Snow Load Conversion'!D10="I"),'Snow Load Conversion'!I5='Snow Load Conversion'!P5,'Snow Load Conversion'!D13<=15),25,IF(AND(AND('Snow Load Conversion'!D10="ii"),'Snow Load Conversion'!I5='Snow Load Conversion'!P5,'Snow Load Conversion'!D13<=15),30,IF(AND(AND('Snow Load Conversion'!D10="iii"),'Snow Load Conversion'!I5='Snow Load Conversion'!P5,'Snow Load Conversion'!D13<=15),35,IF(AND(AND('Snow Load Conversion'!D10="iv"),'Snow Load Conversion'!I5='Snow Load Conversion'!P5,'Snow Load Conversion'!D13<=15),40,IF(B37<=20,B37*'Snow Load Conversion'!D11,20*'Snow Load Conversion'!D11))))) -> 30 | M37: =(0.7*'Snow Load Conversion'!D7*'Snow Load Conversion'!D9*'Snow Load Conversion'!D11*B37)+'Snow Load Conversion'!D17 -> 93.296
A38: Palmer/Wasilla | B38: =IF(AND('Snow Load Conversion'!I5='Snow Load Conversion'!P5,'Snow Load Conversion'!D10="I"),64,IF(AND('Snow Load Conversion'!I5='Snow Load Conversion'!P5,'Snow Load Conversion'!D10="II"),80,IF(AND('Snow Load Conversion'!I5='Snow Load Conversion'!P5,'Snow Load Conversion'!D10="III"),92,IF(AND('Snow Load Conversion'!I5='Snow Load Conversion'!P5,'Snow Load Conversion'!D10="IV"),100,50)))) -> 80 | C38: =MAX(L38,M38) -> 66.64 | D38: 500 | L38: =IF(AND(AND('Snow Load Conversion'!D10="I"),'Snow Load Conversion'!I5='Snow Load Conversion'!P5,'Snow Load Conversion'!D13<=15),25,IF(AND(AND('Snow Load Conversion'!D10="ii"),'Snow Load Conversion'!I5='Snow Load Conversion'!P5,'Snow Load Conversion'!D13<=15),30,IF(AND(AND('Snow Load Conversion'!D10="iii"),'Snow Load Conversion'!I5='Snow Load Conversion'!P5,'Snow Load Conversion'!D13<=15),35,IF(AND(AND('Snow Load Conversion'!D10="iv"),'Snow Load Conversion'!I5='Snow Load Conversion'!P5,'Snow Load Conversion'!D13<=15),40,IF(B38<=20,B38*'Snow Load Conversion'!D11,20*'Snow Load Conversion'!D11))))) -> 30 | M38: =(0.7*'Snow Load Conversion'!D7*'Snow Load Conversion'!D9*'Snow Load Conversion'!D11*B38)+'Snow Load Conversion'!D17 -> 66.64
A39: Pertersburg | B39: =IF(AND('Snow Load Conversion'!I5='Snow Load Conversion'!P5,'Snow Load Conversion'!D10="I"),122,IF(AND('Snow Load Conversion'!I5='Snow Load Conversion'!P5,'Snow Load Conversion'!D10="II"),152,IF(AND('Snow Load Conversion'!I5='Snow Load Conversion'!P5,'Snow Load Conversion'!D10="III"),175,IF(AND('Snow Load Conversion'!I5='Snow Load Conversion'!P5,'Snow Load Conversion'!D10="IV"),190,150)))) -> 152 | C39: =MAX(L39,M39) -> 126.616 | D39: 100 | L39: =IF(AND(AND('Snow Load Conversion'!D10="I"),'Snow Load Conversion'!I5='Snow Load Conversion'!P5,'Snow Load Conversion'!D13<=15),25,IF(AND(AND('Snow Load Conversion'!D10="ii"),'Snow Load Conversion'!I5='Snow Load Conversion'!P5,'Snow Load Conversion'!D13<=15),30,IF(AND(AND('Snow Load Conversion'!D10="iii"),'Snow Load Conversion'!I5='Snow Load Conversion'!P5,'Snow Load Conversion'!D13<=15),35,IF(AND(AND('Snow Load Conversion'!D10="iv"),'Snow Load Conversion'!I5='Snow Load Conversion'!P5,'Snow Load Conversion'!D13<=15),40,IF(B39<=20,B39*'Snow Load Conversion'!D11,20*'Snow Load Conversion'!D11))))) -> 30 | M39: =(0.7*'Snow Load Conversion'!D7*'Snow Load Conversion'!D9*'Snow Load Conversion'!D11*B39)+'Snow Load Conversion'!D17 -> 126.616
A40: Point Hope | B40: =IF(AND('Snow Load Conversion'!I5='Snow Load Conversion'!P5,'Snow Load Conversion'!D10="I"),58,IF(AND('Snow Load Conversion'!I5='Snow Load Conversion'!P5,'Snow Load Conversion'!D10="II"),72,IF(AND('Snow Load Conversion'!I5='Snow Load Conversion'!P5,'Snow Load Conversion'!D10="III"),83,IF(AND('Snow Load Conversion'!I5='Snow Load Conversion'!P5,'Snow Load Conversion'!D10="IV"),90,"NOT IN 7-10 OR 7-16")))) -> 72 | C40: =IF(B40="NOT IN 7-10 OR 7-16","NOT IN 7-10 OR 7-16",MAX(L40,M40)) -> 59.976 | D40: 100 | L40: =IF(AND(AND('Snow Load Conversion'!D10="I"),'Snow Load Conversion'!I5='Snow Load Conversion'!P5,'Snow Load Conversion'!D13<=15),25,IF(AND(AND('Snow Load Conversion'!D10="ii"),'Snow Load Conversion'!I5='Snow Load Conversion'!P5,'Snow Load Conversion'!D13<=15),30,IF(AND(AND('Snow Load Conversion'!D10="iii"),'Snow Load Conversion'!I5='Snow Load Conversion'!P5,'Snow Load Conversion'!D13<=15),35,IF(AND(AND('Snow Load Conversion'!D10="iv"),'Snow Load Conversion'!I5='Snow Load Conversion'!P5,'Snow Load Conversion'!D13<=15),40,IF(B40<=20,B40*'Snow Load Conversion'!D11,20*'Snow Load Conversion'!D11))))) -> 30 | M40: =(0.7*'Snow Load Conversion'!D7*'Snow Load Conversion'!D9*'Snow Load Conversion'!D11*B40)+'Snow Load Conversion'!D17 -> 59.976
A41: Saint Lawrence Island | B41: =IF(AND('Snow Load Conversion'!I5='Snow Load Conversion'!P5,'Snow Load Conversion'!D10="I"),122,IF(AND('Snow Load Conversion'!I5='Snow Load Conversion'!P5,'Snow Load Conversion'!D10="II"),152,IF(AND('Snow Load Conversion'!I5='Snow Load Conversion'!P5,'Snow Load Conversion'!D10="III"),175,IF(AND('Snow Load Conversion'!I5='Snow Load Conversion'!P5,'Snow Load Conversion'!D10="IV"),190,"NOT IN 7-10 OR 7-16")))) -> 152 | C41: =IF(B41="NOT IN 7-10 OR 7-16","NOT IN 7-10 OR 7-16",MAX(L41,M41)) -> 126.616 | D41: 100 | L41: =IF(AND(AND('Snow Load Conversion'!D10="I"),'Snow Load Conversion'!I5='Snow Load Conversion'!P5,'Snow Load Conversion'!D13<=15),25,IF(AND(AND('Snow Load Conversion'!D10="ii"),'Snow Load Conversion'!I5='Snow Load Conversion'!P5,'Snow Load Conversion'!D13<=15),30,IF(AND(AND('Snow Load Conversion'!D10="iii"),'Snow Load Conversion'!I5='Snow Load Conversion'!P5,'Snow Load Conversion'!D13<=15),35,IF(AND(AND('Snow Load Conversion'!D10="iv"),'Snow Load Conversion'!I5='Snow Load Conversion'!P5,'Snow Load Conversion'!D13<=15),40,IF(B41<=20,B41*'Snow Load Conversion'!D11,20*'Snow Load Conversion'!D11))))) -> 30 | M41: =(0.7*'Snow Load Conversion'!D7*'Snow Load Conversion'!D9*'Snow Load Conversion'!D11*B41)+'Snow Load Conversion'!D17 -> 126.616
A42: =IF('Snow Load Conversion'!I5='Snow Load Conversion'!P5,"St. Paul Island","St. Paul") -> St. Paul Island | B42: =IF(AND('Snow Load Conversion'!I5='Snow Load Conversion'!P5,'Snow Load Conversion'!D10="I"),51,IF(AND('Snow Load Conversion'!I5='Snow Load Conversion'!P5,'Snow Load Conversion'!D10="II"),64,IF(AND('Snow Load Conversion'!I5='Snow Load Conversion'!P5,'Snow Load Conversion'!D10="III"),74,IF(AND('Snow Load Conversion'!I5='Snow Load Conversion'!P5,'Snow Load Conversion'!D10="IV"),80,40)))) -> 64 | C42: =MAX(L42,M42) -> 53.312 | D42: 100 | L42: =IF(AND(AND('Snow Load Conversion'!D10="I"),'Snow Load Conversion'!I5='Snow Load Conversion'!P5,'Snow Load Conversion'!D13<=15),25,IF(AND(AND('Snow Load Conversion'!D10="ii"),'Snow Load Conversion'!I5='Snow Load Conversion'!P5,'Snow Load Conversion'!D13<=15),30,IF(AND(AND('Snow Load Conversion'!D10="iii"),'Snow Load Conversion'!I5='Snow Load Conversion'!P5,'Snow Load Conversion'!D13<=15),35,IF(AND(AND('Snow Load Conversion'!D10="iv"),'Snow Load Conversion'!I5='Snow Load Conversion'!P5,'Snow Load Conversion'!D13<=15),40,IF(B42<=20,B42*'Snow Load Conversion'!D11,20*'Snow Load Conversion'!D11))))) -> 30 | M42: =(0.7*'Snow Load Conversion'!D7*'Snow Load Conversion'!D9*'Snow Load Conversion'!D11*B42)+'Snow Load Conversion'!D17 -> 53.312
A43: Seward | B43: =IF(AND('Snow Load Conversion'!I5='Snow Load Conversion'!P5,'Snow Load Conversion'!D10="I"),77,IF(AND('Snow Load Conversion'!I5='Snow Load Conversion'!P5,'Snow Load Conversion'!D10="II"),96,IF(AND('Snow Load Conversion'!I5='Snow Load Conversion'!P5,'Snow Load Conversion'!D10="III"),110,IF(AND('Snow Load Conversion'!I5='Snow Load Conversion'!P5,'Snow Load Conversion'!D10="IV"),120,50)))) -> 96 | C43: =MAX(L43,M43) -> 79.968 | D43: 100 | L43: =IF(AND(AND('Snow Load Conversion'!D10="I"),'Snow Load Conversion'!I5='Snow Load Conversion'!P5,'Snow Load Conversion'!D13<=15),25,IF(AND(AND('Snow Load Conversion'!D10="ii"),'Snow Load Conversion'!I5='Snow Load Conversion'!P5,'Snow Load Conversion'!D13<=15),30,IF(AND(AND('Snow Load Conversion'!D10="iii"),'Snow Load Conversion'!I5='Snow Load Conversion'!P5,'Snow Load Conversion'!D13<=15),35,IF(AND(AND('Snow Load Conversion'!D10="iv"),'Snow Load Conversion'!I5='Snow Load Conversion'!P5,'Snow Load Conversion'!D13<=15),40,IF(B43<=20,B43*'Snow Load Conversion'!D11,20*'Snow Load Conversion'!D11))))) -> 30 | M43: =(0.7*'Snow Load Conversion'!D7*'Snow Load Conversion'!D9*'Snow Load Conversion'!D11*B43)+'Snow Load Conversion'!D17 -> 79.968
A44: Shemya | B44: 25 | C44: =MAX(L44,M44) -> 30 | D44: 100 | L44: =IF(AND(AND('Snow Load Conversion'!D10="I"),'Snow Load Conversion'!I5='Snow Load Conversion'!P5,'Snow Load Conversion'!D13<=15),25,IF(AND(AND('Snow Load Conversion'!D10="ii"),'Snow Load Conversion'!I5='Snow Load Conversion'!P5,'Snow Load Conversion'!D13<=15),30,IF(AND(AND('Snow Load Conversion'!D10="iii"),'Snow Load Conversion'!I5='Snow Load Conversion'!P5,'Snow Load Conversion'!D13<=15),35,IF(AND(AND('Snow Load Conversion'!D10="iv"),'Snow Load Conversion'!I5='Snow Load Conversion'!P5,'Snow Load Conversion'!D13<=15),40,IF(B44<=20,B44*'Snow Load Conversion'!D11,20*'Snow Load Conversion'!D11))))) -> 30 | M44: =(0.7*'Snow Load Conversion'!D7*'Snow Load Conversion'!D9*'Snow Load Conversion'!D11*B44)+'Snow Load Conversion'!D17 -> 20.825
A45: Sitka | B45: =IF(AND('Snow Load Conversion'!I5='Snow Load Conversion'!P5,'Snow Load Conversion'!D10="I"),64,IF(AND('Snow Load Conversion'!I5='Snow Load Conversion'!P5,'Snow Load Conversion'!D10="II"),80,IF(AND('Snow Load Conversion'!I5='Snow Load Conversion'!P5,'Snow Load Conversion'!D10="III"),92,IF(AND('Snow Load Conversion'!I5='Snow Load Conversion'!P5,'Snow Load Conversion'!D10="IV"),100,50)))) -> 80 | C45: =MAX(L45,M45) -> 66.64 | D45: 100 | L45: =IF(AND(AND('Snow Load Conversion'!D10="I"),'Snow Load Conversion'!I5='Snow Load Conversion'!P5,'Snow Load Conversion'!D13<=15),25,IF(AND(AND('Snow Load Conversion'!D10="ii"),'Snow Load Conversion'!I5='Snow Load Conversion'!P5,'Snow Load Conversion'!D13<=15),30,IF(AND(AND('Snow Load Conversion'!D10="iii"),'Snow Load Conversion'!I5='Snow Load Conversion'!P5,'Snow Load Conversion'!D13<=15),35,IF(AND(AND('Snow Load Conversion'!D10="iv"),'Snow Load Conversion'!I5='Snow Load Conversion'!P5,'Snow Load Conversion'!D13<=15),40,IF(B45<=20,B45*'Snow Load Conversion'!D11,20*'Snow Load Conversion'!D11))))) -> 30 | M45: =(0.7*'Snow Load Conversion'!D7*'Snow Load Conversion'!D9*'Snow Load Conversion'!D11*B45)+'Snow Load Conversion'!D17 -> 66.64
A46: Talkeetna | B46: =IF(AND('Snow Load Conversion'!I5='Snow Load Conversion'!P5,'Snow Load Conversion'!D10="I"),154,IF(AND('Snow Load Conversion'!I5='Snow Load Conversion'!P5,'Snow Load Conversion'!D10="II"),192,IF(AND('Snow Load Conversion'!I5='Snow Load Conversion'!P5,'Snow Load Conversion'!D10="III"),221,IF(AND('Snow Load Conversion'!I5='Snow Load Conversion'!P5,'Snow Load Conversion'!D10="IV"),240,120)))) -> 192 | C46: =MAX(L46,M46) -> 159.936 | D46: 400 | L46: =IF(AND(AND('Snow Load Conversion'!D10="I"),'Snow Load Conversion'!I5='Snow Load Conversion'!P5,'Snow Load Conversion'!D13<=15),25,IF(AND(AND('Snow Load Conversion'!D10="ii"),'Snow Load Conversion'!I5='Snow Load Conversion'!P5,'Snow Load Conversion'!D13<=15),30,IF(AND(AND('Snow Load Conversion'!D10="iii"),'Snow Load Conversion'!I5='Snow Load Conversion'!P5,'Snow Load Conversion'!D13<=15),35,IF(AND(AND('Snow Load Conversion'!D10="iv"),'Snow Load Conversion'!I5='Snow Load Conversion'!P5,'Snow Load Conversion'!D13<=15),40,IF(B46<=20,B46*'Snow Load Conversion'!D11,20*'Snow Load Conversion'!D11))))) -> 30 | M46: =(0.7*'Snow Load Conversion'!D7*'Snow Load Conversion'!D9*'Snow Load Conversion'!D11*B46)+'Snow Load Conversion'!D17 -> 159.936
A47: Tok | B47: =IF(AND('Snow Load Conversion'!I5='Snow Load Conversion'!P5,'Snow Load Conversion'!D10="I"),45,IF(AND('Snow Load Conversion'!I5='Snow Load Conversion'!P5,'Snow Load Conversion'!D10="II"),56,IF(AND('Snow Load Conversion'!I5='Snow Load Conversion'!P5,'Snow Load Conversion'!D10="III"),64,70))) -> 56 | C47: =MAX(L47,M47) -> 46.648 | D47: 1700 | L47: =IF(AND(AND('Snow Load Conversion'!D10="I"),'Snow Load Conversion'!I5='Snow Load Conversion'!P5,'Snow Load Conversion'!D13<=15),25,IF(AND(AND('Snow Load Conversion'!D10="ii"),'Snow Load Conversion'!I5='Snow Load Conversion'!P5,'Snow Load Conversion'!D13<=15),30,IF(AND(AND('Snow Load Conversion'!D10="iii"),'Snow Load Conversion'!I5='Snow Load Conversion'!P5,'Snow Load Conversion'!D13<=15),35,IF(AND(AND('Snow Load Conversion'!D10="iv"),'Snow Load Conversion'!I5='Snow Load Conversion'!P5,'Snow Load Conversion'!D13<=15),40,IF(B47<=20,B47*'Snow Load Conversion'!D11,20*'Snow Load Conversion'!D11))))) -> 30 | M47: =(0.7*'Snow Load Conversion'!D7*'Snow Load Conversion'!D9*'Snow Load Conversion'!D11*B47)+'Snow Load Conversion'!D17 -> 46.648
A48: Umiat | B48: =IF(AND('Snow Load Conversion'!I5='Snow Load Conversion'!P5,'Snow Load Conversion'!D10="I"),38,IF(AND('Snow Load Conversion'!I5='Snow Load Conversion'!P5,'Snow Load Conversion'!D10="II"),48,IF(AND('Snow Load Conversion'!I5='Snow Load Conversion'!P5,'Snow Load Conversion'!D10="III"),55,60))) -> 48 | C48: =MAX(L48,M48) -> 39.984 | D48: 300 | L48: =IF(AND(AND('Snow Load Conversion'!D10="I"),'Snow Load Conversion'!I5='Snow Load Conversion'!P5,'Snow Load Conversion'!D13<=15),25,IF(AND(AND('Snow Load Conversion'!D10="ii"),'Snow Load Conversion'!I5='Snow Load Conversion'!P5,'Snow Load Conversion'!D13<=15),30,IF(AND(AND('Snow Load Conversion'!D10="iii"),'Snow Load Conversion'!I5='Snow Load Conversion'!P5,'Snow Load Conversion'!D13<=15),35,IF(AND(AND('Snow Load Conversion'!D10="iv"),'Snow Load Conversion'!I5='Snow Load Conversion'!P5,'Snow Load Conversion'!D13<=15),40,IF(B48<=20,B48*'Snow Load Conversion'!D11,20*'Snow Load Conversion'!D11))))) -> 30 | M48: =(0.7*'Snow Load Conversion'!D7*'Snow Load Conversion'!D9*'Snow Load Conversion'!D11*B48)+'Snow Load Conversion'!D17 -> 39.984
A49: Unalakleet | B49: =IF(AND('Snow Load Conversion'!I5='Snow Load Conversion'!P5,'Snow Load Conversion'!D10="I"),45,IF(AND('Snow Load Conversion'!I5='Snow Load Conversion'!P5,'Snow Load Conversion'!D10="II"),56,IF(AND('Snow Load Conversion'!I5='Snow Load Conversion'!P5,'Snow Load Conversion'!D10="III"),64,IF(AND('Snow Load Conversion'!I5='Snow Load Conversion'!P5,'Snow Load Conversion'!D10="IV"),70,50)))) -> 56 | C49: =MAX(L49,M49) -> 46.648 | D49: 100 | L49: =IF(AND(AND('Snow Load Conversion'!D10="I"),'Snow Load Conversion'!I5='Snow Load Conversion'!P5,'Snow Load Conversion'!D13<=15),25,IF(AND(AND('Snow Load Conversion'!D10="ii"),'Snow Load Conversion'!I5='Snow Load Conversion'!P5,'Snow Load Conversion'!D13<=15),30,IF(AND(AND('Snow Load Conversion'!D10="iii"),'Snow Load Conversion'!I5='Snow Load Conversion'!P5,'Snow Load Conversion'!D13<=15),35,IF(AND(AND('Snow Load Conversion'!D10="iv"),'Snow Load Conversion'!I5='Snow Load Conversion'!P5,'Snow Load Conversion'!D13<=15),40,IF(B49<=20,B49*'Snow Load Conversion'!D11,20*'Snow Load Conversion'!D11))))) -> 30 | M49: =(0.7*'Snow Load Conversion'!D7*'Snow Load Conversion'!D9*'Snow Load Conversion'!D11*B49)+'Snow Load Conversion'!D17 -> 46.648
A50: Unalska | B50: =IF(AND('Snow Load Conversion'!I5='Snow Load Conversion'!P5,'Snow Load Conversion'!D10="I"),96,IF(AND('Snow Load Conversion'!I5='Snow Load Conversion'!P5,'Snow Load Conversion'!D10="II"),120,IF(AND('Snow Load Conversion'!I5='Snow Load Conversion'!P5,'Snow Load Conversion'!D10="III"),138,150))) -> 120 | C50: =MAX(L50,M50) -> 99.96 | D50: 100 | L50: =IF(AND(AND('Snow Load Conversion'!D10="I"),'Snow Load Conversion'!I5='Snow Load Conversion'!P5,'Snow Load Conversion'!D13<=15),25,IF(AND(AND('Snow Load Conversion'!D10="ii"),'Snow Load Conversion'!I5='Snow Load Conversion'!P5,'Snow Load Conversion'!D13<=15),30,IF(AND(AND('Snow Load Conversion'!D10="iii"),'Snow Load Conversion'!I5='Snow Load Conversion'!P5,'Snow Load Conversion'!D13<=15),35,IF(AND(AND('Snow Load Conversion'!D10="iv"),'Snow Load Conversion'!I5='Snow Load Conversion'!P5,'Snow Load Conversion'!D13<=15),40,IF(B50<=20,B50*'Snow Load Conversion'!D11,20*'Snow Load Conversion'!D11))))) -> 30 | M50: =(0.7*'Snow Load Conversion'!D7*'Snow Load Conversion'!D9*'Snow Load Conversion'!D11*B50)+'Snow Load Conversion'!D17 -> 99.96
A51: Valdez | B51: =IF(AND('Snow Load Conversion'!I5='Snow Load Conversion'!P5,'Snow Load Conversion'!D10="I"),205,IF(AND('Snow Load Conversion'!I5='Snow Load Conversion'!P5,'Snow Load Conversion'!D10="II"),256,IF(AND('Snow Load Conversion'!I5='Snow Load Conversion'!P5,'Snow Load Conversion'!D10="III"),294,IF(AND('Snow Load Conversion'!I5='Snow Load Conversion'!P5,'Snow Load Conversion'!D10="IV"),320,160)))) -> 256 | C51: =MAX(L51,M51) -> 213.248 | D51: 100 | L51: =IF(AND(AND('Snow Load Conversion'!D10="I"),'Snow Load Conversion'!I5='Snow Load Conversion'!P5,'Snow Load Conversion'!D13<=15),25,IF(AND(AND('Snow Load Conversion'!D10="ii"),'Snow Load Conversion'!I5='Snow Load Conversion'!P5,'Snow Load Conversion'!D13<=15),30,IF(AND(AND('Snow Load Conversion'!D10="iii"),'Snow Load Conversion'!I5='Snow Load Conversion'!P5,'Snow Load Conversion'!D13<=15),35,IF(AND(AND('Snow Load Conversion'!D10="iv"),'Snow Load Conversion'!I5='Snow Load Conversion'!P5,'Snow Load Conversion'!D13<=15),40,IF(B51<=20,B51*'Snow Load Conversion'!D11,20*'Snow Load Conversion'!D11))))) -> 30 | M51: =(0.7*'Snow Load Conversion'!D7*'Snow Load Conversion'!D9*'Snow Load Conversion'!D11*B51)+'Snow Load Conversion'!D17 -> 213.248
A52: Wainwright | B52: =IF(AND('Snow Load Conversion'!I5='Snow Load Conversion'!P5,'Snow Load Conversion'!D10="I"),32,IF(AND('Snow Load Conversion'!I5='Snow Load Conversion'!P5,'Snow Load Conversion'!D10="II"),40,IF(AND('Snow Load Conversion'!I5='Snow Load Conversion'!P5,'Snow Load Conversion'!D10="III"),46,50))) -> 40 | C52: =MAX(L52,M52) -> 33.32 | D52: 100 | L52: =IF(AND(AND('Snow Load Conversion'!D10="I"),'Snow Load Conversion'!I5='Snow Load Conversion'!P5,'Snow Load Conversion'!D13<=15),25,IF(AND(AND('Snow Load Conversion'!D10="ii"),'Snow Load Conversion'!I5='Snow Load Conversion'!P5,'Snow Load Conversion'!D13<=15),30,IF(AND(AND('Snow Load Conversion'!D10="iii"),'Snow Load Conversion'!I5='Snow Load Conversion'!P5,'Snow Load Conversion'!D13<=15),35,IF(AND(AND('Snow Load Conversion'!D10="iv"),'Snow Load Conversion'!I5='Snow Load Conversion'!P5,'Snow Load Conversion'!D13<=15),40,IF(B52<=20,B52*'Snow Load Conversion'!D11,20*'Snow Load Conversion'!D11))))) -> 30 | M52: =(0.7*'Snow Load Conversion'!D7*'Snow Load Conversion'!D9*'Snow Load Conversion'!D11*B52)+'Snow Load Conversion'!D17 -> 33.32
A53: Whittier | B53: =IF(AND('Snow Load Conversion'!I5='Snow Load Conversion'!P5,'Snow Load Conversion'!D10="I"),346,IF(AND('Snow Load Conversion'!I5='Snow Load Conversion'!P5,'Snow Load Conversion'!D10="II"),432,IF(AND('Snow Load Conversion'!I5='Snow Load Conversion'!P5,'Snow Load Conversion'!D10="III"),497,IF(AND('Snow Load Conversion'!I5='Snow Load Conversion'!P5,'Snow Load Conversion'!D10="IV"),540,300)))) -> 432 | C53: =MAX(L53,M53) -> 359.856 | D53: 100 | L53: =IF(AND(AND('Snow Load Conversion'!D10="I"),'Snow Load Conversion'!I5='Snow Load Conversion'!P5,'Snow Load Conversion'!D13<=15),25,IF(AND(AND('Snow Load Conversion'!D10="ii"),'Snow Load Conversion'!I5='Snow Load Conversion'!P5,'Snow Load Conversion'!D13<=15),30,IF(AND(AND('Snow Load Conversion'!D10="iii"),'Snow Load Conversion'!I5='Snow Load Conversion'!P5,'Snow Load Conversion'!D13<=15),35,IF(AND(AND('Snow Load Conversion'!D10="iv"),'Snow Load Conversion'!I5='Snow Load Conversion'!P5,'Snow Load Conversion'!D13<=15),40,IF(B53<=20,B53*'Snow Load Conversion'!D11,20*'Snow Load Conversion'!D11))))) -> 30 | M53: =(0.7*'Snow Load Conversion'!D7*'Snow Load Conversion'!D9*'Snow Load Conversion'!D11*B53)+'Snow Load Conversion'!D17 -> 359.856
A54: Willow | B54: =IF(AND('Snow Load Conversion'!I5='Snow Load Conversion'!P5,'Snow Load Conversion'!D10="I"),102,IF(AND('Snow Load Conversion'!I5='Snow Load Conversion'!P5,'Snow Load Conversion'!D10="II"),128,IF(AND('Snow Load Conversion'!I5='Snow Load Conversion'!P5,'Snow Load Conversion'!D10="III"),147,160))) -> 128 | C54: =MAX(L54,M54) -> 106.624 | D54: 300 | L54: =IF(AND(AND('Snow Load Conversion'!D10="I"),'Snow Load Conversion'!I5='Snow Load Conversion'!P5,'Snow Load Conversion'!D13<=15),25,IF(AND(AND('Snow Load Conversion'!D10="ii"),'Snow Load Conversion'!I5='Snow Load Conversion'!P5,'Snow Load Conversion'!D13<=15),30,IF(AND(AND('Snow Load Conversion'!D10="iii"),'Snow Load Conversion'!I5='Snow Load Conversion'!P5,'Snow Load Conversion'!D13<=15),35,IF(AND(AND('Snow Load Conversion'!D10="iv"),'Snow Load Conversion'!I5='Snow Load Conversion'!P5,'Snow Load Conversion'!D13<=15),40,IF(B54<=20,B54*'Snow Load Conversion'!D11,20*'Snow Load Conversion'!D11))))) -> 30 | M54: =(0.7*'Snow Load Conversion'!D7*'Snow Load Conversion'!D9*'Snow Load Conversion'!D11*B54)+'Snow Load Conversion'!D17 -> 106.624
A55: Wrangell | B55: 60 | C55: =MAX(L55,M55) -> 49.98 | D55: 100 | L55: =IF(AND(AND('Snow Load Conversion'!D10="I"),'Snow Load Conversion'!I5='Snow Load Conversion'!P5,'Snow Load Conversion'!D13<=15),25,IF(AND(AND('Snow Load Conversion'!D10="ii"),'Snow Load Conversion'!I5='Snow Load Conversion'!P5,'Snow Load Conversion'!D13<=15),30,IF(AND(AND('Snow Load Conversion'!D10="iii"),'Snow Load Conversion'!I5='Snow Load Conversion'!P5,'Snow Load Conversion'!D13<=15),35,IF(AND(AND('Snow Load Conversion'!D10="iv"),'Snow Load Conversion'!I5='Snow Load Conversion'!P5,'Snow Load Conversion'!D13<=15),40,IF(B55<=20,B55*'Snow Load Conversion'!D11,20*'Snow Load Conversion'!D11))))) -> 30 | M55: =(0.7*'Snow Load Conversion'!D7*'Snow Load Conversion'!D9*'Snow Load Conversion'!D11*B55)+'Snow Load Conversion'!D17 -> 49.98
A56: Yakutat | B56: =IF(AND('Snow Load Conversion'!I5='Snow Load Conversion'!P5,'Snow Load Conversion'!D10="I"),179,IF(AND('Snow Load Conversion'!I5='Snow Load Conversion'!P5,'Snow Load Conversion'!D10="II"),224,IF(AND('Snow Load Conversion'!I5='Snow Load Conversion'!P5,'Snow Load Conversion'!D10="III"),258,IF(AND('Snow Load Conversion'!I5='Snow Load Conversion'!P5,'Snow Load Conversion'!D10="IV"),280,150)))) -> 224 | C56: =MAX(L56,M56) -> 186.592 | D56: 100 | L56: =IF(AND(AND('Snow Load Conversion'!D10="I"),'Snow Load Conversion'!I5='Snow Load Conversion'!P5,'Snow Load Conversion'!D13<=15),25,IF(AND(AND('Snow Load Conversion'!D10="ii"),'Snow Load Conversion'!I5='Snow Load Conversion'!P5,'Snow Load Conversion'!D13<=15),30,IF(AND(AND('Snow Load Conversion'!D10="iii"),'Snow Load Conversion'!I5='Snow Load Conversion'!P5,'Snow Load Conversion'!D13<=15),35,IF(AND(AND('Snow Load Conversion'!D10="iv"),'Snow Load Conversion'!I5='Snow Load Conversion'!P5,'Snow Load Conversion'!D13<=15),40,IF(B56<=20,B56*'Snow Load Conversion'!D11,20*'Snow Load Conversion'!D11))))) -> 30 | M56: =(0.7*'Snow Load Conversion'!D7*'Snow Load Conversion'!D9*'Snow Load Conversion'!D11*B56)+'Snow Load Conversion'!D17 -> 186.592

Sheet CO Ground - Snow Loads
A1: COLORADO GROUND SNOW LOAD REQUIREMENTS
A2: CITY / TOWN: | B2: COUNTY: | C2: GROUND SNOW LOAD REQUIREMENT (lb/ft2): | D2: MIN. ROOF SNOW LOAD (lb/ft2): | E2: ELEVATION: | L2: (Pm) | M2: (Pf)
A3: East if I-25 and under 4,500 ft. | B3: N/A | C3: 30 | D3: =MAX(M3,L3) -> 30 | E3: <4500 | F3: *Enter information on Snow Load Conversion Tab | L3: =IF(AND(AND('Snow Load Conversion'!D10="I"),'Snow Load Conversion'!I5='Snow Load Conversion'!P5,'Snow Load Conversion'!D13<=15),25,IF(AND(AND('Snow Load Conversion'!D10="ii"),'Snow Load Conversion'!I5='Snow Load Conversion'!P5,'Snow Load Conversion'!D13<=15),30,IF(AND(AND('Snow Load Conversion'!D10="iii"),'Snow Load Conversion'!I5='Snow Load Conversion'!P5,'Snow Load Conversion'!D13<=15),35,IF(AND(AND('Snow Load Conversion'!D10="iv"),'Snow Load Conversion'!I5='Snow Load Conversion'!P5,'Snow Load Conversion'!D13<=15),40,IF(C3<=20,C3*'Snow Load Conversion'!D11,20*'Snow Load Conversion'!D11))))) -> 30 | M3: =(0.7*'Snow Load Conversion'!D7*'Snow Load Conversion'!D9*'Snow Load Conversion'!D11*C3)+'Snow Load Conversion'!D17 -> 24.99 | O3: Additioanl Ground Snow Loads can be found at:
A4: Alamosa | B4: Alamosa | C4: 25 | D4: =MAX(M4,L4) -> 30 | E4: 7540 | F4: *Ground Snow Loads only apply to 7-10 & 7-16 | L4: =IF(AND(AND('Snow Load Conversion'!D10="I"),'Snow Load Conversion'!I5='Snow Load Conversion'!P5,'Snow Load Conversion'!D13<=15),25,IF(AND(AND('Snow Load Conversion'!D10="ii"),'Snow Load Conversion'!I5='Snow Load Conversion'!P5,'Snow Load Conversion'!D13<=15),30,IF(AND(AND('Snow Load Conversion'!D10="iii"),'Snow Load Conversion'!I5='Snow Load Conversion'!P5,'Snow Load Conversion'!D13<=15),35,IF(AND(AND('Snow Load Conversion'!D10="iv"),'Snow Load Conversion'!I5='Snow Load Conversion'!P5,'Snow Load Conversion'!D13<=15),40,IF(C4<=20,C4*'Snow Load Conversion'!D11,20*'Snow Load Conversion'!D11))))) -> 30 | M4: =(0.7*'Snow Load Conversion'!D7*'Snow Load Conversion'!D9*'Snow Load Conversion'!D11*C4)+'Snow Load Conversion'!D17 -> 20.825 | O4: 2016-Colorado-Design-Snow-Loads.pdf (seacolorado.org)
A5: Aspen | B5: Pitkin | C5: 75 | D5: =MAX(M5,L5) -> 62.475 | E5: 7890 | L5: =IF(AND(AND('Snow Load Conversion'!D10="I"),'Snow Load Conversion'!I5='Snow Load Conversion'!P5,'Snow Load Conversion'!D13<=15),25,IF(AND(AND('Snow Load Conversion'!D10="ii"),'Snow Load Conversion'!I5='Snow Load Conversion'!P5,'Snow Load Conversion'!D13<=15),30,IF(AND(AND('Snow Load Conversion'!D10="iii"),'Snow Load Conversion'!I5='Snow Load Conversion'!P5,'Snow Load Conversion'!D13<=15),35,IF(AND(AND('Snow Load Conversion'!D10="iv"),'Snow Load Conversion'!I5='Snow Load Conversion'!P5,'Snow Load Conversion'!D13<=15),40,IF(C5<=20,C5*'Snow Load Conversion'!D11,20*'Snow Load Conversion'!D11))))) -> 30 | M5: =(0.7*'Snow Load Conversion'!D7*'Snow Load Conversion'!D9*'Snow Load Conversion'!D11*C5)+'Snow Load Conversion'!D17 -> 62.475
A6: Aurora | B6: Arapahoe | C6: 40 | D6: =MAX(M6,L6) -> 33.32 | E6: 5400 | L6: =IF(AND(AND('Snow Load Conversion'!D10="I"),'Snow Load Conversion'!I5='Snow Load Conversion'!P5,'Snow Load Conversion'!D13<=15),25,IF(AND(AND('Snow Load Conversion'!D10="ii"),'Snow Load Conversion'!I5='Snow Load Conversion'!P5,'Snow Load Conversion'!D13<=15),30,IF(AND(AND('Snow Load Conversion'!D10="iii"),'Snow Load Conversion'!I5='Snow Load Conversion'!P5,'Snow Load Conversion'!D13<=15),35,IF(AND(AND('Snow Load Conversion'!D10="iv"),'Snow Load Conversion'!I5='Snow Load Conversion'!P5,'Snow Load Conversion'!D13<=15),40,IF(C6<=20,C6*'Snow Load Conversion'!D11,20*'Snow Load Conversion'!D11))))) -> 30 | M6: =(0.7*'Snow Load Conversion'!D7*'Snow Load Conversion'!D9*'Snow Load Conversion'!D11*C6)+'Snow Load Conversion'!D17 -> 33.32
A7: Beaver Creek | B7: Eagle | C7: 75 | D7: =MAX(M7,L7) -> 62.475 | E7: 8080 | L7: =IF(AND(AND('Snow Load Conversion'!D10="I"),'Snow Load Conversion'!I5='Snow Load Conversion'!P5,'Snow Load Conversion'!D13<=15),25,IF(AND(AND('Snow Load Conversion'!D10="ii"),'Snow Load Conversion'!I5='Snow Load Conversion'!P5,'Snow Load Conversion'!D13<=15),30,IF(AND(AND('Snow Load Conversion'!D10="iii"),'Snow Load Conversion'!I5='Snow Load Conversion'!P5,'Snow Load Conversion'!D13<=15),35,IF(AND(AND('Snow Load Conversion'!D10="iv"),'Snow Load Conversion'!I5='Snow Load Conversion'!P5,'Snow Load Conversion'!D13<=15),40,IF(C7<=20,C7*'Snow Load Conversion'!D11,20*'Snow Load Conversion'!D11))))) -> 30 | M7: =(0.7*'Snow Load Conversion'!D7*'Snow Load Conversion'!D9*'Snow Load Conversion'!D11*C7)+'Snow Load Conversion'!D17 -> 62.475
A8: Boulder | B8: Boulder | C8: 40 | D8: =MAX(M8,L8) -> 33.32 | E8: 5330 | L8: =IF(AND(AND('Snow Load Conversion'!D10="I"),'Snow Load Conversion'!I5='Snow Load Conversion'!P5,'Snow Load Conversion'!D13<=15),25,IF(AND(AND('Snow Load Conversion'!D10="ii"),'Snow Load Conversion'!I5='Snow Load Conversion'!P5,'Snow Load Conversion'!D13<=15),30,IF(AND(AND('Snow Load Conversion'!D10="iii"),'Snow Load Conversion'!I5='Snow Load Conversion'!P5,'Snow Load Conversion'!D13<=15),35,IF(AND(AND('Snow Load Conversion'!D10="iv"),'Snow Load Conversion'!I5='Snow Load Conversion'!P5,'Snow Load Conversion'!D13<=15),40,IF(C8<=20,C8*'Snow Load Conversion'!D11,20*'Snow Load Conversion'!D11))))) -> 30 | M8: =(0.7*'Snow Load Conversion'!D7*'Snow Load Conversion'!D9*'Snow Load Conversion'!D11*C8)+'Snow Load Conversion'!D17 -> 33.32
A9: Breckenridge | B9: Summit | C9: 80 | D9: =MAX(M9,L9) -> 66.64 | E9: 9600 | L9: =IF(AND(AND('Snow Load Conversion'!D10="I"),'Snow Load Conversion'!I5='Snow Load Conversion'!P5,'Snow Load Conversion'!D13<=15),25,IF(AND(AND('Snow Load Conversion'!D10="ii"),'Snow Load Conversion'!I5='Snow Load Conversion'!P5,'Snow Load Conversion'!D13<=15),30,IF(AND(AND('Snow Load Conversion'!D10="iii"),'Snow Load Conversion'!I5='Snow Load Conversion'!P5,'Snow Load Conversion'!D13<=15),35,IF(AND(AND('Snow Load Conversion'!D10="iv"),'Snow Load Conversion'!I5='Snow Load Conversion'!P5,'Snow Load Conversion'!D13<=15),40,IF(C9<=20,C9*'Snow Load Conversion'!D11,20*'Snow Load Conversion'!D11))))) -> 30 | M9: =(0.7*'Snow Load Conversion'!D7*'Snow Load Conversion'!D9*'Snow Load Conversion'!D11*C9)+'Snow Load Conversion'!D17 -> 66.64
A10: Brighton | B10: Adams | C10: 35 | D10: =MAX(M10,L10) -> 30 | E10: 4980 | L10: =IF(AND(AND('Snow Load Conversion'!D10="I"),'Snow Load Conversion'!I5='Snow Load Conversion'!P5,'Snow Load Conversion'!D13<=15),25,IF(AND(AND('Snow Load Conversion'!D10="ii"),'Snow Load Conversion'!I5='Snow Load Conversion'!P5,'Snow Load Conversion'!D13<=15),30,IF(AND(AND('Snow Load Conversion'!D10="iii"),'Snow Load Conversion'!I5='Snow Load Conversion'!P5,'Snow Load Conversion'!D13<=15),35,IF(AND(AND('Snow Load Conversion'!D10="iv"),'Snow Load Conversion'!I5='Snow Load Conversion'!P5,'Snow Load Conversion'!D13<=15),40,IF(C10<=20,C10*'Snow Load Conversion'!D11,20*'Snow Load Conversion'!D11))))) -> 30 | M10: =(0.7*'Snow Load Conversion'!D7*'Snow Load Conversion'!D9*'Snow Load Conversion'!D11*C10)+'Snow Load Conversion'!D17 -> 29.155
A11: Buena Vista | B11: Chaffee | C11: 35 | D11: =MAX(M11,L11) -> 30 | E11: 7960 | L11: =IF(AND(AND('Snow Load Conversion'!D10="I"),'Snow Load Conversion'!I5='Snow Load Conversion'!P5,'Snow Load Conversion'!D13<=15),25,IF(AND(AND('Snow Load Conversion'!D10="ii"),'Snow Load Conversion'!I5='Snow Load Conversion'!P5,'Snow Load Conversion'!D13<=15),30,IF(AND(AND('Snow Load Conversion'!D10="iii"),'Snow Load Conversion'!I5='Snow Load Conversion'!P5,'Snow Load Conversion'!D13<=15),35,IF(AND(AND('Snow Load Conversion'!D10="iv"),'Snow Load Conversion'!I5='Snow Load Conversion'!P5,'Snow Load Conversion'!D13<=15),40,IF(C11<=20,C11*'Snow Load Conversion'!D11,20*'Snow Load Conversion'!D11))))) -> 30 | M11: =(0.7*'Snow Load Conversion'!D7*'Snow Load Conversion'!D9*'Snow Load Conversion'!D11*C11)+'Snow Load Conversion'!D17 -> 29.155
A12: Canon City | B12: Fremont | C12: 35 | D12: =MAX(M12,L12) -> 30 | E12: 5350 | L12: =IF(AND(AND('Snow Load Conversion'!D10="I"),'Snow Load Conversion'!I5='Snow Load Conversion'!P5,'Snow Load Conversion'!D13<=15),25,IF(AND(AND('Snow Load Conversion'!D10="ii"),'Snow Load Conversion'!I5='Snow Load Conversion'!P5,'Snow Load Conversion'!D13<=15),30,IF(AND(AND('Snow Load Conversion'!D10="iii"),'Snow Load Conversion'!I5='Snow Load Conversion'!P5,'Snow Load Conversion'!D13<=15),35,IF(AND(AND('Snow Load Conversion'!D10="iv"),'Snow Load Conversion'!I5='Snow Load Conversion'!P5,'Snow Load Conversion'!D13<=15),40,IF(C12<=20,C12*'Snow Load Conversion'!D11,20*'Snow Load Conversion'!D11))))) -> 30 | M12: =(0.7*'Snow Load Conversion'!D7*'Snow Load Conversion'!D9*'Snow Load Conversion'!D11*C12)+'Snow Load Conversion'!D17 -> 29.155
A13: Castle Rock | B13: Douglas | C13: 45 | D13: =MAX(M13,L13) -> 37.485 | E13: 6220 | L13: =IF(AND(AND('Snow Load Conversion'!D10="I"),'Snow Load Conversion'!I5='Snow Load Conversion'!P5,'Snow Load Conversion'!D13<=15),25,IF(AND(AND('Snow Load Conversion'!D10="ii"),'Snow Load Conversion'!I5='Snow Load Conversion'!P5,'Snow Load Conversion'!D13<=15),30,IF(AND(AND('Snow Load Conversion'!D10="iii"),'Snow Load Conversion'!I5='Snow Load Conversion'!P5,'Snow Load Conversion'!D13<=15),35,IF(AND(AND('Snow Load Conversion'!D10="iv"),'Snow Load Conversion'!I5='Snow Load Conversion'!P5,'Snow Load Conversion'!D13<=15),40,IF(C13<=20,C13*'Snow Load Conversion'!D11,20*'Snow Load Conversion'!D11))))) -> 30 | M13: =(0.7*'Snow Load Conversion'!D7*'Snow Load Conversion'!D9*'Snow Load Conversion'!D11*C13)+'Snow Load Conversion'!D17 -> 37.485
A14: Central City | B14: Gilpin | C14: 85 | D14: =MAX(M14,L14) -> 70.805 | E14: 8510 | L14: =IF(AND(AND('Snow Load Conversion'!D10="I"),'Snow Load Conversion'!I5='Snow Load Conversion'!P5,'Snow Load Conversion'!D13<=15),25,IF(AND(AND('Snow Load Conversion'!D10="ii"),'Snow Load Conversion'!I5='Snow Load Conversion'!P5,'Snow Load Conversion'!D13<=15),30,IF(AND(AND('Snow Load Conversion'!D10="iii"),'Snow Load Conversion'!I5='Snow Load Conversion'!P5,'Snow Load Conversion'!D13<=15),35,IF(AND(AND('Snow Load Conversion'!D10="iv"),'Snow Load Conversion'!I5='Snow Load Conversion'!P5,'Snow Load Conversion'!D13<=15),40,IF(C14<=20,C14*'Snow Load Conversion'!D11,20*'Snow Load Conversion'!D11))))) -> 30 | M14: =(0.7*'Snow Load Conversion'!D7*'Snow Load Conversion'!D9*'Snow Load Conversion'!D11*C14)+'Snow Load Conversion'!D17 -> 70.805
A15: Colorado Springs | B15: El Paso | C15: 45 | D15: =MAX(M15,L15) -> 37.485 | E15: 6010 | L15: =IF(AND(AND('Snow Load Conversion'!D10="I"),'Snow Load Conversion'!I5='Snow Load Conversion'!P5,'Snow Load Conversion'!D13<=15),25,IF(AND(AND('Snow Load Conversion'!D10="ii"),'Snow Load Conversion'!I5='Snow Load Conversion'!P5,'Snow Load Conversion'!D13<=15),30,IF(AND(AND('Snow Load Conversion'!D10="iii"),'Snow Load Conversion'!I5='Snow Load Conversion'!P5,'Snow Load Conversion'!D13<=15),35,IF(AND(AND('Snow Load Conversion'!D10="iv"),'Snow Load Conversion'!I5='Snow Load Conversion'!P5,'Snow Load Conversion'!D13<=15),40,IF(C15<=20,C15*'Snow Load Conversion'!D11,20*'Snow Load Conversion'!D11))))) -> 30 | M15: =(0.7*'Snow Load Conversion'!D7*'Snow Load Conversion'!D9*'Snow Load Conversion'!D11*C15)+'Snow Load Conversion'!D17 -> 37.485
A16: Copper Mountain | B16: Summit | C16: 80 | D16: =MAX(M16,L16) -> 66.64 | E16: 9700 | L16: =IF(AND(AND('Snow Load Conversion'!D10="I"),'Snow Load Conversion'!I5='Snow Load Conversion'!P5,'Snow Load Conversion'!D13<=15),25,IF(AND(AND('Snow Load Conversion'!D10="ii"),'Snow Load Conversion'!I5='Snow Load Conversion'!P5,'Snow Load Conversion'!D13<=15),30,IF(AND(AND('Snow Load Conversion'!D10="iii"),'Snow Load Conversion'!I5='Snow Load Conversion'!P5,'Snow Load Conversion'!D13<=15),35,IF(AND(AND('Snow Load Conversion'!D10="iv"),'Snow Load Conversion'!I5='Snow Load Conversion'!P5,'Snow Load Conversion'!D13<=15),40,IF(C16<=20,C16*'Snow Load Conversion'!D11,20*'Snow Load Conversion'!D11))))) -> 30 | M16: =(0.7*'Snow Load Conversion'!D7*'Snow Load Conversion'!D9*'Snow Load Conversion'!D11*C16)+'Snow Load Conversion'!D17 -> 66.64
A17: Cortez | B17: Montezuma | C17: 30 | D17: =MAX(M17,L17) -> 30 | E17: 9190 | L17: =IF(AND(AND('Snow Load Conversion'!D10="I"),'Snow Load Conversion'!I5='Snow Load Conversion'!P5,'Snow Load Conversion'!D13<=15),25,IF(AND(AND('Snow Load Conversion'!D10="ii"),'Snow Load Conversion'!I5='Snow Load Conversion'!P5,'Snow Load Conversion'!D13<=15),30,IF(AND(AND('Snow Load Conversion'!D10="iii"),'Snow Load Conversion'!I5='Snow Load Conversion'!P5,'Snow Load Conversion'!D13<=15),35,IF(AND(AND('Snow Load Conversion'!D10="iv"),'Snow Load Conversion'!I5='Snow Load Conversion'!P5,'Snow Load Conversion'!D13<=15),40,IF(C17<=20,C17*'Snow Load Conversion'!D11,20*'Snow Load Conversion'!D11))))) -> 30 | M17: =(0.7*'Snow Load Conversion'!D7*'Snow Load Conversion'!D9*'Snow Load Conversion'!D11*C17)+'Snow Load Conversion'!D17 -> 24.99
A18: Craig | B18: Moffat | C18: 30 | D18: =MAX(M18,L18) -> 30 | E18: 6200 | L18: =IF(AND(AND('Snow Load Conversion'!D10="I"),'Snow Load Conversion'!I5='Snow Load Conversion'!P5,'Snow Load Conversion'!D13<=15),25,IF(AND(AND('Snow Load Conversion'!D10="ii"),'Snow Load Conversion'!I5='Snow Load Conversion'!P5,'Snow Load Conversion'!D13<=15),30,IF(AND(AND('Snow Load Conversion'!D10="iii"),'Snow Load Conversion'!I5='Snow Load Conversion'!P5,'Snow Load Conversion'!D13<=15),35,IF(AND(AND('Snow Load Conversion'!D10="iv"),'Snow Load Conversion'!I5='Snow Load Conversion'!P5,'Snow Load Conversion'!D13<=15),40,IF(C18<=20,C18*'Snow Load Conversion'!D11,20*'Snow Load Conversion'!D11))))) -> 30 | M18: =(0.7*'Snow Load Conversion'!D7*'Snow Load Conversion'!D9*'Snow Load Conversion'!D11*C18)+'Snow Load Conversion'!D17 -> 24.99
A19: Creede | B19: Mineral | C19: 65 | D19: =MAX(M19,L19) -> 54.145 | E19: 8800 | L19: =IF(AND(AND('Snow Load Conversion'!D10="I"),'Snow Load Conversion'!I5='Snow Load Conversion'!P5,'Snow Load Conversion'!D13<=15),25,IF(AND(AND('Snow Load Conversion'!D10="ii"),'Snow Load Conversion'!I5='Snow Load Conversion'!P5,'Snow Load Conversion'!D13<=15),30,IF(AND(AND('Snow Load Conversion'!D10="iii"),'Snow Load Conversion'!I5='Snow Load Conversion'!P5,'Snow Load Conversion'!D13<=15),35,IF(AND(AND('Snow Load Conversion'!D10="iv"),'Snow Load Conversion'!I5='Snow Load Conversion'!P5,'Snow Load Conversion'!D13<=15),40,IF(C19<=20,C19*'Snow Load Conversion'!D11,20*'Snow Load Conversion'!D11))))) -> 30 | M19: =(0.7*'Snow Load Conversion'!D7*'Snow Load Conversion'!D9*'Snow Load Conversion'!D11*C19)+'Snow Load Conversion'!D17 -> 54.145
A20: Cripple Creek | B20: Teller | C20: 70 | D20: =MAX(M20,L20) -> 58.31 | E20: 9490 | L20: =IF(AND(AND('Snow Load Conversion'!D10="I"),'Snow Load Conversion'!I5='Snow Load Conversion'!P5,'Snow Load Conversion'!D13<=15),25,IF(AND(AND('Snow Load Conversion'!D10="ii"),'Snow Load Conversion'!I5='Snow Load Conversion'!P5,'Snow Load Conversion'!D13<=15),30,IF(AND(AND('Snow Load Conversion'!D10="iii"),'Snow Load Conversion'!I5='Snow Load Conversion'!P5,'Snow Load Conversion'!D13<=15),35,IF(AND(AND('Snow Load Conversion'!D10="iv"),'Snow Load Conversion'!I5='Snow Load Conversion'!P5,'Snow Load Conversion'!D13<=15),40,IF(C20<=20,C20*'Snow Load Conversion'!D11,20*'Snow Load Conversion'!D11))))) -> 30 | M20: =(0.7*'Snow Load Conversion'!D7*'Snow Load Conversion'!D9*'Snow Load Conversion'!D11*C20)+'Snow Load Conversion'!D17 -> 58.31
A21: Delta | B21: Delta | C21: 25 | D21: =MAX(M21,L21) -> 30 | E21: 4960 | L21: =IF(AND(AND('Snow Load Conversion'!D10="I"),'Snow Load Conversion'!I5='Snow Load Conversion'!P5,'Snow Load Conversion'!D13<=15),25,IF(AND(AND('Snow Load Conversion'!D10="ii"),'Snow Load Conversion'!I5='Snow Load Conversion'!P5,'Snow Load Conversion'!D13<=15),30,IF(AND(AND('Snow Load Conversion'!D10="iii"),'Snow Load Conversion'!I5='Snow Load Conversion'!P5,'Snow Load Conversion'!D13<=15),35,IF(AND(AND('Snow Load Conversion'!D10="iv"),'Snow Load Conversion'!I5='Snow Load Conversion'!P5,'Snow Load Conversion'!D13<=15),40,IF(C21<=20,C21*'Snow Load Conversion'!D11,20*'Snow Load Conversion'!D11))))) -> 30 | M21: =(0.7*'Snow Load Conversion'!D7*'Snow Load Conversion'!D9*'Snow Load Conversion'!D11*C21)+'Snow Load Conversion'!D17 -> 20.825
A22: Denver | B22: Denver | C22: 35 | D22: =MAX(M22,L22) -> 30 | E22: 5280 | L22: =IF(AND(AND('Snow Load Conversion'!D10="I"),'Snow Load Conversion'!I5='Snow Load Conversion'!P5,'Snow Load Conversion'!D13<=15),25,IF(AND(AND('Snow Load Conversion'!D10="ii"),'Snow Load Conversion'!I5='Snow Load Conversion'!P5,'Snow Load Conversion'!D13<=15),30,IF(AND(AND('Snow Load Conversion'!D10="iii"),'Snow Load Conversion'!I5='Snow Load Conversion'!P5,'Snow Load Conversion'!D13<=15),35,IF(AND(AND('Snow Load Conversion'!D10="iv"),'Snow Load Conversion'!I5='Snow Load Conversion'!P5,'Snow Load Conversion'!D13<=15),40,IF(C22<=20,C22*'Snow Load Conversion'!D11,20*'Snow Load Conversion'!D11))))) -> 30 | M22: =(0.7*'Snow Load Conversion'!D7*'Snow Load Conversion'!D9*'Snow Load Conversion'!D11*C22)+'Snow Load Conversion'!D17 -> 29.155
A23: Durango | B23: La Plata | C23: 55 | D23: =MAX(M23,L23) -> 45.815 | E23: 6530 | L23: =IF(AND(AND('Snow Load Conversion'!D10="I"),'Snow Load Conversion'!I5='Snow Load Conversion'!P5,'Snow Load Conversion'!D13<=15),25,IF(AND(AND('Snow Load Conversion'!D10="ii"),'Snow Load Conversion'!I5='Snow Load Conversion'!P5,'Snow Load Conversion'!D13<=15),30,IF(AND(AND('Snow Load Conversion'!D10="iii"),'Snow Load Conversion'!I5='Snow Load Conversion'!P5,'Snow Load Conversion'!D13<=15),35,IF(AND(AND('Snow Load Conversion'!D10="iv"),'Snow Load Conversion'!I5='Snow Load Conversion'!P5,'Snow Load Conversion'!D13<=15),40,IF(C23<=20,C23*'Snow Load Conversion'!D11,20*'Snow Load Conversion'!D11))))) -> 30 | M23: =(0.7*'Snow Load Conversion'!D7*'Snow Load Conversion'!D9*'Snow Load Conversion'!D11*C23)+'Snow Load Conversion'!D17 -> 45.815
A24: Eagle | B24: Eagle | C24: 45 | D24: =MAX(M24,L24) -> 37.485 | E24: 6600 | L24: =IF(AND(AND('Snow Load Conversion'!D10="I"),'Snow Load Conversion'!I5='Snow Load Conversion'!P5,'Snow Load Conversion'!D13<=15),25,IF(AND(AND('Snow Load Conversion'!D10="ii"),'Snow Load Conversion'!I5='Snow Load Conversion'!P5,'Snow Load Conversion'!D13<=15),30,IF(AND(AND('Snow Load Conversion'!D10="iii"),'Snow Load Conversion'!I5='Snow Load Conversion'!P5,'Snow Load Conversion'!D13<=15),35,IF(AND(AND('Snow Load Conversion'!D10="iv"),'Snow Load Conversion'!I5='Snow Load Conversion'!P5,'Snow Load Conversion'!D13<=15),40,IF(C24<=20,C24*'Snow Load Conversion'!D11,20*'Snow Load Conversion'!D11))))) -> 30 | M24: =(0.7*'Snow Load Conversion'!D7*'Snow Load Conversion'!D9*'Snow Load Conversion'!D11*C24)+'Snow Load Conversion'!D17 -> 37.485
A25: Estes Park | B25: Larimer | C25: 65 | D25: =MAX(M25,L25) -> 54.145 | E25: 7250 | L25: =IF(AND(AND('Snow Load Conversion'!D10="I"),'Snow Load Conversion'!I5='Snow Load Conversion'!P5,'Snow Load Conversion'!D13<=15),25,IF(AND(AND('Snow Load Conversion'!D10="ii"),'Snow Load Conversion'!I5='Snow Load Conversion'!P5,'Snow Load Conversion'!D13<=15),30,IF(AND(AND('Snow Load Conversion'!D10="iii"),'Snow Load Conversion'!I5='Snow Load Conversion'!P5,'Snow Load Conversion'!D13<=15),35,IF(AND(AND('Snow Load Conversion'!D10="iv"),'Snow Load Conversion'!I5='Snow Load Conversion'!P5,'Snow Load Conversion'!D13<=15),40,IF(C25<=20,C25*'Snow Load Conversion'!D11,20*'Snow Load Conversion'!D11))))) -> 30 | M25: =(0.7*'Snow Load Conversion'!D7*'Snow Load Conversion'!D9*'Snow Load Conversion'!D11*C25)+'Snow Load Conversion'!D17 -> 54.145
A26: Fairplay | B26: Park | C26: 55 | D26: =MAX(M26,L26) -> 45.815 | E26: 9950 | L26: =IF(AND(AND('Snow Load Conversion'!D10="I"),'Snow Load Conversion'!I5='Snow Load Conversion'!P5,'Snow Load Conversion'!D13<=15),25,IF(AND(AND('Snow Load Conversion'!D10="ii"),'Snow Load Conversion'!I5='Snow Load Conversion'!P5,'Snow Load Conversion'!D13<=15),30,IF(AND(AND('Snow Load Conversion'!D10="iii"),'Snow Load Conversion'!I5='Snow Load Conversion'!P5,'Snow Load Conversion'!D13<=15),35,IF(AND(AND('Snow Load Conversion'!D10="iv"),'Snow Load Conversion'!I5='Snow Load Conversion'!P5,'Snow Load Conversion'!D13<=15),40,IF(C26<=20,C26*'Snow Load Conversion'!D11,20*'Snow Load Conversion'!D11))))) -> 30 | M26: =(0.7*'Snow Load Conversion'!D7*'Snow Load Conversion'!D9*'Snow Load Conversion'!D11*C26)+'Snow Load Conversion'!D17 -> 45.815
A27: Fort Collins | B27: Larimer | C27: 35 | D27: =MAX(M27,L27) -> 30 | E27: 5000 | L27: =IF(AND(AND('Snow Load Conversion'!D10="I"),'Snow Load Conversion'!I5='Snow Load Conversion'!P5,'Snow Load Conversion'!D13<=15),25,IF(AND(AND('Snow Load Conversion'!D10="ii"),'Snow Load Conversion'!I5='Snow Load Conversion'!P5,'Snow Load Conversion'!D13<=15),30,IF(AND(AND('Snow Load Conversion'!D10="iii"),'Snow Load Conversion'!I5='Snow Load Conversion'!P5,'Snow Load Conversion'!D13<=15),35,IF(AND(AND('Snow Load Conversion'!D10="iv"),'Snow Load Conversion'!I5='Snow Load Conversion'!P5,'Snow Load Conversion'!D13<=15),40,IF(C27<=20,C27*'Snow Load Conversion'!D11,20*'Snow Load Conversion'!D11))))) -> 30 | M27: =(0.7*'Snow Load Conversion'!D7*'Snow Load Conversion'!D9*'Snow Load Conversion'!D11*C27)+'Snow Load Conversion'!D17 -> 29.155
A28: Georgetown | B28: Clear Creek | C28: 60 | D28: =MAX(M28,L28) -> 49.98 | E28: 8520 | L28: =IF(AND(AND('Snow Load Conversion'!D10="I"),'Snow Load Conversion'!I5='Snow Load Conversion'!P5,'Snow Load Conversion'!D13<=15),25,IF(AND(AND('Snow Load Conversion'!D10="ii"),'Snow Load Conversion'!I5='Snow Load Conversion'!P5,'Snow Load Conversion'!D13<=15),30,IF(AND(AND('Snow Load Conversion'!D10="iii"),'Snow Load Conversion'!I5='Snow Load Conversion'!P5,'Snow Load Conversion'!D13<=15),35,IF(AND(AND('Snow Load Conversion'!D10="iv"),'Snow Load Conversion'!I5='Snow Load Conversion'!P5,'Snow Load Conversion'!D13<=15),40,IF(C28<=20,C28*'Snow Load Conversion'!D11,20*'Snow Load Conversion'!D11))))) -> 30 | M28: =(0.7*'Snow Load Conversion'!D7*'Snow Load Conversion'!D9*'Snow Load Conversion'!D11*C28)+'Snow Load Conversion'!D17 -> 49.98
A29: Glenwood Springs | B29: Garfield | C29: 40 | D29: =MAX(M29,L29) -> 33.32 | E29: 5760 | L29: =IF(AND(AND('Snow Load Conversion'!D10="I"),'Snow Load Conversion'!I5='Snow Load Conversion'!P5,'Snow Load Conversion'!D13<=15),25,IF(AND(AND('Snow Load Conversion'!D10="ii"),'Snow Load Conversion'!I5='Snow Load Conversion'!P5,'Snow Load Conversion'!D13<=15),30,IF(AND(AND('Snow Load Conversion'!D10="iii"),'Snow Load Conversion'!I5='Snow Load Conversion'!P5,'Snow Load Conversion'!D13<=15),35,IF(AND(AND('Snow Load Conversion'!D10="iv"),'Snow Load Conversion'!I5='Snow Load Conversion'!P5,'Snow Load Conversion'!D13<=15),40,IF(C29<=20,C29*'Snow Load Conversion'!D11,20*'Snow Load Conversion'!D11))))) -> 30 | M29: =(0.7*'Snow Load Conversion'!D7*'Snow Load Conversion'!D9*'Snow Load Conversion'!D11*C29)+'Snow Load Conversion'!D17 -> 33.32
A30: Golden | B30: Jefferson | C30: 40 | D30: =MAX(M30,L30) -> 33.32 | E30: 5670 | L30: =IF(AND(AND('Snow Load Conversion'!D10="I"),'Snow Load Conversion'!I5='Snow Load Conversion'!P5,'Snow Load Conversion'!D13<=15),25,IF(AND(AND('Snow Load Conversion'!D10="ii"),'Snow Load Conversion'!I5='Snow Load Conversion'!P5,'Snow Load Conversion'!D13<=15),30,IF(AND(AND('Snow Load Conversion'!D10="iii"),'Snow Load Conversion'!I5='Snow Load Conversion'!P5,'Snow Load Conversion'!D13<=15),35,IF(AND(AND('Snow Load Conversion'!D10="iv"),'Snow Load Conversion'!I5='Snow Load Conversion'!P5,'Snow Load Conversion'!D13<=15),40,IF(C30<=20,C30*'Snow Load Conversion'!D11,20*'Snow Load Conversion'!D11))))) -> 30 | M30: =(0.7*'Snow Load Conversion'!D7*'Snow Load Conversion'!D9*'Snow Load Conversion'!D11*C30)+'Snow Load Conversion'!D17 -> 33.32
A31: Granby | B31: Grand | C31: 55 | D31: =MAX(M31,L31) -> 45.815 | E31: 7980 | L31: =IF(AND(AND('Snow Load Conversion'!D10="I"),'Snow Load Conversion'!I5='Snow Load Conversion'!P5,'Snow Load Conversion'!D13<=15),25,IF(AND(AND('Snow Load Conversion'!D10="ii"),'Snow Load Conversion'!I5='Snow Load Conversion'!P5,'Snow Load Conversion'!D13<=15),30,IF(AND(AND('Snow Load Conversion'!D10="iii"),'Snow Load Conversion'!I5='Snow Load Conversion'!P5,'Snow Load Conversion'!D13<=15),35,IF(AND(AND('Snow Load Conversion'!D10="iv"),'Snow Load Conversion'!I5='Snow Load Conversion'!P5,'Snow Load Conversion'!D13<=15),40,IF(C31<=20,C31*'Snow Load Conversion'!D11,20*'Snow Load Conversion'!D11))))) -> 30 | M31: =(0.7*'Snow Load Conversion'!D7*'Snow Load Conversion'!D9*'Snow Load Conversion'!D11*C31)+'Snow Load Conversion'!D17 -> 45.815
A32: Grand Junction | B32: Mesa | C32: 25 | D32: =MAX(M32,L32) -> 30 | E32: 4590 | L32: =IF(AND(AND('Snow Load Conversion'!D10="I"),'Snow Load Conversion'!I5='Snow Load Conversion'!P5,'Snow Load Conversion'!D13<=15),25,IF(AND(AND('Snow Load Conversion'!D10="ii"),'Snow Load Conversion'!I5='Snow Load Conversion'!P5,'Snow Load Conversion'!D13<=15),30,IF(AND(AND('Snow Load Conversion'!D10="iii"),'Snow Load Conversion'!I5='Snow Load Conversion'!P5,'Snow Load Conversion'!D13<=15),35,IF(AND(AND('Snow Load Conversion'!D10="iv"),'Snow Load Conversion'!I5='Snow Load Conversion'!P5,'Snow Load Conversion'!D13<=15),40,IF(C32<=20,C32*'Snow Load Conversion'!D11,20*'Snow Load Conversion'!D11))))) -> 30 | M32: =(0.7*'Snow Load Conversion'!D7*'Snow Load Conversion'!D9*'Snow Load Conversion'!D11*C32)+'Snow Load Conversion'!D17 -> 20.825
A33: Greeley | B33: Weld | C33: 30 | D33: =MAX(M33,L33) -> 30 | E33: 4680 | L33: =IF(AND(AND('Snow Load Conversion'!D10="I"),'Snow Load Conversion'!I5='Snow Load Conversion'!P5,'Snow Load Conversion'!D13<=15),25,IF(AND(AND('Snow Load Conversion'!D10="ii"),'Snow Load Conversion'!I5='Snow Load Conversion'!P5,'Snow Load Conversion'!D13<=15),30,IF(AND(AND('Snow Load Conversion'!D10="iii"),'Snow Load Conversion'!I5='Snow Load Conversion'!P5,'Snow Load Conversion'!D13<=15),35,IF(AND(AND('Snow Load Conversion'!D10="iv"),'Snow Load Conversion'!I5='Snow Load Conversion'!P5,'Snow Load Conversion'!D13<=15),40,IF(C33<=20,C33*'Snow Load Conversion'!D11,20*'Snow Load Conversion'!D11))))) -> 30 | M33: =(0.7*'Snow Load Conversion'!D7*'Snow Load Conversion'!D9*'Snow Load Conversion'!D11*C33)+'Snow Load Conversion'!D17 -> 24.99
A34: Gunnison | B34: Gunnison | C34: 45 | D34: =MAX(M34,L34) -> 37.485 | E34: 7700 | L34: =IF(AND(AND('Snow Load Conversion'!D10="I"),'Snow Load Conversion'!I5='Snow Load Conversion'!P5,'Snow Load Conversion'!D13<=15),25,IF(AND(AND('Snow Load Conversion'!D10="ii"),'Snow Load Conversion'!I5='Snow Load Conversion'!P5,'Snow Load Conversion'!D13<=15),30,IF(AND(AND('Snow Load Conversion'!D10="iii"),'Snow Load Conversion'!I5='Snow Load Conversion'!P5,'Snow Load Conversion'!D13<=15),35,IF(AND(AND('Snow Load Conversion'!D10="iv"),'Snow Load Conversion'!I5='Snow Load Conversion'!P5,'Snow Load Conversion'!D13<=15),40,IF(C34<=20,C34*'Snow Load Conversion'!D11,20*'Snow Load Conversion'!D11))))) -> 30 | M34: =(0.7*'Snow Load Conversion'!D7*'Snow Load Conversion'!D9*'Snow Load Conversion'!D11*C34)+'Snow Load Conversion'!D17 -> 37.485
A35: Keystone | B35: Summit | C35: 70 | D35: =MAX(M35,L35) -> 58.31 | E35: 9170 | L35: =IF(AND(AND('Snow Load Conversion'!D10="I"),'Snow Load Conversion'!I5='Snow Load Conversion'!P5,'Snow Load Conversion'!D13<=15),25,IF(AND(AND('Snow Load Conversion'!D10="ii"),'Snow Load Conversion'!I5='Snow Load Conversion'!P5,'Snow Load Conversion'!D13<=15),30,IF(AND(AND('Snow Load Conversion'!D10="iii"),'Snow Load Conversion'!I5='Snow Load Conversion'!P5,'Snow Load Conversion'!D13<=15),35,IF(AND(AND('Snow Load Conversion'!D10="iv"),'Snow Load Conversion'!I5='Snow Load Conversion'!P5,'Snow Load Conversion'!D13<=15),40,IF(C35<=20,C35*'Snow Load Conversion'!D11,20*'Snow Load Conversion'!D11))))) -> 30 | M35: =(0.7*'Snow Load Conversion'!D7*'Snow Load Conversion'!D9*'Snow Load Conversion'!D11*C35)+'Snow Load Conversion'!D17 -> 58.31
A36: Leadville | B36: Lake | C36: 75 | D36: =MAX(M36,L36) -> 62.475 | E36: 10160 | L36: =IF(AND(AND('Snow Load Conversion'!D10="I"),'Snow Load Conversion'!I5='Snow Load Conversion'!P5,'Snow Load Conversion'!D13<=15),25,IF(AND(AND('Snow Load Conversion'!D10="ii"),'Snow Load Conversion'!I5='Snow Load Conversion'!P5,'Snow Load Conversion'!D13<=15),30,IF(AND(AND('Snow Load Conversion'!D10="iii"),'Snow Load Conversion'!I5='Snow Load Conversion'!P5,'Snow Load Conversion'!D13<=15),35,IF(AND(AND('Snow Load Conversion'!D10="iv"),'Snow Load Conversion'!I5='Snow Load Conversion'!P5,'Snow Load Conversion'!D13<=15),40,IF(C36<=20,C36*'Snow Load Conversion'!D11,20*'Snow Load Conversion'!D11))))) -> 30 | M36: =(0.7*'Snow Load Conversion'!D7*'Snow Load Conversion'!D9*'Snow Load Conversion'!D11*C36)+'Snow Load Conversion'!D17 -> 62.475
A37: Longmont | B37: Boulder | C37: 35 | D37: =MAX(M37,L37) -> 30 | E37: 4980 | L37: =IF(AND(AND('Snow Load Conversion'!D10="I"),'Snow Load Conversion'!I5='Snow Load Conversion'!P5,'Snow Load Conversion'!D13<=15),25,IF(AND(AND('Snow Load Conversion'!D10="ii"),'Snow Load Conversion'!I5='Snow Load Conversion'!P5,'Snow Load Conversion'!D13<=15),30,IF(AND(AND('Snow Load Conversion'!D10="iii"),'Snow Load Conversion'!I5='Snow Load Conversion'!P5,'Snow Load Conversion'!D13<=15),35,IF(AND(AND('Snow Load Conversion'!D10="iv"),'Snow Load Conversion'!I5='Snow Load Conversion'!P5,'Snow Load Conversion'!D13<=15),40,IF(C37<=20,C37*'Snow Load Conversion'!D11,20*'Snow Load Conversion'!D11))))) -> 30 | M37: =(0.7*'Snow Load Conversion'!D7*'Snow Load Conversion'!D9*'Snow Load Conversion'!D11*C37)+'Snow Load Conversion'!D17 -> 29.155
A38: Meeker | B38: Rio Blanco | C38: 40 | D38: =MAX(M38,L38) -> 33.32 | E38: 6240 | L38: =IF(AND(AND('Snow Load Conversion'!D10="I"),'Snow Load Conversion'!I5='Snow Load Conversion'!P5,'Snow Load Conversion'!D13<=15),25,IF(AND(AND('Snow Load Conversion'!D10="ii"),'Snow Load Conversion'!I5='Snow Load Conversion'!P5,'Snow Load Conversion'!D13<=15),30,IF(AND(AND('Snow Load Conversion'!D10="iii"),'Snow Load Conversion'!I5='Snow Load Conversion'!P5,'Snow Load Conversion'!D13<=15),35,IF(AND(AND('Snow Load Conversion'!D10="iv"),'Snow Load Conversion'!I5='Snow Load Conversion'!P5,'Snow Load Conversion'!D13<=15),40,IF(C38<=20,C38*'Snow Load Conversion'!D11,20*'Snow Load Conversion'!D11))))) -> 30 | M38: =(0.7*'Snow Load Conversion'!D7*'Snow Load Conversion'!D9*'Snow Load Conversion'!D11*C38)+'Snow Load Conversion'!D17 -> 33.32
A39: Montrose | B39: Montrose | C39: 25 | D39: =MAX(M39,L39) -> 30 | E39: 5810 | L39: =IF(AND(AND('Snow Load Conversion'!D10="I"),'Snow Load Conversion'!I5='Snow Load Conversion'!P5,'Snow Load Conversion'!D13<=15),25,IF(AND(AND('Snow Load Conversion'!D10="ii"),'Snow Load Conversion'!I5='Snow Load Conversion'!P5,'Snow Load Conversion'!D13<=15),30,IF(AND(AND('Snow Load Conversion'!D10="iii"),'Snow Load Conversion'!I5='Snow Load Conversion'!P5,'Snow Load Conversion'!D13<=15),35,IF(AND(AND('Snow Load Conversion'!D10="iv"),'Snow Load Conversion'!I5='Snow Load Conversion'!P5,'Snow Load Conversion'!D13<=15),40,IF(C39<=20,C39*'Snow Load Conversion'!D11,20*'Snow Load Conversion'!D11))))) -> 30 | M39: =(0.7*'Snow Load Conversion'!D7*'Snow Load Conversion'!D9*'Snow Load Conversion'!D11*C39)+'Snow Load Conversion'!D17 -> 20.825
A40: Mount Crested Butte | B40: Gunnison | C40: 155 | D40: =MAX(M40,L40) -> 129.115 | E40: 9900 | L40: =IF(AND(AND('Snow Load Conversion'!D10="I"),'Snow Load Conversion'!I5='Snow Load Conversion'!P5,'Snow Load Conversion'!D13<=15),25,IF(AND(AND('Snow Load Conversion'!D10="ii"),'Snow Load Conversion'!I5='Snow Load Conversion'!P5,'Snow Load Conversion'!D13<=15),30,IF(AND(AND('Snow Load Conversion'!D10="iii"),'Snow Load Conversion'!I5='Snow Load Conversion'!P5,'Snow Load Conversion'!D13<=15),35,IF(AND(AND('Snow Load Conversion'!D10="iv"),'Snow Load Conversion'!I5='Snow Load Conversion'!P5,'Snow Load Conversion'!D13<=15),40,IF(C40<=20,C40*'Snow Load Conversion'!D11,20*'Snow Load Conversion'!D11))))) -> 30 | M40: =(0.7*'Snow Load Conversion'!D7*'Snow Load Conversion'!D9*'Snow Load Conversion'!D11*C40)+'Snow Load Conversion'!D17 -> 129.115
A41: Pagosa Springs | B41: Archuleta | C41: 75 | D41: =MAX(M41,L41) -> 62.475 | E41: 7130 | L41: =IF(AND(AND('Snow Load Conversion'!D10="I"),'Snow Load Conversion'!I5='Snow Load Conversion'!P5,'Snow Load Conversion'!D13<=15),25,IF(AND(AND('Snow Load Conversion'!D10="ii"),'Snow Load Conversion'!I5='Snow Load Conversion'!P5,'Snow Load Conversion'!D13<=15),30,IF(AND(AND('Snow Load Conversion'!D10="iii"),'Snow Load Conversion'!I5='Snow Load Conversion'!P5,'Snow Load Conversion'!D13<=15),35,IF(AND(AND('Snow Load Conversion'!D10="iv"),'Snow Load Conversion'!I5='Snow Load Conversion'!P5,'Snow Load Conversion'!D13<=15),40,IF(C41<=20,C41*'Snow Load Conversion'!D11,20*'Snow Load Conversion'!D11))))) -> 30 | M41: =(0.7*'Snow Load Conversion'!D7*'Snow Load Conversion'!D9*'Snow Load Conversion'!D11*C41)+'Snow Load Conversion'!D17 -> 62.475
A42: Paonia | B42: Delta | C42: 35 | D42: =MAX(M42,L42) -> 30 | E42: 5680 | L42: =IF(AND(AND('Snow Load Conversion'!D10="I"),'Snow Load Conversion'!I5='Snow Load Conversion'!P5,'Snow Load Conversion'!D13<=15),25,IF(AND(AND('Snow Load Conversion'!D10="ii"),'Snow Load Conversion'!I5='Snow Load Conversion'!P5,'Snow Load Conversion'!D13<=15),30,IF(AND(AND('Snow Load Conversion'!D10="iii"),'Snow Load Conversion'!I5='Snow Load Conversion'!P5,'Snow Load Conversion'!D13<=15),35,IF(AND(AND('Snow Load Conversion'!D10="iv"),'Snow Load Conversion'!I5='Snow Load Conversion'!P5,'Snow Load Conversion'!D13<=15),40,IF(C42<=20,C42*'Snow Load Conversion'!D11,20*'Snow Load Conversion'!D11))))) -> 30 | M42: =(0.7*'Snow Load Conversion'!D7*'Snow Load Conversion'!D9*'Snow Load Conversion'!D11*C42)+'Snow Load Conversion'!D17 -> 29.155
A43: Pueblo | B43: Pueblo | C43: 30 | D43: =MAX(M43,L43) -> 30 | E43: 4690 | L43: =IF(AND(AND('Snow Load Conversion'!D10="I"),'Snow Load Conversion'!I5='Snow Load Conversion'!P5,'Snow Load Conversion'!D13<=15),25,IF(AND(AND('Snow Load Conversion'!D10="ii"),'Snow Load Conversion'!I5='Snow Load Conversion'!P5,'Snow Load Conversion'!D13<=15),30,IF(AND(AND('Snow Load Conversion'!D10="iii"),'Snow Load Conversion'!I5='Snow Load Conversion'!P5,'Snow Load Conversion'!D13<=15),35,IF(AND(AND('Snow Load Conversion'!D10="iv"),'Snow Load Conversion'!I5='Snow Load Conversion'!P5,'Snow Load Conversion'!D13<=15),40,IF(C43<=20,C43*'Snow Load Conversion'!D11,20*'Snow Load Conversion'!D11))))) -> 30 | M43: =(0.7*'Snow Load Conversion'!D7*'Snow Load Conversion'!D9*'Snow Load Conversion'!D11*C43)+'Snow Load Conversion'!D17 -> 24.99
A44: Rifle | B44: Garfield | C44: 40 | D44: =MAX(M44,L44) -> 33.32 | E44: 5350 | L44: =IF(AND(AND('Snow Load Conversion'!D10="I"),'Snow Load Conversion'!I5='Snow Load Conversion'!P5,'Snow Load Conversion'!D13<=15),25,IF(AND(AND('Snow Load Conversion'!D10="ii"),'Snow Load Conversion'!I5='Snow Load Conversion'!P5,'Snow Load Conversion'!D13<=15),30,IF(AND(AND('Snow Load Conversion'!D10="iii"),'Snow Load Conversion'!I5='Snow Load Conversion'!P5,'Snow Load Conversion'!D13<=15),35,IF(AND(AND('Snow Load Conversion'!D10="iv"),'Snow Load Conversion'!I5='Snow Load Conversion'!P5,'Snow Load Conversion'!D13<=15),40,IF(C44<=20,C44*'Snow Load Conversion'!D11,20*'Snow Load Conversion'!D11))))) -> 30 | M44: =(0.7*'Snow Load Conversion'!D7*'Snow Load Conversion'!D9*'Snow Load Conversion'!D11*C44)+'Snow Load Conversion'!D17 -> 33.32
A45: Salida | B45: Chaffee | C45: 45 | D45: =MAX(M45,L45) -> 37.485 | E45: 7080 | L45: =IF(AND(AND('Snow Load Conversion'!D10="I"),'Snow Load Conversion'!I5='Snow Load Conversion'!P5,'Snow Load Conversion'!D13<=15),25,IF(AND(AND('Snow Load Conversion'!D10="ii"),'Snow Load Conversion'!I5='Snow Load Conversion'!P5,'Snow Load Conversion'!D13<=15),30,IF(AND(AND('Snow Load Conversion'!D10="iii"),'Snow Load Conversion'!I5='Snow Load Conversion'!P5,'Snow Load Conversion'!D13<=15),35,IF(AND(AND('Snow Load Conversion'!D10="iv"),'Snow Load Conversion'!I5='Snow Load Conversion'!P5,'Snow Load Conversion'!D13<=15),40,IF(C45<=20,C45*'Snow Load Conversion'!D11,20*'Snow Load Conversion'!D11))))) -> 30 | M45: =(0.7*'Snow Load Conversion'!D7*'Snow Load Conversion'!D9*'Snow Load Conversion'!D11*C45)+'Snow Load Conversion'!D17 -> 37.485
A46: Snowmass Village | B46: Pitkin | C46: 90 | D46: =MAX(M46,L46) -> 74.97 | E46: 8210 | L46: =IF(AND(AND('Snow Load Conversion'!D10="I"),'Snow Load Conversion'!I5='Snow Load Conversion'!P5,'Snow Load Conversion'!D13<=15),25,IF(AND(AND('Snow Load Conversion'!D10="ii"),'Snow Load Conversion'!I5='Snow Load Conversion'!P5,'Snow Load Conversion'!D13<=15),30,IF(AND(AND('Snow Load Conversion'!D10="iii"),'Snow Load Conversion'!I5='Snow Load Conversion'!P5,'Snow Load Conversion'!D13<=15),35,IF(AND(AND('Snow Load Conversion'!D10="iv"),'Snow Load Conversion'!I5='Snow Load Conversion'!P5,'Snow Load Conversion'!D13<=15),40,IF(C46<=20,C46*'Snow Load Conversion'!D11,20*'Snow Load Conversion'!D11))))) -> 30 | M46: =(0.7*'Snow Load Conversion'!D7*'Snow Load Conversion'!D9*'Snow Load Conversion'!D11*C46)+'Snow Load Conversion'!D17 -> 74.97
A47: Steamboat Springs | B47: Routt | C47: 85 | D47: =MAX(M47,L47) -> 70.805 | E47: 6730 | L47: =IF(AND(AND('Snow Load Conversion'!D10="I"),'Snow Load Conversion'!I5='Snow Load Conversion'!P5,'Snow Load Conversion'!D13<=15),25,IF(AND(AND('Snow Load Conversion'!D10="ii"),'Snow Load Conversion'!I5='Snow Load Conversion'!P5,'Snow Load Conversion'!D13<=15),30,IF(AND(AND('Snow Load Conversion'!D10="iii"),'Snow Load Conversion'!I5='Snow Load Conversion'!P5,'Snow Load Conversion'!D13<=15),35,IF(AND(AND('Snow Load Conversion'!D10="iv"),'Snow Load Conversion'!I5='Snow Load Conversion'!P5,'Snow Load Conversion'!D13<=15),40,IF(C47<=20,C47*'Snow Load Conversion'!D11,20*'Snow Load Conversion'!D11))))) -> 30 | M47: =(0.7*'Snow Load Conversion'!D7*'Snow Load Conversion'!D9*'Snow Load Conversion'!D11*C47)+'Snow Load Conversion'!D17 -> 70.805
A48: Telluride | B48: San Miguel | C48: 75 | D48: =MAX(M48,L48) -> 62.475 | E48: 8790 | L48: =IF(AND(AND('Snow Load Conversion'!D10="I"),'Snow Load Conversion'!I5='Snow Load Conversion'!P5,'Snow Load Conversion'!D13<=15),25,IF(AND(AND('Snow Load Conversion'!D10="ii"),'Snow Load Conversion'!I5='Snow Load Conversion'!P5,'Snow Load Conversion'!D13<=15),30,IF(AND(AND('Snow Load Conversion'!D10="iii"),'Snow Load Conversion'!I5='Snow Load Conversion'!P5,'Snow Load Conversion'!D13<=15),35,IF(AND(AND('Snow Load Conversion'!D10="iv"),'Snow Load Conversion'!I5='Snow Load Conversion'!P5,'Snow Load Conversion'!D13<=15),40,IF(C48<=20,C48*'Snow Load Conversion'!D11,20*'Snow Load Conversion'!D11))))) -> 30 | M48: =(0.7*'Snow Load Conversion'!D7*'Snow Load Conversion'!D9*'Snow Load Conversion'!D11*C48)+'Snow Load Conversion'!D17 -> 62.475
A49: Trinidad | B49: Las Animas | C49: 45 | D49: =MAX(M49,L49) -> 37.485 | E49: 6030 | L49: =IF(AND(AND('Snow Load Conversion'!D10="I"),'Snow Load Conversion'!I5='Snow Load Conversion'!P5,'Snow Load Conversion'!D13<=15),25,IF(AND(AND('Snow Load Conversion'!D10="ii"),'Snow Load Conversion'!I5='Snow Load Conversion'!P5,'Snow Load Conversion'!D13<=15),30,IF(AND(AND('Snow Load Conversion'!D10="iii"),'Snow Load Conversion'!I5='Snow Load Conversion'!P5,'Snow Load Conversion'!D13<=15),35,IF(AND(AND('Snow Load Conversion'!D10="iv"),'Snow Load Conversion'!I5='Snow Load Conversion'!P5,'Snow Load Conversion'!D13<=15),40,IF(C49<=20,C49*'Snow Load Conversion'!D11,20*'Snow Load Conversion'!D11))))) -> 30 | M49: =(0.7*'Snow Load Conversion'!D7*'Snow Load Conversion'!D9*'Snow Load Conversion'!D11*C49)+'Snow Load Conversion'!D17 -> 37.485
A50: Vail | B50: Eagle | C50: 90 | D50: =MAX(M50,L50) -> 74.97 | E50: 8190 | L50: =IF(AND(AND('Snow Load Conversion'!D10="I"),'Snow Load Conversion'!I5='Snow Load Conversion'!P5,'Snow Load Conversion'!D13<=15),25,IF(AND(AND('Snow Load Conversion'!D10="ii"),'Snow Load Conversion'!I5='Snow Load Conversion'!P5,'Snow Load Conversion'!D13<=15),30,IF(AND(AND('Snow Load Conversion'!D10="iii"),'Snow Load Conversion'!I5='Snow Load Conversion'!P5,'Snow Load Conversion'!D13<=15),35,IF(AND(AND('Snow Load Conversion'!D10="iv"),'Snow Load Conversion'!I5='Snow Load Conversion'!P5,'Snow Load Conversion'!D13<=15),40,IF(C50<=20,C50*'Snow Load Conversion'!D11,20*'Snow Load Conversion'!D11))))) -> 30 | M50: =(0.7*'Snow Load Conversion'!D7*'Snow Load Conversion'!D9*'Snow Load Conversion'!D11*C50)+'Snow Load Conversion'!D17 -> 74.97
A51: Vail Mountain | B51: Eagle | C51: 175 | D51: =MAX(M51,L51) -> 145.775 | E51: 10300 | L51: =IF(AND(AND('Snow Load Conversion'!D10="I"),'Snow Load Conversion'!I5='Snow Load Conversion'!P5,'Snow Load Conversion'!D13<=15),25,IF(AND(AND('Snow Load Conversion'!D10="ii"),'Snow Load Conversion'!I5='Snow Load Conversion'!P5,'Snow Load Conversion'!D13<=15),30,IF(AND(AND('Snow Load Conversion'!D10="iii"),'Snow Load Conversion'!I5='Snow Load Conversion'!P5,'Snow Load Conversion'!D13<=15),35,IF(AND(AND('Snow Load Conversion'!D10="iv"),'Snow Load Conversion'!I5='Snow Load Conversion'!P5,'Snow Load Conversion'!D13<=15),40,IF(C51<=20,C51*'Snow Load Conversion'!D11,20*'Snow Load Conversion'!D11))))) -> 30 | M51: =(0.7*'Snow Load Conversion'!D7*'Snow Load Conversion'!D9*'Snow Load Conversion'!D11*C51)+'Snow Load Conversion'!D17 -> 145.775
A52: Winter Park | B52: Grand | C52: 100 | D52: =MAX(M52,L52) -> 83.3 | E52: 9050 | L52: =IF(AND(AND('Snow Load Conversion'!D10="I"),'Snow Load Conversion'!I5='Snow Load Conversion'!P5,'Snow Load Conversion'!D13<=15),25,IF(AND(AND('Snow Load Conversion'!D10="ii"),'Snow Load Conversion'!I5='Snow Load Conversion'!P5,'Snow Load Conversion'!D13<=15),30,IF(AND(AND('Snow Load Conversion'!D10="iii"),'Snow Load Conversion'!I5='Snow Load Conversion'!P5,'Snow Load Conversion'!D13<=15),35,IF(AND(AND('Snow Load Conversion'!D10="iv"),'Snow Load Conversion'!I5='Snow Load Conversion'!P5,'Snow Load Conversion'!D13<=15),40,IF(C52<=20,C52*'Snow Load Conversion'!D11,20*'Snow Load Conversion'!D11))))) -> 30 | M52: =(0.7*'Snow Load Conversion'!D7*'Snow Load Conversion'!D9*'Snow Load Conversion'!D11*C52)+'Snow Load Conversion'!D17 -> 83.3

Sheet ID Ground - Snow Loads
A1: IDAHO GROUND SNOW LOAD REQUIREMENTS
A2: CITY / TOWN: | B2: COUNTY: | C2: GROUND SNOW LOAD REQUIREMENT (lb/ft2): | D2: MIN. ROOF SNOW LOAD (lb/ft2): | E2: ELEVATION: | L2: (Pm) | M2: (Pf)
A3: American Falls | B3: Power | C3: 24 | D3: =MAX(L3,M3) -> 30 | E3: 4406 | F3: *Enter information on Snow Load Conversion Tab | L3: =IF(AND(AND('Snow Load Conversion'!D10="I"),'Snow Load Conversion'!I5='Snow Load Conversion'!P5,'Snow Load Conversion'!D13<=15),25,IF(AND(AND('Snow Load Conversion'!D10="ii"),'Snow Load Conversion'!I5='Snow Load Conversion'!P5,'Snow Load Conversion'!D13<=15),30,IF(AND(AND('Snow Load Conversion'!D10="iii"),'Snow Load Conversion'!I5='Snow Load Conversion'!P5,'Snow Load Conversion'!D13<=15),35,IF(AND(AND('Snow Load Conversion'!D10="iv"),'Snow Load Conversion'!I5='Snow Load Conversion'!P5,'Snow Load Conversion'!D13<=15),40,IF(C3<=20,C3*'Snow Load Conversion'!D11,20*'Snow Load Conversion'!D11))))) -> 30 | M3: =(0.7*'Snow Load Conversion'!D7*'Snow Load Conversion'!D9*'Snow Load Conversion'!D11*C3)+'Snow Load Conversion'!D17 -> 19.992 | N3: Additioanl Ground Snow Loads can be found at:
A4: Ammon | B4: Bonneville | C4: 24 | D4: =MAX(L4,M4) -> 30 | E4: 4718 | F4: *Ground Snow Loads only apply to 7-10 & 7-16 | L4: =IF(AND(AND('Snow Load Conversion'!D10="I"),'Snow Load Conversion'!I5='Snow Load Conversion'!P5,'Snow Load Conversion'!D13<=15),25,IF(AND(AND('Snow Load Conversion'!D10="ii"),'Snow Load Conversion'!I5='Snow Load Conversion'!P5,'Snow Load Conversion'!D13<=15),30,IF(AND(AND('Snow Load Conversion'!D10="iii"),'Snow Load Conversion'!I5='Snow Load Conversion'!P5,'Snow Load Conversion'!D13<=15),35,IF(AND(AND('Snow Load Conversion'!D10="iv"),'Snow Load Conversion'!I5='Snow Load Conversion'!P5,'Snow Load Conversion'!D13<=15),40,IF(C4<=20,C4*'Snow Load Conversion'!D11,20*'Snow Load Conversion'!D11))))) -> 30 | M4: =(0.7*'Snow Load Conversion'!D7*'Snow Load Conversion'!D9*'Snow Load Conversion'!D11*C4)+'Snow Load Conversion'!D17 -> 19.992 | N4: https://www.lib.uidaho.edu/digital/idahosnow/#:~:text=Interactive%20Map%20and%20Report%20about%20Ground%20Snow%20Loads
A5: Blackfoot | B5: Bingham | C5: 28 | D5: =MAX(L5,M5) -> 30 | E5: 4498 | L5: =IF(AND(AND('Snow Load Conversion'!D10="I"),'Snow Load Conversion'!I5='Snow Load Conversion'!P5,'Snow Load Conversion'!D13<=15),25,IF(AND(AND('Snow Load Conversion'!D10="ii"),'Snow Load Conversion'!I5='Snow Load Conversion'!P5,'Snow Load Conversion'!D13<=15),30,IF(AND(AND('Snow Load Conversion'!D10="iii"),'Snow Load Conversion'!I5='Snow Load Conversion'!P5,'Snow Load Conversion'!D13<=15),35,IF(AND(AND('Snow Load Conversion'!D10="iv"),'Snow Load Conversion'!I5='Snow Load Conversion'!P5,'Snow Load Conversion'!D13<=15),40,IF(C5<=20,C5*'Snow Load Conversion'!D11,20*'Snow Load Conversion'!D11))))) -> 30 | M5: =(0.7*'Snow Load Conversion'!D7*'Snow Load Conversion'!D9*'Snow Load Conversion'!D11*C5)+'Snow Load Conversion'!D17 -> 23.324
A6: Bogus Basin Lodge | B6: Ada | C6: 137 | D6: =MAX(L6,M6) -> 114.121 | E6: 6176 | L6: =IF(AND(AND('Snow Load Conversion'!D10="I"),'Snow Load Conversion'!I5='Snow Load Conversion'!P5,'Snow Load Conversion'!D13<=15),25,IF(AND(AND('Snow Load Conversion'!D10="ii"),'Snow Load Conversion'!I5='Snow Load Conversion'!P5,'Snow Load Conversion'!D13<=15),30,IF(AND(AND('Snow Load Conversion'!D10="iii"),'Snow Load Conversion'!I5='Snow Load Conversion'!P5,'Snow Load Conversion'!D13<=15),35,IF(AND(AND('Snow Load Conversion'!D10="iv"),'Snow Load Conversion'!I5='Snow Load Conversion'!P5,'Snow Load Conversion'!D13<=15),40,IF(C6<=20,C6*'Snow Load Conversion'!D11,20*'Snow Load Conversion'!D11))))) -> 30 | M6: =(0.7*'Snow Load Conversion'!D7*'Snow Load Conversion'!D9*'Snow Load Conversion'!D11*C6)+'Snow Load Conversion'!D17 -> 114.121
A7: Boise | B7: Ada | C7: 15 | D7: =MAX(L7,M7) -> 30 | E7: 2681 | L7: =IF(AND(AND('Snow Load Conversion'!D10="I"),'Snow Load Conversion'!I5='Snow Load Conversion'!P5,'Snow Load Conversion'!D13<=15),25,IF(AND(AND('Snow Load Conversion'!D10="ii"),'Snow Load Conversion'!I5='Snow Load Conversion'!P5,'Snow Load Conversion'!D13<=15),30,IF(AND(AND('Snow Load Conversion'!D10="iii"),'Snow Load Conversion'!I5='Snow Load Conversion'!P5,'Snow Load Conversion'!D13<=15),35,IF(AND(AND('Snow Load Conversion'!D10="iv"),'Snow Load Conversion'!I5='Snow Load Conversion'!P5,'Snow Load Conversion'!D13<=15),40,IF(C7<=20,C7*'Snow Load Conversion'!D11,20*'Snow Load Conversion'!D11))))) -> 30 | M7: =(0.7*'Snow Load Conversion'!D7*'Snow Load Conversion'!D9*'Snow Load Conversion'!D11*C7)+'Snow Load Conversion'!D17 -> 12.495
A8: Brundage Mtn. Lodge | B8: Valley | C8: 207 | D8: =MAX(L8,M8) -> 172.431 | E8: 6038 | L8: =IF(AND(AND('Snow Load Conversion'!D10="I"),'Snow Load Conversion'!I5='Snow Load Conversion'!P5,'Snow Load Conversion'!D13<=15),25,IF(AND(AND('Snow Load Conversion'!D10="ii"),'Snow Load Conversion'!I5='Snow Load Conversion'!P5,'Snow Load Conversion'!D13<=15),30,IF(AND(AND('Snow Load Conversion'!D10="iii"),'Snow Load Conversion'!I5='Snow Load Conversion'!P5,'Snow Load Conversion'!D13<=15),35,IF(AND(AND('Snow Load Conversion'!D10="iv"),'Snow Load Conversion'!I5='Snow Load Conversion'!P5,'Snow Load Conversion'!D13<=15),40,IF(C8<=20,C8*'Snow Load Conversion'!D11,20*'Snow Load Conversion'!D11))))) -> 30 | M8: =(0.7*'Snow Load Conversion'!D7*'Snow Load Conversion'!D9*'Snow Load Conversion'!D11*C8)+'Snow Load Conversion'!D17 -> 172.431
A9: Buhl | B9: Twin Falls | C9: 28 | D9: =MAX(L9,M9) -> 30 | E9: 3769 | L9: =IF(AND(AND('Snow Load Conversion'!D10="I"),'Snow Load Conversion'!I5='Snow Load Conversion'!P5,'Snow Load Conversion'!D13<=15),25,IF(AND(AND('Snow Load Conversion'!D10="ii"),'Snow Load Conversion'!I5='Snow Load Conversion'!P5,'Snow Load Conversion'!D13<=15),30,IF(AND(AND('Snow Load Conversion'!D10="iii"),'Snow Load Conversion'!I5='Snow Load Conversion'!P5,'Snow Load Conversion'!D13<=15),35,IF(AND(AND('Snow Load Conversion'!D10="iv"),'Snow Load Conversion'!I5='Snow Load Conversion'!P5,'Snow Load Conversion'!D13<=15),40,IF(C9<=20,C9*'Snow Load Conversion'!D11,20*'Snow Load Conversion'!D11))))) -> 30 | M9: =(0.7*'Snow Load Conversion'!D7*'Snow Load Conversion'!D9*'Snow Load Conversion'!D11*C9)+'Snow Load Conversion'!D17 -> 23.324
A10: Burley | B10: Cassia | C10: 19 | D10: =MAX(L10,M10) -> 30 | E10: 4159 | L10: =IF(AND(AND('Snow Load Conversion'!D10="I"),'Snow Load Conversion'!I5='Snow Load Conversion'!P5,'Snow Load Conversion'!D13<=15),25,IF(AND(AND('Snow Load Conversion'!D10="ii"),'Snow Load Conversion'!I5='Snow Load Conversion'!P5,'Snow Load Conversion'!D13<=15),30,IF(AND(AND('Snow Load Conversion'!D10="iii"),'Snow Load Conversion'!I5='Snow Load Conversion'!P5,'Snow Load Conversion'!D13<=15),35,IF(AND(AND('Snow Load Conversion'!D10="iv"),'Snow Load Conversion'!I5='Snow Load Conversion'!P5,'Snow Load Conversion'!D13<=15),40,IF(C10<=20,C10*'Snow Load Conversion'!D11,20*'Snow Load Conversion'!D11))))) -> 30 | M10: =(0.7*'Snow Load Conversion'!D7*'Snow Load Conversion'!D9*'Snow Load Conversion'!D11*C10)+'Snow Load Conversion'!D17 -> 15.827
A11: Caldwell | B11: Canyon | C11: 18 | D11: =MAX(L11,M11) -> 30 | E11: 2376 | L11: =IF(AND(AND('Snow Load Conversion'!D10="I"),'Snow Load Conversion'!I5='Snow Load Conversion'!P5,'Snow Load Conversion'!D13<=15),25,IF(AND(AND('Snow Load Conversion'!D10="ii"),'Snow Load Conversion'!I5='Snow Load Conversion'!P5,'Snow Load Conversion'!D13<=15),30,IF(AND(AND('Snow Load Conversion'!D10="iii"),'Snow Load Conversion'!I5='Snow Load Conversion'!P5,'Snow Load Conversion'!D13<=15),35,IF(AND(AND('Snow Load Conversion'!D10="iv"),'Snow Load Conversion'!I5='Snow Load Conversion'!P5,'Snow Load Conversion'!D13<=15),40,IF(C11<=20,C11*'Snow Load Conversion'!D11,20*'Snow Load Conversion'!D11))))) -> 30 | M11: =(0.7*'Snow Load Conversion'!D7*'Snow Load Conversion'!D9*'Snow Load Conversion'!D11*C11)+'Snow Load Conversion'!D17 -> 14.994
A12: Chubbuck | B12: Bannock | C12: 31 | D12: =MAX(L12,M12) -> 30 | E12: 4467 | L12: =IF(AND(AND('Snow Load Conversion'!D10="I"),'Snow Load Conversion'!I5='Snow Load Conversion'!P5,'Snow Load Conversion'!D13<=15),25,IF(AND(AND('Snow Load Conversion'!D10="ii"),'Snow Load Conversion'!I5='Snow Load Conversion'!P5,'Snow Load Conversion'!D13<=15),30,IF(AND(AND('Snow Load Conversion'!D10="iii"),'Snow Load Conversion'!I5='Snow Load Conversion'!P5,'Snow Load Conversion'!D13<=15),35,IF(AND(AND('Snow Load Conversion'!D10="iv"),'Snow Load Conversion'!I5='Snow Load Conversion'!P5,'Snow Load Conversion'!D13<=15),40,IF(C12<=20,C12*'Snow Load Conversion'!D11,20*'Snow Load Conversion'!D11))))) -> 30 | M12: =(0.7*'Snow Load Conversion'!D7*'Snow Load Conversion'!D9*'Snow Load Conversion'!D11*C12)+'Snow Load Conversion'!D17 -> 25.823
A13: Coeur d'Alene | B13: Kootenia | C13: 43 | D13: =MAX(L13,M13) -> 35.819 | E13: 2189 | L13: =IF(AND(AND('Snow Load Conversion'!D10="I"),'Snow Load Conversion'!I5='Snow Load Conversion'!P5,'Snow Load Conversion'!D13<=15),25,IF(AND(AND('Snow Load Conversion'!D10="ii"),'Snow Load Conversion'!I5='Snow Load Conversion'!P5,'Snow Load Conversion'!D13<=15),30,IF(AND(AND('Snow Load Conversion'!D10="iii"),'Snow Load Conversion'!I5='Snow Load Conversion'!P5,'Snow Load Conversion'!D13<=15),35,IF(AND(AND('Snow Load Conversion'!D10="iv"),'Snow Load Conversion'!I5='Snow Load Conversion'!P5,'Snow Load Conversion'!D13<=15),40,IF(C13<=20,C13*'Snow Load Conversion'!D11,20*'Snow Load Conversion'!D11))))) -> 30 | M13: =(0.7*'Snow Load Conversion'!D7*'Snow Load Conversion'!D9*'Snow Load Conversion'!D11*C13)+'Snow Load Conversion'!D17 -> 35.819
A14: Eagle | B14: Ada | C14: 18 | D14: =MAX(L14,M14) -> 30 | E14: 2566 | L14: =IF(AND(AND('Snow Load Conversion'!D10="I"),'Snow Load Conversion'!I5='Snow Load Conversion'!P5,'Snow Load Conversion'!D13<=15),25,IF(AND(AND('Snow Load Conversion'!D10="ii"),'Snow Load Conversion'!I5='Snow Load Conversion'!P5,'Snow Load Conversion'!D13<=15),30,IF(AND(AND('Snow Load Conversion'!D10="iii"),'Snow Load Conversion'!I5='Snow Load Conversion'!P5,'Snow Load Conversion'!D13<=15),35,IF(AND(AND('Snow Load Conversion'!D10="iv"),'Snow Load Conversion'!I5='Snow Load Conversion'!P5,'Snow Load Conversion'!D13<=15),40,IF(C14<=20,C14*'Snow Load Conversion'!D11,20*'Snow Load Conversion'!D11))))) -> 30 | M14: =(0.7*'Snow Load Conversion'!D7*'Snow Load Conversion'!D9*'Snow Load Conversion'!D11*C14)+'Snow Load Conversion'!D17 -> 14.994
A15: Emmett | B15: Gem | C15: 15 | D15: =MAX(L15,M15) -> 30 | E15: 2363 | L15: =IF(AND(AND('Snow Load Conversion'!D10="I"),'Snow Load Conversion'!I5='Snow Load Conversion'!P5,'Snow Load Conversion'!D13<=15),25,IF(AND(AND('Snow Load Conversion'!D10="ii"),'Snow Load Conversion'!I5='Snow Load Conversion'!P5,'Snow Load Conversion'!D13<=15),30,IF(AND(AND('Snow Load Conversion'!D10="iii"),'Snow Load Conversion'!I5='Snow Load Conversion'!P5,'Snow Load Conversion'!D13<=15),35,IF(AND(AND('Snow Load Conversion'!D10="iv"),'Snow Load Conversion'!I5='Snow Load Conversion'!P5,'Snow Load Conversion'!D13<=15),40,IF(C15<=20,C15*'Snow Load Conversion'!D11,20*'Snow Load Conversion'!D11))))) -> 30 | M15: =(0.7*'Snow Load Conversion'!D7*'Snow Load Conversion'!D9*'Snow Load Conversion'!D11*C15)+'Snow Load Conversion'!D17 -> 12.495
A16: Fruitland | B16: Payette | C16: 18 | D16: =MAX(L16,M16) -> 30 | E16: 2226 | L16: =IF(AND(AND('Snow Load Conversion'!D10="I"),'Snow Load Conversion'!I5='Snow Load Conversion'!P5,'Snow Load Conversion'!D13<=15),25,IF(AND(AND('Snow Load Conversion'!D10="ii"),'Snow Load Conversion'!I5='Snow Load Conversion'!P5,'Snow Load Conversion'!D13<=15),30,IF(AND(AND('Snow Load Conversion'!D10="iii"),'Snow Load Conversion'!I5='Snow Load Conversion'!P5,'Snow Load Conversion'!D13<=15),35,IF(AND(AND('Snow Load Conversion'!D10="iv"),'Snow Load Conversion'!I5='Snow Load Conversion'!P5,'Snow Load Conversion'!D13<=15),40,IF(C16<=20,C16*'Snow Load Conversion'!D11,20*'Snow Load Conversion'!D11))))) -> 30 | M16: =(0.7*'Snow Load Conversion'!D7*'Snow Load Conversion'!D9*'Snow Load Conversion'!D11*C16)+'Snow Load Conversion'!D17 -> 14.994
A17: Garden City | B17: Ada | C17: 15 | D17: =MAX(L17,M17) -> 30 | E17: 2673 | L17: =IF(AND(AND('Snow Load Conversion'!D10="I"),'Snow Load Conversion'!I5='Snow Load Conversion'!P5,'Snow Load Conversion'!D13<=15),25,IF(AND(AND('Snow Load Conversion'!D10="ii"),'Snow Load Conversion'!I5='Snow Load Conversion'!P5,'Snow Load Conversion'!D13<=15),30,IF(AND(AND('Snow Load Conversion'!D10="iii"),'Snow Load Conversion'!I5='Snow Load Conversion'!P5,'Snow Load Conversion'!D13<=15),35,IF(AND(AND('Snow Load Conversion'!D10="iv"),'Snow Load Conversion'!I5='Snow Load Conversion'!P5,'Snow Load Conversion'!D13<=15),40,IF(C17<=20,C17*'Snow Load Conversion'!D11,20*'Snow Load Conversion'!D11))))) -> 30 | M17: =(0.7*'Snow Load Conversion'!D7*'Snow Load Conversion'!D9*'Snow Load Conversion'!D11*C17)+'Snow Load Conversion'!D17 -> 12.495
A18: Gooding | B18: Gooding | C18: 27 | D18: =MAX(L18,M18) -> 30 | E18: 3571 | L18: =IF(AND(AND('Snow Load Conversion'!D10="I"),'Snow Load Conversion'!I5='Snow Load Conversion'!P5,'Snow Load Conversion'!D13<=15),25,IF(AND(AND('Snow Load Conversion'!D10="ii"),'Snow Load Conversion'!I5='Snow Load Conversion'!P5,'Snow Load Conversion'!D13<=15),30,IF(AND(AND('Snow Load Conversion'!D10="iii"),'Snow Load Conversion'!I5='Snow Load Conversion'!P5,'Snow Load Conversion'!D13<=15),35,IF(AND(AND('Snow Load Conversion'!D10="iv"),'Snow Load Conversion'!I5='Snow Load Conversion'!P5,'Snow Load Conversion'!D13<=15),40,IF(C18<=20,C18*'Snow Load Conversion'!D11,20*'Snow Load Conversion'!D11))))) -> 30 | M18: =(0.7*'Snow Load Conversion'!D7*'Snow Load Conversion'!D9*'Snow Load Conversion'!D11*C18)+'Snow Load Conversion'!D17 -> 22.491
A19: Grangeville | B19: Idaho | C19: 18 | D19: =MAX(L19,M19) -> 30 | E19: 6400 | L19: =IF(AND(AND('Snow Load Conversion'!D10="I"),'Snow Load Conversion'!I5='Snow Load Conversion'!P5,'Snow Load Conversion'!D13<=15),25,IF(AND(AND('Snow Load Conversion'!D10="ii"),'Snow Load Conversion'!I5='Snow Load Conversion'!P5,'Snow Load Conversion'!D13<=15),30,IF(AND(AND('Snow Load Conversion'!D10="iii"),'Snow Load Conversion'!I5='Snow Load Conversion'!P5,'Snow Load Conversion'!D13<=15),35,IF(AND(AND('Snow Load Conversion'!D10="iv"),'Snow Load Conversion'!I5='Snow Load Conversion'!P5,'Snow Load Conversion'!D13<=15),40,IF(C19<=20,C19*'Snow Load Conversion'!D11,20*'Snow Load Conversion'!D11))))) -> 30 | M19: =(0.7*'Snow Load Conversion'!D7*'Snow Load Conversion'!D9*'Snow Load Conversion'!D11*C19)+'Snow Load Conversion'!D17 -> 14.994
A20: Hailey | B20: Blaine | C20: 82 | D20: =MAX(L20,M20) -> 68.306 | E20: 5323 | L20: =IF(AND(AND('Snow Load Conversion'!D10="I"),'Snow Load Conversion'!I5='Snow Load Conversion'!P5,'Snow Load Conversion'!D13<=15),25,IF(AND(AND('Snow Load Conversion'!D10="ii"),'Snow Load Conversion'!I5='Snow Load Conversion'!P5,'Snow Load Conversion'!D13<=15),30,IF(AND(AND('Snow Load Conversion'!D10="iii"),'Snow Load Conversion'!I5='Snow Load Conversion'!P5,'Snow Load Conversion'!D13<=15),35,IF(AND(AND('Snow Load Conversion'!D10="iv"),'Snow Load Conversion'!I5='Snow Load Conversion'!P5,'Snow Load Conversion'!D13<=15),40,IF(C20<=20,C20*'Snow Load Conversion'!D11,20*'Snow Load Conversion'!D11))))) -> 30 | M20: =(0.7*'Snow Load Conversion'!D7*'Snow Load Conversion'!D9*'Snow Load Conversion'!D11*C20)+'Snow Load Conversion'!D17 -> 68.306
A21: Hayden | B21: Kootenia | C21: 62 | D21: =MAX(L21,M21) -> 51.646 | E21: 2287 | L21: =IF(AND(AND('Snow Load Conversion'!D10="I"),'Snow Load Conversion'!I5='Snow Load Conversion'!P5,'Snow Load Conversion'!D13<=15),25,IF(AND(AND('Snow Load Conversion'!D10="ii"),'Snow Load Conversion'!I5='Snow Load Conversion'!P5,'Snow Load Conversion'!D13<=15),30,IF(AND(AND('Snow Load Conversion'!D10="iii"),'Snow Load Conversion'!I5='Snow Load Conversion'!P5,'Snow Load Conversion'!D13<=15),35,IF(AND(AND('Snow Load Conversion'!D10="iv"),'Snow Load Conversion'!I5='Snow Load Conversion'!P5,'Snow Load Conversion'!D13<=15),40,IF(C21<=20,C21*'Snow Load Conversion'!D11,20*'Snow Load Conversion'!D11))))) -> 30 | M21: =(0.7*'Snow Load Conversion'!D7*'Snow Load Conversion'!D9*'Snow Load Conversion'!D11*C21)+'Snow Load Conversion'!D17 -> 51.646
A22: Heyburn | B22: Minidoka | C22: 19 | D22: =MAX(L22,M22) -> 30 | E22: 4146 | L22: =IF(AND(AND('Snow Load Conversion'!D10="I"),'Snow Load Conversion'!I5='Snow Load Conversion'!P5,'Snow Load Conversion'!D13<=15),25,IF(AND(AND('Snow Load Conversion'!D10="ii"),'Snow Load Conversion'!I5='Snow Load Conversion'!P5,'Snow Load Conversion'!D13<=15),30,IF(AND(AND('Snow Load Conversion'!D10="iii"),'Snow Load Conversion'!I5='Snow Load Conversion'!P5,'Snow Load Conversion'!D13<=15),35,IF(AND(AND('Snow Load Conversion'!D10="iv"),'Snow Load Conversion'!I5='Snow Load Conversion'!P5,'Snow Load Conversion'!D13<=15),40,IF(C22<=20,C22*'Snow Load Conversion'!D11,20*'Snow Load Conversion'!D11))))) -> 30 | M22: =(0.7*'Snow Load Conversion'!D7*'Snow Load Conversion'!D9*'Snow Load Conversion'!D11*C22)+'Snow Load Conversion'!D17 -> 15.827
A23: Homedale | B23: Owyhee | C23: 16 | D23: =MAX(L23,M23) -> 30 | E23: 2231 | L23: =IF(AND(AND('Snow Load Conversion'!D10="I"),'Snow Load Conversion'!I5='Snow Load Conversion'!P5,'Snow Load Conversion'!D13<=15),25,IF(AND(AND('Snow Load Conversion'!D10="ii"),'Snow Load Conversion'!I5='Snow Load Conversion'!P5,'Snow Load Conversion'!D13<=15),30,IF(AND(AND('Snow Load Conversion'!D10="iii"),'Snow Load Conversion'!I5='Snow Load Conversion'!P5,'Snow Load Conversion'!D13<=15),35,IF(AND(AND('Snow Load Conversion'!D10="iv"),'Snow Load Conversion'!I5='Snow Load Conversion'!P5,'Snow Load Conversion'!D13<=15),40,IF(C23<=20,C23*'Snow Load Conversion'!D11,20*'Snow Load Conversion'!D11))))) -> 30 | M23: =(0.7*'Snow Load Conversion'!D7*'Snow Load Conversion'!D9*'Snow Load Conversion'!D11*C23)+'Snow Load Conversion'!D17 -> 13.328
A24: Idaho Falls | B24: Bonneville | C24: 23 | D24: =MAX(L24,M24) -> 30 | E24: 4725 | L24: =IF(AND(AND('Snow Load Conversion'!D10="I"),'Snow Load Conversion'!I5='Snow Load Conversion'!P5,'Snow Load Conversion'!D13<=15),25,IF(AND(AND('Snow Load Conversion'!D10="ii"),'Snow Load Conversion'!I5='Snow Load Conversion'!P5,'Snow Load Conversion'!D13<=15),30,IF(AND(AND('Snow Load Conversion'!D10="iii"),'Snow Load Conversion'!I5='Snow Load Conversion'!P5,'Snow Load Conversion'!D13<=15),35,IF(AND(AND('Snow Load Conversion'!D10="iv"),'Snow Load Conversion'!I5='Snow Load Conversion'!P5,'Snow Load Conversion'!D13<=15),40,IF(C24<=20,C24*'Snow Load Conversion'!D11,20*'Snow Load Conversion'!D11))))) -> 30 | M24: =(0.7*'Snow Load Conversion'!D7*'Snow Load Conversion'!D9*'Snow Load Conversion'!D11*C24)+'Snow Load Conversion'!D17 -> 19.159
A25: Jerome | B25: Jerome | C25: 12 | D25: =MAX(L25,M25) -> 30 | E25: 3764 | L25: =IF(AND(AND('Snow Load Conversion'!D10="I"),'Snow Load Conversion'!I5='Snow Load Conversion'!P5,'Snow Load Conversion'!D13<=15),25,IF(AND(AND('Snow Load Conversion'!D10="ii"),'Snow Load Conversion'!I5='Snow Load Conversion'!P5,'Snow Load Conversion'!D13<=15),30,IF(AND(AND('Snow Load Conversion'!D10="iii"),'Snow Load Conversion'!I5='Snow Load Conversion'!P5,'Snow Load Conversion'!D13<=15),35,IF(AND(AND('Snow Load Conversion'!D10="iv"),'Snow Load Conversion'!I5='Snow Load Conversion'!P5,'Snow Load Conversion'!D13<=15),40,IF(C25<=20,C25*'Snow Load Conversion'!D11,20*'Snow Load Conversion'!D11))))) -> 30 | M25: =(0.7*'Snow Load Conversion'!D7*'Snow Load Conversion'!D9*'Snow Load Conversion'!D11*C25)+'Snow Load Conversion'!D17 -> 9.996
A26: Ketchum | B26: Blaine | C26: 92 | D26: =MAX(L26,M26) -> 76.636 | E26: 5846 | L26: =IF(AND(AND('Snow Load Conversion'!D10="I"),'Snow Load Conversion'!I5='Snow Load Conversion'!P5,'Snow Load Conversion'!D13<=15),25,IF(AND(AND('Snow Load Conversion'!D10="ii"),'Snow Load Conversion'!I5='Snow Load Conversion'!P5,'Snow Load Conversion'!D13<=15),30,IF(AND(AND('Snow Load Conversion'!D10="iii"),'Snow Load Conversion'!I5='Snow Load Conversion'!P5,'Snow Load Conversion'!D13<=15),35,IF(AND(AND('Snow Load Conversion'!D10="iv"),'Snow Load Conversion'!I5='Snow Load Conversion'!P5,'Snow Load Conversion'!D13<=15),40,IF(C26<=20,C26*'Snow Load Conversion'!D11,20*'Snow Load Conversion'!D11))))) -> 30 | M26: =(0.7*'Snow Load Conversion'!D7*'Snow Load Conversion'!D9*'Snow Load Conversion'!D11*C26)+'Snow Load Conversion'!D17 -> 76.636
A27: Kimberly | B27: Twin Falls | C27: 14 | D27: =MAX(L27,M27) -> 30 | E27: 3924 | L27: =IF(AND(AND('Snow Load Conversion'!D10="I"),'Snow Load Conversion'!I5='Snow Load Conversion'!P5,'Snow Load Conversion'!D13<=15),25,IF(AND(AND('Snow Load Conversion'!D10="ii"),'Snow Load Conversion'!I5='Snow Load Conversion'!P5,'Snow Load Conversion'!D13<=15),30,IF(AND(AND('Snow Load Conversion'!D10="iii"),'Snow Load Conversion'!I5='Snow Load Conversion'!P5,'Snow Load Conversion'!D13<=15),35,IF(AND(AND('Snow Load Conversion'!D10="iv"),'Snow Load Conversion'!I5='Snow Load Conversion'!P5,'Snow Load Conversion'!D13<=15),40,IF(C27<=20,C27*'Snow Load Conversion'!D11,20*'Snow Load Conversion'!D11))))) -> 30 | M27: =(0.7*'Snow Load Conversion'!D7*'Snow Load Conversion'!D9*'Snow Load Conversion'!D11*C27)+'Snow Load Conversion'!D17 -> 11.662
A28: Kuna | B28: Ada | C28: 14 | D28: =MAX(L28,M28) -> 30 | E28: 2693 | L28: =IF(AND(AND('Snow Load Conversion'!D10="I"),'Snow Load Conversion'!I5='Snow Load Conversion'!P5,'Snow Load Conversion'!D13<=15),25,IF(AND(AND('Snow Load Conversion'!D10="ii"),'Snow Load Conversion'!I5='Snow Load Conversion'!P5,'Snow Load Conversion'!D13<=15),30,IF(AND(AND('Snow Load Conversion'!D10="iii"),'Snow Load Conversion'!I5='Snow Load Conversion'!P5,'Snow Load Conversion'!D13<=15),35,IF(AND(AND('Snow Load Conversion'!D10="iv"),'Snow Load Conversion'!I5='Snow Load Conversion'!P5,'Snow Load Conversion'!D13<=15),40,IF(C28<=20,C28*'Snow Load Conversion'!D11,20*'Snow Load Conversion'!D11))))) -> 30 | M28: =(0.7*'Snow Load Conversion'!D7*'Snow Load Conversion'!D9*'Snow Load Conversion'!D11*C28)+'Snow Load Conversion'!D17 -> 11.662
A29: Lewiston | B29: Nez Perce | C29: 10 | D29: =MAX(L29,M29) -> 30 | E29: 994 | L29: =IF(AND(AND('Snow Load Conversion'!D10="I"),'Snow Load Conversion'!I5='Snow Load Conversion'!P5,'Snow Load Conversion'!D13<=15),25,IF(AND(AND('Snow Load Conversion'!D10="ii"),'Snow Load Conversion'!I5='Snow Load Conversion'!P5,'Snow Load Conversion'!D13<=15),30,IF(AND(AND('Snow Load Conversion'!D10="iii"),'Snow Load Conversion'!I5='Snow Load Conversion'!P5,'Snow Load Conversion'!D13<=15),35,IF(AND(AND('Snow Load Conversion'!D10="iv"),'Snow Load Conversion'!I5='Snow Load Conversion'!P5,'Snow Load Conversion'!D13<=15),40,IF(C29<=20,C29*'Snow Load Conversion'!D11,20*'Snow Load Conversion'!D11))))) -> 30 | M29: =(0.7*'Snow Load Conversion'!D7*'Snow Load Conversion'!D9*'Snow Load Conversion'!D11*C29)+'Snow Load Conversion'!D17 -> 8.33
A30: McCall | B30: Valley | C30: 157 | D30: =MAX(L30,M30) -> 130.781 | E30: 5012 | L30: =IF(AND(AND('Snow Load Conversion'!D10="I"),'Snow Load Conversion'!I5='Snow Load Conversion'!P5,'Snow Load Conversion'!D13<=15),25,IF(AND(AND('Snow Load Conversion'!D10="ii"),'Snow Load Conversion'!I5='Snow Load Conversion'!P5,'Snow Load Conversion'!D13<=15),30,IF(AND(AND('Snow Load Conversion'!D10="iii"),'Snow Load Conversion'!I5='Snow Load Conversion'!P5,'Snow Load Conversion'!D13<=15),35,IF(AND(AND('Snow Load Conversion'!D10="iv"),'Snow Load Conversion'!I5='Snow Load Conversion'!P5,'Snow Load Conversion'!D13<=15),40,IF(C30<=20,C30*'Snow Load Conversion'!D11,20*'Snow Load Conversion'!D11))))) -> 30 | M30: =(0.7*'Snow Load Conversion'!D7*'Snow Load Conversion'!D9*'Snow Load Conversion'!D11*C30)+'Snow Load Conversion'!D17 -> 130.781
A31: Meridian | B31: Ada | C31: 16 | D31: =MAX(L31,M31) -> 30 | E31: 2605 | L31: =IF(AND(AND('Snow Load Conversion'!D10="I"),'Snow Load Conversion'!I5='Snow Load Conversion'!P5,'Snow Load Conversion'!D13<=15),25,IF(AND(AND('Snow Load Conversion'!D10="ii"),'Snow Load Conversion'!I5='Snow Load Conversion'!P5,'Snow Load Conversion'!D13<=15),30,IF(AND(AND('Snow Load Conversion'!D10="iii"),'Snow Load Conversion'!I5='Snow Load Conversion'!P5,'Snow Load Conversion'!D13<=15),35,IF(AND(AND('Snow Load Conversion'!D10="iv"),'Snow Load Conversion'!I5='Snow Load Conversion'!P5,'Snow Load Conversion'!D13<=15),40,IF(C31<=20,C31*'Snow Load Conversion'!D11,20*'Snow Load Conversion'!D11))))) -> 30 | M31: =(0.7*'Snow Load Conversion'!D7*'Snow Load Conversion'!D9*'Snow Load Conversion'!D11*C31)+'Snow Load Conversion'!D17 -> 13.328
A32: Middleton | B32: Canyon | C32: 18 | D32: =MAX(L32,M32) -> 30 | E32: 2400 | L32: =IF(AND(AND('Snow Load Conversion'!D10="I"),'Snow Load Conversion'!I5='Snow Load Conversion'!P5,'Snow Load Conversion'!D13<=15),25,IF(AND(AND('Snow Load Conversion'!D10="ii"),'Snow Load Conversion'!I5='Snow Load Conversion'!P5,'Snow Load Conversion'!D13<=15),30,IF(AND(AND('Snow Load Conversion'!D10="iii"),'Snow Load Conversion'!I5='Snow Load Conversion'!P5,'Snow Load Conversion'!D13<=15),35,IF(AND(AND('Snow Load Conversion'!D10="iv"),'Snow Load Conversion'!I5='Snow Load Conversion'!P5,'Snow Load Conversion'!D13<=15),40,IF(C32<=20,C32*'Snow Load Conversion'!D11,20*'Snow Load Conversion'!D11))))) -> 30 | M32: =(0.7*'Snow Load Conversion'!D7*'Snow Load Conversion'!D9*'Snow Load Conversion'!D11*C32)+'Snow Load Conversion'!D17 -> 14.994
A33: Montpelier | B33: Bear Lake | C33: 45 | D33: =MAX(L33,M33) -> 37.485 | E33: 5986 | L33: =IF(AND(AND('Snow Load Conversion'!D10="I"),'Snow Load Conversion'!I5='Snow Load Conversion'!P5,'Snow Load Conversion'!D13<=15),25,IF(AND(AND('Snow Load Conversion'!D10="ii"),'Snow Load Conversion'!I5='Snow Load Conversion'!P5,'Snow Load Conversion'!D13<=15),30,IF(AND(AND('Snow Load Conversion'!D10="iii"),'Snow Load Conversion'!I5='Snow Load Conversion'!P5,'Snow Load Conversion'!D13<=15),35,IF(AND(AND('Snow Load Conversion'!D10="iv"),'Snow Load Conversion'!I5='Snow Load Conversion'!P5,'Snow Load Conversion'!D13<=15),40,IF(C33<=20,C33*'Snow Load Conversion'!D11,20*'Snow Load Conversion'!D11))))) -> 30 | M33: =(0.7*'Snow Load Conversion'!D7*'Snow Load Conversion'!D9*'Snow Load Conversion'!D11*C33)+'Snow Load Conversion'!D17 -> 37.485
A34: Moscow | B34: Latah | C34: 38 | D34: =MAX(L34,M34) -> 31.654 | E34: 2580 | L34: =IF(AND(AND('Snow Load Conversion'!D10="I"),'Snow Load Conversion'!I5='Snow Load Conversion'!P5,'Snow Load Conversion'!D13<=15),25,IF(AND(AND('Snow Load Conversion'!D10="ii"),'Snow Load Conversion'!I5='Snow Load Conversion'!P5,'Snow Load Conversion'!D13<=15),30,IF(AND(AND('Snow Load Conversion'!D10="iii"),'Snow Load Conversion'!I5='Snow Load Conversion'!P5,'Snow Load Conversion'!D13<=15),35,IF(AND(AND('Snow Load Conversion'!D10="iv"),'Snow Load Conversion'!I5='Snow Load Conversion'!P5,'Snow Load Conversion'!D13<=15),40,IF(C34<=20,C34*'Snow Load Conversion'!D11,20*'Snow Load Conversion'!D11))))) -> 30 | M34: =(0.7*'Snow Load Conversion'!D7*'Snow Load Conversion'!D9*'Snow Load Conversion'!D11*C34)+'Snow Load Conversion'!D17 -> 31.654
A35: Mountain Home | B35: Elmore | C35: 15 | D35: =MAX(L35,M35) -> 30 | E35: 2563 | L35: =IF(AND(AND('Snow Load Conversion'!D10="I"),'Snow Load Conversion'!I5='Snow Load Conversion'!P5,'Snow Load Conversion'!D13<=15),25,IF(AND(AND('Snow Load Conversion'!D10="ii"),'Snow Load Conversion'!I5='Snow Load Conversion'!P5,'Snow Load Conversion'!D13<=15),30,IF(AND(AND('Snow Load Conversion'!D10="iii"),'Snow Load Conversion'!I5='Snow Load Conversion'!P5,'Snow Load Conversion'!D13<=15),35,IF(AND(AND('Snow Load Conversion'!D10="iv"),'Snow Load Conversion'!I5='Snow Load Conversion'!P5,'Snow Load Conversion'!D13<=15),40,IF(C35<=20,C35*'Snow Load Conversion'!D11,20*'Snow Load Conversion'!D11))))) -> 30 | M35: =(0.7*'Snow Load Conversion'!D7*'Snow Load Conversion'!D9*'Snow Load Conversion'!D11*C35)+'Snow Load Conversion'!D17 -> 12.495
A36: Nampa | B36: Canyon | C36: 15 | D36: =MAX(L36,M36) -> 30 | E36: 2517 | L36: =IF(AND(AND('Snow Load Conversion'!D10="I"),'Snow Load Conversion'!I5='Snow Load Conversion'!P5,'Snow Load Conversion'!D13<=15),25,IF(AND(AND('Snow Load Conversion'!D10="ii"),'Snow Load Conversion'!I5='Snow Load Conversion'!P5,'Snow Load Conversion'!D13<=15),30,IF(AND(AND('Snow Load Conversion'!D10="iii"),'Snow Load Conversion'!I5='Snow Load Conversion'!P5,'Snow Load Conversion'!D13<=15),35,IF(AND(AND('Snow Load Conversion'!D10="iv"),'Snow Load Conversion'!I5='Snow Load Conversion'!P5,'Snow Load Conversion'!D13<=15),40,IF(C36<=20,C36*'Snow Load Conversion'!D11,20*'Snow Load Conversion'!D11))))) -> 30 | M36: =(0.7*'Snow Load Conversion'!D7*'Snow Load Conversion'!D9*'Snow Load Conversion'!D11*C36)+'Snow Load Conversion'!D17 -> 12.495
A37: Orofino | B37: Clearwater | C37: 19 | D37: =MAX(L37,M37) -> 30 | E37: 1017 | L37: =IF(AND(AND('Snow Load Conversion'!D10="I"),'Snow Load Conversion'!I5='Snow Load Conversion'!P5,'Snow Load Conversion'!D13<=15),25,IF(AND(AND('Snow Load Conversion'!D10="ii"),'Snow Load Conversion'!I5='Snow Load Conversion'!P5,'Snow Load Conversion'!D13<=15),30,IF(AND(AND('Snow Load Conversion'!D10="iii"),'Snow Load Conversion'!I5='Snow Load Conversion'!P5,'Snow Load Conversion'!D13<=15),35,IF(AND(AND('Snow Load Conversion'!D10="iv"),'Snow Load Conversion'!I5='Snow Load Conversion'!P5,'Snow Load Conversion'!D13<=15),40,IF(C37<=20,C37*'Snow Load Conversion'!D11,20*'Snow Load Conversion'!D11))))) -> 30 | M37: =(0.7*'Snow Load Conversion'!D7*'Snow Load Conversion'!D9*'Snow Load Conversion'!D11*C37)+'Snow Load Conversion'!D17 -> 15.827
A38: Payette | B38: Payette | C38: 17 | D38: =MAX(L38,M38) -> 30 | E38: 2148 | L38: =IF(AND(AND('Snow Load Conversion'!D10="I"),'Snow Load Conversion'!I5='Snow Load Conversion'!P5,'Snow Load Conversion'!D13<=15),25,IF(AND(AND('Snow Load Conversion'!D10="ii"),'Snow Load Conversion'!I5='Snow Load Conversion'!P5,'Snow Load Conversion'!D13<=15),30,IF(AND(AND('Snow Load Conversion'!D10="iii"),'Snow Load Conversion'!I5='Snow Load Conversion'!P5,'Snow Load Conversion'!D13<=15),35,IF(AND(AND('Snow Load Conversion'!D10="iv"),'Snow Load Conversion'!I5='Snow Load Conversion'!P5,'Snow Load Conversion'!D13<=15),40,IF(C38<=20,C38*'Snow Load Conversion'!D11,20*'Snow Load Conversion'!D11))))) -> 30 | M38: =(0.7*'Snow Load Conversion'!D7*'Snow Load Conversion'!D9*'Snow Load Conversion'!D11*C38)+'Snow Load Conversion'!D17 -> 14.161
A39: Pocatello | B39: Bannock | C39: 31 | D39: =MAX(L39,M39) -> 30 | E39: 4463 | L39: =IF(AND(AND('Snow Load Conversion'!D10="I"),'Snow Load Conversion'!I5='Snow Load Conversion'!P5,'Snow Load Conversion'!D13<=15),25,IF(AND(AND('Snow Load Conversion'!D10="ii"),'Snow Load Conversion'!I5='Snow Load Conversion'!P5,'Snow Load Conversion'!D13<=15),30,IF(AND(AND('Snow Load Conversion'!D10="iii"),'Snow Load Conversion'!I5='Snow Load Conversion'!P5,'Snow Load Conversion'!D13<=15),35,IF(AND(AND('Snow Load Conversion'!D10="iv"),'Snow Load Conversion'!I5='Snow Load Conversion'!P5,'Snow Load Conversion'!D13<=15),40,IF(C39<=20,C39*'Snow Load Conversion'!D11,20*'Snow Load Conversion'!D11))))) -> 30 | M39: =(0.7*'Snow Load Conversion'!D7*'Snow Load Conversion'!D9*'Snow Load Conversion'!D11*C39)+'Snow Load Conversion'!D17 -> 25.823
A40: Post Falls | B40: Kootenia | C40: 72 | D40: =MAX(L40,M40) -> 59.976 | E40: 2183 | L40: =IF(AND(AND('Snow Load Conversion'!D10="I"),'Snow Load Conversion'!I5='Snow Load Conversion'!P5,'Snow Load Conversion'!D13<=15),25,IF(AND(AND('Snow Load Conversion'!D10="ii"),'Snow Load Conversion'!I5='Snow Load Conversion'!P5,'Snow Load Conversion'!D13<=15),30,IF(AND(AND('Snow Load Conversion'!D10="iii"),'Snow Load Conversion'!I5='Snow Load Conversion'!P5,'Snow Load Conversion'!D13<=15),35,IF(AND(AND('Snow Load Conversion'!D10="iv"),'Snow Load Conversion'!I5='Snow Load Conversion'!P5,'Snow Load Conversion'!D13<=15),40,IF(C40<=20,C40*'Snow Load Conversion'!D11,20*'Snow Load Conversion'!D11))))) -> 30 | M40: =(0.7*'Snow Load Conversion'!D7*'Snow Load Conversion'!D9*'Snow Load Conversion'!D11*C40)+'Snow Load Conversion'!D17 -> 59.976
A41: Preston | B41: Franklin | C41: 19 | D41: =MAX(L41,M41) -> 30 | E41: 4715 | L41: =IF(AND(AND('Snow Load Conversion'!D10="I"),'Snow Load Conversion'!I5='Snow Load Conversion'!P5,'Snow Load Conversion'!D13<=15),25,IF(AND(AND('Snow Load Conversion'!D10="ii"),'Snow Load Conversion'!I5='Snow Load Conversion'!P5,'Snow Load Conversion'!D13<=15),30,IF(AND(AND('Snow Load Conversion'!D10="iii"),'Snow Load Conversion'!I5='Snow Load Conversion'!P5,'Snow Load Conversion'!D13<=15),35,IF(AND(AND('Snow Load Conversion'!D10="iv"),'Snow Load Conversion'!I5='Snow Load Conversion'!P5,'Snow Load Conversion'!D13<=15),40,IF(C41<=20,C41*'Snow Load Conversion'!D11,20*'Snow Load Conversion'!D11))))) -> 30 | M41: =(0.7*'Snow Load Conversion'!D7*'Snow Load Conversion'!D9*'Snow Load Conversion'!D11*C41)+'Snow Load Conversion'!D17 -> 15.827
A42: Rathdrum | B42: Kootenia | C42: 87 | D42: =MAX(L42,M42) -> 72.471 | E42: 2211 | L42: =IF(AND(AND('Snow Load Conversion'!D10="I"),'Snow Load Conversion'!I5='Snow Load Conversion'!P5,'Snow Load Conversion'!D13<=15),25,IF(AND(AND('Snow Load Conversion'!D10="ii"),'Snow Load Conversion'!I5='Snow Load Conversion'!P5,'Snow Load Conversion'!D13<=15),30,IF(AND(AND('Snow Load Conversion'!D10="iii"),'Snow Load Conversion'!I5='Snow Load Conversion'!P5,'Snow Load Conversion'!D13<=15),35,IF(AND(AND('Snow Load Conversion'!D10="iv"),'Snow Load Conversion'!I5='Snow Load Conversion'!P5,'Snow Load Conversion'!D13<=15),40,IF(C42<=20,C42*'Snow Load Conversion'!D11,20*'Snow Load Conversion'!D11))))) -> 30 | M42: =(0.7*'Snow Load Conversion'!D7*'Snow Load Conversion'!D9*'Snow Load Conversion'!D11*C42)+'Snow Load Conversion'!D17 -> 72.471
A43: Rexburg | B43: Madison | C43: 50 | D43: =MAX(L43,M43) -> 41.65 | E43: 4863 | L43: =IF(AND(AND('Snow Load Conversion'!D10="I"),'Snow Load Conversion'!I5='Snow Load Conversion'!P5,'Snow Load Conversion'!D13<=15),25,IF(AND(AND('Snow Load Conversion'!D10="ii"),'Snow Load Conversion'!I5='Snow Load Conversion'!P5,'Snow Load Conversion'!D13<=15),30,IF(AND(AND('Snow Load Conversion'!D10="iii"),'Snow Load Conversion'!I5='Snow Load Conversion'!P5,'Snow Load Conversion'!D13<=15),35,IF(AND(AND('Snow Load Conversion'!D10="iv"),'Snow Load Conversion'!I5='Snow Load Conversion'!P5,'Snow Load Conversion'!D13<=15),40,IF(C43<=20,C43*'Snow Load Conversion'!D11,20*'Snow Load Conversion'!D11))))) -> 30 | M43: =(0.7*'Snow Load Conversion'!D7*'Snow Load Conversion'!D9*'Snow Load Conversion'!D11*C43)+'Snow Load Conversion'!D17 -> 41.65
A44: Rigby | B44: Jefferson | C44: 32 | D44: =MAX(L44,M44) -> 30 | E44: 4851 | L44: =IF(AND(AND('Snow Load Conversion'!D10="I"),'Snow Load Conversion'!I5='Snow Load Conversion'!P5,'Snow Load Conversion'!D13<=15),25,IF(AND(AND('Snow Load Conversion'!D10="ii"),'Snow Load Conversion'!I5='Snow Load Conversion'!P5,'Snow Load Conversion'!D13<=15),30,IF(AND(AND('Snow Load Conversion'!D10="iii"),'Snow Load Conversion'!I5='Snow Load Conversion'!P5,'Snow Load Conversion'!D13<=15),35,IF(AND(AND('Snow Load Conversion'!D10="iv"),'Snow Load Conversion'!I5='Snow Load Conversion'!P5,'Snow Load Conversion'!D13<=15),40,IF(C44<=20,C44*'Snow Load Conversion'!D11,20*'Snow Load Conversion'!D11))))) -> 30 | M44: =(0.7*'Snow Load Conversion'!D7*'Snow Load Conversion'!D9*'Snow Load Conversion'!D11*C44)+'Snow Load Conversion'!D17 -> 26.656
A45: Pupert | B45: Minidoka | C45: 18 | D45: =MAX(L45,M45) -> 30 | E45: 4154 | L45: =IF(AND(AND('Snow Load Conversion'!D10="I"),'Snow Load Conversion'!I5='Snow Load Conversion'!P5,'Snow Load Conversion'!D13<=15),25,IF(AND(AND('Snow Load Conversion'!D10="ii"),'Snow Load Conversion'!I5='Snow Load Conversion'!P5,'Snow Load Conversion'!D13<=15),30,IF(AND(AND('Snow Load Conversion'!D10="iii"),'Snow Load Conversion'!I5='Snow Load Conversion'!P5,'Snow Load Conversion'!D13<=15),35,IF(AND(AND('Snow Load Conversion'!D10="iv"),'Snow Load Conversion'!I5='Snow Load Conversion'!P5,'Snow Load Conversion'!D13<=15),40,IF(C45<=20,C45*'Snow Load Conversion'!D11,20*'Snow Load Conversion'!D11))))) -> 30 | M45: =(0.7*'Snow Load Conversion'!D7*'Snow Load Conversion'!D9*'Snow Load Conversion'!D11*C45)+'Snow Load Conversion'!D17 -> 14.994
A46: St. Anthony | B46: Fremont | C46: 37 | D46: =MAX(L46,M46) -> 30.821 | E46: 4963 | L46: =IF(AND(AND('Snow Load Conversion'!D10="I"),'Snow Load Conversion'!I5='Snow Load Conversion'!P5,'Snow Load Conversion'!D13<=15),25,IF(AND(AND('Snow Load Conversion'!D10="ii"),'Snow Load Conversion'!I5='Snow Load Conversion'!P5,'Snow Load Conversion'!D13<=15),30,IF(AND(AND('Snow Load Conversion'!D10="iii"),'Snow Load Conversion'!I5='Snow Load Conversion'!P5,'Snow Load Conversion'!D13<=15),35,IF(AND(AND('Snow Load Conversion'!D10="iv"),'Snow Load Conversion'!I5='Snow Load Conversion'!P5,'Snow Load Conversion'!D13<=15),40,IF(C46<=20,C46*'Snow Load Conversion'!D11,20*'Snow Load Conversion'!D11))))) -> 30 | M46: =(0.7*'Snow Load Conversion'!D7*'Snow Load Conversion'!D9*'Snow Load Conversion'!D11*C46)+'Snow Load Conversion'!D17 -> 30.821
A47: Salmon | B47: Lemhi | C47: 15 | D47: =MAX(L47,M47) -> 30 | E47: 3943 | L47: =IF(AND(AND('Snow Load Conversion'!D10="I"),'Snow Load Conversion'!I5='Snow Load Conversion'!P5,'Snow Load Conversion'!D13<=15),25,IF(AND(AND('Snow Load Conversion'!D10="ii"),'Snow Load Conversion'!I5='Snow Load Conversion'!P5,'Snow Load Conversion'!D13<=15),30,IF(AND(AND('Snow Load Conversion'!D10="iii"),'Snow Load Conversion'!I5='Snow Load Conversion'!P5,'Snow Load Conversion'!D13<=15),35,IF(AND(AND('Snow Load Conversion'!D10="iv"),'Snow Load Conversion'!I5='Snow Load Conversion'!P5,'Snow Load Conversion'!D13<=15),40,IF(C47<=20,C47*'Snow Load Conversion'!D11,20*'Snow Load Conversion'!D11))))) -> 30 | M47: =(0.7*'Snow Load Conversion'!D7*'Snow Load Conversion'!D9*'Snow Load Conversion'!D11*C47)+'Snow Load Conversion'!D17 -> 12.495
A48: Sandpoint | B48: Bonner | C48: 56 | D48: =MAX(L48,M48) -> 46.648 | E48: 2101 | L48: =IF(AND(AND('Snow Load Conversion'!D10="I"),'Snow Load Conversion'!I5='Snow Load Conversion'!P5,'Snow Load Conversion'!D13<=15),25,IF(AND(AND('Snow Load Conversion'!D10="ii"),'Snow Load Conversion'!I5='Snow Load Conversion'!P5,'Snow Load Conversion'!D13<=15),30,IF(AND(AND('Snow Load Conversion'!D10="iii"),'Snow Load Conversion'!I5='Snow Load Conversion'!P5,'Snow Load Conversion'!D13<=15),35,IF(AND(AND('Snow Load Conversion'!D10="iv"),'Snow Load Conversion'!I5='Snow Load Conversion'!P5,'Snow Load Conversion'!D13<=15),40,IF(C48<=20,C48*'Snow Load Conversion'!D11,20*'Snow Load Conversion'!D11))))) -> 30 | M48: =(0.7*'Snow Load Conversion'!D7*'Snow Load Conversion'!D9*'Snow Load Conversion'!D11*C48)+'Snow Load Conversion'!D17 -> 46.648
A49: Schweitzer Basin Lodge | B49: Bonner | C49: 243 | D49: =MAX(L49,M49) -> 202.419 | E49: 4175 | L49: =IF(AND(AND('Snow Load Conversion'!D10="I"),'Snow Load Conversion'!I5='Snow Load Conversion'!P5,'Snow Load Conversion'!D13<=15),25,IF(AND(AND('Snow Load Conversion'!D10="ii"),'Snow Load Conversion'!I5='Snow Load Conversion'!P5,'Snow Load Conversion'!D13<=15),30,IF(AND(AND('Snow Load Conversion'!D10="iii"),'Snow Load Conversion'!I5='Snow Load Conversion'!P5,'Snow Load Conversion'!D13<=15),35,IF(AND(AND('Snow Load Conversion'!D10="iv"),'Snow Load Conversion'!I5='Snow Load Conversion'!P5,'Snow Load Conversion'!D13<=15),40,IF(C49<=20,C49*'Snow Load Conversion'!D11,20*'Snow Load Conversion'!D11))))) -> 30 | M49: =(0.7*'Snow Load Conversion'!D7*'Snow Load Conversion'!D9*'Snow Load Conversion'!D11*C49)+'Snow Load Conversion'!D17 -> 202.419
A50: Shelley | B50: Bingham | C50: 35 | D50: =MAX(L50,M50) -> 30 | E50: 4629 | L50: =IF(AND(AND('Snow Load Conversion'!D10="I"),'Snow Load Conversion'!I5='Snow Load Conversion'!P5,'Snow Load Conversion'!D13<=15),25,IF(AND(AND('Snow Load Conversion'!D10="ii"),'Snow Load Conversion'!I5='Snow Load Conversion'!P5,'Snow Load Conversion'!D13<=15),30,IF(AND(AND('Snow Load Conversion'!D10="iii"),'Snow Load Conversion'!I5='Snow Load Conversion'!P5,'Snow Load Conversion'!D13<=15),35,IF(AND(AND('Snow Load Conversion'!D10="iv"),'Snow Load Conversion'!I5='Snow Load Conversion'!P5,'Snow Load Conversion'!D13<=15),40,IF(C50<=20,C50*'Snow Load Conversion'!D11,20*'Snow Load Conversion'!D11))))) -> 30 | M50: =(0.7*'Snow Load Conversion'!D7*'Snow Load Conversion'!D9*'Snow Load Conversion'!D11*C50)+'Snow Load Conversion'!D17 -> 29.155
A51: Silver Mt. Lodge | B51: Shoshone | C51: 173 | D51: =MAX(L51,M51) -> 144.109 | E51: 5040 | L51: =IF(AND(AND('Snow Load Conversion'!D10="I"),'Snow Load Conversion'!I5='Snow Load Conversion'!P5,'Snow Load Conversion'!D13<=15),25,IF(AND(AND('Snow Load Conversion'!D10="ii"),'Snow Load Conversion'!I5='Snow Load Conversion'!P5,'Snow Load Conversion'!D13<=15),30,IF(AND(AND('Snow Load Conversion'!D10="iii"),'Snow Load Conversion'!I5='Snow Load Conversion'!P5,'Snow Load Conversion'!D13<=15),35,IF(AND(AND('Snow Load Conversion'!D10="iv"),'Snow Load Conversion'!I5='Snow Load Conversion'!P5,'Snow Load Conversion'!D13<=15),40,IF(C51<=20,C51*'Snow Load Conversion'!D11,20*'Snow Load Conversion'!D11))))) -> 30 | M51: =(0.7*'Snow Load Conversion'!D7*'Snow Load Conversion'!D9*'Snow Load Conversion'!D11*C51)+'Snow Load Conversion'!D17 -> 144.109
A52: Soda Springs | B52: Caribou | C52: 70 | D52: =MAX(L52,M52) -> 58.31 | E52: 5769 | L52: =IF(AND(AND('Snow Load Conversion'!D10="I"),'Snow Load Conversion'!I5='Snow Load Conversion'!P5,'Snow Load Conversion'!D13<=15),25,IF(AND(AND('Snow Load Conversion'!D10="ii"),'Snow Load Conversion'!I5='Snow Load Conversion'!P5,'Snow Load Conversion'!D13<=15),30,IF(AND(AND('Snow Load Conversion'!D10="iii"),'Snow Load Conversion'!I5='Snow Load Conversion'!P5,'Snow Load Conversion'!D13<=15),35,IF(AND(AND('Snow Load Conversion'!D10="iv"),'Snow Load Conversion'!I5='Snow Load Conversion'!P5,'Snow Load Conversion'!D13<=15),40,IF(C52<=20,C52*'Snow Load Conversion'!D11,20*'Snow Load Conversion'!D11))))) -> 30 | M52: =(0.7*'Snow Load Conversion'!D7*'Snow Load Conversion'!D9*'Snow Load Conversion'!D11*C52)+'Snow Load Conversion'!D17 -> 58.31
A53: Star | B53: Ada | C53: 16 | D53: =MAX(L53,M53) -> 30 | E53: 2471 | L53: =IF(AND(AND('Snow Load Conversion'!D10="I"),'Snow Load Conversion'!I5='Snow Load Conversion'!P5,'Snow Load Conversion'!D13<=15),25,IF(AND(AND('Snow Load Conversion'!D10="ii"),'Snow Load Conversion'!I5='Snow Load Conversion'!P5,'Snow Load Conversion'!D13<=15),30,IF(AND(AND('Snow Load Conversion'!D10="iii"),'Snow Load Conversion'!I5='Snow Load Conversion'!P5,'Snow Load Conversion'!D13<=15),35,IF(AND(AND('Snow Load Conversion'!D10="iv"),'Snow Load Conversion'!I5='Snow Load Conversion'!P5,'Snow Load Conversion'!D13<=15),40,IF(C53<=20,C53*'Snow Load Conversion'!D11,20*'Snow Load Conversion'!D11))))) -> 30 | M53: =(0.7*'Snow Load Conversion'!D7*'Snow Load Conversion'!D9*'Snow Load Conversion'!D11*C53)+'Snow Load Conversion'!D17 -> 13.328
A54: Sun Valley Mt. Baldy | B54: Blaine | C54: 197 | D54: =MAX(L54,M54) -> 164.101 | E54: 9000 | L54: =IF(AND(AND('Snow Load Conversion'!D10="I"),'Snow Load Conversion'!I5='Snow Load Conversion'!P5,'Snow Load Conversion'!D13<=15),25,IF(AND(AND('Snow Load Conversion'!D10="ii"),'Snow Load Conversion'!I5='Snow Load Conversion'!P5,'Snow Load Conversion'!D13<=15),30,IF(AND(AND('Snow Load Conversion'!D10="iii"),'Snow Load Conversion'!I5='Snow Load Conversion'!P5,'Snow Load Conversion'!D13<=15),35,IF(AND(AND('Snow Load Conversion'!D10="iv"),'Snow Load Conversion'!I5='Snow Load Conversion'!P5,'Snow Load Conversion'!D13<=15),40,IF(C54<=20,C54*'Snow Load Conversion'!D11,20*'Snow Load Conversion'!D11))))) -> 30 | M54: =(0.7*'Snow Load Conversion'!D7*'Snow Load Conversion'!D9*'Snow Load Conversion'!D11*C54)+'Snow Load Conversion'!D17 -> 164.101
A55: Twin Falls | B55: Twin Falls | C55: 15 | D55: =MAX(L55,M55) -> 30 | E55: 3734 | L55: =IF(AND(AND('Snow Load Conversion'!D10="I"),'Snow Load Conversion'!I5='Snow Load Conversion'!P5,'Snow Load Conversion'!D13<=15),25,IF(AND(AND('Snow Load Conversion'!D10="ii"),'Snow Load Conversion'!I5='Snow Load Conversion'!P5,'Snow Load Conversion'!D13<=15),30,IF(AND(AND('Snow Load Conversion'!D10="iii"),'Snow Load Conversion'!I5='Snow Load Conversion'!P5,'Snow Load Conversion'!D13<=15),35,IF(AND(AND('Snow Load Conversion'!D10="iv"),'Snow Load Conversion'!I5='Snow Load Conversion'!P5,'Snow Load Conversion'!D13<=15),40,IF(C55<=20,C55*'Snow Load Conversion'!D11,20*'Snow Load Conversion'!D11))))) -> 30 | M55: =(0.7*'Snow Load Conversion'!D7*'Snow Load Conversion'!D9*'Snow Load Conversion'!D11*C55)+'Snow Load Conversion'!D17 -> 12.495
A56: Weiser | B56: Washington | C56: 17 | D56: =MAX(L56,M56) -> 30 | E56: 2129 | L56: =IF(AND(AND('Snow Load Conversion'!D10="I"),'Snow Load Conversion'!I5='Snow Load Conversion'!P5,'Snow Load Conversion'!D13<=15),25,IF(AND(AND('Snow Load Conversion'!D10="ii"),'Snow Load Conversion'!I5='Snow Load Conversion'!P5,'Snow Load Conversion'!D13<=15),30,IF(AND(AND('Snow Load Conversion'!D10="iii"),'Snow Load Conversion'!I5='Snow Load Conversion'!P5,'Snow Load Conversion'!D13<=15),35,IF(AND(AND('Snow Load Conversion'!D10="iv"),'Snow Load Conversion'!I5='Snow Load Conversion'!P5,'Snow Load Conversion'!D13<=15),40,IF(C56<=20,C56*'Snow Load Conversion'!D11,20*'Snow Load Conversion'!D11))))) -> 30 | M56: =(0.7*'Snow Load Conversion'!D7*'Snow Load Conversion'!D9*'Snow Load Conversion'!D11*C56)+'Snow Load Conversion'!D17 -> 14.161
A57: Wendell | B57: Gooding | C57: 20 | D57: =MAX(L57,M57) -> 30 | E57: 3433 | L57: =IF(AND(AND('Snow Load Conversion'!D10="I"),'Snow Load Conversion'!I5='Snow Load Conversion'!P5,'Snow Load Conversion'!D13<=15),25,IF(AND(AND('Snow Load Conversion'!D10="ii"),'Snow Load Conversion'!I5='Snow Load Conversion'!P5,'Snow Load Conversion'!D13<=15),30,IF(AND(AND('Snow Load Conversion'!D10="iii"),'Snow Load Conversion'!I5='Snow Load Conversion'!P5,'Snow Load Conversion'!D13<=15),35,IF(AND(AND('Snow Load Conversion'!D10="iv"),'Snow Load Conversion'!I5='Snow Load Conversion'!P5,'Snow Load Conversion'!D13<=15),40,IF(C57<=20,C57*'Snow Load Conversion'!D11,20*'Snow Load Conversion'!D11))))) -> 30 | M57: =(0.7*'Snow Load Conversion'!D7*'Snow Load Conversion'!D9*'Snow Load Conversion'!D11*C57)+'Snow Load Conversion'!D17 -> 16.66

Sheet MD Ground - Snow Loads
A1: MARYLAND GROUND SNOW LOAD REQUIREMENTS
A2: COUNTY: | B2: WIND SPEED (V) (MPH) | C2: GROUND SNOW LOAD REQUIREMENT (lb/ft2): | D2: MIN. ROOF SNOW LOAD (lb/ft2): | L2: (Pm) | M2: (Pf)
A3: Allegany | B3: 115 | C3: 55 | D3: =MAX(L3,M3) -> 45.815 | E3: *Enter information on Snow Load Conversion Tab | L3: =IF(AND(AND('Snow Load Conversion'!D10="I"),'Snow Load Conversion'!I5='Snow Load Conversion'!P5,'Snow Load Conversion'!D13<=15),25,IF(AND(AND('Snow Load Conversion'!D10="ii"),'Snow Load Conversion'!I5='Snow Load Conversion'!P5,'Snow Load Conversion'!D13<=15),30,IF(AND(AND('Snow Load Conversion'!D10="iii"),'Snow Load Conversion'!I5='Snow Load Conversion'!P5,'Snow Load Conversion'!D13<=15),35,IF(AND(AND('Snow Load Conversion'!D10="iv"),'Snow Load Conversion'!I5='Snow Load Conversion'!P5,'Snow Load Conversion'!D13<=15),40,IF(C3<=20,C3*'Snow Load Conversion'!D11,20*'Snow Load Conversion'!D11))))) -> 30 | M3: =(0.7*'Snow Load Conversion'!D7*'Snow Load Conversion'!D9*'Snow Load Conversion'!D11*C3)+'Snow Load Conversion'!D17 -> 45.815
A4: Anne Arundel | B4: 115 | C4: 25 | D4: =MAX(L4,M4) -> 30 | E4: *Ground Snow Loads only apply to 7-10 & 7-16 | L4: =IF(AND(AND('Snow Load Conversion'!D10="I"),'Snow Load Conversion'!I5='Snow Load Conversion'!P5,'Snow Load Conversion'!D13<=15),25,IF(AND(AND('Snow Load Conversion'!D10="ii"),'Snow Load Conversion'!I5='Snow Load Conversion'!P5,'Snow Load Conversion'!D13<=15),30,IF(AND(AND('Snow Load Conversion'!D10="iii"),'Snow Load Conversion'!I5='Snow Load Conversion'!P5,'Snow Load Conversion'!D13<=15),35,IF(AND(AND('Snow Load Conversion'!D10="iv"),'Snow Load Conversion'!I5='Snow Load Conversion'!P5,'Snow Load Conversion'!D13<=15),40,IF(C4<=20,C4*'Snow Load Conversion'!D11,20*'Snow Load Conversion'!D11))))) -> 30 | M4: =(0.7*'Snow Load Conversion'!D7*'Snow Load Conversion'!D9*'Snow Load Conversion'!D11*C4)+'Snow Load Conversion'!D17 -> 20.825
A5: Baltimore County | B5: 115 | C5: 30 | D5: =MAX(L5,M5) -> 30 | L5: =IF(AND(AND('Snow Load Conversion'!D10="I"),'Snow Load Conversion'!I5='Snow Load Conversion'!P5,'Snow Load Conversion'!D13<=15),25,IF(AND(AND('Snow Load Conversion'!D10="ii"),'Snow Load Conversion'!I5='Snow Load Conversion'!P5,'Snow Load Conversion'!D13<=15),30,IF(AND(AND('Snow Load Conversion'!D10="iii"),'Snow Load Conversion'!I5='Snow Load Conversion'!P5,'Snow Load Conversion'!D13<=15),35,IF(AND(AND('Snow Load Conversion'!D10="iv"),'Snow Load Conversion'!I5='Snow Load Conversion'!P5,'Snow Load Conversion'!D13<=15),40,IF(C5<=20,C5*'Snow Load Conversion'!D11,20*'Snow Load Conversion'!D11))))) -> 30 | M5: =(0.7*'Snow Load Conversion'!D7*'Snow Load Conversion'!D9*'Snow Load Conversion'!D11*C5)+'Snow Load Conversion'!D17 -> 24.99
A6: Baltimore City | B6: 115 | C6: 30 | D6: =MAX(L6,M6) -> 30 | L6: =IF(AND(AND('Snow Load Conversion'!D10="I"),'Snow Load Conversion'!I5='Snow Load Conversion'!P5,'Snow Load Conversion'!D13<=15),25,IF(AND(AND('Snow Load Conversion'!D10="ii"),'Snow Load Conversion'!I5='Snow Load Conversion'!P5,'Snow Load Conversion'!D13<=15),30,IF(AND(AND('Snow Load Conversion'!D10="iii"),'Snow Load Conversion'!I5='Snow Load Conversion'!P5,'Snow Load Conversion'!D13<=15),35,IF(AND(AND('Snow Load Conversion'!D10="iv"),'Snow Load Conversion'!I5='Snow Load Conversion'!P5,'Snow Load Conversion'!D13<=15),40,IF(C6<=20,C6*'Snow Load Conversion'!D11,20*'Snow Load Conversion'!D11))))) -> 30 | M6: =(0.7*'Snow Load Conversion'!D7*'Snow Load Conversion'!D9*'Snow Load Conversion'!D11*C6)+'Snow Load Conversion'!D17 -> 24.99
A7: Calvert | B7: 115 | C7: 20 | D7: =MAX(L7,M7) -> 30 | L7: =IF(AND(AND('Snow Load Conversion'!D10="I"),'Snow Load Conversion'!I5='Snow Load Conversion'!P5,'Snow Load Conversion'!D13<=15),25,IF(AND(AND('Snow Load Conversion'!D10="ii"),'Snow Load Conversion'!I5='Snow Load Conversion'!P5,'Snow Load Conversion'!D13<=15),30,IF(AND(AND('Snow Load Conversion'!D10="iii"),'Snow Load Conversion'!I5='Snow Load Conversion'!P5,'Snow Load Conversion'!D13<=15),35,IF(AND(AND('Snow Load Conversion'!D10="iv"),'Snow Load Conversion'!I5='Snow Load Conversion'!P5,'Snow Load Conversion'!D13<=15),40,IF(C7<=20,C7*'Snow Load Conversion'!D11,20*'Snow Load Conversion'!D11))))) -> 30 | M7: =(0.7*'Snow Load Conversion'!D7*'Snow Load Conversion'!D9*'Snow Load Conversion'!D11*C7)+'Snow Load Conversion'!D17 -> 16.66
A8: Caroline | B8: 128 | C8: 36 | D8: =IF(MAX(L8,M8)<25,25,MAX(L8,M8)) -> 30 | E8: *Min. 25 psf | L8: =IF(AND(AND('Snow Load Conversion'!D10="I"),'Snow Load Conversion'!I5='Snow Load Conversion'!P5,'Snow Load Conversion'!D13<=15),25,IF(AND(AND('Snow Load Conversion'!D10="ii"),'Snow Load Conversion'!I5='Snow Load Conversion'!P5,'Snow Load Conversion'!D13<=15),30,IF(AND(AND('Snow Load Conversion'!D10="iii"),'Snow Load Conversion'!I5='Snow Load Conversion'!P5,'Snow Load Conversion'!D13<=15),35,IF(AND(AND('Snow Load Conversion'!D10="iv"),'Snow Load Conversion'!I5='Snow Load Conversion'!P5,'Snow Load Conversion'!D13<=15),40,IF(C8<=20,C8*'Snow Load Conversion'!D11,20*'Snow Load Conversion'!D11))))) -> 30 | M8: =(0.7*'Snow Load Conversion'!D7*'Snow Load Conversion'!D9*'Snow Load Conversion'!D11*C8)+'Snow Load Conversion'!D17 -> 29.988
A9: Carrol | B9: 115 | C9: 40 | D9: =MAX(L9,M9) -> 33.32 | L9: =IF(AND(AND('Snow Load Conversion'!D10="I"),'Snow Load Conversion'!I5='Snow Load Conversion'!P5,'Snow Load Conversion'!D13<=15),25,IF(AND(AND('Snow Load Conversion'!D10="ii"),'Snow Load Conversion'!I5='Snow Load Conversion'!P5,'Snow Load Conversion'!D13<=15),30,IF(AND(AND('Snow Load Conversion'!D10="iii"),'Snow Load Conversion'!I5='Snow Load Conversion'!P5,'Snow Load Conversion'!D13<=15),35,IF(AND(AND('Snow Load Conversion'!D10="iv"),'Snow Load Conversion'!I5='Snow Load Conversion'!P5,'Snow Load Conversion'!D13<=15),40,IF(C9<=20,C9*'Snow Load Conversion'!D11,20*'Snow Load Conversion'!D11))))) -> 30 | M9: =(0.7*'Snow Load Conversion'!D7*'Snow Load Conversion'!D9*'Snow Load Conversion'!D11*C9)+'Snow Load Conversion'!D17 -> 33.32
A10: Cecil | B10: 115 | C10: 30 | D10: =MAX(L10,M10) -> 30 | L10: =IF(AND(AND('Snow Load Conversion'!D10="I"),'Snow Load Conversion'!I5='Snow Load Conversion'!P5,'Snow Load Conversion'!D13<=15),25,IF(AND(AND('Snow Load Conversion'!D10="ii"),'Snow Load Conversion'!I5='Snow Load Conversion'!P5,'Snow Load Conversion'!D13<=15),30,IF(AND(AND('Snow Load Conversion'!D10="iii"),'Snow Load Conversion'!I5='Snow Load Conversion'!P5,'Snow Load Conversion'!D13<=15),35,IF(AND(AND('Snow Load Conversion'!D10="iv"),'Snow Load Conversion'!I5='Snow Load Conversion'!P5,'Snow Load Conversion'!D13<=15),40,IF(C10<=20,C10*'Snow Load Conversion'!D11,20*'Snow Load Conversion'!D11))))) -> 30 | M10: =(0.7*'Snow Load Conversion'!D7*'Snow Load Conversion'!D9*'Snow Load Conversion'!D11*C10)+'Snow Load Conversion'!D17 -> 24.99
A11: Charles | B11: 115 | C11: 25 | D11: =MAX(L11,M11) -> 30 | L11: =IF(AND(AND('Snow Load Conversion'!D10="I"),'Snow Load Conversion'!I5='Snow Load Conversion'!P5,'Snow Load Conversion'!D13<=15),25,IF(AND(AND('Snow Load Conversion'!D10="ii"),'Snow Load Conversion'!I5='Snow Load Conversion'!P5,'Snow Load Conversion'!D13<=15),30,IF(AND(AND('Snow Load Conversion'!D10="iii"),'Snow Load Conversion'!I5='Snow Load Conversion'!P5,'Snow Load Conversion'!D13<=15),35,IF(AND(AND('Snow Load Conversion'!D10="iv"),'Snow Load Conversion'!I5='Snow Load Conversion'!P5,'Snow Load Conversion'!D13<=15),40,IF(C11<=20,C11*'Snow Load Conversion'!D11,20*'Snow Load Conversion'!D11))))) -> 30 | M11: =(0.7*'Snow Load Conversion'!D7*'Snow Load Conversion'!D9*'Snow Load Conversion'!D11*C11)+'Snow Load Conversion'!D17 -> 20.825
A12: Dorchester | B12: 115 | C12: 20 | D12: =MAX(L12,M12) -> 30 | L12: =IF(AND(AND('Snow Load Conversion'!D10="I"),'Snow Load Conversion'!I5='Snow Load Conversion'!P5,'Snow Load Conversion'!D13<=15),25,IF(AND(AND('Snow Load Conversion'!D10="ii"),'Snow Load Conversion'!I5='Snow Load Conversion'!P5,'Snow Load Conversion'!D13<=15),30,IF(AND(AND('Snow Load Conversion'!D10="iii"),'Snow Load Conversion'!I5='Snow Load Conversion'!P5,'Snow Load Conversion'!D13<=15),35,IF(AND(AND('Snow Load Conversion'!D10="iv"),'Snow Load Conversion'!I5='Snow Load Conversion'!P5,'Snow Load Conversion'!D13<=15),40,IF(C12<=20,C12*'Snow Load Conversion'!D11,20*'Snow Load Conversion'!D11))))) -> 30 | M12: =(0.7*'Snow Load Conversion'!D7*'Snow Load Conversion'!D9*'Snow Load Conversion'!D11*C12)+'Snow Load Conversion'!D17 -> 16.66
A13: Fredrick | B13: 115 | C13: 30 | D13: =IF(AND(MAX(L13,M13)<30,'Snow Load Conversion'!D12<=0.25),30,IF(AND(MAX(L13,M13)<40,'Snow Load Conversion'!D12>0.25),40,MAX(L13,M13))) -> 30 | E13: *Min. 40 psf if pitch is greater than 1/4:12 | L13: =IF(AND(AND('Snow Load Conversion'!D10="I"),'Snow Load Conversion'!I5='Snow Load Conversion'!P5,'Snow Load Conversion'!D13<=15),25,IF(AND(AND('Snow Load Conversion'!D10="ii"),'Snow Load Conversion'!I5='Snow Load Conversion'!P5,'Snow Load Conversion'!D13<=15),30,IF(AND(AND('Snow Load Conversion'!D10="iii"),'Snow Load Conversion'!I5='Snow Load Conversion'!P5,'Snow Load Conversion'!D13<=15),35,IF(AND(AND('Snow Load Conversion'!D10="iv"),'Snow Load Conversion'!I5='Snow Load Conversion'!P5,'Snow Load Conversion'!D13<=15),40,IF(C13<=20,C13*'Snow Load Conversion'!D11,20*'Snow Load Conversion'!D11))))) -> 30 | M13: =(0.7*'Snow Load Conversion'!D7*'Snow Load Conversion'!D9*'Snow Load Conversion'!D11*C13)+'Snow Load Conversion'!D17 -> 24.99
A14: Garrett | B14: 115 | C14: 40 | D14: =MAX(L14,M14) -> 33.32 | L14: =IF(AND(AND('Snow Load Conversion'!D10="I"),'Snow Load Conversion'!I5='Snow Load Conversion'!P5,'Snow Load Conversion'!D13<=15),25,IF(AND(AND('Snow Load Conversion'!D10="ii"),'Snow Load Conversion'!I5='Snow Load Conversion'!P5,'Snow Load Conversion'!D13<=15),30,IF(AND(AND('Snow Load Conversion'!D10="iii"),'Snow Load Conversion'!I5='Snow Load Conversion'!P5,'Snow Load Conversion'!D13<=15),35,IF(AND(AND('Snow Load Conversion'!D10="iv"),'Snow Load Conversion'!I5='Snow Load Conversion'!P5,'Snow Load Conversion'!D13<=15),40,IF(C14<=20,C14*'Snow Load Conversion'!D11,20*'Snow Load Conversion'!D11))))) -> 30 | M14: =(0.7*'Snow Load Conversion'!D7*'Snow Load Conversion'!D9*'Snow Load Conversion'!D11*C14)+'Snow Load Conversion'!D17 -> 33.32
A15: Harford | B15: 115 | C15: 30 | D15: =MAX(L15,M15) -> 30 | L15: =IF(AND(AND('Snow Load Conversion'!D10="I"),'Snow Load Conversion'!I5='Snow Load Conversion'!P5,'Snow Load Conversion'!D13<=15),25,IF(AND(AND('Snow Load Conversion'!D10="ii"),'Snow Load Conversion'!I5='Snow Load Conversion'!P5,'Snow Load Conversion'!D13<=15),30,IF(AND(AND('Snow Load Conversion'!D10="iii"),'Snow Load Conversion'!I5='Snow Load Conversion'!P5,'Snow Load Conversion'!D13<=15),35,IF(AND(AND('Snow Load Conversion'!D10="iv"),'Snow Load Conversion'!I5='Snow Load Conversion'!P5,'Snow Load Conversion'!D13<=15),40,IF(C15<=20,C15*'Snow Load Conversion'!D11,20*'Snow Load Conversion'!D11))))) -> 30 | M15: =(0.7*'Snow Load Conversion'!D7*'Snow Load Conversion'!D9*'Snow Load Conversion'!D11*C15)+'Snow Load Conversion'!D17 -> 24.99
A16: Howard | B16: 115 | C16: 25 | D16: =MAX(L16,M16) -> 30 | E16: *Min. 40 psf if pitch is greater than 1/4:12 | L16: =IF(AND(AND('Snow Load Conversion'!D10="I"),'Snow Load Conversion'!I5='Snow Load Conversion'!P5,'Snow Load Conversion'!D13<=15),25,IF(AND(AND('Snow Load Conversion'!D10="ii"),'Snow Load Conversion'!I5='Snow Load Conversion'!P5,'Snow Load Conversion'!D13<=15),30,IF(AND(AND('Snow Load Conversion'!D10="iii"),'Snow Load Conversion'!I5='Snow Load Conversion'!P5,'Snow Load Conversion'!D13<=15),35,IF(AND(AND('Snow Load Conversion'!D10="iv"),'Snow Load Conversion'!I5='Snow Load Conversion'!P5,'Snow Load Conversion'!D13<=15),40,IF(C16<=20,C16*'Snow Load Conversion'!D11,20*'Snow Load Conversion'!D11))))) -> 30 | M16: =(0.7*'Snow Load Conversion'!D7*'Snow Load Conversion'!D9*'Snow Load Conversion'!D11*C16)+'Snow Load Conversion'!D17 -> 20.825
A17: Kent | B17: 115 | C17: 25 | D17: =MAX(L17,M17) -> 30 | L17: =IF(AND(AND('Snow Load Conversion'!D10="I"),'Snow Load Conversion'!I5='Snow Load Conversion'!P5,'Snow Load Conversion'!D13<=15),25,IF(AND(AND('Snow Load Conversion'!D10="ii"),'Snow Load Conversion'!I5='Snow Load Conversion'!P5,'Snow Load Conversion'!D13<=15),30,IF(AND(AND('Snow Load Conversion'!D10="iii"),'Snow Load Conversion'!I5='Snow Load Conversion'!P5,'Snow Load Conversion'!D13<=15),35,IF(AND(AND('Snow Load Conversion'!D10="iv"),'Snow Load Conversion'!I5='Snow Load Conversion'!P5,'Snow Load Conversion'!D13<=15),40,IF(C17<=20,C17*'Snow Load Conversion'!D11,20*'Snow Load Conversion'!D11))))) -> 30 | M17: =(0.7*'Snow Load Conversion'!D7*'Snow Load Conversion'!D9*'Snow Load Conversion'!D11*C17)+'Snow Load Conversion'!D17 -> 20.825
A18: Montgomery | B18: 115 | C18: 30 | D18: =MAX(L18,M18) -> 30 | L18: =IF(AND(AND('Snow Load Conversion'!D10="I"),'Snow Load Conversion'!I5='Snow Load Conversion'!P5,'Snow Load Conversion'!D13<=15),25,IF(AND(AND('Snow Load Conversion'!D10="ii"),'Snow Load Conversion'!I5='Snow Load Conversion'!P5,'Snow Load Conversion'!D13<=15),30,IF(AND(AND('Snow Load Conversion'!D10="iii"),'Snow Load Conversion'!I5='Snow Load Conversion'!P5,'Snow Load Conversion'!D13<=15),35,IF(AND(AND('Snow Load Conversion'!D10="iv"),'Snow Load Conversion'!I5='Snow Load Conversion'!P5,'Snow Load Conversion'!D13<=15),40,IF(C18<=20,C18*'Snow Load Conversion'!D11,20*'Snow Load Conversion'!D11))))) -> 30 | M18: =(0.7*'Snow Load Conversion'!D7*'Snow Load Conversion'!D9*'Snow Load Conversion'!D11*C18)+'Snow Load Conversion'!D17 -> 24.99
A19: Prince George's | B19: 115 | C19: 35 | D19: =MAX(L19,M19) -> 30 | L19: =IF(AND(AND('Snow Load Conversion'!D10="I"),'Snow Load Conversion'!I5='Snow Load Conversion'!P5,'Snow Load Conversion'!D13<=15),25,IF(AND(AND('Snow Load Conversion'!D10="ii"),'Snow Load Conversion'!I5='Snow Load Conversion'!P5,'Snow Load Conversion'!D13<=15),30,IF(AND(AND('Snow Load Conversion'!D10="iii"),'Snow Load Conversion'!I5='Snow Load Conversion'!P5,'Snow Load Conversion'!D13<=15),35,IF(AND(AND('Snow Load Conversion'!D10="iv"),'Snow Load Conversion'!I5='Snow Load Conversion'!P5,'Snow Load Conversion'!D13<=15),40,IF(C19<=20,C19*'Snow Load Conversion'!D11,20*'Snow Load Conversion'!D11))))) -> 30 | M19: =(0.7*'Snow Load Conversion'!D7*'Snow Load Conversion'!D9*'Snow Load Conversion'!D11*C19)+'Snow Load Conversion'!D17 -> 29.155
A20: Queen Anne's | B20: 115 | C20: 25 | D20: =MAX(L20,M20) -> 30 | L20: =IF(AND(AND('Snow Load Conversion'!D10="I"),'Snow Load Conversion'!I5='Snow Load Conversion'!P5,'Snow Load Conversion'!D13<=15),25,IF(AND(AND('Snow Load Conversion'!D10="ii"),'Snow Load Conversion'!I5='Snow Load Conversion'!P5,'Snow Load Conversion'!D13<=15),30,IF(AND(AND('Snow Load Conversion'!D10="iii"),'Snow Load Conversion'!I5='Snow Load Conversion'!P5,'Snow Load Conversion'!D13<=15),35,IF(AND(AND('Snow Load Conversion'!D10="iv"),'Snow Load Conversion'!I5='Snow Load Conversion'!P5,'Snow Load Conversion'!D13<=15),40,IF(C20<=20,C20*'Snow Load Conversion'!D11,20*'Snow Load Conversion'!D11))))) -> 30 | M20: =(0.7*'Snow Load Conversion'!D7*'Snow Load Conversion'!D9*'Snow Load Conversion'!D11*C20)+'Snow Load Conversion'!D17 -> 20.825
A21: Saint Mary's | B21: 115 | C21: 25 | D21: =MAX(L21,M21) -> 30 | L21: =IF(AND(AND('Snow Load Conversion'!D10="I"),'Snow Load Conversion'!I5='Snow Load Conversion'!P5,'Snow Load Conversion'!D13<=15),25,IF(AND(AND('Snow Load Conversion'!D10="ii"),'Snow Load Conversion'!I5='Snow Load Conversion'!P5,'Snow Load Conversion'!D13<=15),30,IF(AND(AND('Snow Load Conversion'!D10="iii"),'Snow Load Conversion'!I5='Snow Load Conversion'!P5,'Snow Load Conversion'!D13<=15),35,IF(AND(AND('Snow Load Conversion'!D10="iv"),'Snow Load Conversion'!I5='Snow Load Conversion'!P5,'Snow Load Conversion'!D13<=15),40,IF(C21<=20,C21*'Snow Load Conversion'!D11,20*'Snow Load Conversion'!D11))))) -> 30 | M21: =(0.7*'Snow Load Conversion'!D7*'Snow Load Conversion'!D9*'Snow Load Conversion'!D11*C21)+'Snow Load Conversion'!D17 -> 20.825
A22: Somerset | B22: 117 | C22: 20 | D22: =MAX(L22,M22) -> 30 | L22: =IF(AND(AND('Snow Load Conversion'!D10="I"),'Snow Load Conversion'!I5='Snow Load Conversion'!P5,'Snow Load Conversion'!D13<=15),25,IF(AND(AND('Snow Load Conversion'!D10="ii"),'Snow Load Conversion'!I5='Snow Load Conversion'!P5,'Snow Load Conversion'!D13<=15),30,IF(AND(AND('Snow Load Conversion'!D10="iii"),'Snow Load Conversion'!I5='Snow Load Conversion'!P5,'Snow Load Conversion'!D13<=15),35,IF(AND(AND('Snow Load Conversion'!D10="iv"),'Snow Load Conversion'!I5='Snow Load Conversion'!P5,'Snow Load Conversion'!D13<=15),40,IF(C22<=20,C22*'Snow Load Conversion'!D11,20*'Snow Load Conversion'!D11))))) -> 30 | M22: =(0.7*'Snow Load Conversion'!D7*'Snow Load Conversion'!D9*'Snow Load Conversion'!D11*C22)+'Snow Load Conversion'!D17 -> 16.66
A23: Talbot | B23: 115 | C23: 25 | D23: =MAX(L23,M23) -> 30 | L23: =IF(AND(AND('Snow Load Conversion'!D10="I"),'Snow Load Conversion'!I5='Snow Load Conversion'!P5,'Snow Load Conversion'!D13<=15),25,IF(AND(AND('Snow Load Conversion'!D10="ii"),'Snow Load Conversion'!I5='Snow Load Conversion'!P5,'Snow Load Conversion'!D13<=15),30,IF(AND(AND('Snow Load Conversion'!D10="iii"),'Snow Load Conversion'!I5='Snow Load Conversion'!P5,'Snow Load Conversion'!D13<=15),35,IF(AND(AND('Snow Load Conversion'!D10="iv"),'Snow Load Conversion'!I5='Snow Load Conversion'!P5,'Snow Load Conversion'!D13<=15),40,IF(C23<=20,C23*'Snow Load Conversion'!D11,20*'Snow Load Conversion'!D11))))) -> 30 | M23: =(0.7*'Snow Load Conversion'!D7*'Snow Load Conversion'!D9*'Snow Load Conversion'!D11*C23)+'Snow Load Conversion'!D17 -> 20.825
A24: Washington | B24: 115 | C24: 40 | D24: =MAX(L24,M24) -> 33.32 | E24: *30 GSL for Residential | L24: =IF(AND(AND('Snow Load Conversion'!D10="I"),'Snow Load Conversion'!I5='Snow Load Conversion'!P5,'Snow Load Conversion'!D13<=15),25,IF(AND(AND('Snow Load Conversion'!D10="ii"),'Snow Load Conversion'!I5='Snow Load Conversion'!P5,'Snow Load Conversion'!D13<=15),30,IF(AND(AND('Snow Load Conversion'!D10="iii"),'Snow Load Conversion'!I5='Snow Load Conversion'!P5,'Snow Load Conversion'!D13<=15),35,IF(AND(AND('Snow Load Conversion'!D10="iv"),'Snow Load Conversion'!I5='Snow Load Conversion'!P5,'Snow Load Conversion'!D13<=15),40,IF(C24<=20,C24*'Snow Load Conversion'!D11,20*'Snow Load Conversion'!D11))))) -> 30 | M24: =(0.7*'Snow Load Conversion'!D7*'Snow Load Conversion'!D9*'Snow Load Conversion'!D11*C24)+'Snow Load Conversion'!D17 -> 33.32
A25: Wicomico | B25: 120 | C25: 20 | D25: =MAX(L25,M25) -> 30 | E25: *20 GSL for Residential | L25: =IF(AND(AND('Snow Load Conversion'!D10="I"),'Snow Load Conversion'!I5='Snow Load Conversion'!P5,'Snow Load Conversion'!D13<=15),25,IF(AND(AND('Snow Load Conversion'!D10="ii"),'Snow Load Conversion'!I5='Snow Load Conversion'!P5,'Snow Load Conversion'!D13<=15),30,IF(AND(AND('Snow Load Conversion'!D10="iii"),'Snow Load Conversion'!I5='Snow Load Conversion'!P5,'Snow Load Conversion'!D13<=15),35,IF(AND(AND('Snow Load Conversion'!D10="iv"),'Snow Load Conversion'!I5='Snow Load Conversion'!P5,'Snow Load Conversion'!D13<=15),40,IF(C25<=20,C25*'Snow Load Conversion'!D11,20*'Snow Load Conversion'!D11))))) -> 30 | M25: =(0.7*'Snow Load Conversion'!D7*'Snow Load Conversion'!D9*'Snow Load Conversion'!D11*C25)+'Snow Load Conversion'!D17 -> 16.66
A26: Worcester | B26: 125 | C26: 20 | D26: =MAX(L26,M26) -> 30 | L26: =IF(AND(AND('Snow Load Conversion'!D10="I"),'Snow Load Conversion'!I5='Snow Load Conversion'!P5,'Snow Load Conversion'!D13<=15),25,IF(AND(AND('Snow Load Conversion'!D10="ii"),'Snow Load Conversion'!I5='Snow Load Conversion'!P5,'Snow Load Conversion'!D13<=15),30,IF(AND(AND('Snow Load Conversion'!D10="iii"),'Snow Load Conversion'!I5='Snow Load Conversion'!P5,'Snow Load Conversion'!D13<=15),35,IF(AND(AND('Snow Load Conversion'!D10="iv"),'Snow Load Conversion'!I5='Snow Load Conversion'!P5,'Snow Load Conversion'!D13<=15),40,IF(C26<=20,C26*'Snow Load Conversion'!D11,20*'Snow Load Conversion'!D11))))) -> 30 | M26: =(0.7*'Snow Load Conversion'!D7*'Snow Load Conversion'!D9*'Snow Load Conversion'!D11*C26)+'Snow Load Conversion'!D17 -> 16.66
A27: Ocean City | B27: 128 | C27: 20 | D27: =MAX(L27,M27) -> 30 | L27: =IF(AND(AND('Snow Load Conversion'!D10="I"),'Snow Load Conversion'!I5='Snow Load Conversion'!P5,'Snow Load Conversion'!D13<=15),25,IF(AND(AND('Snow Load Conversion'!D10="ii"),'Snow Load Conversion'!I5='Snow Load Conversion'!P5,'Snow Load Conversion'!D13<=15),30,IF(AND(AND('Snow Load Conversion'!D10="iii"),'Snow Load Conversion'!I5='Snow Load Conversion'!P5,'Snow Load Conversion'!D13<=15),35,IF(AND(AND('Snow Load Conversion'!D10="iv"),'Snow Load Conversion'!I5='Snow Load Conversion'!P5,'Snow Load Conversion'!D13<=15),40,IF(C27<=20,C27*'Snow Load Conversion'!D11,20*'Snow Load Conversion'!D11))))) -> 30 | M27: =(0.7*'Snow Load Conversion'!D7*'Snow Load Conversion'!D9*'Snow Load Conversion'!D11*C27)+'Snow Load Conversion'!D17 -> 16.66

Sheet MT Ground - Snow Loads
A1: MONTANA GROUND SNOW LOAD REQUIREMENTS
A2: CITY / TOWN: | B2: COUNTY: | C2: GROUND SNOW LOAD REQUIREMENT (lb/ft2): | D2: MIN. ROOF SNOW LOAD (lb/ft2): | E2: ELEVATION: | L2: (Pm) | M2: (Pf)
A3: Anaconda | B3: Deer Lodge | C3: 47 | D3: =MAX(L3,M3) -> 39.151 | E3: 5676 | F3: *Enter information on Snow Load Conversion Tab | L3: =IF(AND(AND('Snow Load Conversion'!D10="I"),'Snow Load Conversion'!I5='Snow Load Conversion'!P5,'Snow Load Conversion'!D13<=15),25,IF(AND(AND('Snow Load Conversion'!D10="ii"),'Snow Load Conversion'!I5='Snow Load Conversion'!P5,'Snow Load Conversion'!D13<=15),30,IF(AND(AND('Snow Load Conversion'!D10="iii"),'Snow Load Conversion'!I5='Snow Load Conversion'!P5,'Snow Load Conversion'!D13<=15),35,IF(AND(AND('Snow Load Conversion'!D10="iv"),'Snow Load Conversion'!I5='Snow Load Conversion'!P5,'Snow Load Conversion'!D13<=15),40,IF(C3<=20,C3*'Snow Load Conversion'!D11,20*'Snow Load Conversion'!D11))))) -> 30 | M3: =(0.7*'Snow Load Conversion'!D7*'Snow Load Conversion'!D9*'Snow Load Conversion'!D11*C3)+'Snow Load Conversion'!D17 -> 39.151 | N3: Additioanl Ground Snow Loads can be found at:
A4: Baker | B4: Fallon | C4: 46 | D4: =MAX(L4,M4) -> 38.318 | E4: 2966 | F4: *Ground Snow Loads only apply to 7-10 & 7-16 | L4: =IF(AND(AND('Snow Load Conversion'!D10="I"),'Snow Load Conversion'!I5='Snow Load Conversion'!P5,'Snow Load Conversion'!D13<=15),25,IF(AND(AND('Snow Load Conversion'!D10="ii"),'Snow Load Conversion'!I5='Snow Load Conversion'!P5,'Snow Load Conversion'!D13<=15),30,IF(AND(AND('Snow Load Conversion'!D10="iii"),'Snow Load Conversion'!I5='Snow Load Conversion'!P5,'Snow Load Conversion'!D13<=15),35,IF(AND(AND('Snow Load Conversion'!D10="iv"),'Snow Load Conversion'!I5='Snow Load Conversion'!P5,'Snow Load Conversion'!D13<=15),40,IF(C4<=20,C4*'Snow Load Conversion'!D11,20*'Snow Load Conversion'!D11))))) -> 30 | M4: =(0.7*'Snow Load Conversion'!D7*'Snow Load Conversion'!D9*'Snow Load Conversion'!D11*C4)+'Snow Load Conversion'!D17 -> 38.318 | N4: https://snowload.montana.edu/static/docs/MTSnowloads112105withMaps.pdf
A5: Belgrade | B5: Gallatin | C5: 33 | D5: =MAX(L5,M5) -> 30 | E5: 4446 | L5: =IF(AND(AND('Snow Load Conversion'!D10="I"),'Snow Load Conversion'!I5='Snow Load Conversion'!P5,'Snow Load Conversion'!D13<=15),25,IF(AND(AND('Snow Load Conversion'!D10="ii"),'Snow Load Conversion'!I5='Snow Load Conversion'!P5,'Snow Load Conversion'!D13<=15),30,IF(AND(AND('Snow Load Conversion'!D10="iii"),'Snow Load Conversion'!I5='Snow Load Conversion'!P5,'Snow Load Conversion'!D13<=15),35,IF(AND(AND('Snow Load Conversion'!D10="iv"),'Snow Load Conversion'!I5='Snow Load Conversion'!P5,'Snow Load Conversion'!D13<=15),40,IF(C5<=20,C5*'Snow Load Conversion'!D11,20*'Snow Load Conversion'!D11))))) -> 30 | M5: =(0.7*'Snow Load Conversion'!D7*'Snow Load Conversion'!D9*'Snow Load Conversion'!D11*C5)+'Snow Load Conversion'!D17 -> 27.489
A6: Big Mt. Resort | B6: Flathead | C6: 94 | D6: =MAX(L6,M6) -> 78.302 | E6: 4464 | L6: =IF(AND(AND('Snow Load Conversion'!D10="I"),'Snow Load Conversion'!I5='Snow Load Conversion'!P5,'Snow Load Conversion'!D13<=15),25,IF(AND(AND('Snow Load Conversion'!D10="ii"),'Snow Load Conversion'!I5='Snow Load Conversion'!P5,'Snow Load Conversion'!D13<=15),30,IF(AND(AND('Snow Load Conversion'!D10="iii"),'Snow Load Conversion'!I5='Snow Load Conversion'!P5,'Snow Load Conversion'!D13<=15),35,IF(AND(AND('Snow Load Conversion'!D10="iv"),'Snow Load Conversion'!I5='Snow Load Conversion'!P5,'Snow Load Conversion'!D13<=15),40,IF(C6<=20,C6*'Snow Load Conversion'!D11,20*'Snow Load Conversion'!D11))))) -> 30 | M6: =(0.7*'Snow Load Conversion'!D7*'Snow Load Conversion'!D9*'Snow Load Conversion'!D11*C6)+'Snow Load Conversion'!D17 -> 78.302
A7: Big Timber | B7: Sweet Grass | C7: 37 | D7: =MAX(L7,M7) -> 30.821 | E7: 4200 | L7: =IF(AND(AND('Snow Load Conversion'!D10="I"),'Snow Load Conversion'!I5='Snow Load Conversion'!P5,'Snow Load Conversion'!D13<=15),25,IF(AND(AND('Snow Load Conversion'!D10="ii"),'Snow Load Conversion'!I5='Snow Load Conversion'!P5,'Snow Load Conversion'!D13<=15),30,IF(AND(AND('Snow Load Conversion'!D10="iii"),'Snow Load Conversion'!I5='Snow Load Conversion'!P5,'Snow Load Conversion'!D13<=15),35,IF(AND(AND('Snow Load Conversion'!D10="iv"),'Snow Load Conversion'!I5='Snow Load Conversion'!P5,'Snow Load Conversion'!D13<=15),40,IF(C7<=20,C7*'Snow Load Conversion'!D11,20*'Snow Load Conversion'!D11))))) -> 30 | M7: =(0.7*'Snow Load Conversion'!D7*'Snow Load Conversion'!D9*'Snow Load Conversion'!D11*C7)+'Snow Load Conversion'!D17 -> 30.821
A8: Billings | B8: Yellowstone | C8: 29 | D8: =MAX(L8,M8) -> 30 | E8: 2342 | L8: =IF(AND(AND('Snow Load Conversion'!D10="I"),'Snow Load Conversion'!I5='Snow Load Conversion'!P5,'Snow Load Conversion'!D13<=15),25,IF(AND(AND('Snow Load Conversion'!D10="ii"),'Snow Load Conversion'!I5='Snow Load Conversion'!P5,'Snow Load Conversion'!D13<=15),30,IF(AND(AND('Snow Load Conversion'!D10="iii"),'Snow Load Conversion'!I5='Snow Load Conversion'!P5,'Snow Load Conversion'!D13<=15),35,IF(AND(AND('Snow Load Conversion'!D10="iv"),'Snow Load Conversion'!I5='Snow Load Conversion'!P5,'Snow Load Conversion'!D13<=15),40,IF(C8<=20,C8*'Snow Load Conversion'!D11,20*'Snow Load Conversion'!D11))))) -> 30 | M8: =(0.7*'Snow Load Conversion'!D7*'Snow Load Conversion'!D9*'Snow Load Conversion'!D11*C8)+'Snow Load Conversion'!D17 -> 24.157
A9: Boulder | B9: Jefferson | C9: 74 | D9: =MAX(L9,M9) -> 61.642 | E9: 4948 | L9: =IF(AND(AND('Snow Load Conversion'!D10="I"),'Snow Load Conversion'!I5='Snow Load Conversion'!P5,'Snow Load Conversion'!D13<=15),25,IF(AND(AND('Snow Load Conversion'!D10="ii"),'Snow Load Conversion'!I5='Snow Load Conversion'!P5,'Snow Load Conversion'!D13<=15),30,IF(AND(AND('Snow Load Conversion'!D10="iii"),'Snow Load Conversion'!I5='Snow Load Conversion'!P5,'Snow Load Conversion'!D13<=15),35,IF(AND(AND('Snow Load Conversion'!D10="iv"),'Snow Load Conversion'!I5='Snow Load Conversion'!P5,'Snow Load Conversion'!D13<=15),40,IF(C9<=20,C9*'Snow Load Conversion'!D11,20*'Snow Load Conversion'!D11))))) -> 30 | M9: =(0.7*'Snow Load Conversion'!D7*'Snow Load Conversion'!D9*'Snow Load Conversion'!D11*C9)+'Snow Load Conversion'!D17 -> 61.642
A10: Bozeman | B10: Gallatin | C10: 40 | D10: =MAX(L10,M10) -> 33.32 | E10: 4823 | L10: =IF(AND(AND('Snow Load Conversion'!D10="I"),'Snow Load Conversion'!I5='Snow Load Conversion'!P5,'Snow Load Conversion'!D13<=15),25,IF(AND(AND('Snow Load Conversion'!D10="ii"),'Snow Load Conversion'!I5='Snow Load Conversion'!P5,'Snow Load Conversion'!D13<=15),30,IF(AND(AND('Snow Load Conversion'!D10="iii"),'Snow Load Conversion'!I5='Snow Load Conversion'!P5,'Snow Load Conversion'!D13<=15),35,IF(AND(AND('Snow Load Conversion'!D10="iv"),'Snow Load Conversion'!I5='Snow Load Conversion'!P5,'Snow Load Conversion'!D13<=15),40,IF(C10<=20,C10*'Snow Load Conversion'!D11,20*'Snow Load Conversion'!D11))))) -> 30 | M10: =(0.7*'Snow Load Conversion'!D7*'Snow Load Conversion'!D9*'Snow Load Conversion'!D11*C10)+'Snow Load Conversion'!D17 -> 33.32
A11: Butte | B11: Silver Bow | C11: 36 | D11: =MAX(L11,M11) -> 30 | E11: 5824 | L11: =IF(AND(AND('Snow Load Conversion'!D10="I"),'Snow Load Conversion'!I5='Snow Load Conversion'!P5,'Snow Load Conversion'!D13<=15),25,IF(AND(AND('Snow Load Conversion'!D10="ii"),'Snow Load Conversion'!I5='Snow Load Conversion'!P5,'Snow Load Conversion'!D13<=15),30,IF(AND(AND('Snow Load Conversion'!D10="iii"),'Snow Load Conversion'!I5='Snow Load Conversion'!P5,'Snow Load Conversion'!D13<=15),35,IF(AND(AND('Snow Load Conversion'!D10="iv"),'Snow Load Conversion'!I5='Snow Load Conversion'!P5,'Snow Load Conversion'!D13<=15),40,IF(C11<=20,C11*'Snow Load Conversion'!D11,20*'Snow Load Conversion'!D11))))) -> 30 | M11: =(0.7*'Snow Load Conversion'!D7*'Snow Load Conversion'!D9*'Snow Load Conversion'!D11*C11)+'Snow Load Conversion'!D17 -> 29.988
A12: Chinook | B12: Blaine | C12: 61 | D12: =MAX(L12,M12) -> 50.813 | E12: 2418 | L12: =IF(AND(AND('Snow Load Conversion'!D10="I"),'Snow Load Conversion'!I5='Snow Load Conversion'!P5,'Snow Load Conversion'!D13<=15),25,IF(AND(AND('Snow Load Conversion'!D10="ii"),'Snow Load Conversion'!I5='Snow Load Conversion'!P5,'Snow Load Conversion'!D13<=15),30,IF(AND(AND('Snow Load Conversion'!D10="iii"),'Snow Load Conversion'!I5='Snow Load Conversion'!P5,'Snow Load Conversion'!D13<=15),35,IF(AND(AND('Snow Load Conversion'!D10="iv"),'Snow Load Conversion'!I5='Snow Load Conversion'!P5,'Snow Load Conversion'!D13<=15),40,IF(C12<=20,C12*'Snow Load Conversion'!D11,20*'Snow Load Conversion'!D11))))) -> 30 | M12: =(0.7*'Snow Load Conversion'!D7*'Snow Load Conversion'!D9*'Snow Load Conversion'!D11*C12)+'Snow Load Conversion'!D17 -> 50.813
A13: Choteau | B13: Teton | C13: 19 | D13: =MAX(L13,M13) -> 30 | E13: 3799 | L13: =IF(AND(AND('Snow Load Conversion'!D10="I"),'Snow Load Conversion'!I5='Snow Load Conversion'!P5,'Snow Load Conversion'!D13<=15),25,IF(AND(AND('Snow Load Conversion'!D10="ii"),'Snow Load Conversion'!I5='Snow Load Conversion'!P5,'Snow Load Conversion'!D13<=15),30,IF(AND(AND('Snow Load Conversion'!D10="iii"),'Snow Load Conversion'!I5='Snow Load Conversion'!P5,'Snow Load Conversion'!D13<=15),35,IF(AND(AND('Snow Load Conversion'!D10="iv"),'Snow Load Conversion'!I5='Snow Load Conversion'!P5,'Snow Load Conversion'!D13<=15),40,IF(C13<=20,C13*'Snow Load Conversion'!D11,20*'Snow Load Conversion'!D11))))) -> 30 | M13: =(0.7*'Snow Load Conversion'!D7*'Snow Load Conversion'!D9*'Snow Load Conversion'!D11*C13)+'Snow Load Conversion'!D17 -> 15.827
A14: Costrip | B14: Rosebud | C14: 18 | D14: =MAX(L14,M14) -> 30 | E14: 3232 | L14: =IF(AND(AND('Snow Load Conversion'!D10="I"),'Snow Load Conversion'!I5='Snow Load Conversion'!P5,'Snow Load Conversion'!D13<=15),25,IF(AND(AND('Snow Load Conversion'!D10="ii"),'Snow Load Conversion'!I5='Snow Load Conversion'!P5,'Snow Load Conversion'!D13<=15),30,IF(AND(AND('Snow Load Conversion'!D10="iii"),'Snow Load Conversion'!I5='Snow Load Conversion'!P5,'Snow Load Conversion'!D13<=15),35,IF(AND(AND('Snow Load Conversion'!D10="iv"),'Snow Load Conversion'!I5='Snow Load Conversion'!P5,'Snow Load Conversion'!D13<=15),40,IF(C14<=20,C14*'Snow Load Conversion'!D11,20*'Snow Load Conversion'!D11))))) -> 30 | M14: =(0.7*'Snow Load Conversion'!D7*'Snow Load Conversion'!D9*'Snow Load Conversion'!D11*C14)+'Snow Load Conversion'!D17 -> 14.994
A15: Columbia Falls | B15: Flathead | C15: 71 | D15: =MAX(L15,M15) -> 59.143 | E15: 3015 | L15: =IF(AND(AND('Snow Load Conversion'!D10="I"),'Snow Load Conversion'!I5='Snow Load Conversion'!P5,'Snow Load Conversion'!D13<=15),25,IF(AND(AND('Snow Load Conversion'!D10="ii"),'Snow Load Conversion'!I5='Snow Load Conversion'!P5,'Snow Load Conversion'!D13<=15),30,IF(AND(AND('Snow Load Conversion'!D10="iii"),'Snow Load Conversion'!I5='Snow Load Conversion'!P5,'Snow Load Conversion'!D13<=15),35,IF(AND(AND('Snow Load Conversion'!D10="iv"),'Snow Load Conversion'!I5='Snow Load Conversion'!P5,'Snow Load Conversion'!D13<=15),40,IF(C15<=20,C15*'Snow Load Conversion'!D11,20*'Snow Load Conversion'!D11))))) -> 30 | M15: =(0.7*'Snow Load Conversion'!D7*'Snow Load Conversion'!D9*'Snow Load Conversion'!D11*C15)+'Snow Load Conversion'!D17 -> 59.143
