Workbook

Sheet Occupant Calculator
A1: CBC Section 1004 / IBC Section 1004
A2: Occupancy Use: | B2: Occupant Load Factor: | C2: Square Footage: | D2: # Of Persons
A3: Accesory Storage, Mechanical Equipment | B3: 300 Gross | C3: 0 | D3: =ROUNDUP((C3/300),0) -> 0 | F3: Note:
A4: Airport Terminal (Baggage Claim) | B4: 20 Gross | C4: 0 | D4: =ROUNDUP((C4/20),0) -> 0 | F4: Gross: overall area (including walls)
A5: Airport Terminal (Baggage Handling) | B5: 300 Gross | C5: 0 | D5: =ROUNDUP((C5/300),0) -> 0 | F5: Net: actual wall-to-wall square footage
A6: Airport Terminal (Concourse) | B6: 100 Gross | C6: 0 | D6: =ROUNDUP((C6/100),0) -> 0
A7: Airport Terminal (Waiting Areas) | B7: 15 Gross | C7: 0 | D7: =ROUNDUP((C7/15),0) -> 0
A8: Assembly (Casino) | B8: 11 Gross | C8: 0 | D8: =ROUNDUP((C8/11),0) -> 0
A9: Assembly (With Tables & Chairs) | B9: 15 Net | C9: 0 | D9: =ROUNDUP((C9/15),0) -> 0 | E9: <--- Use for Conference Rooms & Break Rooms
A10: Assembly (Concentrated) | B10: 7 Net | C10: 0 | D10: =ROUNDUP((C10/7),0) -> 0
A11: Assembly (Standing) | B11: 5 Net | C11: 0 | D11: =ROUNDUP((C11/5),0) -> 0
A12: Business (2006 - 2015 IBC) | B12: 100 Gross | C12: 0 | D12: =ROUNDUP((C12/100),0) -> 0
A13: Business (2018-2024 IBC & 2025 CBC) | B13: 150 Gross | C13: 0 | D13: =ROUNDUP((C13/150),0) -> 0
A14: Courtrooms | B14: 40 Net | C14: 0 | D14: =ROUNDUP((C14/40),0) -> 0
A15: Day Care | B15: 35 Net | C15: 0 | D15: =ROUNDUP((C15/35),0) -> 0
A16: Dormatories | B16: 50 Gross | C16: 0 | D16: =ROUNDUP((C16/50),0) -> 0
A17: Educational (Includes Adult Education) | B17: 20 Net | C17: 0 | D17: =ROUNDUP((C17/20),0) -> 0
A18: Educational (Shops or Vocational areas) | B18: 50 Net | C18: 0 | D18: =ROUNDUP((C18/50),0) -> 0
A19: Exercise Rooms | B19: 50 Gross | C19: 0 | D19: =ROUNDUP((C19/50),0) -> 0
A20: Institutional (Inpatient) | B20: 240 Gross | C20: 0 | D20: =ROUNDUP((C20/240),0) -> 0
A21: Institutional (Outpatient) | B21: 100 Gross | C21: 0 | D21: =ROUNDUP((C21/100),0) -> 0
A22: Institutional (Sleeping Areas) | B22: 120 Gross | C22: 0 | D22: =ROUNDUP((C22/120),0) -> 0
A23: Commercial Kitchens | B23: 200 Gross | C23: 0 | D23: =ROUNDUP((C23/200),0) -> 0
A24: Lab (Educational) | B24: 50 Net | C24: 0 | D24: =ROUNDUP((C24/50),0) -> 0
A25: Lab (Non-Educational) | B25: 100 Net | C25: 0 | D25: =ROUNDUP((C25/100),0) -> 0
A26: Library (Reading Rm) | B26: 50 Net | C26: 0 | D26: =ROUNDUP((C26/50),0) -> 0
A27: Library (Stack Areas) | B27: 100 Gross | C27: 0 | D27: =ROUNDUP((C27/100),0) -> 0
A28: Locker Rooms | B28: 50 Gross | C28: 0 | D28: =ROUNDUP((C28/50),0) -> 0
A29: Mercantile | B29: 60 Gross | C29: 0 | D29: =ROUNDUP((C29/60),0) -> 0
A30: Mercantile (Storage, Stock) | B30: 300 Gross | C30: 0 | D30: =ROUNDUP((C30/300),0) -> 0
A31: Residential | B31: 200 Gross | C31: 0 | D31: =ROUNDUP((C31/200),0) -> 0
A32: Stage and Platforms | B32: 15 Net | C32: 0 | D32: =ROUNDUP((C32/15),0) -> 0
A33: Warehouses | B33: 500 Gross | C33: 0 | D33: =ROUNDUP((C33/500),0) -> 0
B34: TOTAL # OF OCCUPANTS: | D34: =SUM(D3:D33) -> 0

Sheet 2009 - 2015 IPC
A1: Classification: | C1: Occupancy: | D1: Description: | F1: Water Closets: | H1: Urinals: | I1: Lavatories: | K1: Bathtubs / Showers: | L1: Drinking Fountain: | M1: Other: | N1: Manual Occupant Load Override: | W1: WATER CLOSETS | Y1: LAVATORIES | AA1: fountain | AB1: shower
F2: Male: | G2: Female: | I2: Male: | J2: Female: | N2: Male: | O2: Female: | W2: 2009 - 2021 IPC | X2: 2009 - 2021 IPC | Y2: 2009 - 2021 IPC | Z2: 2009 - 2021 IPC | AA2: 2021 - 2021 IPC | AB2: 2021 - 2021 IPC
A3: Assembly | C3: A-1 | D3: Theaters and other buildings for the performing arts and motion pictures | F3: =IF(AND(OR(N3>0,O3>0),N3+O3<=15),"Single restroom okay for 15 or less (IPC 403.2(2))",IF(AND(OR(N3>0,O3>0),N3+O3>Q5),W4,IF(AND(OR(N3>0,O3>0),N3+O3<Q5),W4,IF(Q5<=15,"Single restroom okay for 15 or less (IPC 403.2(2))",W4)))) -> Single restroom okay for 15 or less (IPC 403.2(2)) | G3: =IF(F3="Single restroom okay for 15 or less (IPC 403.2(2))","-",X4) -> - | H3: Can substitute up to 67% of required fixtures (IPC 419.2) | I3: =Y4 -> 0 | J3: =IF(F3="Single restroom okay for 15 or less (IPC 403.2(2))","-",Z4) -> - | K3: - | L3: =IF(F3="Single restroom okay for 15 or less (IPC 403.2(2))","15 or less Fountain exempt(IPC 410.2)",AA4) -> 15 or less Fountain exempt(IPC 410.2) | M3: 1 service sink | N3: 0 | O3: =N3 -> 0 | Q3: Total Occupant Load: | W3: male | X3: female | Y3: male | Z3: female | AA3: fountain | AB3: shower
U4: Theater | V4: a-1 | W4: =IF(N3>0,ROUNDUP((N3/125),0),ROUNDUP((Q8/125),0)) -> 0 | X4: =IF(O3>0,ROUNDUP((O3/65),0),ROUNDUP((R8/65),0)) -> 0 | Y4: =IF(N3>0,ROUNDUP((N3/200),0),ROUNDUP((Q8/200),0)) -> 0 | Z4: =IF(O3>0,ROUNDUP((O3/200),0),ROUNDUP((R8/200),0)) -> 0 | AA4: =IF(OR(N3>0,O3>0),ROUNDUP((N3+O3)/500,0),ROUNDUP(Q5/500,0)) -> 0 | AB4: -
Q5: ='Occupant Calculator'!D34 -> 0 | U5: night clubs | V5: a-2 | W5: =IF(N9>0,ROUNDUP((N9/40),0),ROUNDUP((Q8/40),0)) -> 0 | X5: =IF(O9>0,ROUNDUP((O9/40),0),ROUNDUP((R8/40),0)) -> 0 | Y5: =IF(N9>0,ROUNDUP((N9/75),0),ROUNDUP((Q8/75),0)) -> 0 | Z5: =IF(O9>0,ROUNDUP((O9/75),0),ROUNDUP((R8/75),0)) -> 0 | AA5: =IF(OR(N9>0,O9>0),ROUNDUP((N9+O9)/500,0),ROUNDUP(Q5/500,0)) -> 0 | AB5: -
U6: restaurants | V6: a-2 | W6: =IF(N15>0,ROUNDUP((N15/75),0),ROUNDUP((Q8/75),0)) -> 0 | X6: =IF(O15>0,ROUNDUP((O15/75),0),ROUNDUP((R8/75),0)) -> 0 | Y6: =IF(N15>0,ROUNDUP((N15/200),0),ROUNDUP((Q8/200),0)) -> 0 | Z6: =IF(O15>0,ROUNDUP((O15/200),0),ROUNDUP((R8/200),0)) -> 0 | AA6: =IF(OR(N15>0,O15>0),ROUNDUP((N15+O15)/500,0),ROUNDUP(Q5/500,0)) -> 0 | AB6: -
Q7: Male: | R7: Female: | U7: auditoriums | V7: a-3 | W7: =IF(N21>0,ROUNDUP((N21/125),0),ROUNDUP((Q8/125),0)) -> 0 | X7: =IF(O21>0,ROUNDUP((O21/65),0),ROUNDUP((R8/65),0)) -> 0 | Y7: =IF(N21>0,ROUNDUP((N21/200),0),ROUNDUP((Q8/200),0)) -> 0 | Z7: =IF(O21>0,ROUNDUP((O21/200),0),ROUNDUP((R8/200),0)) -> 0 | AA7: =IF(OR(N21>0,O21>0),ROUNDUP((N21+O21)/500,0),ROUNDUP(Q5/500,0)) -> 0 | AB7: -
Q8: =ROUNDUP((Q5/2),1) -> 0 | R8: =ROUNDUP((Q5/2),1) -> 0 | U8: casinos | V8: a-3 | W8: =IF(AND(N31>0,N31<=400),(ROUNDUP(N31/100,0)),IF(N31>400,(ROUNDUP(N31/250,0))+3,IF(AND(Q8>0,Q8<=400),(ROUNDUP(Q8/100,0)),IF(Q8>400,(ROUNDUP(Q8/250,0))+3,0)))) -> 0 | X8: =IF(AND(O31>0,O31<=400),(ROUNDUP(O31/50,0)),IF(O31>400,(ROUNDUP(O31/150,0))+5,IF(AND(R8>0,R8<=400),(ROUNDUP(R8/50,0)),IF(R8>400,(ROUNDUP(R8/150,0))+5,0)))) -> 0 | Y8: =IF(AND(N31>0,N31<=250),1,IF(AND(N31>250,N31<=500),2,IF(AND(N31>500,N31<=750),3,IF(N31>750,(ROUNDUP(N31/500,0)+2),IF(AND(Q8>0,Q8<=250),1,IF(AND(Q8>250,Q8<=500),2,IF(AND(Q8>500,Q8<=750),3,IF(Q8>750,(ROUNDUP(Q8/500,0)+2),0)))))))) -> 0 | Z8: =IF(AND(O31>0,O31<=250),1,IF(AND(O31>250,O31<=500),2,IF(AND(O31>500,O31<=750),3,IF(O31>750,(ROUNDUP(O31/500,0)+2),IF(AND(R8>0,R8<=250),1,IF(AND(R8>250,R8<=500),2,IF(AND(R8>500,R8<=750),3,IF(R8>750,(ROUNDUP(R8/500,0)+2),0)))))))) -> 0 | AA8: =IF(OR(N31>0,O31>0),ROUNDUP((N31+O31)/1000,0),ROUNDUP(Q5/1000,0)) -> 0 | AB8: -
C9: A-2 | D9: Nightclubs, bars, taverns, dance halls, and buildings for similar purposes | F9: =IF(AND(OR(N9>0,O9>0),N9+O9<=15),"Single restroom okay for 15 or less (IPC 403.2(2))",IF(AND(OR(N9>0,O9>0),N9+O9>Q5),W5,IF(AND(OR(N9>0,O9>0),N9+O9<Q5),W5,IF(Q5<=15,"Single restroom okay for 15 or less (IPC 403.2(2))",W5)))) -> Single restroom okay for 15 or less (IPC 403.2(2)) | G9: =IF(F9="Single restroom okay for 15 or less (IPC 403.2(2))","-",X5) -> - | H9: Can substitute up to 67% of required fixtures (IPC 419.2) | I9: =Y5 -> 0 | J9: =IF(F9="Single restroom okay for 15 or less (IPC 403.2(2))","-",Z5) -> - | K9: - | L9: =IF(F9="Single restroom okay for 15 or less (IPC 403.2(2))","15 or less Fountain exempt(IPC 410.2)",AA5) -> 15 or less Fountain exempt(IPC 410.2) | M9: 1 service sink | N9: 0 | O9: =N9 -> 0 | U9: passenger terminal | V9: a-3 | W9: =IF(N37>0,ROUNDUP((N37/50),0),ROUNDUP((Q8/500),0)) -> 0 | X9: =ROUNDUP((R8/500),0) -> 0 | Y9: =IF(N37>0,ROUNDUP((N37/750),0),ROUNDUP((Q8/750),0)) -> 0 | Z9: =IF(O37>0,ROUNDUP((O37/750),0),ROUNDUP((R8/750),0)) -> 0 | AA9: =IF(OR(N37>0,O37>0),ROUNDUP((N37+O37)/1000,0),ROUNDUP(Q5/1000,0)) -> 0 | AB9: -
U10: religious | V10: a-3 | W10: =IF(N43>0,ROUNDUP((N43/150),0),ROUNDUP((Q8/150),0)) -> 0 | X10: =ROUNDUP((R8/75),0) -> 0 | Y10: =IF(N43>0,ROUNDUP((N43/200),0),ROUNDUP((Q8/200),0)) -> 0 | Z10: =IF(O43>0,ROUNDUP((O43/200),0),ROUNDUP((R8/200),0)) -> 0 | AA10: =IF(OR(N43>0,O43>0),ROUNDUP((N43+O43)/1000,0),ROUNDUP(Q5/1000,0)) -> 0 | AB10: -
U11: collseums | V11: a-4 | W11: =IF(AND(N49>0,N49<=1500),(ROUNDUP(N49/75,0)),IF(N49>1500,(ROUNDUP(N49/120,0))+8,IF(AND(Q8>0,Q8<=1500),(ROUNDUP(Q8/75,0)),IF(Q8>1500,(ROUNDUP(Q8/120,0))+8,0)))) -> 0 | X11: =IF(AND(O49>0,O49<=1520),(ROUNDUP(O49/40,0)),IF(O49>1520,(ROUNDUP(O49/60,0))+12,IF(AND(R8>0,R8<=1520),(ROUNDUP(R8/40,0)),IF(R8>1520,(ROUNDUP(R8/60,0))+12,0)))) -> 0 | Y11: =IF(N49<0,ROUNDUP((N49/200),0),ROUNDUP((Q8/200),0)) -> 0 | Z11: =IF(O49>0,ROUNDUP((O49/150),0),ROUNDUP((R8/150),0)) -> 0 | AA11: =IF(OR(N49>0,O49>0),ROUNDUP((N49+O49)/1000,0),ROUNDUP(Q5/1000,0)) -> 0 | AB11: -
U12: stadiums | V12: a-5 | W12: =IF(AND(N55>0,N55<=1500),(ROUNDUP(N55/75,0)),IF(N55>1500,(ROUNDUP(N55/120,0))+8,IF(AND(Q8>0,Q8<=1500),(ROUNDUP(Q8/75,0)),IF(Q8>1500,(ROUNDUP(Q8/120,0))+8,0)))) -> 0 | X12: =IF(AND(O55>0,O55<=1520),(ROUNDUP(O55/40,0)),IF(O55>1520,(ROUNDUP(O55/60,0))+12,IF(AND(R8>0,R8<=1520),(ROUNDUP(R8/40,0)),IF(R8>1520,(ROUNDUP(R8/60,0))+12,0)))) -> 0 | Y12: =IF(N55>0,ROUNDUP((N55/200),0),ROUNDUP((Q8/200),0)) -> 0 | Z12: =IF(O55>0,ROUNDUP((O55/150),0),ROUNDUP((R8/150),0)) -> 0 | AA12: =IF(OR(N55>0,O55>0),ROUNDUP((N55+O55)/1000,0),ROUNDUP(Q5/1000,0)) -> 0 | AB12: -
U13: business | V13: b | W13: =IF(AND(N62>0,N62<=25),1,IF(AND(N62>25,N62<=50),2,IF(N62>50,(ROUNDUP(N62/50,0)+1),IF(AND(Q8>0,Q8<=25),1,IF(AND(Q8>25,Q8<=50),2,IF(Q8>50,(ROUNDUP(Q8/50,0)+1),0)))))) -> 0 | X13: =IF(AND(O62>0,O62<=25),1,IF(AND(O62>25,O62<=50),2,IF(O62>50,(ROUNDUP(O62/50,0)+1),IF(AND(R8>0,R8<=25),1,IF(AND(R8>25,R8<=50),2,IF(R8>50,(ROUNDUP(R8/50,0)+1),0)))))) -> 0 | Y13: =IF(AND(N62>0,N62<=40),1,IF(AND(N62>40,N62<=80),2,IF(N62>80,(ROUNDUP(N62/80,0)+1),IF(AND(Q8>0,Q8<=40),1,IF(AND(Q8>40,Q8<=80),2,IF(Q8>80,(ROUNDUP(Q8/80,0)+1),0)))))) -> 0 | Z13: =IF(AND(O62>0,O62<=40),1,IF(AND(O62>40,O62<=80),2,IF(O62>80,(ROUNDUP(O62/80,0)+1),IF(AND(R8>0,R8<=40),1,IF(AND(R8>40,R8<=80),2,IF(R8>80,(ROUNDUP(R8/80,0)+1),0)))))) -> 0 | AA13: =IF(OR(N62>0,O62>0),ROUNDUP((N62+O62)/100,0),ROUNDUP(Q5/100,0)) -> 0 | AB13: -
U14: educational | V14: e | W14: =IF(N73>0,ROUNDUP((N73/50),0),ROUNDUP((Q8/50),0)) -> 0 | X14: =IF(O73>0,ROUNDUP((O73/50),0),ROUNDUP((R8/50),0)) -> 0 | Y14: =IF(N73>0,ROUNDUP((N73/50),0),ROUNDUP((Q8/50),0)) -> 0 | Z14: =IF(O73>0,ROUNDUP((O73/50),0),ROUNDUP((R8/50),0)) -> 0 | AA14: =IF(OR(N73>0,O73>0),ROUNDUP((N73+O73)/100,0),ROUNDUP(Q5/100,0)) -> 0 | AB14: -
D15: Restaurants, banquet halls, and food courts | F15: =IF(AND(OR(N15>0,O15>0),N15+O15<=15),"Single restroom okay for 15 or less (IPC 403.2(2))",IF(AND(OR(N15>0,O15>0),N15+O15>Q5),W6,IF(AND(OR(N15>0,O15>0),N15+O15<Q5),W6,IF(Q5<=15,"Single restroom okay for 15 or less (IPC 403.2(2))",W6)))) -> Single restroom okay for 15 or less (IPC 403.2(2)) | G15: =IF(F15="Single restroom okay for 15 or less (IPC 403.2(2))","-",X6) -> - | H15: Can substitute up to 67% of required fixtures (IPC 419.2) | I15: =Y6 -> 0 | J15: =IF(F15="Single restroom okay for 15 or less (IPC 403.2(2))","-",Z6) -> - | K15: - | L15: =IF(F15="Single restroom okay for 15 or less (IPC 403.2(2))","15 or less Fountain exempt(IPC 410.2)",AA6) -> 15 or less Fountain exempt(IPC 410.2) | M15: 1 service sink | N15: 0 | O15: =N15 -> 0 | U15: factory | V15: f-1 & f-2 | W15: =IF(N79>0,ROUNDUP((N79/100),0),ROUNDUP((Q8/100),0)) -> 0 | X15: =IF(O79>0,ROUNDUP((O79/100),0),ROUNDUP((R8/100),0)) -> 0 | Y15: =IF(N79>0,ROUNDUP((N79/100),0),ROUNDUP((Q8/100),0)) -> 0 | Z15: =IF(O79>0,ROUNDUP((O79/100),0),ROUNDUP((R8/100),0)) -> 0 | AA15: =IF(OR(N79>0,O79>0),ROUNDUP((N79+O79)/400,0),ROUNDUP(Q5/400,0)) -> 0 | AB15: See section 411 if eyewash stations are provided
U16: res. Care | V16: i-1 | W16: =IF(N86>0,ROUNDUP((N86/10),0),ROUNDUP((Q8/10),0)) -> 0 | X16: =IF(O86>0,ROUNDUP((O86/10),0),ROUNDUP((R8/10),0)) -> 0 | Y16: =IF(N86>0,ROUNDUP((N86/10),0),ROUNDUP((Q8/10),0)) -> 0 | Z16: =IF(O86>0,ROUNDUP((O86/10),0),ROUNDUP((R8/10),0)) -> 0 | AA16: =IF(OR(N86>0,O86>0),ROUNDUP((N86+O86)/100,0),ROUNDUP(Q5/100,0)) -> 0 | AB16: =IF(OR(N86>0,O86>0),ROUNDUP((N86+O86)/8,0),ROUNDUP(Q5/8,0)) -> 0
U17: employees | V17: i-2 | W17: =IF(N96>0,ROUNDUP((N96/25),0),ROUNDUP((Q8/25),0)) -> 0 | X17: =IF(O96>0,ROUNDUP((O96/25),0),ROUNDUP((R8/25),0)) -> 0 | Y17: =IF(N96>0,ROUNDUP((N96/35),0),ROUNDUP((Q8/35),0)) -> 0 | Z17: =IF(O96>0,ROUNDUP((O96/35),0),ROUNDUP((R8/35),0)) -> 0 | AA17: =IF(OR(N96>0,O96>0),ROUNDUP((N96+O96)/100,0),ROUNDUP(Q5/100,0)) -> 0 | AB17: -
U18: visitors | V18: i-2 | W18: =IF(N102>0,ROUNDUP((N102/75),0),ROUNDUP((Q8/75),0)) -> 0 | X18: =IF(O102>0,ROUNDUP((O102/75),0),ROUNDUP((R8/75),0)) -> 0 | Y18: =IF(N102>0,ROUNDUP((N102/100),0),ROUNDUP((Q8/100),0)) -> 0 | Z18: =IF(O102>0,ROUNDUP((O102/100),0),ROUNDUP((R8/100),0)) -> 0 | AA18: =IF(OR(N102>0,O102>0),ROUNDUP((N102+O102)/500,0),ROUNDUP(Q5/500,0)) -> 0 | AB18: -
U19: reformitories | V19: i-3 | W19: =IF(N111>0,ROUNDUP((N111/15),0),ROUNDUP((Q8/15),0)) -> 0 | X19: =IF(O111>0,ROUNDUP((O111/15),0),ROUNDUP((R8/15),0)) -> 0 | Y19: =IF(N111>0,ROUNDUP((N111/15),0),ROUNDUP((Q8/15),0)) -> 0 | Z19: =IF(O111>0,ROUNDUP((O111/15),0),ROUNDUP((R8/15),0)) -> 0 | AA19: =IF(OR(N111>0,O111>0),ROUNDUP((N111+O111)/100,0),ROUNDUP(Q5/100,0)) -> 0 | AB19: =IF(OR(N111>0,O111>0),ROUNDUP((N111+O111)/15,0),ROUNDUP(Q5/15,0)) -> 0
U20: employees | V20: i-3 | W20: =IF(N117>0,ROUNDUP((N117/25),0),ROUNDUP((Q8/25),0)) -> 0 | X20: =IF(O117>0,ROUNDUP((O117/25),0),ROUNDUP((R8/25),0)) -> 0 | Y20: =IF(N117>0,ROUNDUP((N117/35),0),ROUNDUP((Q8/35),0)) -> 0 | Z20: =IF(O117>0,ROUNDUP((O117/35),0),ROUNDUP((R8/35),0)) -> 0 | AA20: =IF(OR(N117>0,O117>0),ROUNDUP((N117+O117)/100,0),ROUNDUP(Q5/100,0)) -> 0 | AB20: -
C21: A-3 | D21: Auditoriums without permanent seating, art galleries, exhibitions halls, museums, lecture halls, libraries, arcades, and gymnasiums | F21: =IF(AND(OR(N21>0,O21>0),N21+O21<=15),"Single restroom okay for 15 or less (IPC 403.2(2))",IF(AND(OR(N21>0,O21>0),N21+O21>Q5),W7,IF(AND(OR(N21>0,O21>0),N21+O21<Q5),W7,IF(Q5<=15,"Single restroom okay for 15 or less (IPC 403.2(2))",W7)))) -> Single restroom okay for 15 or less (IPC 403.2(2)) | G21: =IF(F21="Single restroom okay for 15 or less (IPC 403.2(2))","-",X7) -> - | H21: Can substitute up to 67% of required fixtures (IPC 419.2) | I21: =Y7 -> 0 | J21: =IF(F21="Single restroom okay for 15 or less (IPC 403.2(2))","-",Z7) -> - | K21: - | L21: =IF(F21="Single restroom okay for 15 or less (IPC 403.2(2))","15 or less Fountain exempt(IPC 410.2)",AA7) -> 15 or less Fountain exempt(IPC 410.2) | M21: 1 service sink | N21: 0 | O21: =N21 -> 0 | U21: daycare | V21: i-4 | W21: =IF(N123>0,ROUNDUP((N123/15),0),ROUNDUP((Q8/15),0)) -> 0 | X21: =IF(O123>0,ROUNDUP((O123/15),0),ROUNDUP((R8/15),0)) -> 0 | Y21: =IF(N123>0,ROUNDUP((N123/15),0),ROUNDUP((Q8/15),0)) -> 0 | Z21: =IF(O123>0,ROUNDUP((O123/15),0),ROUNDUP((R8/15),0)) -> 0 | AA21: =IF(OR(N123>0,O123>0),ROUNDUP((N123+O123)/100,0),ROUNDUP(Q5/100,0)) -> 0 | AB21: 1
U22: mercantile | V22: m | W22: =IF(N129>0,ROUNDUP((N129/500),0),ROUNDUP((Q8/500),0)) -> 0 | X22: =IF(O129>0,ROUNDUP((O129/500),0),ROUNDUP((R8/500),0)) -> 0 | Y22: =IF(N129>0,ROUNDUP((N129/750),0),ROUNDUP((Q8/750),0)) -> 0 | Z22: =IF(O129>0,ROUNDUP((O129/750),0),ROUNDUP((R8/750),0)) -> 0 | AA22: =IF(OR(N129>0,O129>0),ROUNDUP((N129+O129)/1000,0),ROUNDUP(Q5/1000,0)) -> 0 | AB22: -
U23: dormitories | V23: r-2 | W23: =IF(N140>0,ROUNDUP((N140/10),0),ROUNDUP((Q5/10),0)) -> 0 | X23: =IF(N140>0,ROUNDUP((N140/10),0),ROUNDUP((R8/10),0)) -> 0 | Y23: =IF(N140>0,ROUNDUP((N140/10),0),ROUNDUP((Q5/10),0)) -> 0 | Z23: - | AA23: =IF(N140>0,ROUNDUP(N140/100,0),ROUNDUP(Q5/100,0)) -> 0 | AB23: =IF(N140>0,ROUNDUP(N140/8,0),ROUNDUP(Q5/8,0)) -> 0
U24: congregate | V24: r-3 | W24: =IF(N156>0,ROUNDUP((N156/10),0),ROUNDUP((Q5/10),0)) -> 0 | X24: =IF(N156>0,ROUNDUP((N156/10),0),ROUNDUP((R8/10),0)) -> 0 | Y24: =IF(N156>0,ROUNDUP((N156/10),0),ROUNDUP((Q5/10),0)) -> 0 | Z24: - | AA24: =IF(N156>0,ROUNDUP(N156/100,0),ROUNDUP(Q5/100,0)) -> 0 | AB24: =IF(N156>0,ROUNDUP(N156/8,0),ROUNDUP(Q5/8,0)) -> 0
U25: storage | V25: s-1 & s-2 | W25: =IF(N171>0,ROUNDUP((N171/100),0),ROUNDUP((Q5/100),0)) -> 0 | X25: =IF(N171>0,ROUNDUP((N171/100),0),ROUNDUP((R8/100),0)) -> 0 | Y25: =IF(N171>0,ROUNDUP((N171/100),0),ROUNDUP((Q5/100),0)) -> 0 | Z25: - | AA25: =IF(N171>0,ROUNDUP(N171/1000,0),ROUNDUP(Q5/1000,0)) -> 0 | AB25: See section 411 if eyewash stations are provided
D31: Casino Gaming areas | F31: =IF(AND(OR(N31>0,O31>0),N31+O31<=15),"Single restroom okay for 15 or less (IPC 403.2(2))",IF(AND(OR(N31>0,O31>0),N31+O31>Q5),W8,IF(AND(OR(N31>0,O31>0),N31+O31<Q5),W8,IF(Q5<=15,"Single restroom okay for 15 or less (IPC 403.2(2))",W8)))) -> Single restroom okay for 15 or less (IPC 403.2(2)) | G31: =IF(F31="Single restroom okay for 15 or less (IPC 403.2(2))","-",X8) -> - | H31: Can substitute up to 67% of required fixtures (IPC 419.2) | I31: =Y8 -> 0 | J31: =IF(F31="Single restroom okay for 15 or less (IPC 403.2(2))","-",Z8) -> - | K31: - | L31: =IF(F31="Single restroom okay for 15 or less (IPC 403.2(2))","15 or less Fountain exempt(IPC 410.2)",AA8) -> 15 or less Fountain exempt(IPC 410.2) | M31: 1 service sink | N31: 0 | O31: =N31 -> 0
D37: Passenger terminals and transportation facilities | F37: =IF(AND(OR(N37>0,O37>0),N37+O37<=15),"Single restroom okay for 15 or less (IPC 403.2(2))",IF(AND(OR(N37>0,O37>0),N37+O37>Q5),W9,IF(AND(OR(N37>0,O37>0),N37+O37<Q5),W9,IF(Q5<=15,"Single restroom okay for 15 or less (IPC 403.2(2))",W9)))) -> Single restroom okay for 15 or less (IPC 403.2(2)) | G37: =IF(F37="Single restroom okay for 15 or less (IPC 403.2(2))","-",X9) -> - | H37: Can substitute up to 67% of required fixtures (IPC 419.2) | I37: =Y9 -> 0 | J37: =IF(F37="Single restroom okay for 15 or less (IPC 403.2(2))","-",Z9) -> - | K37: - | L37: =IF(F37="Single restroom okay for 15 or less (IPC 403.2(2))","15 or less Fountain exempt(IPC 410.2)",AA9) -> 15 or less Fountain exempt(IPC 410.2) | M37: 1 service sink | N37: 0 | O37: =N37 -> 0
D43: Places of worship and other religious services | F43: =IF(AND(OR(N43>0,O43>0),N43+O43<=15),"Single restroom okay for 15 or less (IPC 403.2(2))",IF(AND(OR(N43>0,O43>0),N43+O43>Q5),W10,IF(AND(OR(N43>0,O43>0),N43+O43<Q5),W10,IF(Q5<=15,"Single restroom okay for 15 or less (IPC 403.2(2))",W10)))) -> Single restroom okay for 15 or less (IPC 403.2(2)) | G43: =IF(F43="Single restroom okay for 15 or less (IPC 403.2(2))","-",X10) -> - | H43: Can substitute up to 67% of required fixtures (IPC 419.2) | I43: =Y10 -> 0 | J43: =IF(F43="Single restroom okay for 15 or less (IPC 403.2(2))","-",Z10) -> - | K43: - | L43: =IF(F43="Single restroom okay for 15 or less (IPC 403.2(2))","15 or less Fountain exempt(IPC 410.2)",AA10) -> 15 or less Fountain exempt(IPC 410.2) | M43: 1 service sink | N43: 0 | O43: =N43 -> 0
C49: A-4 | D49: Colliseums, arenas, skating rinks, pools and tennis courts for indoor sporting events and activities | F49: =IF(AND(OR(N49>0,O49>0),N49+O49<=15),"Single restroom okay for 15 or less (IPC 403.2(2))",IF(AND(OR(N49>0,O49>0),N49+O49>Q5),W11,IF(AND(OR(N49>0,O49>0),N49+O49<Q5),W11,IF(Q5<=15,"Single restroom okay for 15 or less (IPC 403.2(2))",W11)))) -> Single restroom okay for 15 or less (IPC 403.2(2)) | G49: =IF(F49="Single restroom okay for 15 or less (IPC 403.2(2))","-",X11) -> - | H49: Can substitute up to 67% of required fixtures (IPC 419.2) | I49: =Y11 -> 0 | J49: =IF(F49="Single restroom okay for 15 or less (IPC 403.2(2))","-",Z11) -> - | K49: - | L49: =IF(F49="Single restroom okay for 15 or less (IPC 403.2(2))","15 or less Fountain exempt(IPC 410.2)",AA11) -> 15 or less Fountain exempt(IPC 410.2) | M49: 1 service sink | N49: 0 | O49: =N49 -> 0
C55: A-5 | D55: Stadiums, amusement parks, bleachers and grand stands for outdoor sporting events and activities | F55: =IF(AND(OR(N55>0,O55>0),N55+O55<=15),"Single restroom okay for 15 or less (IPC 403.2(2))",IF(AND(OR(N55>0,O55>0),N55+O55>Q5),W12,IF(AND(OR(N55>0,O55>0),N55+O55<Q5),W12,IF(Q5<=15,"Single restroom okay for 15 or less (IPC 403.2(2))",W12)))) -> Single restroom okay for 15 or less (IPC 403.2(2)) | G55: =IF(F55="Single restroom okay for 15 or less (IPC 403.2(2))","-",X12) -> - | H55: Can substitute up to 67% of required fixtures (IPC 419.2) | I55: =Y12 -> 0 | J55: =IF(F55="Single restroom okay for 15 or less (IPC 403.2(2))","-",Z12) -> - | K55: - | L55: =IF(F55="Single restroom okay for 15 or less (IPC 403.2(2))","15 or less Fountain exempt(IPC 410.2)",AA12) -> 15 or less Fountain exempt(IPC 410.2) | M55: 1 service sink | N55: 0 | O55: =N55 -> 0
A62: Bussiness | C62: B | D62: Buildings for the transaction of business, professional services, other services involving merchandise, office buildings, banks, light industrial, ambulatory care and similar uses | F62: =IF(AND(OR(N62>0,O62>0),N62+O62<=15),"Single restroom okay for 15 or less (IPC 403.2(2))",IF(AND(OR(N62>0,O62>0),N62+O62>Q5),W13,IF(AND(OR(N62>0,O62>0),N62+O62<Q5),W13,IF(Q5<=15,"Single restroom okay for 15 or less (IPC 403.2(2))",W13)))) -> Single restroom okay for 15 or less (IPC 403.2(2)) | G62: =IF(F62="Single restroom okay for 15 or less (IPC 403.2(2))","-",X13) -> - | H62: Can substitute up to 50% of required fixtures (IPC 419.2) | I62: =Y13 -> 0 | J62: =IF(F62="Single restroom okay for 15 or less (IPC 403.2(2))","-",Z13) -> - | K62: - | L62: =IF(F62="Single restroom okay for 15 or less (IPC 403.2(2))","15 or less Fountain exempt(IPC 410.2)",AA13) -> 15 or less Fountain exempt(IPC 410.2) | M62: =IF(F62="Single restroom okay for 15 or less (IPC 403.2(2))","15 or less Service sink exempt (IPC 403.1(e))","1 service sink") -> 15 or less Service sink exempt (IPC 403.1(e)) | N62: 0 | O62: =N62 -> 0
A73: Educational | C73: E | D73: Educational Facilities | F73: =IF(AND(OR(N73>0,O73>0),N73+O73<=15),"Single restroom okay for 15 or less (IPC 403.2(2))",IF(AND(OR(N73>0,O73>0),N73+O73>Q5),W14,IF(AND(OR(N73>0,O73>0),N73+O73<Q5),W14,IF(Q5<=15,"Single restroom okay for 15 or less (IPC 403.2(2))",W14)))) -> Single restroom okay for 15 or less (IPC 403.2(2)) | G73: =IF(F73="Single restroom okay for 15 or less (IPC 403.2(2))","-",X14) -> - | H73: Can substitute up to 67% of required fixtures (IPC 419.2) | I73: =Y14 -> 0 | J73: =IF(F73="Single restroom okay for 15 or less (IPC 403.2(2))","-",Z14) -> - | K73: - | L73: =IF(F73="Single restroom okay for 15 or less (IPC 403.2(2))","15 or less Fountain exempt(IPC 410.2)",AA14) -> 15 or less Fountain exempt(IPC 410.2) | M73: 1 service sink | N73: 0 | O73: =N73 -> 0
A79: Factory or Industrial | C79: F1 & F2 | D79: Structures in which occupants are engages in work fabricating, assembly or processing of products or materials | F79: =IF(AND(OR(N79>0,O79>0),N79+O79<=15),"Single restroom okay for 15 or less (IPC 403.2(2))",IF(AND(OR(N79>0,O79>0),N79+O79>Q5),W15,IF(AND(OR(N79>0,O79>0),N79+O79<Q5),W15,IF(Q5<=15,"Single restroom okay for 15 or less (IPC 403.2(2))",W15)))) -> Single restroom okay for 15 or less (IPC 403.2(2)) | G79: =IF(F79="Single restroom okay for 15 or less (IPC 403.2(2))","-",X15) -> - | H79: Can substitute up to 50% of required fixtures (IPC 419.2) | I79: =Y15 -> 0 | J79: =IF(F79="Single restroom okay for 15 or less (IPC 403.2(2))","-",Z15) -> - | K79: =AB15 -> See section 411 if eyewash stations are provided | L79: =IF(F79="Single restroom okay for 15 or less (IPC 403.2(2))","15 or less Fountain exempt(IPC 410.2)",AA15) -> 15 or less Fountain exempt(IPC 410.2) | M79: 1 service sink | N79: 0 | O79: =N79 -> 0
A86: Institutional | C86: I-1 | D86: Residential Care | F86: =IF(AND(OR(N86>0,O86>0),N86+O86<=15),"Single restroom okay for 15 or less (IPC 403.2(2))",IF(AND(OR(N86>0,O86>0),N86+O86>Q5),W16,IF(AND(OR(N86>0,O86>0),N86+O86<Q5),W16,IF(Q5<=15,"Single restroom okay for 15 or less (IPC 403.2(2))",W16)))) -> Single restroom okay for 15 or less (IPC 403.2(2)) | G86: =IF(F86="Single restroom okay for 15 or less (IPC 403.2(2))","-",X16) -> - | H86: Can substitute up to 50% of required fixtures (IPC 419.2) | I86: =Y16 -> 0 | J86: =IF(F86="Single restroom okay for 15 or less (IPC 403.2(2))","-",Z16) -> - | K86: =AB16 -> 0 | L86: =IF(F86="Single restroom okay for 15 or less (IPC 403.2(2))","15 or less Fountain exempt(IPC 410.2)",AA16) -> 15 or less Fountain exempt(IPC 410.2) | M86: 1 service sink | N86: 0 | O86: =N86 -> 0
C92: I-2 | D92: Hospitals, ambulatory nursing home care recipient | F92: 1 per room | H92: - | I92: 1 per room | K92: =IF(OR(N92>0,O92>0),ROUNDUP((N92+O92)/15,0),ROUNDUP(Q5/15,0)) -> 0 | L92: =IF(OR(N92>0,O92>0),ROUNDUP((N92+O92)/100,0),ROUNDUP(Q5/100,0)) -> 0 | M92: 1 service sink | N92: 0 | O92: =N92 -> 0
D96: Emplyees, other than residential care | F96: =IF(AND(OR(N96>0,O96>0),N96+O96<=15),"Single restroom okay for 15 or less (IPC 403.2(2))",IF(AND(OR(N96>0,O96>0),N96+O96>Q5),W17,IF(AND(OR(N96>0,O96>0),N96+O96<Q5),W17,IF(Q5<=15,"Single restroom okay for 15 or less (IPC 403.2(2))",W17)))) -> Single restroom okay for 15 or less (IPC 403.2(2)) | G96: =IF(F96="Single restroom okay for 15 or less (IPC 403.2(2))","-",X17) -> - | H96: - | I96: =Y17 -> 0 | J96: =IF(F96="Single restroom okay for 15 or less (IPC 403.2(2))","-",Z17) -> - | K96: - | L96: =IF(AND(OR(N96>0,O96>0),N96+O96<=15),"15 or less Fountain exempt(IPC 410.2)",IF(Q5<=15,"15 or less Fountain exempt(IPC 410.2)",AA17)) -> 15 or less Fountain exempt(IPC 410.2) | M96: - | N96: 0 | O96: =N96 -> 0
D102: Visitors, other than residential care | F102: =IF(AND(OR(N102>0,O102>0),N102+O102<=15),"Single restroom okay for 15 or less (IPC 403.2(2))",IF(AND(OR(N102>0,O102>0),N102+O102>Q5),W18,IF(AND(OR(N102>0,O102>0),N102+O102<Q5),W18,IF(Q5<=15,"Single restroom okay for 15 or less (IPC 403.2(2))",W18)))) -> Single restroom okay for 15 or less (IPC 403.2(2)) | G102: =IF(F102="Single restroom okay for 15 or less (IPC 403.2(2))","-",X18) -> - | H102: - | I102: =Y18 -> 0 | J102: =IF(F102="Single restroom okay for 15 or less (IPC 403.2(2))","-",Z18) -> - | K102: - | L102: =IF(AND(OR(N102>0,O102>0),N102+O102<=15),"15 or less Fountain exempt(IPC 410.2)",IF(Q5<=15,"15 or less Fountain exempt(IPC 410.2)",AA18)) -> 15 or less Fountain exempt(IPC 410.2) | M102: - | N102: 0 | O102: =N102 -> 0
C108: I-3 | D108: Prisonsers | F108: 1 per cell | H108: - | I108: 1 per cell | K108: 1 per 100 | L108: ="1 per 100" -> 1 per 100 | M108: 1 service sink | N108: 0 | O108: =N108 -> 0
D111: Reformitories, detention centers, and correctional centers | F111: =IF(AND(OR(N111>0,O111>0),N111+O111<=15),"Single restroom okay for 15 or less (IPC 403.2(2))",IF(AND(OR(N111>0,O111>0),N111+O111>Q5),W19,IF(AND(OR(N111>0,O111>0),N111+O111<Q5),W19,IF(Q5<=15,"Single restroom okay for 15 or less (IPC 403.2(2))",W19)))) -> Single restroom okay for 15 or less (IPC 403.2(2)) | G111: =IF(F111="Single restroom okay for 15 or less (IPC 403.2(2))","-",X19) -> - | H111: - | I111: =Y19 -> 0 | J111: =IF(F111="Single restroom okay for 15 or less (IPC 403.2(2))","-",Z19) -> - | K111: =AB19 -> 0 | L111: =IF(F111="Single restroom okay for 15 or less (IPC 403.2(2))","15 or less Fountain exempt(IPC 410.2)",AA19) -> 15 or less Fountain exempt(IPC 410.2) | M111: 1 service sink | N111: 0 | O111: =N111 -> 0
D117: Employees | F117: =IF(AND(OR(N117>0,O117>0),N117+O117<=15),"Single restroom okay for 15 or less (IPC 403.2(2))",IF(AND(OR(N117>0,O117>0),N117+O117>Q5),W20,IF(AND(OR(N117>0,O117>0),N117+O117<Q5),W20,IF(Q5<=15,"Single restroom okay for 15 or less (IPC 403.2(2))",W20)))) -> Single restroom okay for 15 or less (IPC 403.2(2)) | G117: =IF(F117="Single restroom okay for 15 or less (IPC 403.2(2))","-",X20) -> - | H117: - | I117: =Y20 -> 0 | J117: =IF(F117="Single restroom okay for 15 or less (IPC 403.2(2))","-",Z20) -> - | K117: - | L117: =IF(F117="Single restroom okay for 15 or less (IPC 403.2(2))","15 or less Fountain exempt(IPC 410.2)",AA20) -> 15 or less Fountain exempt(IPC 410.2) | M117: - | N117: 0 | O117: =N117 -> 0
C123: I-4 | D123: Adult daycare and child daycare | F123: =IF(AND(OR(N123>0,O123>0),N123+O123<=15),"Single restroom okay for 15 or less (IPC 403.2(2))",IF(AND(OR(N123>0,O123>0),N123+O123>Q5),W21,IF(AND(OR(N123>0,O123>0),N123+O123<Q5),W21,IF(Q5<=15,"Single restroom okay for 15 or less (IPC 403.2(2))",W21)))) -> Single restroom okay for 15 or less (IPC 403.2(2)) | G123: =IF(F123="Single restroom okay for 15 or less (IPC 403.2(2))","-",X21) -> - | H123: - | I123: =Y21 -> 0 | J123: =IF(F123="Single restroom okay for 15 or less (IPC 403.2(2))","-",Z21) -> - | K123: =AB21 -> 1 | L123: =IF(F123="Single restroom okay for 15 or less (IPC 403.2(2))","15 or less Fountain exempt(IPC 410.2)",AA21) -> 15 or less Fountain exempt(IPC 410.2) | M123: 1 service sink | N123: 0 | O123: =N123 -> 0
A129: Merchantile | C129: M | D129: Retail stores, service stations, shops, salesroom, markets, and shopping centers | F129: =IF(AND(OR(N129>0,O129>0),N129+O129<=100),"Single restroom okay for 100 or less (IPC 403.2(3))",IF(AND(OR(N129>0,O129>0),N129+O129>Q5),W22,IF(AND(OR(N129>0,O129>0),N129+O129<Q5),W22,IF(Q5<=100,"Single restroom okay for 100 or less (IPC 403.2(3))",W22)))) -> Single restroom okay for 100 or less (IPC 403.2(3)) | G129: =IF(F129="Single restroom okay for 100 or less (IPC 403.2(3))","-",X22) -> - | H129: Can substitute up to 50% of required fixtures (IPC 419.2) | I129: =Y22 -> 0 | J129: =IF(F129="Single restroom okay for 100 or less (IPC 403.2(3))","-",Z22) -> - | K129: - | L129: =IF(AND(OR(N129>0,O129>0),N129+O129<=15),"15 or less Fountain exempt(IPC 410.2)",IF(Q5<=15,"15 or less Fountain exempt(IPC 410.2)",AA22)) -> 15 or less Fountain exempt(IPC 410.2) | M129: =IF(AND(OR(N129>0,O129>0),N129+O129<=15),"15 or less Service sink exempt (IPC 403.1(e))",IF(Q5<=15,"15 or less Service sink exempt (IPC 403.1(e))","1 service sink")) -> 15 or less Service sink exempt (IPC 403.1(e)) | N129: 0 | O129: =N129 -> 0
A137: Residential | C137: R-1 | D137: Hotels, motels, boarding houses (transient) | F137: 1 per sleeping unit | H137: - | I137: 1 per sleeping unit | K137: 1 per sleeping unit | L137: - | M137: 1 service sink | N137: -
C140: R-2 | D140: Dormitories, fraternities, soroitites, and boarding houses (non transient) | F140: =W23 -> 0 | H140: - | I140: =Y23 -> 0 | K140: =AB23 -> 0 | L140: =IF(AND(N140>0,N140<=15),"15 or less Fountain exempt(IPC 410.2)",IF(Q5<=15,"15 or less Fountain exempt(IPC 410.2)",AA23)) -> 15 or less Fountain exempt(IPC 410.2) | M140: 1 service sink | N140: 0
D145: Apartment house | F145: 1 per dwelling unit | H145: - | I145: 1 per dwelling unit | K145: 1 per dwelling unit | L145: - | M145: 1 kitchen sink per dwelling unit; 1 automatic clothes washer connection per 20 dwelling units | N145: -
C156: R-3 | D156: Congregate living facilities with 16 or fewer persons | F156: =W24 -> 0 | H156: - | I156: =Y24 -> 0 | K156: =AB24 -> 0 | L156: =IF(AND(N156>0,N156<=15),"15 or less Fountain exempt(IPC 410.2)",IF(Q5<=15,"15 or less Fountain exempt(IPC 410.2)",AA24)) -> 15 or less Fountain exempt(IPC 410.2) | M156: 1 service sink | N156: 0
D160: One- and two- family dwellings and lodging houses with five or fewer guestrooms | F160: 1 per dwelling unit | H160: - | I160: 1 per dwelling unit | K160: 1 per dwelling unit | L160: - | M160: 1 kitchen sink per dwelling unit; 1 automatic clothes washer connection per dwelling unit | N160: -
A171: Storage | C171: S-1 & S-2 | D171: Structures for the storage of goods, warehouses, store houses and freight depots. Low and Moderate Hazard. | F171: =IF(AND(N171>0,N171<=15),"Single restroom okay for 15 or less (IPC 403.2(2))",IF(AND(N171>0,N171>Q5),W25,IF(AND(N171>0,N171<Q5),W25,IF(Q5<=15,"Single restroom okay for 15 or less (IPC 403.2(2))",W25)))) -> Single restroom okay for 15 or less (IPC 403.2(2)) | H171: - | I171: =Y25 -> 0 | K171: =AB25 -> See section 411 if eyewash stations are provided | L171: =IF(AND(N171>0,N171<=15),"15 or less Fountain exempt(IPC 410.2)",IF(Q5<=15,"15 or less Fountain exempt(IPC 410.2)",#REF!)) -> 15 or less Fountain exempt(IPC 410.2) | M171: 1 service sink | N171: 0

Sheet 2018 IPC
A1: Classification: | C1: Occupancy: | D1: Description: | F1: Water Closets: | H1: Urinals: | I1: Lavatories: | K1: Bathtubs / Showers: | L1: Drinking Fountain: | M1: Other: | N1: Manual Occupant Load Override: | W1: WATER CLOSETS | Y1: LAVATORIES | AA1: fountain | AB1: shower
F2: Male: | G2: Female: | I2: Male: | J2: Female: | N2: Male: | O2: Female: | W2: 2009 - 2021 IPC | X2: 2009 - 2021 IPC | Y2: 2009 - 2021 IPC | Z2: 2009 - 2021 IPC | AA2: 2021 - 2021 IPC | AB2: 2021 - 2021 IPC
A3: Assembly | C3: A-1 | D3: Theaters and other buildings for the performing arts and motion pictures | F3: =IF(AND(OR(N3>0,O3>0),N3+O3<=15),"Single restroom okay for 15 or less (IPC 403.2(2))",IF(AND(OR(N3>0,O3>0),N3+O3>Q5),W4,IF(AND(OR(N3>0,O3>0),N3+O3<Q5),W4,IF(Q5<=15,"Single restroom okay for 15 or less (IPC 403.2(2))",W4)))) -> Single restroom okay for 15 or less (IPC 403.2(2)) | G3: =IF(F3="Single restroom okay for 15 or less (IPC 403.2(2))","-",X4) -> - | H3: Can substitute up to 67% of required fixtures (IPC 424.2) | I3: =Y4 -> 0 | J3: =IF(F3="Single restroom okay for 15 or less (IPC 403.2(2))","-",Z4) -> - | K3: - | L3: =IF(F3="Single restroom okay for 15 or less (IPC 403.2(2))","15 or less Fountain exempt(IPC 410.2)",AA4) -> 15 or less Fountain exempt(IPC 410.2) | M3: 1 service sink | N3: 0 | O3: =N3 -> 0 | Q3: Total Occupant Load: | W3: male | X3: female | Y3: male | Z3: female | AA3: fountain | AB3: shower
U4: Theater | V4: a-1 | W4: =IF(N3>0,ROUNDUP((N3/125),0),ROUNDUP((Q8/125),0)) -> 0 | X4: =IF(O3>0,ROUNDUP((O3/65),0),ROUNDUP((R8/65),0)) -> 0 | Y4: =IF(N3>0,ROUNDUP((N3/200),0),ROUNDUP((Q8/200),0)) -> 0 | Z4: =IF(O3>0,ROUNDUP((O3/200),0),ROUNDUP((R8/200),0)) -> 0 | AA4: =IF(OR(N3>0,O3>0),ROUNDUP((N3+O3)/500,0),ROUNDUP(Q5/500,0)) -> 0 | AB4: -
Q5: ='Occupant Calculator'!D34 -> 0 | U5: night clubs | V5: a-2 | W5: =IF(N9>0,ROUNDUP((N9/40),0),ROUNDUP((Q8/40),0)) -> 0 | X5: =IF(O9>0,ROUNDUP((O9/40),0),ROUNDUP((R8/40),0)) -> 0 | Y5: =IF(N9>0,ROUNDUP((N9/75),0),ROUNDUP((Q8/75),0)) -> 0 | Z5: =IF(O9>0,ROUNDUP((O9/75),0),ROUNDUP((R8/75),0)) -> 0 | AA5: =IF(OR(N9>0,O9>0),ROUNDUP((N9+O9)/500,0),ROUNDUP(Q5/500,0)) -> 0 | AB5: -
U6: restaurants | V6: a-2 | W6: =IF(N15>0,ROUNDUP((N15/75),0),ROUNDUP((Q8/75),0)) -> 0 | X6: =IF(O15>0,ROUNDUP((O15/75),0),ROUNDUP((R8/75),0)) -> 0 | Y6: =IF(N15>0,ROUNDUP((N15/200),0),ROUNDUP((Q8/200),0)) -> 0 | Z6: =IF(O15>0,ROUNDUP((O15/200),0),ROUNDUP((R8/200),0)) -> 0 | AA6: =IF(OR(N15>0,O15>0),ROUNDUP((N15+O15)/500,0),ROUNDUP(Q5/500,0)) -> 0 | AB6: -
Q7: Male: | R7: Female: | U7: auditoriums | V7: a-3 | W7: =IF(N21>0,ROUNDUP((N21/125),0),ROUNDUP((Q8/125),0)) -> 0 | X7: =IF(O21>0,ROUNDUP((O21/65),0),ROUNDUP((R8/65),0)) -> 0 | Y7: =IF(N21>0,ROUNDUP((N21/200),0),ROUNDUP((Q8/200),0)) -> 0 | Z7: =IF(O21>0,ROUNDUP((O21/200),0),ROUNDUP((R8/200),0)) -> 0 | AA7: =IF(OR(N21>0,O21>0),ROUNDUP((N21+O21)/500,0),ROUNDUP(Q5/500,0)) -> 0 | AB7: -
Q8: =ROUNDUP((Q5/2),1) -> 0 | R8: =ROUNDUP((Q5/2),1) -> 0 | U8: casinos | V8: a-3 | W8: =IF(AND(N31>0,N31<=400),(ROUNDUP(N31/100,0)),IF(N31>400,(ROUNDUP(N31/250,0))+3,IF(AND(Q8>0,Q8<=400),(ROUNDUP(Q8/100,0)),IF(Q8>400,(ROUNDUP(Q8/250,0))+3,0)))) -> 0 | X8: =IF(AND(O31>0,O31<=400),(ROUNDUP(O31/50,0)),IF(O31>400,(ROUNDUP(O31/150,0))+5,IF(AND(R8>0,R8<=400),(ROUNDUP(R8/50,0)),IF(R8>400,(ROUNDUP(R8/150,0))+5,0)))) -> 0 | Y8: =IF(AND(N31>0,N31<=250),1,IF(AND(N31>250,N31<=500),2,IF(AND(N31>500,N31<=750),3,IF(N31>750,(ROUNDUP(N31/500,0)+2),IF(AND(Q8>0,Q8<=250),1,IF(AND(Q8>250,Q8<=500),2,IF(AND(Q8>500,Q8<=750),3,IF(Q8>750,(ROUNDUP(Q8/500,0)+2),0)))))))) -> 0 | Z8: =IF(AND(O31>0,O31<=250),1,IF(AND(O31>250,O31<=500),2,IF(AND(O31>500,O31<=750),3,IF(O31>750,(ROUNDUP(O31/500,0)+2),IF(AND(R8>0,R8<=250),1,IF(AND(R8>250,R8<=500),2,IF(AND(R8>500,R8<=750),3,IF(R8>750,(ROUNDUP(R8/500,0)+2),0)))))))) -> 0 | AA8: =IF(OR(N31>0,O31>0),ROUNDUP((N31+O31)/1000,0),ROUNDUP(Q5/1000,0)) -> 0 | AB8: -
C9: A-2 | D9: Nightclubs, bars, taverns, dance halls, and buildings for similar purposes | F9: =IF(AND(OR(N9>0,O9>0),N9+O9<=15),"Single restroom okay for 15 or less (IPC 403.2(2))",IF(AND(OR(N9>0,O9>0),N9+O9>Q5),W5,IF(AND(OR(N9>0,O9>0),N9+O9<Q5),W5,IF(Q5<=15,"Single restroom okay for 15 or less (IPC 403.2(2))",W5)))) -> Single restroom okay for 15 or less (IPC 403.2(2)) | G9: =IF(F9="Single restroom okay for 15 or less (IPC 403.2(2))","-",X5) -> - | H9: Can substitute up to 67% of required fixtures (IPC 424.2) | I9: =Y5 -> 0 | J9: =IF(F9="Single restroom okay for 15 or less (IPC 403.2(2))","-",Z5) -> - | K9: - | L9: =IF(F9="Single restroom okay for 15 or less (IPC 403.2(2))","15 or less Fountain exempt(IPC 410.2)",AA5) -> 15 or less Fountain exempt(IPC 410.2) | M9: 1 service sink | N9: 0 | O9: =N9 -> 0 | U9: passenger terminal | V9: a-3 | W9: =IF(N37>0,ROUNDUP((N37/50),0),ROUNDUP((Q8/500),0)) -> 0 | X9: =ROUNDUP((R8/500),0) -> 0 | Y9: =IF(N37>0,ROUNDUP((N37/750),0),ROUNDUP((Q8/750),0)) -> 0 | Z9: =IF(O37>0,ROUNDUP((O37/750),0),ROUNDUP((R8/750),0)) -> 0 | AA9: =IF(OR(N37>0,O37>0),ROUNDUP((N37+O37)/1000,0),ROUNDUP(Q5/1000,0)) -> 0 | AB9: -
U10: religious | V10: a-3 | W10: =IF(N43>0,ROUNDUP((N43/150),0),ROUNDUP((Q8/150),0)) -> 0 | X10: =ROUNDUP((R8/75),0) -> 0 | Y10: =IF(N43>0,ROUNDUP((N43/200),0),ROUNDUP((Q8/200),0)) -> 0 | Z10: =IF(O43>0,ROUNDUP((O43/200),0),ROUNDUP((R8/200),0)) -> 0 | AA10: =IF(OR(N43>0,O43>0),ROUNDUP((N43+O43)/1000,0),ROUNDUP(Q5/1000,0)) -> 0 | AB10: -
U11: collseums | V11: a-4 | W11: =IF(AND(N49>0,N49<=1500),(ROUNDUP(N49/75,0)),IF(N49>1500,(ROUNDUP(N49/120,0))+8,IF(AND(Q8>0,Q8<=1500),(ROUNDUP(Q8/75,0)),IF(Q8>1500,(ROUNDUP(Q8/120,0))+8,0)))) -> 0 | X11: =IF(AND(O49>0,O49<=1520),(ROUNDUP(O49/40,0)),IF(O49>1520,(ROUNDUP(O49/60,0))+12,IF(AND(R8>0,R8<=1520),(ROUNDUP(R8/40,0)),IF(R8>1520,(ROUNDUP(R8/60,0))+12,0)))) -> 0 | Y11: =IF(N49<0,ROUNDUP((N49/200),0),ROUNDUP((Q8/200),0)) -> 0 | Z11: =IF(O49>0,ROUNDUP((O49/150),0),ROUNDUP((R8/150),0)) -> 0 | AA11: =IF(OR(N49>0,O49>0),ROUNDUP((N49+O49)/1000,0),ROUNDUP(Q5/1000,0)) -> 0 | AB11: -
U12: stadiums | V12: a-5 | W12: =IF(AND(N55>0,N55<=1500),(ROUNDUP(N55/75,0)),IF(N55>1500,(ROUNDUP(N55/120,0))+8,IF(AND(Q8>0,Q8<=1500),(ROUNDUP(Q8/75,0)),IF(Q8>1500,(ROUNDUP(Q8/120,0))+8,0)))) -> 0 | X12: =IF(AND(O55>0,O55<=1520),(ROUNDUP(O55/40,0)),IF(O55>1520,(ROUNDUP(O55/60,0))+12,IF(AND(R8>0,R8<=1520),(ROUNDUP(R8/40,0)),IF(R8>1520,(ROUNDUP(R8/60,0))+12,0)))) -> 0 | Y12: =IF(N55>0,ROUNDUP((N55/200),0),ROUNDUP((Q8/200),0)) -> 0 | Z12: =IF(O55>0,ROUNDUP((O55/150),0),ROUNDUP((R8/150),0)) -> 0 | AA12: =IF(OR(N55>0,O55>0),ROUNDUP((N55+O55)/1000,0),ROUNDUP(Q5/1000,0)) -> 0 | AB12: -
U13: business | V13: b | W13: =IF(AND(N62>0,N62<=25),1,IF(AND(N62>25,N62<=50),2,IF(N62>50,(ROUNDUP(N62/50,0)+1),IF(AND(Q8>0,Q8<=25),1,IF(AND(Q8>25,Q8<=50),2,IF(Q8>50,(ROUNDUP(Q8/50,0)+1),0)))))) -> 0 | X13: =IF(AND(O62>0,O62<=25),1,IF(AND(O62>25,O62<=50),2,IF(O62>50,(ROUNDUP(O62/50,0)+1),IF(AND(R8>0,R8<=25),1,IF(AND(R8>25,R8<=50),2,IF(R8>50,(ROUNDUP(R8/50,0)+1),0)))))) -> 0 | Y13: =IF(AND(N62>0,N62<=40),1,IF(AND(N62>40,N62<=80),2,IF(N62>80,(ROUNDUP(N62/80,0)+1),IF(AND(Q8>0,Q8<=40),1,IF(AND(Q8>40,Q8<=80),2,IF(Q8>80,(ROUNDUP(Q8/80,0)+1),0)))))) -> 0 | Z13: =IF(AND(O62>0,O62<=40),1,IF(AND(O62>40,O62<=80),2,IF(O62>80,(ROUNDUP(O62/80,0)+1),IF(AND(R8>0,R8<=40),1,IF(AND(R8>40,R8<=80),2,IF(R8>80,(ROUNDUP(R8/80,0)+1),0)))))) -> 0 | AA13: =IF(OR(N62>0,O62>0),ROUNDUP((N62+O62)/100,0),ROUNDUP(Q5/100,0)) -> 0 | AB13: -
U14: educational | V14: e | W14: =IF(N74>0,ROUNDUP((N74/50),0),ROUNDUP((Q8/50),0)) -> 0 | X14: =IF(O74>0,ROUNDUP((O74/50),0),ROUNDUP((R8/50),0)) -> 0 | Y14: =IF(N74>0,ROUNDUP((N74/50),0),ROUNDUP((Q8/50),0)) -> 0 | Z14: =IF(O74>0,ROUNDUP((O74/50),0),ROUNDUP((R8/50),0)) -> 0 | AA14: =IF(OR(N74>0,O74>0),ROUNDUP((N74+O74)/100,0),ROUNDUP(Q5/100,0)) -> 0 | AB14: -
D15: Restaurants, banquet halls, and food courts | F15: =IF(AND(OR(N15>0,O15>0),N15+O15<=15),"Single restroom okay for 15 or less (IPC 403.2(2))",IF(AND(OR(N15>0,O15>0),N15+O15>Q5),W6,IF(AND(OR(N15>0,O15>0),N15+O15<Q5),W6,IF(Q5<=15,"Single restroom okay for 15 or less (IPC 403.2(2))",W6)))) -> Single restroom okay for 15 or less (IPC 403.2(2)) | G15: =IF(F15="Single restroom okay for 15 or less (IPC 403.2(2))","-",X6) -> - | H15: Can substitute up to 67% of required fixtures (IPC 424.2) | I15: =Y6 -> 0 | J15: =IF(F15="Single restroom okay for 15 or less (IPC 403.2(2))","-",Z6) -> - | K15: - | L15: =IF(F15="Single restroom okay for 15 or less (IPC 403.2(2))","15 or less Fountain exempt(IPC 410.2)",AA6) -> 15 or less Fountain exempt(IPC 410.2) | M15: 1 service sink | N15: 0 | O15: =N15 -> 0 | U15: factory | V15: f-1 & f-2 | W15: =IF(N80>0,ROUNDUP((N80/100),0),ROUNDUP((Q8/100),0)) -> 0 | X15: =IF(O80>0,ROUNDUP((O80/100),0),ROUNDUP((R8/100),0)) -> 0 | Y15: =IF(N80>0,ROUNDUP((N80/100),0),ROUNDUP((Q8/100),0)) -> 0 | Z15: =IF(O80>0,ROUNDUP((O80/100),0),ROUNDUP((R8/100),0)) -> 0 | AA15: =IF(OR(N80>0,O80>0),ROUNDUP((N80+O80)/400,0),ROUNDUP(Q5/400,0)) -> 0 | AB15: See section 411 if eyewash stations are provided
U16: res. Care | V16: i-1 | W16: =IF(N87>0,ROUNDUP((N87/10),0),ROUNDUP((Q8/10),0)) -> 0 | X16: =IF(O87>0,ROUNDUP((O87/10),0),ROUNDUP((R8/10),0)) -> 0 | Y16: =IF(N87>0,ROUNDUP((N87/10),0),ROUNDUP((Q8/10),0)) -> 0 | Z16: =IF(O87>0,ROUNDUP((O87/10),0),ROUNDUP((R8/10),0)) -> 0 | AA16: =IF(OR(N87>0,O87>0),ROUNDUP((N87+O87)/100,0),ROUNDUP(Q5/100,0)) -> 0 | AB16: =IF(OR(N87>0,O87>0),ROUNDUP((N87+O87)/8,0),ROUNDUP(Q5/8,0)) -> 0
U17: employees | V17: i-2 | W17: =IF(N96>0,ROUNDUP((N96/25),0),ROUNDUP((Q8/25),0)) -> 0 | X17: =IF(O96>0,ROUNDUP((O96/25),0),ROUNDUP((R8/25),0)) -> 0 | Y17: =IF(N96>0,ROUNDUP((N96/35),0),ROUNDUP((Q8/35),0)) -> 0 | Z17: =IF(O96>0,ROUNDUP((O96/35),0),ROUNDUP((R8/35),0)) -> 0 | AA17: =IF(OR(N96>0,O96>0),ROUNDUP((N96+O96)/100,0),ROUNDUP(Q5/100,0)) -> 0 | AB17: -
U18: visitors | V18: i-2 | W18: =IF(N102>0,ROUNDUP((N102/75),0),ROUNDUP((Q8/75),0)) -> 0 | X18: =IF(O102>0,ROUNDUP((O102/75),0),ROUNDUP((R8/75),0)) -> 0 | Y18: =IF(N102>0,ROUNDUP((N102/100),0),ROUNDUP((Q8/100),0)) -> 0 | Z18: =IF(O102>0,ROUNDUP((O102/100),0),ROUNDUP((R8/100),0)) -> 0 | AA18: =IF(OR(N102>0,O102>0),ROUNDUP((N102+O102)/500,0),ROUNDUP(Q5/500,0)) -> 0 | AB18: -
U19: reformitories | V19: i-3 | W19: =IF(N111>0,ROUNDUP((N111/15),0),ROUNDUP((Q8/15),0)) -> 0 | X19: =IF(O111>0,ROUNDUP((O111/15),0),ROUNDUP((R8/15),0)) -> 0 | Y19: =IF(N111>0,ROUNDUP((N111/15),0),ROUNDUP((Q8/15),0)) -> 0 | Z19: =IF(O111>0,ROUNDUP((O111/15),0),ROUNDUP((R8/15),0)) -> 0 | AA19: =IF(OR(N111>0,O111>0),ROUNDUP((N111+O111)/100,0),ROUNDUP(Q5/100,0)) -> 0 | AB19: =IF(OR(N111>0,O111>0),ROUNDUP((N111+O111)/15,0),ROUNDUP(Q5/15,0)) -> 0
U20: employees | V20: i-3 | W20: =IF(N117>0,ROUNDUP((N117/25),0),ROUNDUP((Q8/25),0)) -> 0 | X20: =IF(O117>0,ROUNDUP((O117/25),0),ROUNDUP((R8/25),0)) -> 0 | Y20: =IF(N117>0,ROUNDUP((N117/35),0),ROUNDUP((Q8/35),0)) -> 0 | Z20: =IF(O117>0,ROUNDUP((O117/35),0),ROUNDUP((R8/35),0)) -> 0 | AA20: =IF(OR(N117>0,O117>0),ROUNDUP((N117+O117)/100,0),ROUNDUP(Q5/100,0)) -> 0 | AB20: -
C21: A-3 | D21: Auditoriums without permanent seating, art galleries, exhibitions halls, museums, lecture halls, libraries, arcades, and gymnasiums | F21: =IF(AND(OR(N21>0,O21>0),N21+O21<=15),"Single restroom okay for 15 or less (IPC 403.2(2))",IF(AND(OR(N21>0,O21>0),N21+O21>Q5),W7,IF(AND(OR(N21>0,O21>0),N21+O21<Q5),W7,IF(Q5<=15,"Single restroom okay for 15 or less (IPC 403.2(2))",W7)))) -> Single restroom okay for 15 or less (IPC 403.2(2)) | G21: =IF(F21="Single restroom okay for 15 or less (IPC 403.2(2))","-",X7) -> - | H21: Can substitute up to 67% of required fixtures (IPC 424.2) | I21: =Y7 -> 0 | J21: =IF(F21="Single restroom okay for 15 or less (IPC 403.2(2))","-",Z7) -> - | K21: - | L21: =IF(F21="Single restroom okay for 15 or less (IPC 403.2(2))","15 or less Fountain exempt(IPC 410.2)",AA7) -> 15 or less Fountain exempt(IPC 410.2) | M21: 1 service sink | N21: 0 | O21: =N21 -> 0 | U21: daycare | V21: i-4 | W21: =IF(N123>0,ROUNDUP((N123/15),0),ROUNDUP((Q8/15),0)) -> 0 | X21: =IF(O123>0,ROUNDUP((O123/15),0),ROUNDUP((R8/15),0)) -> 0 | Y21: =IF(N123>0,ROUNDUP((N123/15),0),ROUNDUP((Q8/15),0)) -> 0 | Z21: =IF(O123>0,ROUNDUP((O123/15),0),ROUNDUP((R8/15),0)) -> 0 | AA21: =IF(OR(N123>0,O123>0),ROUNDUP((N123+O123)/100,0),ROUNDUP(Q5/100,0)) -> 0 | AB21: 1
U22: mercantile | V22: m | W22: =IF(N129>0,ROUNDUP((N129/500),0),ROUNDUP((Q8/500),0)) -> 0 | X22: =IF(O129>0,ROUNDUP((O129/500),0),ROUNDUP((R8/500),0)) -> 0 | Y22: =IF(N129>0,ROUNDUP((N129/750),0),ROUNDUP((Q8/750),0)) -> 0 | Z22: =IF(O129>0,ROUNDUP((O129/750),0),ROUNDUP((R8/750),0)) -> 0 | AA22: =IF(OR(N129>0,O129>0),ROUNDUP((N129+O129)/1000,0),ROUNDUP(Q5/1000,0)) -> 0 | AB22: -
U23: dormitories | V23: r-2 | W23: =IF(N140>0,ROUNDUP((N140/10),0),ROUNDUP((Q5/10),0)) -> 0 | X23: =IF(N140>0,ROUNDUP((N140/10),0),ROUNDUP((R8/10),0)) -> 0 | Y23: =IF(N140>0,ROUNDUP((N140/10),0),ROUNDUP((Q5/10),0)) -> 0 | Z23: - | AA23: =IF(N140>0,ROUNDUP(N140/100,0),ROUNDUP(Q5/100,0)) -> 0 | AB23: =IF(N140>0,ROUNDUP(N140/8,0),ROUNDUP(Q5/8,0)) -> 0
U24: congregate | V24: r-3 | W24: =IF(N151>0,ROUNDUP((N151/10),0),ROUNDUP((Q5/10),0)) -> 0 | X24: =IF(N151>0,ROUNDUP((N151/10),0),ROUNDUP((R8/10),0)) -> 0 | Y24: =IF(N151>0,ROUNDUP((N151/10),0),ROUNDUP((Q5/10),0)) -> 0 | Z24: - | AA24: =IF(N151>0,ROUNDUP(N151/100,0),ROUNDUP(Q5/100,0)) -> 0 | AB24: =ROUNDUP((Q5/8),0) -> 0
U25: storage | V25: s-1 & s-2 | W25: =IF(N161>0,ROUNDUP((N161/100),0),ROUNDUP((Q5/100),0)) -> 0 | X25: =IF(N161>0,ROUNDUP((N161/100),0),ROUNDUP((R8/100),0)) -> 0 | Y25: =IF(N161>0,ROUNDUP((N161/100),0),ROUNDUP((Q5/100),0)) -> 0 | Z25: - | AA25: =IF(N161>0,ROUNDUP(N161/1000,0),ROUNDUP(Q5/1000,0)) -> 0 | AB25: See section 411 if eyewash stations are provided
D31: Casino Gaming areas | F31: =IF(AND(OR(N31>0,O31>0),N31+O31<=15),"Single restroom okay for 15 or less (IPC 403.2(2))",IF(AND(OR(N31>0,O31>0),N31+O31>Q5),W8,IF(AND(OR(N31>0,O31>0),N31+O31<Q5),W8,IF(Q5<=15,"Single restroom okay for 15 or less (IPC 403.2(2))",W8)))) -> Single restroom okay for 15 or less (IPC 403.2(2)) | G31: =IF(F31="Single restroom okay for 15 or less (IPC 403.2(2))","-",X8) -> - | H31: Can substitute up to 67% of required fixtures (IPC 424.2) | I31: =Y8 -> 0 | J31: =IF(F31="Single restroom okay for 15 or less (IPC 403.2(2))","-",Z8) -> - | K31: - | L31: =IF(F31="Single restroom okay for 15 or less (IPC 403.2(2))","15 or less Fountain exempt(IPC 410.2)",AA8) -> 15 or less Fountain exempt(IPC 410.2) | M31: 1 service sink | N31: 0 | O31: =N31 -> 0
D37: Passenger terminals and transportation facilities | F37: =IF(AND(OR(N37>0,O37>0),N37+O37<=15),"Single restroom okay for 15 or less (IPC 403.2(2))",IF(AND(OR(N37>0,O37>0),N37+O37>Q5),W9,IF(AND(OR(N37>0,O37>0),N37+O37<Q5),W9,IF(Q5<=15,"Single restroom okay for 15 or less (IPC 403.2(2))",W9)))) -> Single restroom okay for 15 or less (IPC 403.2(2)) | G37: =IF(F37="Single restroom okay for 15 or less (IPC 403.2(2))","-",X9) -> - | H37: Can substitute up to 67% of required fixtures (IPC 424.2) | I37: =Y9 -> 0 | J37: =IF(F37="Single restroom okay for 15 or less (IPC 403.2(2))","-",Z9) -> - | K37: - | L37: =IF(F37="Single restroom okay for 15 or less (IPC 403.2(2))","15 or less Fountain exempt(IPC 410.2)",AA9) -> 15 or less Fountain exempt(IPC 410.2) | M37: 1 service sink | N37: 0 | O37: =N37 -> 0
D43: Places of worship and other religious services | F43: =IF(AND(OR(N43>0,O43>0),N43+O43<=15),"Single restroom okay for 15 or less (IPC 403.2(2))",IF(AND(OR(N43>0,O43>0),N43+O43>Q5),W10,IF(AND(OR(N43>0,O43>0),N43+O43<Q5),W10,IF(Q5<=15,"Single restroom okay for 15 or less (IPC 403.2(2))",W10)))) -> Single restroom okay for 15 or less (IPC 403.2(2)) | G43: =IF(F43="Single restroom okay for 15 or less (IPC 403.2(2))","-",X10) -> - | H43: Can substitute up to 67% of required fixtures (IPC 424.2) | I43: =Y10 -> 0 | J43: =IF(F43="Single restroom okay for 15 or less (IPC 403.2(2))","-",Z10) -> - | K43: - | L43: =IF(F43="Single restroom okay for 15 or less (IPC 403.2(2))","15 or less Fountain exempt(IPC 410.2)",AA10) -> 15 or less Fountain exempt(IPC 410.2) | M43: 1 service sink | N43: 0 | O43: =N43 -> 0
C49: A-4 | D49: Colliseums, arenas, skating rinks, pools and tennis courts for indoor sporting events and activities | F49: =IF(AND(OR(N49>0,O49>0),N49+O49<=15),"Single restroom okay for 15 or less (IPC 403.2(2))",IF(AND(OR(N49>0,O49>0),N49+O49>Q5),W11,IF(AND(OR(N49>0,O49>0),N49+O49<Q5),W11,IF(Q5<=15,"Single restroom okay for 15 or less (IPC 403.2(2))",W11)))) -> Single restroom okay for 15 or less (IPC 403.2(2)) | G49: =IF(F49="Single restroom okay for 15 or less (IPC 403.2(2))","-",X11) -> - | H49: Can substitute up to 67% of required fixtures (IPC 424.2) | I49: =Y11 -> 0 | J49: =IF(F49="Single restroom okay for 15 or less (IPC 403.2(2))","-",Z11) -> - | K49: - | L49: =IF(F49="Single restroom okay for 15 or less (IPC 403.2(2))","15 or less Fountain exempt(IPC 410.2)",AA11) -> 15 or less Fountain exempt(IPC 410.2) | M49: 1 service sink | N49: 0 | O49: =N49 -> 0
C55: A-5 | D55: Stadiums, amusement parks, bleachers and grand stands for outdoor sporting events and activities | F55: =IF(AND(OR(N55>0,O55>0),N55+O55<=15),"Single restroom okay for 15 or less (IPC 403.2(2))",IF(AND(OR(N55>0,O55>0),N55+O55>Q5),W12,IF(AND(OR(N55>0,O55>0),N55+O55<Q5),W12,IF(Q5<=15,"Single restroom okay for 15 or less (IPC 403.2(2))",W12)))) -> Single restroom okay for 15 or less (IPC 403.2(2)) | G55: =IF(F55="Single restroom okay for 15 or less (IPC 403.2(2))","-",X12) -> - | H55: Can substitute up to 67% of required fixtures (IPC 424.2) | I55: =Y12 -> 0 | J55: =IF(F55="Single restroom okay for 15 or less (IPC 403.2(2))","-",Z12) -> - | K55: - | L55: =IF(F55="Single restroom okay for 15 or less (IPC 403.2(2))","15 or less Fountain exempt(IPC 410.2)",AA12) -> 15 or less Fountain exempt(IPC 410.2) | M55: 1 service sink | N55: 0 | O55: =N55 -> 0
A62: Bussiness | C62: B | D62: Buildings for the transaction of business, professional services, other services involving merchandise, office buildings, banks, light industrial, ambulatory care and similar uses | F62: =IF(AND(OR(N62>0,O62>0),N62+O62<=25),"Single restroom okay for 25 or less (IPC 403.2(2))",IF(AND(OR(N62>0,O62>0),N62+O62>Q5),W13,IF(AND(OR(N62>0,O62>0),N62+O62<Q5),W13,IF(Q5<=25,"Single restroom okay for 25 or less (IPC 403.2(2))",W13)))) -> Single restroom okay for 25 or less (IPC 403.2(2)) | G62: =IF(F62="Single restroom okay for 25 or less (IPC 403.2(2))","-",X13) -> - | H62: Can substitute up to 50% of required fixtures (IPC 424.2) | I62: =Y13 -> 0 | J62: =IF(F62="Single restroom okay for 25 or less (IPC 403.2(2))","-",Z13) -> - | K62: - | L62: =IF(AND(OR(N62>0,O62>0),N62+O62<=15),"15 or less Fountain exempt(IPC 410.2)",IF(AND(OR(N62>0,O62>0),N62+O62>Q5),AA13,IF(AND(OR(N62>0,O62>0),N62+O62<Q5),AA13,IF(Q5<=25,"15 or less Fountain exempt(IPC 410.2)",AA13)))) -> 15 or less Fountain exempt(IPC 410.2) | M62: =IF(AND(OR(N62>0,O62>0),((N62+O62)<=15)),"15 or less Service sink exempt (IPC 403.1(e))",IF(AND(OR(N62>0,O62>0),N62+O62>Q5),"1 service sink",IF(AND(OR(N62>0,O62>0),N62+O62<Q5),"1 service sink",IF(Q5<=15,"15 or less Service sink exempt (IPC 403.1(e))","1 service sink")))) -> 15 or less Service sink exempt (IPC 403.1(e)) | N62: 0 | O62: =N62 -> 0
A74: Educational | C74: E | D74: Educational Facilities | F74: =IF(AND(OR(N74>0,O74>0),N74+O74<=15),"Single restroom okay for 15 or less (IPC 403.2(2))",IF(AND(OR(N74>0,O74>0),N74+O74>Q5),W14,IF(AND(OR(N74>0,O74>0),N74+O74<Q5),W14,IF(Q5<=15,"Single restroom okay for 15 or less (IPC 403.2(2))",W14)))) -> Single restroom okay for 15 or less (IPC 403.2(2)) | G74: =IF(F74="Single restroom okay for 15 or less (IPC 403.2(2))","-",X14) -> - | H74: Can substitute up to 67% of required fixtures (IPC 424.2) | I74: =Y14 -> 0 | J74: =IF(F74="Single restroom okay for 15 or less (IPC 403.2(2))","-",Z14) -> - | K74: - | L74: =IF(F74="Single restroom okay for 15 or less (IPC 403.2(2))","15 or less Fountain exempt(IPC 410.2)",AA14) -> 15 or less Fountain exempt(IPC 410.2) | M74: 1 service sink | N74: 0 | O74: =N74 -> 0
A80: Factory or Industrial | C80: F1 & F2 | D80: Structures in which occupants are engages in work fabricating, assembly or processing of products or materials | F80: =IF(AND(OR(N80>0,O80>0),N80+O80<=15),"Single restroom okay for 15 or less (IPC 403.2(2))",IF(AND(OR(N80>0,O80>0),N80+O80>Q5),W15,IF(AND(OR(N80>0,O80>0),N80+O80<Q5),W15,IF(Q5<=15,"Single restroom okay for 15 or less (IPC 403.2(2))",W15)))) -> Single restroom okay for 15 or less (IPC 403.2(2)) | G80: =IF(F80="Single restroom okay for 15 or less (IPC 403.2(2))","-",X15) -> - | H80: Can substitute up to 50% of required fixtures | I80: =Y15 -> 0 | J80: =IF(F80="Single restroom okay for 15 or less (IPC 403.2(2))","-",Z15) -> - | K80: =AB15 -> See section 411 if eyewash stations are provided | L80: =IF(F80="Single restroom okay for 15 or less (IPC 403.2(2))","15 or less Fountain exempt(IPC 410.2)",AA15) -> 15 or less Fountain exempt(IPC 410.2) | M80: 1 service sink | N80: 0 | O80: =N80 -> 0
A87: Institutional | C87: I-1 | D87: Residential Care | F87: =IF(AND(OR(N87>0,O87>0),N87+O87<=15),"Single restroom okay for 15 or less (IPC 403.2(2))",IF(AND(OR(N87>0,O87>0),N87+O87>Q5),W16,IF(AND(OR(N87>0,O87>0),N87+O87<Q5),W16,IF(Q5<=15,"Single restroom okay for 15 or less (IPC 403.2(2))",W16)))) -> Single restroom okay for 15 or less (IPC 403.2(2)) | G87: =IF(F87="Single restroom okay for 15 or less (IPC 403.2(2))","-",X16) -> - | H87: Can substitute up to 50% of required fixtures (IPC 424.2) | I87: =Y16 -> 0 | J87: =IF(F87="Single restroom okay for 15 or less (IPC 403.2(2))","-",Z16) -> - | K87: =AB16 -> 0 | L87: =IF(F87="Single restroom okay for 15 or less (IPC 403.2(2))","15 or less Fountain exempt(IPC 410.2)",AA16) -> 15 or less Fountain exempt(IPC 410.2) | M87: 1 service sink | N87: 0 | O87: =N87 -> 0
C93: I-2 | D93: Hospitals, ambulatory nursing home care recipient | F93: 1 per room | H93: - | I93: 1 per room | K93: =IF(OR(N93>0,O93>0),ROUNDUP((N93+O93)/15,0),ROUNDUP(Q5/15,0)) -> 0 | L93: =IF(OR(N93>0,O93>0),ROUNDUP((N93+O93)/100,0),ROUNDUP(Q5/100,0)) -> 0 | M93: 1 service sink | N93: 0 | O93: =N93 -> 0
D96: Emplyees, other than residential care | F96: =IF(AND(OR(N96>0,O96>0),N96+O96<=15),"Single restroom okay for 15 or less (IPC 403.2(2))",IF(AND(OR(N96>0,O96>0),N96+O96>Q5),W17,IF(AND(OR(N96>0,O96>0),N96+O96<Q5),W17,IF(Q5<=15,"Single restroom okay for 15 or less (IPC 403.2(2))",W17)))) -> Single restroom okay for 15 or less (IPC 403.2(2)) | G96: =IF(F96="Single restroom okay for 15 or less (IPC 403.2(2))","-",X17) -> - | H96: - | I96: =Y17 -> 0 | J96: =IF(F96="Single restroom okay for 15 or less (IPC 403.2(2))","-",Z17) -> - | K96: - | L96: =IF(AND(OR(N96>0,O96>0),N96+O96<=15),"15 or less Fountain exempt(IPC 410.2)",IF(Q5<=15,"15 or less Fountain exempt(IPC 410.2)",AA17)) -> 15 or less Fountain exempt(IPC 410.2) | M96: - | N96: 0 | O96: =N96 -> 0
D102: Visitors, other than residential care | F102: =IF(AND(OR(N102>0,O102>0),N102+O102<=15),"Single restroom okay for 15 or less (IPC 403.2(2))",IF(AND(OR(N102>0,O102>0),N102+O102>Q5),W18,IF(AND(OR(N102>0,O102>0),N102+O102<Q5),W18,IF(Q5<=15,"Single restroom okay for 15 or less (IPC 403.2(2))",W18)))) -> Single restroom okay for 15 or less (IPC 403.2(2)) | G102: =IF(F102="Single restroom okay for 15 or less (IPC 403.2(2))","-",X18) -> - | H102: - | I102: =Y18 -> 0 | J102: =IF(F102="Single restroom okay for 15 or less (IPC 403.2(2))","-",Z18) -> - | K102: - | L102: =IF(AND(OR(N102>0,O102>0),N102+O102<=15),"15 or less Fountain exempt(IPC 410.2)",IF(Q5<=15,"15 or less Fountain exempt(IPC 410.2)",AA18)) -> 15 or less Fountain exempt(IPC 410.2) | M102: - | N102: 0 | O102: =N102 -> 0
C108: I-3 | D108: Prisonsers | F108: 1 per cell | H108: - | I108: 1 per cell | K108: 1 per 100 | L108: ="1 per 100" -> 1 per 100 | M108: 1 service sink | N108: 0 | O108: =N108 -> 0
D111: Reformitories, detention centers, and correctional centers | F111: =IF(AND(OR(N111>0,O111>0),N111+O111<=15),"Single restroom okay for 15 or less (IPC 403.2(2))",IF(AND(OR(N111>0,O111>0),N111+O111>Q5),W19,IF(AND(OR(N111>0,O111>0),N111+O111<Q5),W19,IF(Q5<=15,"Single restroom okay for 15 or less (IPC 403.2(2))",W19)))) -> Single restroom okay for 15 or less (IPC 403.2(2)) | G111: =IF(F111="Single restroom okay for 15 or less (IPC 403.2(2))","-",X19) -> - | H111: - | I111: =Y19 -> 0 | J111: =IF(F111="Single restroom okay for 15 or less (IPC 403.2(2))","-",Z18) -> - | K111: =AB19 -> 0 | L111: =IF(F111="Single restroom okay for 15 or less (IPC 403.2(2))","15 or less Fountain exempt(IPC 410.2)",AA19) -> 15 or less Fountain exempt(IPC 410.2) | M111: 1 service sink | N111: 0 | O111: =N111 -> 0
D117: Employees | F117: =IF(AND(OR(N117>0,O117>0),N117+O117<=15),"Single restroom okay for 15 or less (IPC 403.2(2))",IF(AND(OR(N117>0,O117>0),N117+O117>Q5),W20,IF(AND(OR(N117>0,O117>0),N117+O117<Q5),W20,IF(Q5<=15,"Single restroom okay for 15 or less (IPC 403.2(2))",W20)))) -> Single restroom okay for 15 or less (IPC 403.2(2)) | G117: =IF(F117="Single restroom okay for 15 or less (IPC 403.2(2))","-",X20) -> - | H117: - | I117: =Y20 -> 0 | J117: =IF(F117="Single restroom okay for 15 or less (IPC 403.2(2))","-",Z20) -> - | K117: - | L117: =IF(F117="Single restroom okay for 15 or less (IPC 403.2(2))","15 or less Fountain exempt(IPC 410.2)",AA20) -> 15 or less Fountain exempt(IPC 410.2) | M117: - | N117: 0 | O117: =N117 -> 0
C123: I-4 | D123: Adult daycare and child daycare | F123: =IF(AND(OR(N123>0,O123>0),N123+O123<=15),"Single restroom okay for 15 or less (IPC 403.2(2))",IF(AND(OR(N123>0,O123>0),N123+O123>Q5),W21,IF(AND(OR(N123>0,O123>0),N123+O123<Q5),W21,IF(Q5<=15,"Single restroom okay for 15 or less (IPC 403.2(2))",W21)))) -> Single restroom okay for 15 or less (IPC 403.2(2)) | G123: =IF(F123="Single restroom okay for 15 or less (IPC 403.2(2))","-",X21) -> - | H123: - | I123: =Y21 -> 0 | J123: =Z21 -> 0 | K123: =AB21 -> 1 | L123: =IF(F123="Single restroom okay for 15 or less (IPC 403.2(2))","15 or less Fountain exempt(IPC 410.2)",AA21) -> 15 or less Fountain exempt(IPC 410.2) | M123: 1 service sink | N123: 0 | O123: =N123 -> 0
A129: Merchantile | C129: M | D129: Retail stores, service stations, shops, salesroom, markets, and shopping centers | F129: =IF(AND(OR(N129>0,O129>0),N129+O129<=100),"Single restroom okay for 100 or less (IPC 403.2(3))",IF(AND(OR(N129>0,O129>0),N129+O129>Q5),W22,IF(AND(OR(N129>0,O129>0),N129+O129<Q5),W22,IF(Q5<=100,"Single restroom okay for 100 or less (IPC 403.2(3))",W22)))) -> Single restroom okay for 100 or less (IPC 403.2(3)) | G129: =IF(F129="Single restroom okay for 100 or less (IPC 403.2(3))","-",X22) -> - | H129: Can substitute up to 50% of required fixtures (IPC 424.2) | I129: =Y22 -> 0 | J129: =IF(F129="Single restroom okay for 100 or less (IPC 403.2(3))","-",Z22) -> - | K129: - | L129: =IF(AND(OR(N129>0,O129>0),N129+O129<=15),"15 or less Fountain exempt(IPC 410.2)",IF(AND(OR(N129>0,O129>0),N129+O129>Q5),AA22,IF(AND(OR(N129>0,O129>0),N129+O129<Q5),AA22,IF(Q5<=15,"15 or less Fountain exempt(IPC 410.2)",AA22)))) -> 15 or less Fountain exempt(IPC 410.2) | M129: =IF(AND(OR(N129>0,O129>0),N129+O129<=15),"15 or less Service sink exempt (IPC 403.1(e))",IF(AND(OR(N129>0,O129>0),N129+O129>Q5),"1 service sink",IF(AND(OR(N129>0,O129>0),N129+O129<Q5),"1 service sink",IF(Q5<=15,"15 or less Service sink exempt (IPC 403.1(e))","1 service sink")))) -> 15 or less Service sink exempt (IPC 403.1(e)) | N129: 0 | O129: =N129 -> 0
A137: Residential | C137: R-1 | D137: Hotels, motels, boarding houses (transient) | F137: 1 per sleeping unit | H137: - | I137: 1 per sleeping unit | K137: 1 per sleeping unit | L137: - | M137: 1 service sink | N137: -
C140: R-2 | D140: Dormitories, fraternities, soroitites, and boarding houses (non transient) | F140: =W23 -> 0 | H140: - | I140: =Y23 -> 0 | K140: =AB23 -> 0 | L140: =IF(AND(N140>0,N140<=15),"15 or less Fountain exempt(IPC 410.2)",IF(Q5<=15,"15 or less Fountain exempt(IPC 410.2)",AA23)) -> 15 or less Fountain exempt(IPC 410.2) | M140: 1 service sink | N140: 0
D145: Apartment house | F145: 1 per dwelling unit | H145: - | I145: 1 per dwelling unit | K145: 1 per dwelling unit | L145: - | M145: 1 kitchen sink per dwelling unit; 1 automatic clothes washer connection per 20 dwelling units | N145: -
C151: R-3 | D151: Congregate living facilities with 16 or fewer persons | F151: =W24 -> 0 | H151: - | I151: =Y24 -> 0 | K151: =AB24 -> 0 | L151: =IF(AND(N151>0,N151<=15),"15 or less Fountain exempt(IPC 410.2)",IF(Q5<=15,"15 or less Fountain exempt(IPC 410.2)",AA24)) -> 15 or less Fountain exempt(IPC 410.2) | M151: 1 service sink | N151: 0
D155: One- and two- family dwellings and lodging houses with five or fewer guestrooms | F155: 1 per dwelling unit | H155: - | I155: 1 per dwelling unit | K155: 1 per dwelling unit | L155: - | M155: 1 kitchen sink per dwelling unit; 1 automatic clothes washer connection per dwelling unit | N155: -
A161: Storage | C161: S-1 & S-2 | D161: Structures for the storage of goods, warehouses, store houses and freight depots. Low and Moderate Hazard. | F161: =IF(AND(N161>0,N161<=15),"Single restroom okay for 15 or less (IPC 403.2(2))",IF(AND(N161>0,N161>Q5),W25,IF(AND(N161>0,N161<Q5),W25,IF(Q5<=15,"Single restroom okay for 15 or less (IPC 403.2(2))",W25)))) -> Single restroom okay for 15 or less (IPC 403.2(2)) | H161: - | I161: =Y25 -> 0 | K161: =AB25 -> See section 411 if eyewash stations are provided | L161: =IF(AND(N161>0,N161<=15),"15 or less Fountain exempt(IPC 410.2)",IF(Q5<=15,"15 or less Fountain exempt(IPC 410.2)",#REF!)) -> 15 or less Fountain exempt(IPC 410.2) | M161: 1 service sink | N161: 0

Sheet 2021 IPC
A1: Classification: | C1: Occupancy: | D1: Description: | F1: Water Closets: | H1: Urinals: | I1: Lavatories: | K1: Bathtubs / Showers: | L1: Drinking Fountain: | M1: Other: | N1: Manual Occupant Load Override: | W1: WATER CLOSETS | Y1: LAVATORIES | AA1: fountain | AB1: shower
F2: Male: | G2: Female: | I2: Male: | J2: Female: | N2: Male: | O2: Female: | W2: 2009 - 2021 IPC | X2: 2009 - 2021 IPC | Y2: 2009 - 2021 IPC | Z2: 2009 - 2021 IPC | AA2: 2021 - 2021 IPC | AB2: 2021 - 2021 IPC
A3: Assembly | C3: A-1 | D3: Theaters and other buildings for the performing arts and motion pictures | F3: =IF(AND(OR(N3>0,O3>0),N3+O3<=15),"Single restroom okay for 15 or less (IPC 403.2(2))",IF(AND(OR(N3>0,O3>0),N3+O3>Q5),W4,IF(AND(OR(N3>0,O3>0),N3+O3<Q5),W4,IF(Q5<=15,"Single restroom okay for 15 or less (IPC 403.2(2))",W4)))) -> Single restroom okay for 15 or less (IPC 403.2(2)) | G3: =IF(F3="Single restroom okay for 15 or less (IPC 403.2(2))","-",X4) -> - | H3: Can substitute up to 67% of required fixtures (IPC 424.2) | I3: =Y4 -> 0 | J3: =IF(F3="Single restroom okay for 15 or less (IPC 403.2(2))","-",Z4) -> - | K3: - | L3: =IF(F3="Single restroom okay for 15 or less (IPC 403.2(2))","15 or less Fountain exempt(IPC 410.2)",AA4) -> 15 or less Fountain exempt(IPC 410.2) | M3: 1 service sink | N3: 0 | O3: =N3 -> 0 | Q3: Total Occupant Load: | W3: male | X3: female | Y3: male | Z3: female | AA3: fountain | AB3: shower
U4: Theater | V4: a-1 | W4: =IF(N3>0,ROUNDUP((N3/125),0),ROUNDUP((Q8/125),0)) -> 0 | X4: =IF(O3>0,ROUNDUP((O3/65),0),ROUNDUP((R8/65),0)) -> 0 | Y4: =IF(N3>0,ROUNDUP((N3/200),0),ROUNDUP((Q8/200),0)) -> 0 | Z4: =IF(O3>0,ROUNDUP((O3/200),0),ROUNDUP((R8/200),0)) -> 0 | AA4: =IF(OR(N3>0,O3>0),ROUNDUP((N3+O3)/500,0),ROUNDUP(Q5/500,0)) -> 0 | AB4: -
Q5: ='Occupant Calculator'!D34 -> 0 | U5: night clubs | V5: a-2 | W5: =IF(N9>0,ROUNDUP((N9/40),0),ROUNDUP((Q8/40),0)) -> 0 | X5: =IF(O9>0,ROUNDUP((O9/40),0),ROUNDUP((R8/40),0)) -> 0 | Y5: =IF(N9>0,ROUNDUP((N9/75),0),ROUNDUP((Q8/75),0)) -> 0 | Z5: =IF(O9>0,ROUNDUP((O9/75),0),ROUNDUP((R8/75),0)) -> 0 | AA5: =IF(OR(N9>0,O9>0),ROUNDUP((N9+O9)/500,0),ROUNDUP(Q5/500,0)) -> 0 | AB5: -
U6: restaurants | V6: a-2 | W6: =IF(N15>0,ROUNDUP((N15/75),0),ROUNDUP((Q8/75),0)) -> 0 | X6: =IF(O15>0,ROUNDUP((O15/75),0),ROUNDUP((R8/75),0)) -> 0 | Y6: =IF(N15>0,ROUNDUP((N15/200),0),ROUNDUP((Q8/200),0)) -> 0 | Z6: =IF(O15>0,ROUNDUP((O15/200),0),ROUNDUP((R8/200),0)) -> 0 | AA6: =IF(OR(N15>0,O15>0),ROUNDUP((N15+O15)/500,0),ROUNDUP(Q5/500,0)) -> 0 | AB6: -
Q7: Male: | R7: Female: | U7: auditoriums | V7: a-3 | W7: =IF(N21>0,ROUNDUP((N21/125),0),ROUNDUP((Q8/125),0)) -> 0 | X7: =IF(O21>0,ROUNDUP((O21/65),0),ROUNDUP((R8/65),0)) -> 0 | Y7: =IF(N21>0,ROUNDUP((N21/200),0),ROUNDUP((Q8/200),0)) -> 0 | Z7: =IF(O21>0,ROUNDUP((O21/200),0),ROUNDUP((R8/200),0)) -> 0 | AA7: =IF(OR(N21>0,O21>0),ROUNDUP((N21+O21)/500,0),ROUNDUP(Q5/500,0)) -> 0 | AB7: -
Q8: =ROUNDUP((Q5/2),1) -> 0 | R8: =ROUNDUP((Q5/2),1) -> 0 | U8: casinos | V8: a-3 | W8: =IF(AND(N31>0,N31<=400),(ROUNDUP(N31/100,0)),IF(N31>400,(ROUNDUP(N31/250,0))+3,IF(AND(Q8>0,Q8<=400),(ROUNDUP(Q8/100,0)),IF(Q8>400,(ROUNDUP(Q8/250,0))+3,0)))) -> 0 | X8: =IF(AND(O31>0,O31<=400),(ROUNDUP(O31/50,0)),IF(O31>400,(ROUNDUP(O31/150,0))+5,IF(AND(R8>0,R8<=400),(ROUNDUP(R8/50,0)),IF(R8>400,(ROUNDUP(R8/150,0))+5,0)))) -> 0 | Y8: =IF(AND(N31>0,N31<=250),1,IF(AND(N31>250,N31<=500),2,IF(AND(N31>500,N31<=750),3,IF(N31>750,(ROUNDUP(N31/500,0)+2),IF(AND(Q8>0,Q8<=250),1,IF(AND(Q8>250,Q8<=500),2,IF(AND(Q8>500,Q8<=750),3,IF(Q8>750,(ROUNDUP(Q8/500,0)+2),0)))))))) -> 0 | Z8: =IF(AND(O31>0,O31<=250),1,IF(AND(O31>250,O31<=500),2,IF(AND(O31>500,O31<=750),3,IF(O31>750,(ROUNDUP(O31/500,0)+2),IF(AND(R8>0,R8<=250),1,IF(AND(R8>250,R8<=500),2,IF(AND(R8>500,R8<=750),3,IF(R8>750,(ROUNDUP(R8/500,0)+2),0)))))))) -> 0 | AA8: =IF(OR(N31>0,O31>0),ROUNDUP((N31+O31)/1000,0),ROUNDUP(Q5/1000,0)) -> 0 | AB8: -
C9: A-2 | D9: Nightclubs, bars, taverns, dance halls, and buildings for similar purposes | F9: =IF(AND(OR(N9>0,O9>0),N9+O9<=15),"Single restroom okay for 15 or less (IPC 403.2(2))",IF(AND(OR(N9>0,O9>0),N9+O9>Q5),W5,IF(AND(OR(N9>0,O9>0),N9+O9<Q5),W5,IF(Q5<=15,"Single restroom okay for 15 or less (IPC 403.2(2))",W5)))) -> Single restroom okay for 15 or less (IPC 403.2(2)) | G9: =IF(F9="Single restroom okay for 15 or less (IPC 403.2(2))","-",X5) -> - | H9: Can substitute up to 67% of required fixtures (IPC 424.2) | I9: =Y5 -> 0 | J9: =IF(F9="Single restroom okay for 15 or less (IPC 403.2(2))","-",Z5) -> - | K9: - | L9: =IF(F9="Single restroom okay for 15 or less (IPC 403.2(2))","15 or less Fountain exempt(IPC 410.2)",AA5) -> 15 or less Fountain exempt(IPC 410.2) | M9: 1 service sink | N9: 0 | O9: =N9 -> 0 | U9: passenger terminal | V9: a-3 | W9: =IF(N37>0,ROUNDUP((N37/50),0),ROUNDUP((Q8/500),0)) -> 0 | X9: =ROUNDUP((R8/500),0) -> 0 | Y9: =IF(N37>0,ROUNDUP((N37/750),0),ROUNDUP((Q8/750),0)) -> 0 | Z9: =IF(O37>0,ROUNDUP((O37/750),0),ROUNDUP((R8/750),0)) -> 0 | AA9: =IF(OR(N37>0,O37>0),ROUNDUP((N37+O37)/1000,0),ROUNDUP(Q5/1000,0)) -> 0 | AB9: -
P10: Notes: | U10: religious | V10: a-3 | W10: =IF(N43>0,ROUNDUP((N43/150),0),ROUNDUP((Q8/150),0)) -> 0 | X10: =ROUNDUP((R8/75),0) -> 0 | Y10: =IF(N43>0,ROUNDUP((N43/200),0),ROUNDUP((Q8/200),0)) -> 0 | Z10: =IF(O43>0,ROUNDUP((O43/200),0),ROUNDUP((R8/200),0)) -> 0 | AA10: =IF(OR(N43>0,O43>0),ROUNDUP((N43+O43)/1000,0),ROUNDUP(Q5/1000,0)) -> 0 | AB10: -
P11: 1. 2021 WA State Building Code, 2902.5.1: Occupant loads with 30 or less persons do not require a drinking fountain. | U11: collseums | V11: a-4 | W11: =IF(AND(N49>0,N49<=1500),(ROUNDUP(N49/75,0)),IF(N49>1500,(ROUNDUP(N49/120,0))+8,IF(AND(Q8>0,Q8<=1500),(ROUNDUP(Q8/75,0)),IF(Q8>1500,(ROUNDUP(Q8/120,0))+8,0)))) -> 0 | X11: =IF(AND(O49>0,O49<=1520),(ROUNDUP(O49/40,0)),IF(O49>1520,(ROUNDUP(O49/60,0))+12,IF(AND(R8>0,R8<=1520),(ROUNDUP(R8/40,0)),IF(R8>1520,(ROUNDUP(R8/60,0))+12,0)))) -> 0 | Y11: =IF(N49<0,ROUNDUP((N49/200),0),ROUNDUP((Q8/200),0)) -> 0 | Z11: =IF(O49>0,ROUNDUP((O49/150),0),ROUNDUP((R8/150),0)) -> 0 | AA11: =IF(OR(N49>0,O49>0),ROUNDUP((N49+O49)/1000,0),ROUNDUP(Q5/1000,0)) -> 0 | AB11: -
P12: 2. 2022 Oregan Structural Speciality Code, Section 2902.2(2): Occupants loads with 30 or less only require a single user restroom. | U12: stadiums | V12: a-5 | W12: =IF(AND(N55>0,N55<=1500),(ROUNDUP(N55/75,0)),IF(N55>1500,(ROUNDUP(N55/120,0))+8,IF(AND(Q8>0,Q8<=1500),(ROUNDUP(Q8/75,0)),IF(Q8>1500,(ROUNDUP(Q8/120,0))+8,0)))) -> 0 | X12: =IF(AND(O55>0,O55<=1520),(ROUNDUP(O55/40,0)),IF(O55>1520,(ROUNDUP(O55/60,0))+12,IF(AND(R8>0,R8<=1520),(ROUNDUP(R8/40,0)),IF(R8>1520,(ROUNDUP(R8/60,0))+12,0)))) -> 0 | Y12: =IF(N55>0,ROUNDUP((N55/200),0),ROUNDUP((Q8/200),0)) -> 0 | Z12: =IF(O55>0,ROUNDUP((O55/150),0),ROUNDUP((R8/150),0)) -> 0 | AA12: =IF(OR(N55>0,O55>0),ROUNDUP((N55+O55)/1000,0),ROUNDUP(Q5/1000,0)) -> 0 | AB12: -
P13: 3. UT State Construction Code: IPC, Section 413.5: Floor drains required in all public restrooms. | U13: business | V13: b | W13: =IF(AND(N62>0,N62<=25),1,IF(AND(N62>25,N62<=50),2,IF(N62>50,(ROUNDUP(N62/50,0)+1),IF(AND(Q5>0,Q5<=25),1,IF(AND(Q5>25,Q5<=50),2,IF(Q5>50,(ROUNDUP(Q5/50,0)+1),0)))))) -> 0 | X13: - | Y13: =IF(AND(N62>0,N62<=40),1,IF(AND(N62>40,N62<=80),2,IF(N62>80,(ROUNDUP(N62/80,0)+1),IF(AND(Q5>0,Q5<=40),1,IF(AND(Q5>40,Q5<=80),2,IF(Q5>80,(ROUNDUP(Q5/80,0)+1),0)))))) -> 0 | Z13: - | AA13: =IF(N62>0,ROUNDUP(N62/100,0),ROUNDUP(Q5/100,0)) -> 0 | AB13: -
P14: 4. LA Plumbing Code, Section 413.5: Floor drains required in all public restrooms. | U14: educational | V14: e | W14: =IF(N73>0,ROUNDUP((N73/50),0),ROUNDUP((Q5/50),0)) -> 0 | X14: - | Y14: =IF(N73>0,ROUNDUP((N73/50),0),ROUNDUP((Q5/50),0)) -> 0 | Z14: - | AA14: =IF(N73>0,ROUNDUP(N73/100,0),ROUNDUP(Q5/100,0)) -> 0 | AB14: -
D15: Restaurants, banquet halls, and food courts | F15: =IF(AND(OR(N15>0,O15>0),N15+O15<=15),"Single restroom okay for 15 or less (IPC 403.2(2))",IF(AND(OR(N15>0,O15>0),N15+O15>Q5),W6,IF(AND(OR(N15>0,O15>0),N15+O15<Q5),W6,IF(Q5<=15,"Single restroom okay for 15 or less (IPC 403.2(2))",W6)))) -> Single restroom okay for 15 or less (IPC 403.2(2)) | G15: =IF(F15="Single restroom okay for 15 or less (IPC 403.2(2))","-",X6) -> - | H15: Can substitute up to 67% of required fixtures (IPC 424.2) | I15: =Y6 -> 0 | J15: =IF(F15="Single restroom okay for 15 or less (IPC 403.2(2))","-",Z6) -> - | K15: - | L15: =IF(F15="Single restroom okay for 15 or less (IPC 403.2(2))","15 or less Fountain exempt(IPC 410.2)",AA6) -> 15 or less Fountain exempt(IPC 410.2) | M15: 1 service sink | N15: 0 | O15: =N15 -> 0 | U15: factory | V15: f-1 & f-2 | W15: =IF(N79>0,ROUNDUP((N79/100),0),ROUNDUP((Q5/100),0)) -> 0 | X15: - | Y15: =IF(N79>0,ROUNDUP((N79/100),0),ROUNDUP((Q5/100),0)) -> 0 | Z15: - | AA15: =IF(N79>0,ROUNDUP(N79/400,0),ROUNDUP(Q5/400,0)) -> 0 | AB15: See section 411 if eyewash stations are provided
U16: res. Care | V16: i-1 | W16: =IF(N86>0,ROUNDUP((N86/10),0),ROUNDUP((Q5/10),0)) -> 0 | X16: - | Y16: =IF(N86>0,ROUNDUP((N86/10),0),ROUNDUP((Q5/10),0)) -> 0 | Z16: - | AA16: =IF(N86>0,ROUNDUP(N86/100,0),ROUNDUP(Q5/100,0)) -> 0 | AB16: =IF(N86>0,ROUNDUP(N86/8,0),ROUNDUP(Q5/8,0)) -> 0
U17: employees | V17: i-2 | W17: =IF(N95>0,ROUNDUP((N95/25),0),ROUNDUP((Q5/25),0)) -> 0 | X17: - | Y17: =IF(N95>0,ROUNDUP((N95/35),0),ROUNDUP((Q5/35),0)) -> 0 | Z17: - | AA17: =IF(N95>0,ROUNDUP(N95/100,0),ROUNDUP(Q5/100,0)) -> 0 | AB17: -
U18: visitors | V18: i-2 | W18: =IF(N99>0,ROUNDUP((N99/75),0),ROUNDUP((Q5/75),0)) -> 0 | X18: - | Y18: =IF(N99>0,ROUNDUP((N99/100),0),ROUNDUP((Q5/100),0)) -> 0 | Z18: - | AA18: =IF(N99>0,ROUNDUP(N99/500,0),ROUNDUP(Q5/500,0)) -> 0 | AB18: -
U19: reformitories | V19: i-3 | W19: =IF(N105>0,ROUNDUP((N105/15),0),ROUNDUP((Q5/15),0)) -> 0 | X19: - | Y19: =IF(N105>0,ROUNDUP((N105/15),0),ROUNDUP((Q5/15),0)) -> 0 | Z19: - | AA19: =IF(N105>0,ROUNDUP(N105/100,0),ROUNDUP(Q5/100,0)) -> 0 | AB19: =IF(N105>0,ROUNDUP(N105/15,0),ROUNDUP(Q5/15,0)) -> 0
U20: employees | V20: i-3 | W20: =IF(N109>0,ROUNDUP((N109/25),0),ROUNDUP((Q5/25),0)) -> 0 | X20: - | Y20: =IF(N109>0,ROUNDUP((N109/35),0),ROUNDUP((Q5/35),0)) -> 0 | Z20: - | AA20: =IF(N109>0,ROUNDUP(N109/100,0),ROUNDUP(Q5/100,0)) -> 0 | AB20: -
C21: A-3 | D21: Auditoriums without permanent seating, art galleries, exhibitions halls, museums, lecture halls, libraries, arcades, and gymnasiums | F21: =IF(AND(OR(N21>0,O21>0),N21+O21<=15),"Single restroom okay for 15 or less (IPC 403.2(2))",IF(AND(OR(N21>0,O21>0),N21+O21>Q5),W7,IF(AND(OR(N21>0,O21>0),N21+O21<Q5),W7,IF(Q5<=15,"Single restroom okay for 15 or less (IPC 403.2(2))",W7)))) -> Single restroom okay for 15 or less (IPC 403.2(2)) | G21: =IF(F21="Single restroom okay for 15 or less (IPC 403.2(2))","-",X7) -> - | H21: Can substitute up to 67% of required fixtures (IPC 424.2) | I21: =Y7 -> 0 | J21: =IF(F21="Single restroom okay for 15 or less (IPC 403.2(2))","-",Z7) -> - | K21: - | L21: =IF(F21="Single restroom okay for 15 or less (IPC 403.2(2))","15 or less Fountain exempt(IPC 410.2)",AA7) -> 15 or less Fountain exempt(IPC 410.2) | M21: 1 service sink | N21: 0 | O21: =N21 -> 0 | U21: daycare | V21: i-4 | W21: =IF(N113>0,ROUNDUP((N113/15),0),ROUNDUP((Q5/15),0)) -> 0 | X21: - | Y21: =IF(N113>0,ROUNDUP((N113/15),0),ROUNDUP((Q5/15),0)) -> 0 | Z21: - | AA21: =IF(N113>0,ROUNDUP(N113/100,0),ROUNDUP(Q5/100,0)) -> 0 | AB21: 1
U22: mercantile | V22: m | W22: =IF(N117>0,ROUNDUP((N117/500),0),ROUNDUP((Q5/500),0)) -> 0 | X22: - | Y22: =IF(N117>0,ROUNDUP((N117/750),0),ROUNDUP((Q5/750),0)) -> 0 | Z22: - | AA22: =IF(N117>0,ROUNDUP(N117/1000,0),ROUNDUP(Q5/1000,0)) -> 0 | AB22: -
U23: dormitories | V23: r-2 | W23: =IF(N128>0,ROUNDUP((N128/10),0),ROUNDUP((Q5/10),0)) -> 0 | X23: - | Y23: =IF(N128>0,ROUNDUP((N128/10),0),ROUNDUP((Q5/10),0)) -> 0 | Z23: - | AA23: =IF(N128>0,ROUNDUP(N128/100,0),ROUNDUP(Q5/100,0)) -> 0 | AB23: =IF(N128>0,ROUNDUP(N128/8,0),ROUNDUP(Q5/8,0)) -> 0
U24: congregate | V24: r-3 | W24: =IF(N139>0,ROUNDUP((N139/10),0),ROUNDUP((Q5/10),0)) -> 0 | X24: - | Y24: =IF(N139>0,ROUNDUP((N139/10),0),ROUNDUP((Q5/10),0)) -> 0 | Z24: - | AA24: =IF(N139>0,ROUNDUP(N139/100,0),ROUNDUP(Q5/100,0)) -> 0 | AB24: =IF(N139>0,ROUNDUP(N139/8,0),ROUNDUP(Q5/8,0)) -> 0
U25: congregate | V25: r-4 | W25: =IF(N149>0,ROUNDUP((N149/10),0),ROUNDUP((Q5/10),0)) -> 0 | X25: - | Y25: =IF(N149>0,ROUNDUP((N149/10),0),ROUNDUP((Q5/10),0)) -> 0 | Z25: - | AA25: =IF(N149>0,ROUNDUP(N149/100,0),ROUNDUP(Q5/100,0)) -> 0 | AB25: =IF(N149>0,ROUNDUP(N149/8,0),ROUNDUP(Q5/8,0)) -> 0
U26: storage | V26: s-1 & s-2 | W26: =IF(N154>0,ROUNDUP((N154/100),0),ROUNDUP((Q5/100),0)) -> 0 | X26: - | Y26: =IF(N154>0,ROUNDUP((N154/100),0),ROUNDUP((Q5/100),0)) -> 0 | Z26: - | AA26: =IF(N154>0,ROUNDUP(N154/100,0),ROUNDUP(Q5/100,0)) -> 0 | AB26: See section 411 if eyewash stations are provided
D31: Casino Gaming areas | F31: =IF(AND(OR(N31>0,O31>0),N31+O31<=15),"Single restroom okay for 15 or less (IPC 403.2(2))",IF(AND(OR(N31>0,O31>0),N31+O31>Q5),W8,IF(AND(OR(N31>0,O31>0),N31+O31<Q5),W8,IF(Q5<=15,"Single restroom okay for 15 or less (IPC 403.2(2))",W8)))) -> Single restroom okay for 15 or less (IPC 403.2(2)) | G31: =IF(F31="Single restroom okay for 15 or less (IPC 403.2(2))","-",X8) -> - | H31: Can substitute up to 67% of required fixtures (IPC 424.2) | I31: =Y8 -> 0 | J31: =IF(F31="Single restroom okay for 15 or less (IPC 403.2(2))","-",Z8) -> - | K31: - | L31: =IF(F31="Single restroom okay for 15 or less (IPC 403.2(2))","15 or less Fountain exempt(IPC 410.2)",AA8) -> 15 or less Fountain exempt(IPC 410.2) | M31: 1 service sink | N31: 0 | O31: =N31 -> 0
D37: Passenger terminals and transportation facilities | F37: =IF(AND(OR(N37>0,O37>0),N37+O37<=15),"Single restroom okay for 15 or less (IPC 403.2(2))",IF(AND(OR(N37>0,O37>0),N37+O37>Q5),W9,IF(AND(OR(N37>0,O37>0),N37+O37<Q5),W9,IF(Q5<=15,"Single restroom okay for 15 or less (IPC 403.2(2))",W9)))) -> Single restroom okay for 15 or less (IPC 403.2(2)) | G37: =IF(F37="Single restroom okay for 15 or less (IPC 403.2(2))","-",X9) -> - | H37: Can substitute up to 67% of required fixtures (IPC 424.2) | I37: =Y9 -> 0 | J37: =IF(F37="Single restroom okay for 15 or less (IPC 403.2(2))","-",Z9) -> - | K37: - | L37: =IF(F37="Single restroom okay for 15 or less (IPC 403.2(2))","15 or less Fountain exempt(IPC 410.2)",AA9) -> 15 or less Fountain exempt(IPC 410.2) | M37: 1 service sink | N37: 0 | O37: =N37 -> 0
D43: Places of worship and other religious services | F43: =IF(AND(OR(N43>0,O43>0),N43+O43<=15),"Single restroom okay for 15 or less (IPC 403.2(2))",IF(AND(OR(N43>0,O43>0),N43+O43>Q5),W10,IF(AND(OR(N43>0,O43>0),N43+O43<Q5),W10,IF(Q5<=15,"Single restroom okay for 15 or less (IPC 403.2(2))",W10)))) -> Single restroom okay for 15 or less (IPC 403.2(2)) | G43: =IF(F43="Single restroom okay for 15 or less (IPC 403.2(2))","-",X10) -> - | H43: Can substitute up to 67% of required fixtures (IPC 424.2) | I43: =Y10 -> 0 | J43: =Z10 -> 0 | K43: - | L43: =IF(F43="Single restroom okay for 15 or less (IPC 403.2(2))","15 or less Fountain exempt(IPC 410.2)",AA10) -> 15 or less Fountain exempt(IPC 410.2) | M43: 1 service sink | N43: 0 | O43: =N43 -> 0
C49: A-4 | D49: Colliseums, arenas, skating rinks, pools and tennis courts for indoor sporting events and activities | F49: =IF(AND(OR(N49>0,O49>0),N49+O49<=15),"Single restroom okay for 15 or less (IPC 403.2(2))",IF(AND(OR(N49>0,O49>0),N49+O49>Q5),W11,IF(AND(OR(N49>0,O49>0),N49+O49<Q5),W11,IF(Q5<=15,"Single restroom okay for 15 or less (IPC 403.2(2))",W11)))) -> Single restroom okay for 15 or less (IPC 403.2(2)) | G49: =IF(F49="Single restroom okay for 15 or less (IPC 403.2(2))","-",X11) -> - | H49: Can substitute up to 67% of required fixtures (IPC 424.2) | I49: =Y11 -> 0 | J49: =IF(F49="Single restroom okay for 15 or less (IPC 403.2(2))","-",Z11) -> - | K49: - | L49: =IF(F49="Single restroom okay for 15 or less (IPC 403.2(2))","15 or less Fountain exempt(IPC 410.2)",AA11) -> 15 or less Fountain exempt(IPC 410.2) | M49: 1 service sink | N49: 0 | O49: =N49 -> 0
C55: A-5 | D55: Stadiums, amusement parks, bleachers and grand stands for outdoor sporting events and activities | F55: =IF(AND(OR(N55>0,O55>0),N55+O55<=15),"Single restroom okay for 15 or less (IPC 403.2(2))",IF(AND(OR(N55>0,O55>0),N55+O55>Q5),W12,IF(AND(OR(N55>0,O55>0),N55+O55<Q5),W12,IF(Q5<=15,"Single restroom okay for 15 or less (IPC 403.2(2))",W12)))) -> Single restroom okay for 15 or less (IPC 403.2(2)) | G55: =IF(F55="Single restroom okay for 15 or less (IPC 403.2(2))","-",X12) -> - | H55: Can substitute up to 67% of required fixtures (IPC 424.2) | I55: =Y12 -> 0 | J55: =IF(F55="Single restroom okay for 15 or less (IPC 403.2(2))","-",Z12) -> - | K55: - | L55: =IF(F55="Single restroom okay for 15 or less (IPC 403.2(2))","15 or less Fountain exempt(IPC 410.2)",AA12) -> 15 or less Fountain exempt(IPC 410.2) | M55: 1 service sink | N55: 0 | O55: =N55 -> 0
A62: Bussiness | C62: B | D62: Buildings for the transaction of business, professional services, other services involving merchandise, office buildings, banks, light industrial, ambulatory care and similar uses | F62: =IF(AND(N62>0,N62<=25),"Single restroom okay for 25 or less (IPC 403.2(2))",IF(AND(N62>0,N62>Q5),W13,IF(AND(N62>0,N62<Q5),W13,IF(Q5<=25,"Single restroom okay for 25 or less (IPC 403.2(2))",W13)))) -> Single restroom okay for 25 or less (IPC 403.2(2)) | H62: Can substitute up to 50% of required fixtures (IPC 424.2) | I62: =Y13 -> 0 | K62: - | L62: =IF(AND(N62>0,N62<=15),"15 or less Fountain exempt(IPC 410.2)",IF(N62>15,AA13,IF(Q5<=15,"15 or less Fountain exempt(IPC 410.2)",AA13))) -> 15 or less Fountain exempt(IPC 410.2) | M62: =IF(AND(N62>0,N62<=15),"15 or less Service sink exempt (IPC 403.1(e))",IF(N62>15,"1 service sink",IF(Q5<=15,"15 or less Service sink exempt (IPC 403.1(e))","1 service sink"))) -> 15 or less Service sink exempt (IPC 403.1(e)) | N62: 0
A73: Educational | C73: E | D73: Educational Facilities | F73: =IF(AND(N73>0,N73<=15),"Single restroom okay for 15 or less (IPC 403.2(2))",IF(AND(N73>0,N73>Q5),W14,IF(AND(N73>0,N73<Q5),W14,IF(Q5<=15,"Single restroom okay for 15 or less (IPC 403.2(2))",W14)))) -> Single restroom okay for 15 or less (IPC 403.2(2)) | H73: Can substitute up to 67% of required fixtures (IPC 424.2) | I73: =Y14 -> 0 | K73: - | L73: =IF(F73="Single restroom okay for 15 or less (IPC 403.2(2))","15 or less Fountain exempt(IPC 410.2)",AA14) -> 15 or less Fountain exempt(IPC 410.2) | M73: 1 service sink | N73: 0
A79: Factory or Industrial | C79: F1 & F2 | D79: Structures in which occupants are engages in work fabricating, assembly or processing of products or materials | F79: =IF(AND(N79>0,N79<=15),"Single restroom okay for 15 or less (IPC 403.2(2))",IF(AND(N79>0,N79>Q5),W15,IF(AND(N79>0,N79<Q5),W15,IF(Q5<=15,"Single restroom okay for 15 or less (IPC 403.2(2))",W15)))) -> Single restroom okay for 15 or less (IPC 403.2(2)) | H79: Can substitute up to 50% of required fixtures (IPC 424.2) | I79: =Y15 -> 0 | K79: =AB15 -> See section 411 if eyewash stations are provided | L79: =IF(F79="Single restroom okay for 15 or less (IPC 403.2(2))","15 or less Fountain exempt(IPC 410.2)",AA15) -> 15 or less Fountain exempt(IPC 410.2) | M79: 1 service sink | N79: 0
A86: Institutional | C86: I-1 | D86: Residential Care | F86: =IF(AND(N86>0,N86<=15),"Single restroom okay for 15 or less (IPC 403.2(2))",IF(AND(N86>15,Q5<=15),W16,IF(Q5<=15,"Single restroom okay for 15 or less (IPC 403.2(2))",W16))) -> Single restroom okay for 15 or less (IPC 403.2(2)) | H86: Can substitute up to 50% of required fixtures (IPC 424.2) | I86: =Y16 -> 0 | K86: =AB16 -> 0 | L86: =IF(F86="Single restroom okay for 15 or less (IPC 403.2(2))","15 or less Fountain exempt(IPC 410.2)",AA16) -> 15 or less Fountain exempt(IPC 410.2) | M86: 1 service sink | N86: 0
C92: I-2 | D92: Hospitals, ambulatory nursing home care recipient | F92: 1 per room | H92: - | I92: 1 per room | K92: =IF(N92>0,ROUNDUP(N92/15,0),ROUNDUP(Q5/15,0)) -> 0 | L92: =IF(OR(N92>0,O92>0),ROUNDUP((N92+O92)/100,0),ROUNDUP(Q5/100,0)) -> 0 | M92: 1 service sink | N92: 0
D95: Emplyees, other than residential care | F95: =IF(AND(N95>N95<=15),"Single restroom okay for 15 or less (IPC 403.2(2))",IF(AND(N95>15,Q5<=15),W17,IF(Q5<=15,"Single restroom okay for 15 or less (IPC 403.2(2))",W17))) -> Single restroom okay for 15 or less (IPC 403.2(2)) | H95: - | I95: =Y17 -> 0 | K95: - | L95: =IF(AND(N95>0,N95<=15),"15 or less Fountain exempt(IPC 410.2)",IF(Q5<=15,"15 or less Fountain exempt(IPC 410.2)",AA17)) -> 15 or less Fountain exempt(IPC 410.2) | M95: - | N95: 0
D99: Visitors, other than residential care | F99: =IF(AND(N99>0,N99<=15),"Single restroom okay for 15 or less (IPC 403.2(2))",IF(AND(N99>15,Q5<=15),W18,IF(Q5<=15,"Single restroom okay for 15 or less (IPC 403.2(2))",W18))) -> Single restroom okay for 15 or less (IPC 403.2(2)) | H99: - | I99: =Y18 -> 0 | K99: - | L99: =IF(AND(N99>0,N99<=15),"15 or less Fountain exempt(IPC 410.2)",IF(Q5<=15,"15 or less Fountain exempt(IPC 410.2)",AA18)) -> 15 or less Fountain exempt(IPC 410.2) | M99: - | N99: 0
C102: I-3 | D102: Prisonsers | F102: 1 per cell | H102: - | I102: 1 per cell | K102: 1 per 100 | L102: ="1 per 100" -> 1 per 100 | M102: 1 service sink | N102: 0
D105: Reformitories, detention centers, and correctional centers | F105: =IF(AND(N105>0,N105<=15),"Single restroom okay for 15 or less (IPC 403.2(2))",IF(AND(N105>15,Q5<=15),W19,IF(Q5<=15,"Single restroom okay for 15 or less (IPC 403.2(2))",W19))) -> Single restroom okay for 15 or less (IPC 403.2(2)) | H105: - | I105: =Y19 -> 0 | K105: =AB19 -> 0 | L105: =IF(F105="Single restroom okay for 15 or less (IPC 403.2(2))","15 or less Fountain exempt(IPC 410.2)",AA19) -> 15 or less Fountain exempt(IPC 410.2) | M105: 1 service sink | N105: 0
D109: Employees | F109: =IF(AND(N109>0,N109<=15),"Single restroom okay for 15 or less (IPC 403.2(2))",IF(AND(N109>15,Q5<=15),W20,IF(Q5<=15,"Single restroom okay for 15 or less (IPC 403.2(2))",W20))) -> Single restroom okay for 15 or less (IPC 403.2(2)) | H109: - | I109: =Y20 -> 0 | K109: - | L109: =IF(F109="Single restroom okay for 15 or less (IPC 403.2(2))","15 or less Fountain exempt(IPC 410.2)",AA20) -> 15 or less Fountain exempt(IPC 410.2) | M109: - | N109: 0
C113: I-4 | D113: Adult daycare and child daycare | F113: =IF(AND(N113>0,N113<=15),"Single restroom okay for 15 or less (IPC 403.2(2))",IF(AND(N113>15,Q5<=15),W21,IF(Q5<=15,"Single restroom okay for 15 or less (IPC 403.2(2))",W21))) -> Single restroom okay for 15 or less (IPC 403.2(2)) | H113: - | I113: =Y21 -> 0 | K113: =AB21 -> 1 | L113: =IF(F113="Single restroom okay for 15 or less (IPC 403.2(2))","15 or less Fountain exempt(IPC 410.2)",AA21) -> 15 or less Fountain exempt(IPC 410.2) | M113: 1 service sink | N113: 0
A117: Merchantile | C117: M | D117: Retail stores, service stations, shops, salesroom, markets, and shopping centers | F117: =IF(AND(N117>0,N117<=100),"Single restroom okay for 100 or less (IPC 403.2(3))",IF(AND(N117>100,Q5<=100),W22,IF(Q5<=100,"Single restroom okay for 100 or less (IPC 403.2(3))",W22))) -> Single restroom okay for 100 or less (IPC 403.2(3)) | H117: Can substitute up to 50% of required fixtures (IPC 424.2) | I117: =Y22 -> 0 | K117: - | L117: =IF(AND(N117>0,N117<=15),"15 or less Fountain exempt(IPC 410.2)",IF(N117>15,AA22,IF(Q5<=15,"15 or less Fountain exempt(IPC 410.2)",AA22))) -> 15 or less Fountain exempt(IPC 410.2) | M117: =IF(AND(N117>0,N117<=15),"15 or less Service sink exempt (IPC 403.1(e))",IF(N117>15,"1 service sink",IF(Q5<=15,"15 or less Service sink exempt (IPC 403.1(e))","1 service sink"))) -> 15 or less Service sink exempt (IPC 403.1(e)) | N117: 0
A125: Residential | C125: R-1 | D125: Hotels, motels, boarding houses (transient) | F125: 1 per sleeping unit | H125: - | I125: 1 per sleeping unit | K125: 1 per sleeping unit | L125: - | M125: 1 service sink | N125: -
C128: R-2 | D128: Dormitories, fraternities, soroitites, and boarding houses (non transient) | F128: =W23 -> 0 | H128: - | I128: =Y23 -> 0 | K128: =AB23 -> 0 | L128: =IF(AND(N128>0,N128<=15),"15 or less Fountain exempt(IPC 410.2)",IF(Q5<=15,"15 or less Fountain exempt(IPC 410.2)",AA23)) -> 15 or less Fountain exempt(IPC 410.2) | M128: 1 service sink | N128: 0
D133: Apartment house | F133: 1 per dwelling unit | H133: - | I133: 1 per dwelling unit | K133: 1 per dwelling unit | L133: - | M133: 1 kitchen sink per dwelling unit; 1 automatic clothes washer connection per 20 dwelling units | N133: -
C139: R-3 | D139: Congregate living facilities with 16 or fewer persons | F139: =W24 -> 0 | H139: - | I139: =Y24 -> 0 | K139: =AB24 -> 0 | L139: =IF(AND(N139>0,N139<=15),"15 or less Fountain exempt(IPC 410.2)",IF(Q5<=15,"15 or less Fountain exempt(IPC 410.2)",AA24)) -> 15 or less Fountain exempt(IPC 410.2) | M139: 1 service sink | N139: 0
D143: One- and two- family dwellings and lodging houses with five or fewer guestrooms | F143: 1 per dwelling unit | H143: - | I143: 1 per dwelling unit | K143: 1 per dwelling unit | L143: - | M143: 1 kitchen sink per dwelling unit; 1 automatic clothes washer connection per dwelling unit | N143: -
C149: R-4 | D149: Congregate living facilities with 16 or fewer persons | F149: =W25 -> 0 | H149: - | I149: =Y25 -> 0 | K149: =AB25 -> 0 | L149: =AA25 -> 0 | M149: 1 service sink | N149: 0
A154: Storage | C154: S-1 & S-2 | D154: Structures for the storage of goods, warehouses, store houses and freight depots. Low and Moderate Hazard. | F154: =IF(AND(N154>0,N154<=15),"Single restroom okay for 15 or less (IPC 403.2(2))",IF(AND(N154>15,Q5<=15),W26,IF(Q5<=15,"Single restroom okay for 15 or less (IPC 403.2(2))",W26))) -> Single restroom okay for 15 or less (IPC 403.2(2)) | H154: - | I154: =Y26 -> 0 | K154: =AB26 -> See section 411 if eyewash stations are provided | L154: =IF(AND(N154>0,N154<=15),"15 or less Fountain exempt(IPC 410.2)",IF(Q5<=15,"15 or less Fountain exempt(IPC 410.2)",AA25)) -> 15 or less Fountain exempt(IPC 410.2) | M154: 1 service sink | N154: 0

Sheet 2024 IPC
A1: Classification: | C1: Occupancy: | D1: Description: | F1: Water Closets: | H1: Urinals: | I1: Lavatories: | K1: Bathtubs / Showers: | L1: Drinking Fountain: | M1: Other: | N1: Manual Occupant Load Override: | W1: WATER CLOSETS | Y1: LAVATORIES | AA1: fountain | AB1: shower
F2: Male: | G2: Female: | I2: Male: | J2: Female: | N2: Male: | O2: Female: | W2: 2024 IPC | X2: 2024 IPC | Y2: 2024 IPC | Z2: 2024 IPC | AA2: 2021 - 2021 IPC | AB2: 2021 - 2021 IPC
A3: Assembly | C3: A-1 | D3: Theaters and other buildings for the performing arts and motion pictures | F3: =IF(AND(OR(N3>0,O3>0),N3+O3<=15),"Single restroom okay for 15 or less (IPC 403.2(2))",IF(AND(OR(N3>0,O3>0),N3+O3>Q5),W4,IF(AND(OR(N3>0,O3>0),N3+O3<Q5),W4,IF(Q5<=15,"Single restroom okay for 15 or less (IPC 403.2(2))",W4)))) -> Single restroom okay for 15 or less (IPC 403.2(2)) | G3: =IF(F3="Single restroom okay for 15 or less (IPC 403.2(2))","-",X4) -> - | H3: Can substitute up to 67% of required fixtures (IPC 424.2) | I3: =Y4 -> 0 | J3: =IF(F3="Single restroom okay for 15 or less (IPC 403.2(2))","-",Z4) -> - | K3: - | L3: =IF(F3="Single restroom okay for 15 or less (IPC 403.2(2))","15 or less Fountain exempt(IPC 410.2)",AA4) -> 15 or less Fountain exempt(IPC 410.2) | M3: 1 service sink | N3: 0 | O3: =N3 -> 0 | Q3: Total Occupant Load: | W3: male | X3: female | Y3: male | Z3: female | AA3: fountain | AB3: shower
U4: Theater | V4: a-1 | W4: =IF(N3>0,ROUNDUP((N3/125),0),ROUNDUP((Q8/125),0)) -> 0 | X4: =IF(O3>0,ROUNDUP((O3/65),0),ROUNDUP((R8/65),0)) -> 0 | Y4: =IF(N3>0,ROUNDUP((N3/200),0),ROUNDUP((Q8/200),0)) -> 0 | Z4: =IF(O3>0,ROUNDUP((O3/200),0),ROUNDUP((R8/200),0)) -> 0 | AA4: =IF(OR(N3>0,O3>0),ROUNDUP((N3+O3)/500,0),ROUNDUP(Q5/500,0)) -> 0 | AB4: -
Q5: ='Occupant Calculator'!D34 -> 0 | U5: night clubs | V5: a-2 | W5: =IF(N9>0,ROUNDUP((N9/40),0),ROUNDUP((Q8/40),0)) -> 0 | X5: =IF(O9>0,ROUNDUP((O9/40),0),ROUNDUP((R8/40),0)) -> 0 | Y5: =IF(N9>0,ROUNDUP((N9/75),0),ROUNDUP((Q8/75),0)) -> 0 | Z5: =IF(O9>0,ROUNDUP((O9/75),0),ROUNDUP((R8/75),0)) -> 0 | AA5: =IF(OR(N9>0,O9>0),ROUNDUP((N9+O9)/500,0),ROUNDUP(Q5/500,0)) -> 0 | AB5: -
U6: restaurants | V6: a-2 | W6: =IF(N15>0,ROUNDUP((N15/75),0),ROUNDUP((Q8/75),0)) -> 0 | X6: =IF(O15>0,ROUNDUP((O15/75),0),ROUNDUP((R8/75),0)) -> 0 | Y6: =IF(N15>0,ROUNDUP((N15/200),0),ROUNDUP((Q8/200),0)) -> 0 | Z6: =IF(O15>0,ROUNDUP((O15/200),0),ROUNDUP((R8/200),0)) -> 0 | AA6: =IF(OR(N15>0,O15>0),ROUNDUP((N15+O15)/500,0),ROUNDUP(Q5/500,0)) -> 0 | AB6: -
Q7: Male: | R7: Female: | U7: auditoriums | V7: a-3 | W7: =IF(N21>0,ROUNDUP((N21/125),0),ROUNDUP((Q8/125),0)) -> 0 | X7: =IF(O21>0,ROUNDUP((O21/65),0),ROUNDUP((R8/65),0)) -> 0 | Y7: =IF(N21>0,ROUNDUP((N21/200),0),ROUNDUP((Q8/200),0)) -> 0 | Z7: =IF(O21>0,ROUNDUP((O21/200),0),ROUNDUP((R8/200),0)) -> 0 | AA7: =IF(OR(N21>0,O21>0),ROUNDUP((N21+O21)/500,0),ROUNDUP(Q5/500,0)) -> 0 | AB7: -
Q8: =ROUNDUP((Q5/2),1) -> 0 | R8: =ROUNDUP((Q5/2),1) -> 0 | U8: casinos | V8: a-3 | W8: =IF(AND(N30>0,N30<=400),(ROUNDUP(N30/100,0)),IF(N30>400,(ROUNDUP(N30/250,0))+3,IF(AND(Q8>0,Q8<=400),(ROUNDUP(Q8/100,0)),IF(Q8>400,(ROUNDUP(Q8/250,0))+3,0)))) -> 0 | X8: =IF(AND(O30>0,O30<=400),(ROUNDUP(O30/50,0)),IF(O30>400,(ROUNDUP(O30/150,0))+5,IF(AND(R8>0,R8<=400),(ROUNDUP(R8/50,0)),IF(R8>400,(ROUNDUP(R8/150,0))+5,0)))) -> 0 | Y8: =IF(AND(N30>0,N30<=250),1,IF(AND(N30>250,N30<=500),2,IF(AND(N30>500,N30<=750),3,IF(N30>750,(ROUNDUP(N30/500,0)+2),IF(AND(Q8>0,Q8<=250),1,IF(AND(Q8>250,Q8<=500),2,IF(AND(Q8>500,Q8<=750),3,IF(Q8>750,(ROUNDUP(Q8/500,0)+2),0)))))))) -> 0 | Z8: =IF(AND(O30>0,O30<=250),1,IF(AND(O30>250,O30<=500),2,IF(AND(O30>500,O30<=750),3,IF(O30>750,(ROUNDUP(O30/500,0)+2),IF(AND(R8>0,R8<=250),1,IF(AND(R8>250,R8<=500),2,IF(AND(R8>500,R8<=750),3,IF(R8>750,(ROUNDUP(R8/500,0)+2),0)))))))) -> 0 | AA8: =IF(OR(N32>0,O32>0),ROUNDUP((N32+O32)/1000,0),ROUNDUP(Q5/1000,0)) -> 0 | AB8: -
C9: A-2 | D9: Nightclubs, bars, taverns, dance halls, and buildings for similar purposes | F9: =IF(AND(OR(N9>0,O9>0),N9+O9<=15),"Single restroom okay for 15 or less (IPC 403.2(2))",IF(AND(OR(N9>0,O9>0),N9+O9>Q5),W5,IF(AND(OR(N9>0,O9>0),N9+O9<Q5),W5,IF(Q5<=15,"Single restroom okay for 15 or less (IPC 403.2(2))",W5)))) -> Single restroom okay for 15 or less (IPC 403.2(2)) | G9: =IF(F9="Single restroom okay for 15 or less (IPC 403.2(2))","-",X5) -> - | H9: Can substitute up to 67% of required fixtures (IPC 424.2) | I9: =Y5 -> 0 | J9: =IF(F9="Single restroom okay for 15 or less (IPC 403.2(2))","-",Z5) -> - | K9: - | L9: =IF(F9="Single restroom okay for 15 or less (IPC 403.2(2))","15 or less Fountain exempt(IPC 410.2)",AA5) -> 15 or less Fountain exempt(IPC 410.2) | M9: 1 service sink | N9: 0 | O9: =N9 -> 0 | U9: passenger terminal | V9: a-3 | W9: =IF(N36>0,ROUNDUP((N36/50),0),ROUNDUP((Q8/500),0)) -> 0 | X9: =ROUNDUP((R8/500),0) -> 0 | Y9: =IF(N36>0,ROUNDUP((N36/750),0),ROUNDUP((Q8/750),0)) -> 0 | Z9: =IF(O36>0,ROUNDUP((O36/750),0),ROUNDUP((R8/750),0)) -> 0 | AA9: =IF(OR(N38>0,O38>0),ROUNDUP((N38+O38)/1000,0),ROUNDUP(Q5/1000,0)) -> 0 | AB9: -
U10: religious | V10: a-3 | W10: =IF(N42>0,ROUNDUP((N42/150),0),ROUNDUP((Q8/150),0)) -> 0 | X10: =ROUNDUP((R8/75),0) -> 0 | Y10: =IF(N42>0,ROUNDUP((N42/200),0),ROUNDUP((Q8/200),0)) -> 0 | Z10: =IF(O42>0,ROUNDUP((O42/200),0),ROUNDUP((R8/200),0)) -> 0 | AA10: =IF(OR(N44>0,O44>0),ROUNDUP((N44+O44)/1000,0),ROUNDUP(Q5/1000,0)) -> 0 | AB10: -
P11: *Note: All text in RED is new to the 2024 IPC | U11: collseums | V11: a-4 | W11: =IF(AND(N48>0,N48<=1500),(ROUNDUP(N48/75,0)),IF(N48>1500,(ROUNDUP(N48/120,0))+8,IF(AND(Q8>0,Q8<=1500),(ROUNDUP(Q8/75,0)),IF(Q8>1500,(ROUNDUP(Q8/120,0))+8,0)))) -> 0 | X11: =IF(AND(O48>0,O48<=1520),(ROUNDUP(O48/40,0)),IF(O48>1520,(ROUNDUP(O48/60,0))+12,IF(AND(R8>0,R8<=1520),(ROUNDUP(R8/40,0)),IF(R8>1520,(ROUNDUP(R8/60,0))+12,0)))) -> 0 | Y11: =IF(N48<0,ROUNDUP((N48/200),0),ROUNDUP((Q8/200),0)) -> 0 | Z11: =IF(O48>0,ROUNDUP((O48/150),0),ROUNDUP((R8/150),0)) -> 0 | AA11: =IF(OR(N50>0,O50>0),ROUNDUP((N50+O50)/1000,0),ROUNDUP(Q5/1000,0)) -> 0 | AB11: -
U12: stadiums | V12: a-5 | W12: =IF(AND(N54>0,N54<=1500),(ROUNDUP(N54/75,0)),IF(N54>1500,(ROUNDUP(N54/120,0))+8,IF(AND(Q8>0,Q8<=1500),(ROUNDUP(Q8/75,0)),IF(Q8>1500,(ROUNDUP(Q8/120,0))+8,0)))) -> 0 | X12: =IF(AND(O54>0,O54<=1520),(ROUNDUP(O54/40,0)),IF(O54>1520,(ROUNDUP(O54/60,0))+12,IF(AND(R8>0,R8<=1520),(ROUNDUP(R8/40,0)),IF(R8>1520,(ROUNDUP(R8/60,0))+12,0)))) -> 0 | Y12: =IF(N54>0,ROUNDUP((N54/200),0),ROUNDUP((Q8/200),0)) -> 0 | Z12: =IF(O54>0,ROUNDUP((O54/150),0),ROUNDUP((R8/150),0)) -> 0 | AA12: =IF(OR(N56>0,O56>0),ROUNDUP((N56+O56)/1000,0),ROUNDUP(Q5/1000,0)) -> 0 | AB12: -
U13: business | V13: b | W13: =IF(AND(N61>0,N61<=25),1,IF(AND(N61>25,N61<=50),2,IF(N61>50,(ROUNDUP(N61/50,0)+1),IF(AND(Q5>0,Q5<=25),1,IF(AND(Q5>25,Q5<=50),2,IF(Q5>50,(ROUNDUP(Q5/50,0)+1),0)))))) -> 0 | X13: - | Y13: =IF(AND(N61>0,N61<=40),1,IF(AND(N61>40,N61<=80),2,IF(N61>80,(ROUNDUP(N61/80,0)+1),IF(AND(Q5>0,Q5<=40),1,IF(AND(Q5>40,Q5<=80),2,IF(Q5>80,(ROUNDUP(Q5/80,0)+1),0)))))) -> 0 | Z13: - | AA13: =IF(N61>0,ROUNDUP(N61/100,0),ROUNDUP(Q5/100,0)) -> 0 | AB13: -
P14: Note: | U14: ambulatory care | V14: b | W14: =IF(AND(N74>0,N74<=25),1,IF(AND(N74>25,N74<=50),2,IF(N74>50,(ROUNDUP(N74/50,0)+1),IF(AND(Q5>0,Q5<=25),1,IF(AND(Q5>25,Q5<=50),2,IF(Q5>50,(ROUNDUP(Q5/50,0)+1),0)))))) -> 0 | X14: - | Y14: =IF(N74>0,ROUNDUP((N74/50),0),ROUNDUP((Q5/50),0)) -> 0 | Z14: - | AA14: =IF(N74>0,ROUNDUP(N74/100,0),ROUNDUP(Q5/100,0)) -> 0 | AB14: -
D15: Restaurants, banquet halls, and food courts | F15: =IF(AND(OR(N15>0,O15>0),N15+O15<=15),"Single restroom okay for 15 or less (IPC 403.2(2))",IF(AND(OR(N15>0,O15>0),N15+O15>Q5),W6,IF(AND(OR(N15>0,O15>0),N15+O15<Q5),W6,IF(Q5<=15,"Single restroom okay for 15 or less (IPC 403.2(2))",W6)))) -> Single restroom okay for 15 or less (IPC 403.2(2)) | G15: =IF(F15="Single restroom okay for 15 or less (IPC 403.2(2))","-",X6) -> - | H15: Can substitute up to 67% of required fixtures (IPC 424.2) | I15: =Y6 -> 0 | J15: =IF(F15="Single restroom okay for 15 or less (IPC 403.2(2))","-",Z6) -> - | K15: - | L15: =IF(F15="Single restroom okay for 15 or less (IPC 403.2(2))","15 or less Fountain exempt(IPC 410.2)",AA6) -> 15 or less Fountain exempt(IPC 410.2) | M15: 1 service sink | N15: 0 | O15: =N15 -> 0 | P15: 1. Georgia removed the requirement for a service sink entirely. (Table 403.1) | U15: educational | V15: e | W15: =IF(N80>0,ROUNDUP((N80/50),0),ROUNDUP((Q5/50),0)) -> 0 | X15: - | Y15: =IF(N80>0,ROUNDUP((N80/50),0),ROUNDUP((Q5/50),0)) -> 0 | Z15: - | AA15: =IF(N80>0,ROUNDUP(N80/100,0),ROUNDUP(Q5/100,0)) -> 0 | AB15: -
P16: 2. Georgia does not require drinking fountains in buildings with an occupant load of 25 or fewer. (Section 410.2) | U16: factory | V16: f-1 & f-2 | W16: =IF(N86>0,ROUNDUP((N86/100),0),ROUNDUP((Q5/100),0)) -> 0 | X16: - | Y16: =IF(N86>0,ROUNDUP((N86/100),0),ROUNDUP((Q5/100),0)) -> 0 | Z16: - | AA16: =IF(N86>0,ROUNDUP(N86/400,0),ROUNDUP((Q5/400),0)) -> 0 | AB16: See section 411 if eyewash stations are provided
U17: Alcohol and drug care | V17: - | W17: =IF(N93>0,ROUNDUP((N93/10),0),ROUNDUP((Q5/10),0)) -> 0 | X17: - | Y17: =IF(N93>0,ROUNDUP((N93/10),0),ROUNDUP((Q5/10),0)) -> 0 | Z17: - | AA17: =IF(N93>0,ROUNDUP(N93/100,0),ROUNDUP((Q5/100),0)) -> 0 | AB17: =ROUNDUP((Q5/8),0) -> 0
U18: Sleeping Units | V18: - | W18: 1 per (2) Sleeping Units | X18: - | Y18: 1 per (2) Sleeping Units | Z18: - | AA18: - | AB18: 1 per (8) Sleeping Units
U19: Dwelling Units | V19: - | W19: 1 per Dwelling Unit | X19: - | Y19: 1 per Dwelling Unit | Z19: - | AA19: 1 kitchen sink per Dwelling Unit | AB19: 1 per Dwelling Unit
U20: Employee (assisted living) | V20: - | W20: =IF(N107>0,ROUNDUP((N107/60),0),ROUNDUP((Q5/60),0)) -> 0 | X20: - | Y20: =IF(N107>0,ROUNDUP((N107/60),0),ROUNDUP((Q5/60),0)) -> 0 | Z20: - | AA20: =IF(N107>0,ROUNDUP(N107/100,0),ROUNDUP((Q5/100),0)) -> 0 | AB20: -
C21: A-3 | D21: Auditoriums without permanent seating, art galleries, exhibitions halls, museums, lecture halls, libraries, arcades, and gymnasiums | F21: =IF(AND(OR(N21>0,O21>0),N21+O21<=15),"Single restroom okay for 15 or less (IPC 403.2(2))",IF(AND(OR(N21>0,O21>0),N21+O21>Q5),W7,IF(AND(OR(N21>0,O21>0),N21+O21<Q5),W7,IF(Q5<=15,"Single restroom okay for 15 or less (IPC 403.2(2))",W7)))) -> Single restroom okay for 15 or less (IPC 403.2(2)) | G21: =IF(F21="Single restroom okay for 15 or less (IPC 403.2(2))","-",X7) -> - | H21: Can substitute up to 67% of required fixtures (IPC 424.2) | I21: =Y7 -> 0 | J21: =IF(F21="Single restroom okay for 15 or less (IPC 403.2(2))","-",Z7) -> - | K21: - | L21: =IF(F21="Single restroom okay for 15 or less (IPC 403.2(2))","15 or less Fountain exempt(IPC 410.2)",AA7) -> 15 or less Fountain exempt(IPC 410.2) | M21: 1 service sink | N21: 0 | O21: =N21 -> 0 | U21: Visitor (assisted living) | V21: - | W21: =IF(N110>0,ROUNDUP((N110/75),0),ROUNDUP((Q5/75),0)) -> 0 | X21: - | Y21: =IF(N110>0,ROUNDUP((N110/75),0),ROUNDUP((Q5/75),0)) -> 0 | Z21: - | AA21: - | AB21: -
U22: Sleeping Units (nursing home) | V22: - | W22: 1 per (2) care recipient sleeping units | X22: - | Y22: 1 per (2) care recipient sleeping units | Z22: - | AA22: - | AB22: 1 per (8) Sleeping Units
U23: Employee (nursing home) | V23: - | W23: =IF(N128>0,ROUNDUP((N128/60),0),ROUNDUP((Q5/60),0)) -> 0 | X23: - | Y23: =IF(N128>0,ROUNDUP((N128/60),0),ROUNDUP((Q5/60),0)) -> 0 | Z23: - | AA23: =IF(N116>0,ROUNDUP(N116/100,0),ROUNDUP((Q5/100),0)) -> 0 | AB23: -
U25: Visitor (nursing home) | V25: - | W25: =IF(N132>0,ROUNDUP((N132/75),0),ROUNDUP((Q5/75),0)) -> 0 | X25: - | Y25: =IF(N132>0,ROUNDUP((N132/75),0),ROUNDUP((Q5/75),0)) -> 0 | Z25: - | AA25: - | AB25: -
U26: Sleeping Units (hospitals) | V26: - | W26: 1 per care recipient sleeping unit | X26: - | Y26: 1 per care recipient sleeping unit | Z26: - | AA26: - | AB26: 1 per (100) care recipient sleeping unit
U27: Care treatment (hospitals) | V27: - | W27: 1 per (25) care recipient treatment rooms | X27: - | Y27: 1 per (50) care recipient treatment rooms | Z27: - | AA27: =IF(N125>0,ROUNDUP(N125/100,0),ROUNDUP((Q5/100),0)) -> 0 | AB27: -
U28: Employee (hospitals) | V28: - | W28: 1 per (25) care recipient sleeping unit or treatment room | X28: - | Y28: 1 per (50) care recipient sleeping or treatment room | Z28: - | AA28: =IF(N128>0,ROUNDUP(N128/100,0),ROUNDUP((Q5/100),0)) -> 0 | AB28: -
U29: Visitor (hosptitals) | V29: - | W29: 1 per (75) care recipient sleeping unit or treatment room | X29: - | Y29: 1 per (50) care recipient sleeping or treatment room | Z29: - | AA29: =IF(N132>0,ROUNDUP(N132/500,0),ROUNDUP((Q5/500),0)) -> 0 | AB29: -
D30: Casino Gaming areas | F30: =IF(AND(OR(N30>0,O30>0),N30+O30<=15),"Single restroom okay for 15 or less (IPC 403.2(2))",IF(AND(OR(N30>0,O30>0),N30+O30>Q5),W8,IF(AND(OR(N30>0,O30>0),N30+O30<Q5),W8,IF(Q5<=15,"Single restroom okay for 15 or less (IPC 403.2(2))",W8)))) -> Single restroom okay for 15 or less (IPC 403.2(2)) | G30: =IF(F30="Single restroom okay for 15 or less (IPC 403.2(2))","-",X8) -> - | H30: Can substitute up to 67% of required fixtures (IPC 424.2) | I30: =Y8 -> 0 | J30: =IF(F30="Single restroom okay for 15 or less (IPC 403.2(2))","-",Z8) -> - | K30: - | L30: =IF(F30="Single restroom okay for 15 or less (IPC 403.2(2))","15 or less Fountain exempt(IPC 410.2)",AA8) -> 15 or less Fountain exempt(IPC 410.2) | M30: 1 service sink | N30: 0 | O30: =N30 -> 0 | U30: Cell (Reformatory) | V30: - | W30: =IF(N139>0,ROUNDUP((N139/15),0),ROUNDUP((Q5/15),0)) -> 0 | Y30: =IF(N139>0,ROUNDUP((N139/15),0),ROUNDUP((Q5/15),0)) -> 0 | AA30: =IF(N139>0,ROUNDUP((N139/100),0),ROUNDUP((Q5/100),0)) -> 0 | AB30: =IF(N139>0,ROUNDUP((N139/15),0),ROUNDUP((Q5/15),0)) -> 0
U31: congregate | V31: i-3 | W31: =IF(N142>0,ROUNDUP((N142/15),0),ROUNDUP((Q5/15),0)) -> 0 | X31: - | Y31: =IF(N142>0,ROUNDUP((N142/15),0),ROUNDUP((Q5/15),0)) -> 0 | Z31: - | AA31: =IF(N142>0,ROUNDUP((N142/100),0),ROUNDUP((Q5/100),0)) -> 0 | AB31: =IF(N142>0,ROUNDUP((N142/15),0),ROUNDUP((Q5/15),0)) -> 0
U32: employees | V32: i-3 | W32: =IF(N145>0,ROUNDUP((N145/25),0),ROUNDUP((Q5/25),0)) -> 0 | X32: - | Y32: =IF(N145>0,ROUNDUP((N145/35),0),ROUNDUP((Q5/35),0)) -> 0 | Z32: - | AA32: =IF(N145>0,ROUNDUP((N145/100),0),ROUNDUP((Q5/100),0)) -> 0 | AB32: =IF(N145>0,ROUNDUP((N145/15),0),ROUNDUP((Q5/15),0)) -> 0
U33: daycare | V33: i-4 | W33: =IF(N148>0,ROUNDUP((N148/15),0),ROUNDUP((Q5/15),0)) -> 0 | X33: - | Y33: =IF(N148>0,ROUNDUP((N148/15),0),ROUNDUP((Q5/15),0)) -> 0 | Z33: - | AA33: =IF(N148>0,ROUNDUP((N148/100),0),ROUNDUP((Q5/100),0)) -> 0 | AB33: 1
U34: mercantile | V34: m | W34: =IF(N151>0,ROUNDUP((N151/500),0),ROUNDUP((Q5/500),0)) -> 0 | X34: - | Y34: =IF(N151>0,ROUNDUP((N151/750),0),ROUNDUP((Q5/750),0)) -> 0 | Z34: - | AA34: =IF(N151>0,ROUNDUP((N151/1000),0),ROUNDUP((Q5/1000),0)) -> 0 | AB34: -
U35: dormitories | V35: r-2 | W35: =IF(N164>0,ROUNDUP((N164/10),0),ROUNDUP((Q5/10),0)) -> 0 | X35: - | Y35: =IF(N164>0,ROUNDUP((N164/10),0),ROUNDUP((Q5/10),0)) -> 0 | Z35: - | AA35: =IF(N164>0,ROUNDUP((N164/100),0),ROUNDUP((Q5/100),0)) -> 0 | AB35: =ROUNDUP((Q5/8),0) -> 0
D36: Passenger terminals and transportation facilities | F36: =IF(AND(OR(N36>0,O36>0),N36+O36<=15),"Single restroom okay for 15 or less (IPC 403.2(2))",IF(AND(OR(N36>0,O36>0),N36+O36>Q5),W9,IF(AND(OR(N36>0,O36>0),N36+O36<Q5),W9,IF(Q5<=15,"Single restroom okay for 15 or less (IPC 403.2(2))",W9)))) -> Single restroom okay for 15 or less (IPC 403.2(2)) | G36: =IF(F36="Single restroom okay for 15 or less (IPC 403.2(2))","-",X9) -> - | H36: Can substitute up to 67% of required fixtures (IPC 424.2) | I36: =Y9 -> 0 | J36: =IF(F36="Single restroom okay for 15 or less (IPC 403.2(2))","-",Z9) -> - | K36: - | L36: =IF(F36="Single restroom okay for 15 or less (IPC 403.2(2))","15 or less Fountain exempt(IPC 410.2)",AA9) -> 15 or less Fountain exempt(IPC 410.2) | M36: 1 service sink | N36: 0 | O36: =N36 -> 0 | U36: Employees(CA) | V36: r-2 | W36: - | X36: - | Y36: - | Z36: - | AA36: - | AB36: -
U37: congregate | V37: r-3 | W37: =IF(N176>0,ROUNDUP((N176/10),0),ROUNDUP((Q5/10),0)) -> 0 | X37: - | Y37: =IF(N176>0,ROUNDUP((N176/10),0),ROUNDUP((Q5/10),0)) -> 0 | Z37: - | AA37: - | AB37: =IF(N176>0,ROUNDUP((N176/8),0),ROUNDUP((Q5/8),0)) -> 0
U38: congregate | V38: r-4 | W38: =IF(N187>0,ROUNDUP((N187/10),0),ROUNDUP((Q5/10),0)) -> 0 | X38: - | Y38: =IF(N187>0,ROUNDUP((N187/10),0),ROUNDUP((Q5/10),0)) -> 0 | Z38: - | AA38: =IF(N187>0,ROUNDUP(N187/100,0),ROUNDUP(Q5/100,0)) -> 0 | AB38: =IF(N187>0,ROUNDUP(N187/8,0),ROUNDUP(Q5/8,0)) -> 0
U39: storage | V39: s-1 & s-2 | W39: =IF(N192>0,ROUNDUP((N192/100),0),ROUNDUP((Q5/100),0)) -> 0 | X39: - | Y39: =IF(N192>0,ROUNDUP((N192/100),0),ROUNDUP((Q5/100),0)) -> 0 | Z39: - | AA39: =IF(N192>0,ROUNDUP(N192/1000,0),ROUNDUP(Q5/1000,0)) -> 0 | AB39: See section 411 if eyewash stations are provided
D42: Places of worship and other religious services | F42: =IF(AND(OR(N42>0,O42>0),N42+O42<=15),"Single restroom okay for 15 or less (IPC 403.2(2))",IF(AND(OR(N42>0,O42>0),N42+O42>Q5),W10,IF(AND(OR(N42>0,O42>0),N42+O42<Q5),W10,IF(Q5<=15,"Single restroom okay for 15 or less (IPC 403.2(2))",W10)))) -> Single restroom okay for 15 or less (IPC 403.2(2)) | G42: =IF(F42="Single restroom okay for 15 or less (IPC 403.2(2))","-",X10) -> - | H42: Can substitute up to 67% of required fixtures (IPC 424.2) | I42: =Y10 -> 0 | J42: =IF(F42="Single restroom okay for 15 or less (IPC 403.2(2))","-",Z10) -> - | K42: - | L42: =IF(F42="Single restroom okay for 15 or less (IPC 403.2(2))","15 or less Fountain exempt(IPC 410.2)",AA10) -> 15 or less Fountain exempt(IPC 410.2) | M42: 1 service sink | N42: 0 | O42: =N42 -> 0
C48: A-4 | D48: Colliseums, arenas, skating rinks, pools and tennis courts for indoor sporting events and activities | F48: =IF(AND(OR(N48>0,O48>0),N48+O48<=15),"Single restroom okay for 15 or less (IPC 403.2(2))",IF(Q5<=15,"Single restroom okay for 15 or less (IPC 403.2(2))",W11)) -> Single restroom okay for 15 or less (IPC 403.2(2)) | G48: =IF(F48="Single restroom okay for 15 or less (IPC 403.2(2))","-",X11) -> - | H48: Can substitute up to 67% of required fixtures (IPC 424.2) | I48: =Y11 -> 0 | J48: =IF(F48="Single restroom okay for 15 or less (IPC 403.2(2))","-",Z11) -> - | K48: - | L48: =IF(F48="Single restroom okay for 15 or less (IPC 403.2(2))","15 or less Fountain exempt(IPC 410.2)",AA11) -> 15 or less Fountain exempt(IPC 410.2) | M48: 1 service sink | N48: 0 | O48: =N48 -> 0
C54: A-5 | D54: Stadiums, amusement parks, bleachers and grand stands for outdoor sporting events and activities | F54: =IF(AND(OR(N54>0,O54>0),N54+O54<=15),"Single restroom okay for 15 or less (IPC 403.2(2))",IF(AND(OR(N54>0,O54>0),N54+O54>Q5),W12,IF(AND(OR(N54>0,O54>0),N54+O54<Q5),W12,IF(Q5<=15,"Single restroom okay for 15 or less (IPC 403.2(2))",W12)))) -> Single restroom okay for 15 or less (IPC 403.2(2)) | G54: =IF(F54="Single restroom okay for 15 or less (IPC 403.2(2))","-",X12) -> - | H54: Can substitute up to 67% of required fixtures (IPC 424.2) | I54: =Y12 -> 0 | J54: =IF(F54="Single restroom okay for 15 or less (IPC 403.2(2))","-",Z12) -> - | K54: - | L54: =IF(F54="Single restroom okay for 15 or less (IPC 403.2(2))","15 or less Fountain exempt(IPC 410.2)",AA12) -> 15 or less Fountain exempt(IPC 410.2) | M54: 1 service sink | N54: 0 | O54: =N54 -> 0
A61: Bussiness | C61: B | D61: Buildings for the transaction of business, nonmedical professional services, other services involving merchandise, office buildings, banks, light industrial, ambulatory care and similar uses | F61: =IF(AND(N61>0,N61<=25),"Single restroom okay for 25 or less (IPC 403.2(2))",IF(AND(N61>0,N61>Q5),W13,IF(AND(N61>0,N61<Q5),W13,IF(Q5<=25,"Single restroom okay for 25 or less (IPC 403.2(2))",W13)))) -> Single restroom okay for 25 or less (IPC 403.2(2)) | H61: Can substitute up to 50% of required fixtures (IPC 424.2) | I61: =Y13 -> 0 | K61: - | L61: =IF(AND(N61>0,N61<=15),"15 or less Fountain exempt(IPC 410.2)",IF(N61>15,AA13,IF(Q5<=15,"15 or less Fountain exempt(IPC 410.2)",AA13))) -> 15 or less Fountain exempt(IPC 410.2) | M61: =IF(AND(N61>0,N61<=15),"15 or less Service sink exempt (IPC 403.1(e))",IF(N61>15,"1 service sink",IF(Q5<=15,"15 or less Service sink exempt (IPC 403.1(e))","1 service sink"))) -> 15 or less Service sink exempt (IPC 403.1(e)) | N61: 0
D74: Ambulatory care facilities and outpatient clinics | F74: =IF(AND(N74>0,N74<=25),"Single restroom okay for 25 or less (IPC 403.2(2))",IF(AND(N74>25,Q5<=25),W14,IF(Q5<=25,"Single restroom okay for 25 or less (IPC 403.2(2))",W14))) -> Single restroom okay for 25 or less (IPC 403.2(2)) | H74: Can substitute up to 50% of required fixtures (IPC 424.2) | I74: =Y14 -> 0 | K74: - | L74: =IF(AND(N74>0,N74<=15),"15 or less Fountain exempt(IPC 410.2)",IF(N74>15,AA14,IF(Q5<=15,"15 or less Fountain exempt(IPC 410.2)",AA14))) -> 15 or less Fountain exempt(IPC 410.2) | M74: =IF(AND(N74>0,N74<=15),"15 or less Service sink exempt (IPC 403.1(e))",IF(N74>15,"1 service sink",IF(Q5<=15,"15 or less Service sink exempt (IPC 403.1(e))","1 service sink"))) -> 15 or less Service sink exempt (IPC 403.1(e)) | N74: 0
A80: Educational | C80: E | D80: Educational Facilities | F80: =IF(AND(N80>0,N80<=15),"Single restroom okay for 15 or less (IPC 403.2(2))",IF(AND(N80>15,Q5<=15),W15,IF(Q5<=15,"Single restroom okay for 15 or less (IPC 403.2(2))",W15))) -> Single restroom okay for 15 or less (IPC 403.2(2)) | H80: Can substitute up to 67% of required fixtures (IPC 424.2) | I80: =Y15 -> 0 | K80: - | L80: =IF(F80="Single restroom okay for 15 or less (IPC 403.2(2))","15 or less Fountain exempt(IPC 410.2)",AA15) -> 15 or less Fountain exempt(IPC 410.2) | M80: 1 service sink | N80: 0
A86: Factory or Industrial | C86: F1 & F2 | D86: Structures in which occupants are engages in work fabricating, assembly or processing of products or materials | F86: =IF(AND(N86>0,N86<=15),"Single restroom okay for 15 or less (IPC 403.2(2))",IF(AND(N86>15,Q5<=15),W16,IF(Q5<=15,"Single restroom okay for 15 or less (IPC 403.2(2))",W16))) -> Single restroom okay for 15 or less (IPC 403.2(2)) | H86: "Can substitute up to 50% of required fixtures" | I86: =Y16 -> 0 | K86: =AB16 -> See section 411 if eyewash stations are provided | L86: =IF(F86="Single restroom okay for 15 or less (IPC 403.2(2))","15 or less Fountain exempt(IPC 410.2)",AA16) -> 15 or less Fountain exempt(IPC 410.2) | M86: 1 service sink | N86: 0
A93: Institutional | C93: - | D93: Alcohol and drug centers, Congregate care facilities, Group Homes, Halfway houses, Social rehabilitation facilities, Foster care facilities | F93: =IF(AND(N93>0,N93<=15),"Single restroom okay for 15 or less (IPC 403.2(2))",IF(AND(N93>15,Q5<=15),W17,IF(Q5<=15,"Single restroom okay for 15 or less (IPC 403.2(2))",W17))) -> Single restroom okay for 15 or less (IPC 403.2(2)) | H93: Can substitute up to 50% of required fixtures (IPC 424.2) | I93: =Y17 -> 0 | K93: =AB17 -> 0 | L93: =IF(F93="Single restroom okay for 15 or less (IPC 403.2(2))","15 or less Fountain exempt(IPC 410.2)",AA17) -> 15 or less Fountain exempt(IPC 410.2) | M93: 1 service sink | N93: 0
C101: Assisted living and residential board and care facilites with care recipeints who receive custodial care | D101: Sleeping units for care recipient | F101: =W18 -> 1 per (2) Sleeping Units | H101: - | I101: 1 per(2) sleeping units | K101: =AB18 -> 1 per (8) Sleeping Units | L101: - | M101: - | N101: -
D104: Dwelling units for care receipients | F104: =W19 -> 1 per Dwelling Unit | H104: - | I104: =Y19 -> 1 per Dwelling Unit | K104: =AB19 -> 1 per Dwelling Unit | L104: =AA27 -> 0 | M104: =AA19 -> 1 kitchen sink per Dwelling Unit | N104: -
D107: Emplyee facilites | F107: =W20 -> 0 | H107: - | I107: =Y20 -> 0 | K107: - | L107: =AA20 -> 0 | M107: 1 service sink per floor | N107: 0
D110: Visitor facilites | F110: =W21 -> 0 | H110: - | I110: =Y21 -> 0 | K110: - | L110: - | M110: - | N110: 0
C113: Nusring Homes | D113: Sleeping units for care recipient | F113: =W22 -> 1 per (2) care recipient sleeping units | H113: - | I113: =Y22 -> 1 per (2) care recipient sleeping units | K113: =AB22 -> 1 per (8) Sleeping Units | L113: - | M113: - | N113: -
D116: Emplyee facilites | F116: =W23 -> 0 | H116: - | I116: =Y23 -> 0 | K116: - | L116: =AA23 -> 0 | M116: 1 service sink per floor | N116: 0
D119: Visitor facilites | F119: =W25 -> 0 | H119: - | I119: =Y25 -> 0 | K119: - | L119: - | M119: - | N119: 0
C122: Hospitals | D122: Sleeping units for care recipient | F122: =W26 -> 1 per care recipient sleeping unit | H122: - | I122: =Y26 -> 1 per care recipient sleeping unit | K122: - | L122: - | M122: - | N122: -
D125: Care recipient treatment areas | F125: =W27 -> 1 per (25) care recipient treatment rooms | H125: - | I125: =Y27 -> 1 per (50) care recipient treatment rooms | K125: - | L125: =AA27 -> 0 | M125: - | N125: 0
D128: Emplyee facilites | F128: =W28 -> 1 per (25) care recipient sleeping unit or treatment room | H128: - | I128: =Y28 -> 1 per (50) care recipient sleeping or treatment room | L128: =AA28 -> 0 | M128: 1 service sink per floor | N128: 0
D132: Visitor facilites | F132: =W29 -> 1 per (75) care recipient sleeping unit or treatment room | H132: - | I132: =Y29 -> 1 per (50) care recipient sleeping or treatment room | L132: =AA29 -> 0 | M132: - | N132: 0
C136: Prisoners | F136: 1 per cell | H136: - | I136: 1 per cell | K136: 1 per 100 | L136: ="1 per 100" -> 1 per 100 | M136: 1 service sink | N136: 0
C139: Reformitories, detention centers, and correctional centers | D139: Cells | F139: =IF(AND(N139>0,N139<=15),"Single restroom okay for 15 or less (IPC 403.2(2))",IF(AND(N139>15,Q5<=15),W30,IF(Q5<=15,"Single restroom okay for 15 or less (IPC 403.2(2))",W30))) -> Single restroom okay for 15 or less (IPC 403.2(2)) | H139: - | I139: =Y30 -> 0 | K139: =AB31 -> 0 | L139: =IF(F139="Single restroom okay for 15 or less (IPC 403.2(2))","15 or less Fountain exempt(IPC 410.2)",AA30) -> 15 or less Fountain exempt(IPC 410.2) | M139: 1 service sink | N139: 0
D142: Congregate living facilities | F142: =IF(AND(N142>0,N142<=15),"Single restroom okay for 15 or less (IPC 403.2(2))",IF(AND(N142>15,Q5<=15),W31,IF(Q5<=15,"Single restroom okay for 15 or less (IPC 403.2(2))",W31))) -> Single restroom okay for 15 or less (IPC 403.2(2)) | I142: =Y31 -> 0 | K142: =AB31 -> 0 | L142: =IF(F142="Single restroom okay for 15 or less (IPC 403.2(2))","15 or less Fountain exempt(IPC 410.2)",AA31) -> 15 or less Fountain exempt(IPC 410.2) | M142: 1 service sink | N142: 0
D145: Employees | F145: =IF(AND(N145>0,N145<=15),"Single restroom okay for 15 or less (IPC 403.2(2))",IF(AND(N145>15,Q5<=15),W32,IF(Q5<=15,"Single restroom okay for 15 or less (IPC 403.2(2))",W32))) -> Single restroom okay for 15 or less (IPC 403.2(2)) | H145: - | I145: =Y32 -> 0 | K145: - | L145: =IF(F145="Single restroom okay for 15 or less (IPC 403.2(2))","15 or less Fountain exempt(IPC 410.2)",AA32) -> 15 or less Fountain exempt(IPC 410.2) | M145: - | N145: 0
C148: I-4 | D148: Adult daycare and child daycare | F148: =IF(AND(N148>0,N148<=15),"Single restroom okay for 15 or less (IPC 403.2(2))",IF(AND(N148>15,Q5<=15),W33,IF(Q5<=15,"Single restroom okay for 15 or less (IPC 403.2(2))",W33))) -> Single restroom okay for 15 or less (IPC 403.2(2)) | H148: - | I148: =Y33 -> 0 | K148: =AB33 -> 1 | L148: =IF(F148="Single restroom okay for 15 or less (IPC 403.2(2))","15 or less Fountain exempt(IPC 410.2)",AA33) -> 15 or less Fountain exempt(IPC 410.2) | M148: 1 service sink | N148: 0
A151: Merchantile | C151: M | D151: Retail stores, service stations, shops, salesroom, markets, and shopping centers | F151: =IF(AND(N151>0,N151<=100),"Single restroom okay for 100 or less (IPC 403.2(3))",IF(AND(N151>100,Q5<=100),W34,IF(Q5<=100,"Single restroom okay for 100 or less (IPC 403.2(3))",W34))) -> Single restroom okay for 100 or less (IPC 403.2(3)) | H151: Can substitute up to 50% of required fixtures (IPC 424.2) | I151: =Y34 -> 0 | K151: - | L151: =IF(AND(N151>0,N151<=15),"15 or less Fountain exempt(IPC 410.2)",IF(N151>15,AA34,IF(Q5<=15,"15 or less Fountain exempt(IPC 410.2)",AA34))) -> 15 or less Fountain exempt(IPC 410.2) | M151: =IF(AND(N151>0,N151<=15),"15 or less Service sink exempt (IPC 403.1(e))",IF(N151>15,"1 service sink",IF(Q5<=15,"15 or less Service sink exempt (IPC 403.1(e))","1 service sink"))) -> 15 or less Service sink exempt (IPC 403.1(e)) | N151: 0
A159: Residential | C159: R-1 | D159: Hotels, motels, boarding houses (transient) | F159: 1 per sleeping / dwelling unit | H159: - | I159: 1 per sleeping / dwelling unit | K159: 1 per sleeping / dwelling unit | L159: - | M159: 1 service sink | N159: -
C164: R-2 | D164: Dormitories, fraternities, soroitites, and boarding houses (non transient) | F164: =W35 -> 0 | H164: - | I164: =Y35 -> 0 | K164: =AB35 -> 0 | L164: =IF(AND(N164>0,N164<=15),"15 or less Fountain exempt(IPC 410.2)",IF(Q5<=15,"15 or less Fountain exempt(IPC 410.2)",AA35)) -> 15 or less Fountain exempt(IPC 410.2) | M164: 1 service sink | N164: 0
D169: Apartment house | F169: 1 per dwelling / sleeping unit | H169: - | I169: 1 per dwelling / sleeping unit | K169: 1 per dwelling / sleeping unit | L169: - | M169: 1 kitchen sink per dwelling unit; 1 automatic clothes washer connection per 20 dwelling units | N169: -
C176: R-3 | D176: Congregate living facilities with 16 or fewer care recipients receiving custodial care | F176: =W37 -> 0 | H176: - | I176: =Y37 -> 0 | K176: =AB37 -> 0 | L176: - | M176: 1 kitchen sink | N176: 0
D181: One- and two- family dwellings and lodging houses with five or fewer guestrooms | F181: 1 per dwelling unit | H181: - | I181: 1 per dwelling unit | K181: 1 per dwelling unit | M181: 1 kitchen sink per dwelling unit; 1 automatic clothes washer connection per dwelling unit | N181: -
C187: R-4 | D187: Congregate living facilities with 16 or fewer persons | F187: =W38 -> 0 | H187: - | I187: =Y38 -> 0 | K187: =AB38 -> 0 | L187: =AA38 -> 0 | M187: 1 service sink | N187: 0
A192: Storage | C192: S-1 & S-2 | D192: Structures for the storage of goods, warehouses, store houses and freight depots. Low and Moderate Hazard. | F192: =IF(AND(N192>0,N192<=15),"Single restroom okay for 15 or less (IPC 403.2(2))",IF(AND(N192>15,Q5<=15),W39,IF(Q5<=15,"Single restroom okay for 15 or less (IPC 403.2(2))",W39))) -> Single restroom okay for 15 or less (IPC 403.2(2)) | H192: - | I192: =Y39 -> 0 | K192: =AB39 -> See section 411 if eyewash stations are provided | L192: =IF(AND(N192>0,N192<=15),"15 or less Fountain exempt(IPC 410.2)",IF(Q5<=15,"15 or less Fountain exempt(IPC 410.2)",AA39)) -> 15 or less Fountain exempt(IPC 410.2) | M192: 1 service sink | N192: 0

Sheet 2018 - 2024 UPC - CPC - ID
A1: Classification: | C1: Occupancy: | D1: Description: | F1: Water Closets: | H1: Urinals: | I1: Lavatories: | K1: Bathtubs / Showers: | L1: Drinking Fountain: | M1: Other: | N1: Manual Occupant Load Override: | W1: WATER CLOSETS | Z1: LAVYS | AB1: FOUNTIAN | AC1: SHOWER
F2: Male: | G2: Female: | I2: Male: | J2: Female: | N2: Male: | O2: Female: | W2: UPC | X2: UPC | Y2: UPC | Z2: UPC | AA2: UPC | AB2: UPC | AC2: UPC
A3: Assembly | C3: A-1 | D3: Assembly occupancy (fixed or permanent seating) - theaters, concert halls, and auditoriums | F3: =IF(AND(OR(N3>0,O3>0),N3+O3<=10),"Single restroom okay for 10 or less (422.2(2))",IF(AND(OR(N3>0,O3>0),N3+O3>Q5),W4,IF(AND(OR(N3>0,O3>0),N3+O3<Q5),W4,IF(Q5<=10,"Single restroom okay for 10 or less (422.2(2))",W4)))) -> Single restroom okay for 10 or less (422.2(2)) | G3: =IF(F3="Single restroom okay for 10 or less (422.2(2))","-",Y4) -> - | H3: Can substitute up to 67% of required fixtures (Table 422.1(4)) | I3: =Z4 -> 0 | J3: =IF(F3="Single restroom okay for 10 or less (422.2(2))","-",AA4) -> - | K3: - | L3: =IF(AND(OR(N3>0,O3>0),N3+O3<=30),"30 or less Fountain exempt(415.2)",IF(AND(OR(N3>0,O3>0),N3+O3>Q5),AB4,IF(AND(OR(N3>0,O3>0),N3+O3<Q5),AB4,IF(Q5<=30,"30 or less Fountain exempt(415.2)",AB4)))) -> 30 or less Fountain exempt(415.2) | M3: =IF(AND(OR(N3>0,O3>0),((N3+O3)<=15)),"15 or less Service sink exempt (UPC Table 422.1, footnote 6)",IF(AND(OR(N3>0,O3>0),N3+O3>Q5),"1 service sink",IF(AND(OR(N3>0,O3>0),N3+O3<Q5),"1 service sink",IF(Q5<=15,"15 or less Service sink exempt (UPC Table 422.1, footnote 6)","1 service or laundry sink")))) -> 15 or less Service sink exempt (UPC Table 422.1, footnote 6) | N3: 0 | O3: =N3 -> 0 | Q3: Total Occupant Load: | W3: male | X3: urinals | Y3: female | Z3: male | AA3: female | AB3: fountain | AC3: shower
V4: a-1 | W4: =IF(AND(N3>0,N3<=100),1,IF(AND(N3>100,N3<=200),2,IF(AND(N3>200,N3<=400),3,IF(N3>400,(ROUNDUP(N3/500,1))+3,IF(AND(Q8>0,Q8<=100),1,IF(AND(Q8>100,Q8<=200),2,IF(AND(Q8>200,Q8<=400),3,IF(Q8>400,(ROUNDUP(Q8/500,1))+3,0)))))))) -> 0 | X4: =IF(AND(N3>0,N3<=200),1,IF(AND(N3>200,N3<=300),2,IF(AND(N3>300,N3<=400),3,IF(AND(N3>400,N3<=600),6,IF(N3>600,(ROUNDUP(N3/300,0))+2,IF(AND(Q8>0,Q8<=200),1,IF(AND(Q8>200,Q8<=300),2,IF(AND(Q8>300,Q8<=400),3,IF(AND(Q8>400,Q8<=600),6,IF(Q8>600,(ROUNDUP(Q8/300,0))+2,0)))))))))) -> 0 | Y4: =IF(AND(O3>0,O3<=25),1,IF(AND(O3>25,O3<=50),2,IF(AND(O3>50,O3<=100),3,IF(AND(O3>100,O3<=200),4,IF(AND(O3>200,O3<=300),6,IF(AND(O3>300,O3<=400),8,IF(O3>400,(ROUNDUP(O3/125,0))+5,IF(AND(R8>0,R8<=25),1,IF(AND(R8>25,R8<=50),2,IF(AND(R8>50,R8<=100),3,IF(AND(R8>100,R8<=200),4,IF(AND(R8>200,R8<=300),6,IF(AND(R8>300,R8<=400),8,IF(R8>400,(ROUNDUP(R8/125,0))+5,0)))))))))))))) -> 0 | Z4: =IF(AND(N3>0,N3<=200),1,IF(AND(N3>200,N3<=400),2,IF(AND(N3>400,N3<=600),3,IF(AND(N3>600,N3<=750),4,IF(N3>750,(ROUNDUP(N3/250,0)+1),IF(AND(Q8>0,Q8<=200),1,IF(AND(Q8>200,Q8<=400),2,IF(AND(Q8>400,Q8<=600),3,IF(AND(Q8>600,Q8<=750),4,IF(Q8>750,(ROUNDUP(Q8/250,0)+1),0)))))))))) -> 0 | AA4: =IF(AND(O3>0,O3<=100),1,IF(AND(O3>100,O3<=200),2,IF(AND(O3>200,O3<=300),4,IF(AND(O3>300,O3<=500),5,IF(AND(O3>500,O3<=750),6,IF(O3>750,(ROUNDUP(O3/200,0)+3),IF(AND(R8>0,R8<=100),1,IF(AND(R8>100,R8<=200),2,IF(AND(R8>200,R8<=300),4,IF(AND(R8>300,R8<=500),5,IF(AND(R8>500,R8<=750),6,IF(R8>750,(ROUNDUP(R8/200,0)+3),0)))))))))))) -> 0 | AB4: =IF(AND((N3+O3)>0,(N3+O3)<=250),1,IF(AND((N3+O3)>250,(N3+O3)<=500),2,IF(AND((N3+O3)>500,(N3+O3)<=750),3,IF((N3+O3)>750,(ROUNDUP((N3+O3)/500,0)+2),IF(AND(Q5>0,Q5<=250),1,IF(AND(Q5>250,Q5<=500),2,IF(AND(Q5>500,Q5<=750),3,IF(Q5>750,(ROUNDUP(Q5/500,0)+2),0)))))))) -> 0 | AC4: -
Q5: ='Occupant Calculator'!D34 -> 0 | V5: a-2 | W5: =IF(AND(N10>0,N10<=50),1,IF(AND(N10>50,N10<=150),2,IF(AND(N10>150,N10<=300),3,IF(AND(N10>300,N10<=400),4,IF(N10>400,(ROUNDUP(N10/250,1))+3,IF(AND(Q8>0,Q8<=50),1,IF(AND(Q8>50,Q8<=150),2,IF(AND(Q8>150,Q8<=300),3,IF(AND(Q8>300,Q8<=400),4,IF(Q8>400,(ROUNDUP(Q8/250,1))+3,0)))))))))) -> 0 | X5: =IF(AND(N10>0,N10<=200),1,IF(AND(N10>200,N10<=300),2,IF(AND(N10>300,N10<=400),3,IF(AND(N10>400,N10<=600),6,IF(N10>600,(ROUNDUP(N10/300,0))+2,IF(AND(Q8>0,Q8<=200),1,IF(AND(Q8>200,Q8<=300),2,IF(AND(Q8>300,Q8<=400),3,IF(AND(Q8>400,Q8<=600),6,IF(Q8>600,(ROUNDUP(Q8/300,0))+2,0)))))))))) -> 0 | Y5: =IF(AND(O10>0,O10<=25),1,IF(AND(O10>25,O10<=50),2,IF(AND(O10>50,O10<=100),3,IF(AND(O10>100,O10<=200),4,IF(AND(O10>200,O10<=300),6,IF(AND(O10>300,O10<=400),8,IF(O10>400,(ROUNDUP(O10/125,1))+5,IF(AND(R8>0,R8<=25),1,IF(AND(R8>25,R8<=50),2,IF(AND(R8>50,R8<=100),3,IF(AND(R8>100,R8<=200),4,IF(AND(R8>200,R8<=300),6,IF(AND(R8>300,R8<=400),8,IF(R8>400,(ROUNDUP(R8/125,1))+5,0)))))))))))))) -> 0 | Z5: =IF(AND(N10>0,N10<=150),1,IF(AND(N10>150,N10<=200),2,IF(AND(N10>200,N10<=400),3,IF(N10>400,(ROUNDUP(N10/250,0)+2),IF(AND(Q8>0,Q8<=150),1,IF(AND(Q8>150,Q8<=200),2,IF(AND(Q8>200,Q8<=400),3,IF(Q8>400,(ROUNDUP(Q8/250,0)+2),0)))))))) -> 0 | AA5: =IF(AND(O10>0,O10<=100),1,IF(AND(O10>100,O10<=200),2,IF(AND(O10>200,O10<=300),4,IF(AND(O10>300,O10<=500),5,IF(AND(O10>500,O10<=750),6,IF(O10>750,(ROUNDUP(O10/200,0)+3),IF(AND(R8>0,R8<=100),1,IF(AND(R8>100,R8<=200),2,IF(AND(R8>200,R8<=300),4,IF(AND(R8>300,R8<=500),5,IF(AND(R8>500,R8<=750),6,IF(R8>750,(ROUNDUP(R8/200,0)+3),0)))))))))))) -> 0 | AB5: =IF(AND((N10+O10)>0,(N10+O10)<=250),1,IF(AND((N10+O10)>250,(N10+O10)<=500),2,IF(AND((N10+O10)>500,(N10+O10)<=750),3,IF((N10+O10)>750,(ROUNDUP((N10+O10)/500,0)+2),IF(AND(Q5>0,Q5<=250),1,IF(AND(Q5>250,Q5<=500),2,IF(AND(Q5>500,Q5<=750),3,IF(Q5>750,(ROUNDUP(Q5/500,0)+2),0)))))))) -> 0 | AC5: -
V6: a-3 | W6: =IF(AND(N16>0,N16<=100),1,IF(AND(N16>100,N16<=200),2,IF(AND(N16>200,N16<=400),3,IF(N16>400,(ROUNDUP(N16/500,1))+3,IF(AND(Q8>0,Q8<=100),1,IF(AND(Q8>100,Q8<=200),2,IF(AND(Q8>200,Q8<=400),3,IF(Q8>400,(ROUNDUP(Q8/500,1))+3,0)))))))) -> 0 | X6: =IF(AND(N16>0,N16<=200),1,IF(AND(N16>200,N16<=300),2,IF(AND(N16>300,N16<=400),3,IF(AND(N16>400,N16<=600),6,IF(N16>600,(ROUNDUP(N16/300,0))+2,IF(AND(Q8>0,Q8<=200),1,IF(AND(Q8>200,Q8<=300),2,IF(AND(Q8>300,Q8<=400),3,IF(AND(Q8>400,Q8<=600),6,IF(Q8>600,(ROUNDUP(Q8/300,0))+2,0)))))))))) -> 0 | Y6: =IF(AND(O16>0,O16<=25),1,IF(AND(O16>25,O16<=50),2,IF(AND(O16>50,O16<=100),3,IF(AND(O16>100,O16<=200),4,IF(AND(O16>200,O16<=300),6,IF(AND(O16>300,O16<=400),8,IF(O16>400,(ROUNDUP(O16/125,1))+5,IF(AND(R8>0,R8<=25),1,IF(AND(R8>25,R8<=50),2,IF(AND(R8>50,R8<=100),3,IF(AND(R8>100,R8<=200),4,IF(AND(R8>200,R8<=300),6,IF(AND(R8>300,R8<=400),8,IF(R8>400,(ROUNDUP(R8/125,1))+5,0)))))))))))))) -> 0 | Z6: =IF(AND(N16>0,N16<=200),1,IF(AND(N16>200,N16<=400),2,IF(AND(N16>400,N16<=600),3,IF(AND(N16>600,N16<=750),4,IF(N16>750,(ROUNDUP(N16/250,0)+1),IF(AND(Q8>0,Q8<=200),1,IF(AND(Q8>200,Q8<=400),2,IF(AND(Q8>400,Q8<=600),3,IF(AND(Q8>600,Q8<=750),4,IF(Q8>750,(ROUNDUP(Q8/250,0)+1),0)))))))))) -> 0 | AA6: =IF(AND(O16>0,O16<=100),1,IF(AND(O16>100,O16<=200),2,IF(AND(O16>200,O16<=300),4,IF(AND(O16>300,O16<=500),5,IF(AND(O16>500,O16<=750),6,IF(O16>750,(ROUNDUP(O16/200,0)+3),IF(AND(R8>0,R8<=100),1,IF(AND(R8>100,R8<=200),2,IF(AND(R8>200,R8<=300),4,IF(AND(R8>300,R8<=500),5,IF(AND(R8>500,R8<=750),6,IF(R8>750,(ROUNDUP(R8/200,0)+3),0)))))))))))) -> 0 | AB6: =IF(AND((N16+O16)>0,(N16+O16)<=250),1,IF(AND((N16+O16)>250,(N16+O16)<=500),2,IF(AND((N16+O16)>500,(N16+O16)<=750),3,IF((N16+O16)>750,(ROUNDUP((N16+O16)/500,0)+2),IF(AND(Q5>0,Q5<=250),1,IF(AND(Q5>250,Q5<=500),2,IF(AND(Q5>500,Q5<=750),3,IF(Q5>750,(ROUNDUP(Q5/500,0)+2),0)))))))) -> 0 | AC6: -
Q7: Male: | R7: Female: | V7: a-4 | W7: =IF(AND(N28>0,N28<=100),1,IF(AND(N28>100,N28<=200),2,IF(AND(N28>200,N28<=400),3,IF(N28>400,(ROUNDUP(N28/500,1))+3,IF(AND(Q8>0,Q8<=100),1,IF(AND(Q8>100,Q8<=200),2,IF(AND(Q8>200,Q8<=400),3,IF(Q8>400,(ROUNDUP(Q8/500,1))+3,0)))))))) -> 0 | X7: =IF(AND(N28>0,N28<=200),1,IF(AND(N28>200,N28<=300),2,IF(AND(N28>300,N28<=400),3,IF(AND(N28>400,N28<=600),6,IF(N28>600,(ROUNDUP(N28/300,0))+2,IF(AND(Q8>0,Q8<=200),1,IF(AND(Q8>200,Q8<=300),2,IF(AND(Q8>300,Q8<=400),3,IF(AND(Q8>400,Q8<=600),6,IF(Q8>600,(ROUNDUP(Q8/300,0))+2,0)))))))))) -> 0 | Y7: =IF(AND(O28>0,O28<=25),1,IF(AND(O28>25,O28<=50),2,IF(AND(O28>50,O28<=100),3,IF(AND(O28>100,O28<=200),4,IF(AND(O28>200,O28<=300),6,IF(AND(O28>300,O28<=400),8,IF(O28>400,(ROUNDUP(O28/125,1))+5,IF(AND(R8>0,R8<=25),1,IF(AND(R8>25,R8<=50),2,IF(AND(R8>50,R8<=100),3,IF(AND(R8>100,R8<=200),4,IF(AND(R8>200,R8<=300),6,IF(AND(R8>300,R8<=400),8,IF(R8>400,(ROUNDUP(R8/125,1))+5,0)))))))))))))) -> 0 | Z7: =IF(AND(N28>0,N28<=200),1,IF(AND(N28>200,N28<=400),2,IF(AND(N28>400,N28<=600),3,IF(AND(N28>600,N28<=750),4,IF(N28>750,(ROUNDUP(N28/250,0)+1),IF(AND(Q8>0,Q8<=200),1,IF(AND(Q8>200,Q8<=400),2,IF(AND(Q8>400,Q8<=600),3,IF(AND(Q8>600,Q8<=750),4,IF(Q8>750,(ROUNDUP(Q8/250,0)+1),0)))))))))) -> 0 | AA7: =IF(AND(O28>0,O28<=100),1,IF(AND(O28>100,O28<=200),2,IF(AND(O28>200,O28<=300),4,IF(AND(O28>300,O28<=500),5,IF(AND(O28>500,O28<=750),6,IF(O28>750,(ROUNDUP(O28/200,0)+3),IF(AND(R8>0,R8<=100),1,IF(AND(R8>100,R8<=200),2,IF(AND(R8>200,R8<=300),4,IF(AND(R8>300,R8<=500),5,IF(AND(R8>500,R8<=750),6,IF(R8>750,(ROUNDUP(R8/200,0)+3),0)))))))))))) -> 0 | AB7: =IF(AND((N28+O28)>0,(N28+O28)<=250),1,IF(AND((N28+O28)>250,(N28+O28)<=500),2,IF(AND((N28+O28)>500,(N28+O28)<=750),3,IF((N28+O28)>750,(ROUNDUP((N28+O28)/500,0)+2),IF(AND(Q5>0,Q5<=250),1,IF(AND(Q5>250,Q5<=500),2,IF(AND(Q5>500,Q5<=750),3,IF(Q5>750,(ROUNDUP(Q5/500,0)+2),0)))))))) -> 0 | AC7: -
Q8: =ROUNDUP((Q5/2),1) -> 0 | R8: =ROUNDUP((Q5/2),1) -> 0
V9: a-5 | W9: =IF(AND(N38>0,N38<=100),1,IF(AND(N38>100,N38<=200),2,IF(AND(N38>200,N38<=400),3,IF(N38>400,(ROUNDUP(N38/500,1))+3,IF(AND(Q8>0,Q8<=100),1,IF(AND(Q8>100,Q8<=200),2,IF(AND(Q8>200,Q8<=400),3,IF(Q8>400,(ROUNDUP(Q8/500,1))+3,0)))))))) -> 0 | X9: =IF(AND(N38>0,N38<=200),1,IF(AND(N38>200,N38<=300),2,IF(AND(N38>300,N38<=400),3,IF(AND(N38>400,N38<=600),6,IF(N38>600,(ROUNDUP(N38/300,0))+2,IF(AND(Q8>0,Q8<=200),1,IF(AND(Q8>200,Q8<=300),2,IF(AND(Q8>300,Q8<=400),3,IF(AND(Q8>400,Q8<=600),6,IF(Q8>600,(ROUNDUP(Q8/300,0))+2,0)))))))))) -> 0 | Y9: =IF(AND(O38>0,O38<=25),1,IF(AND(O38>25,O38<=50),2,IF(AND(O38>50,O38<=100),3,IF(AND(O38>100,O38<=200),4,IF(AND(O38>200,O38<=300),6,IF(AND(O38>300,O38<=400),8,IF(O38>400,(ROUNDUP(#REF!/125,1))+5,IF(AND(R8>0,R8<=25),1,IF(AND(R8>25,R8<=50),2,IF(AND(R8>50,R8<=100),3,IF(AND(R8>100,R8<=200),4,IF(AND(R8>200,R8<=300),6,IF(AND(R8>300,R8<=400),8,IF(R8>400,(ROUNDUP(R8/125,1))+5,0)))))))))))))) -> 0 | Z9: =IF(AND(N38>0,N38<=200),1,IF(AND(N38>200,N38<=400),2,IF(AND(N38>400,N38<=600),3,IF(AND(N38>600,N38<=750),4,IF(N38>750,(ROUNDUP(N38/250,0)+1),IF(AND(Q8>0,Q8<=200),1,IF(AND(Q8>200,Q8<=400),2,IF(AND(Q8>400,Q8<=600),3,IF(AND(Q8>600,Q8<=750),4,IF(Q8>750,(ROUNDUP(Q8/250,0)+1),0)))))))))) -> 0 | AA9: =IF(AND(O38>0,O38<=100),1,IF(AND(O38>100,O38<=200),2,IF(AND(O38>200,O38<=300),4,IF(AND(O38>300,O38<=500),5,IF(AND(O38>500,O38<=750),6,IF(O38>750,(ROUNDUP(O38/200,0)+3),IF(AND(R8>0,R8<=100),1,IF(AND(R8>100,R8<=200),2,IF(AND(R8>200,R8<=300),4,IF(AND(R8>300,R8<=500),5,IF(AND(R8>500,R8<=750),6,IF(R8>750,(ROUNDUP(R8/200,0)+3),0)))))))))))) -> 0 | AB9: =IF(AND((N38+O38)>0,(N38+O38)<=250),1,IF(AND((N38+O38)>250,(N38+O38)<=500),2,IF(AND((N38+O38)>500,(N38+O38)<=750),3,IF((N38+O38)>750,(ROUNDUP((N38+O38)/500,0)+2),IF(AND(Q5>0,Q5<=250),1,IF(AND(Q5>250,Q5<=500),2,IF(AND(Q5>500,Q5<=750),3,IF(Q5>750,(ROUNDUP(Q5/500,0)+2),0)))))))) -> 0 | AC9: -
C10: A-2 | D10: Assembly occupancy - restaurants, pubs, lounges, nightclubs and banquet halls | F10: =IF(AND(OR(N10>0,O10>0),N10+O10<=10),"Single restroom okay for 10 or less (422.2(2))",IF(AND(OR(N10>0,O10>0),N10+O10>Q5),W5,IF(AND(OR(N10>0,O10>0),N10+O3<Q5),W5,IF(Q5<=10,"Single restroom okay for 10 or less (422.2(2))",W5)))) -> Single restroom okay for 10 or less (422.2(2)) | G10: =IF(F10="Single restroom okay for 10 or less (422.2(2))","-",Y5) -> - | H10: Can substitute up to 67% of required fixtures (Table 422.1(4)) | I10: =Z5 -> 0 | J10: =IF(F10="Single restroom okay for 10 or less (422.2(2))","-",AA5) -> - | K10: - | L10: =IF(AND(OR(N10>0,O10>0),N10+O10<=30),"30 or less Fountain exempt(415.2)",IF(AND(OR(N10>0,O10>0),N10+O10>Q5),AB5,IF(AND(OR(N10>0,O10>0),N10+O10<Q5),AB5,IF(Q5<=30,"30 or less Fountain exempt(415.2)",AB5)))) -> 30 or less Fountain exempt(415.2) | M10: =IF(AND(OR(N10>0,O10>0),((N10+O10)<=15)),"15 or less Service sink exempt (UPC Table 422.1, footnote 6)",IF(AND(OR(N10>0,O10>0),N10+O10>Q5),"1 service sink",IF(AND(OR(N10>0,O10>0),N10+O10<Q5),"1 service sink",IF(Q5<=15,"15 or less Service sink exempt (UPC Table 422.1, footnote 6)","1 service or laundry sink")))) -> 15 or less Service sink exempt (UPC Table 422.1, footnote 6) | N10: 0 | O10: =N10 -> 0 | V10: b | W10: =IF(AND(N45>0,N45<=50),1,IF(AND(N45>50,N45<=100),2,IF(AND(N45>100,N45<=200),3,IF(AND(N45>200,N45<=400),4,IF(N45>400,(ROUNDUP(N45/500,1))+3,IF(AND(Q8>0,Q8<=50),1,IF(AND(Q8>50,Q8<=100),2,IF(AND(Q8>100,Q8<=200),3,IF(AND(Q8>200,Q8<=400),4,IF(Q8>400,(ROUNDUP(Q8/500,1))+3,0)))))))))) -> 0 | X10: =IF(AND(N45>0,N45<=200),1,IF(AND(N45>200,N45<=300),2,IF(AND(N45>300,N45<=400),3,IF(AND(N45>400,N45<=600),6,IF(N45>600,(ROUNDUP(N45/300,0))+2,IF(AND(Q8>0,Q8<=200),1,IF(AND(Q8>200,Q8<=300),2,IF(AND(Q8>300,Q8<=400),3,IF(AND(Q8>400,Q8<=600),6,IF(Q8>600,(ROUNDUP(Q8/300,0))+2,0)))))))))) -> 0 | Y10: =IF(AND(O45>0,O45<=15),1,IF(AND(O45>15,O45<=30),2,IF(AND(O45>30,O45<=50),3,IF(AND(O45>50,O45<=100),4,IF(AND(O45>100,O45<=200),8,IF(AND(O45>100,O45<=400),11,IF(O45>400,ROUNDUP(O45/150,0)+8,IF(AND(R8>0,R8<=15),1,IF(AND(R8>15,R8<=30),2,IF(AND(R8>30,R8<=50),3,IF(AND(R8>50,R8<=100),4,IF(AND(R8>100,R8<=200),8,IF(AND(R8>100,R8<=400),11,IF(R8>400,ROUNDUP(R8/150,0)+8,0)))))))))))))) -> 0 | Z10: =IF(AND(N45>0,N45<=75),1,IF(AND(N45>75,N45<=150),2,IF(AND(N45>150,N45<=200),3,IF(AND(N45>200,N45<=300),4,IF(AND(N45>300,N45<=400),5,IF(N45>400,(ROUNDUP(N45/250,0)+4),IF(AND(Q8>0,Q8<=75),1,IF(AND(Q8>75,Q8<=150),2,IF(AND(Q8>150,Q8<=200),3,IF(AND(Q8>200,Q8<=300),4,IF(AND(Q8>300,Q8<=400),5,IF(Q8>400,(ROUNDUP(Q8/250,0)+4),0)))))))))))) -> 0 | AA10: =IF(AND(O45>0,O45<=50),1,IF(AND(O45>50,O45<=100),2,IF(AND(O45>100,O45<=150),3,IF(AND(O45>150,O45<=200),4,IF(AND(O45>200,O45<=300),5,IF(AND(O45>300,O45<=400),6,IF(O45>400,(ROUNDUP(O45/200,0)+4),IF(AND(R8>0,R8<=50),1,IF(AND(R8>50,R8<=100),2,IF(AND(R8>100,R8<=150),3,IF(AND(R8>150,R8<=200),4,IF(AND(R8>200,R8<=300),5,IF(AND(R8>300,R8<=400),6,IF(R8>400,(ROUNDUP(R8/200,0)+4),0)))))))))))))) -> 0 | AB10: =IF(OR(N45>0,O45>0),ROUNDUP((N45+O45)/150,0),ROUNDUP(Q5/150,0)) -> 0 | AC10: -
V11: e | W11: =IF(N67>0,ROUNDUP((N67/50),0),ROUNDUP((Q8/50),0)) -> 0 | X11: =IF(N67>0,ROUNDUP((N67/100),0),ROUNDUP((Q8/100),0)) -> 0 | Y11: =IF(O67>0,ROUNDUP((O67/30),0),ROUNDUP((R8/30),0)) -> 0 | Z11: =IF(N67>0,ROUNDUP((N67/40),0),ROUNDUP((Q8/40),0)) -> 0 | AA11: =IF(O67>0,ROUNDUP((O67/40),0),ROUNDUP((R8/40),0)) -> 0 | AB11: =IF(OR(N67>0,O67>0),ROUNDUP((N67+O67)/150,0),ROUNDUP(Q5/150,0)) -> 0 | AC11: -
V12: f-1 & f-2 | W12: =IF(AND(N73>0,N73<=50),1,IF(AND(N73>50,N73<=75),2,IF(AND(N73>75,N73<=100),3,IF(N73>100,(ROUNDUP(N73/40,1))+1,IF(AND(Q8>0,Q8<=50),1,IF(AND(Q8>50,Q8<=75),2,IF(AND(Q8>75,Q8<=100),3,IF(Q8>100,(ROUNDUP(Q8/40,1))+1,0)))))))) -> 0 | X12: - | Y12: =IF(AND(O73>0,O73<=50),1,IF(AND(O73>50,O73<=75),2,IF(AND(O73>75,O73<=100),3,IF(O73>100,(ROUNDUP(O73/40,1))+1,IF(AND(R8>0,R8<=50),1,IF(AND(R8>50,R8<=75),2,IF(AND(R8>75,R8<=100),3,IF(R8>100,(ROUNDUP(R8/40,1))+1,0)))))))) -> 0 | Z12: =IF(AND(N73>0,N73<=50),1,IF(AND(N73>50,N73<=75),2,IF(AND(N73>75,N73<=100),3,IF(N73>100,(ROUNDUP(N73/40,1))+1,IF(AND(Q8>0,Q8<=50),1,IF(AND(Q8>50,Q8<=75),2,IF(AND(Q8>75,Q8<=100),3,IF(Q8>100,(ROUNDUP(Q8/40,1))+1,0)))))))) -> 0 | AA12: =IF(AND(O73>0,O73<=50),1,IF(AND(O73>50,O73<=75),2,IF(AND(O73>75,O73<=100),3,IF(O73>100,(ROUNDUP(O73/40,1))+1,IF(AND(R8>0,R8<=50),1,IF(AND(R8>50,R8<=75),2,IF(AND(R8>75,R8<=100),3,IF(R8>100,(ROUNDUP(R8/40,1))+1,0)))))))) -> 0 | AB12: =IF(AND((N73+O73)>0,(N73+O73)<=250),1,IF(AND((N73+O73)>250,(N73+O73)<=500),2,IF(AND((N73+O73)>500,(N73+O73)<=750),3,IF((N73+O73)>750,(ROUNDUP((N73+O73)/500,0)+2),IF(AND(Q5>0,Q5<=250),1,IF(AND(Q5>250,Q5<=500),2,IF(AND(Q5>500,Q5<=750),3,IF(Q5>750,(ROUNDUP(Q5/500,0)+2),0)))))))) -> 0 | AC12: -
V13: i-1 | W13: =IF(N80>0,ROUNDUP((N80/15),0),ROUNDUP((Q8/15),0)) -> 0 | X13: =IF(N80>0,ROUNDUP((N80/15),0),ROUNDUP((Q8/15),0)) -> 0 | Y13: =IF(O80>0,ROUNDUP((O80/15),0),ROUNDUP((R8/15),0)) -> 0 | Z13: =IF(N80>0,ROUNDUP((N80/15),0),ROUNDUP((Q8/15),0)) -> 0 | AA13: =IF(O80>0,ROUNDUP((O80/15),0),ROUNDUP((R8/15),0)) -> 0 | AB13: =IF(OR(N80>0,O80>0),ROUNDUP((N80+O80)/150,0),ROUNDUP(Q5/150,0)) -> 0 | AC13: =IF(OR(N80>0,O80>0),ROUNDUP((N80+O80)/8,0),ROUNDUP(Q5/8,0)) -> 0
U14: hospital | V14: i-2 | W14: 1 per room | X14: - | Y14: - | Z14: 1 per room | AA14: - | AB14: =IF(N90>0,ROUNDUP(N90/150,0),ROUNDUP(Q5/150,0)) -> 0 | AC14: 1 per room
P15: Note: | U15: nursing home | V15: i-2 | W15: =IF(N94>0,ROUNDUP((N94/8),0),ROUNDUP((Q5/8),0)) -> 0 | Z15: =IF(N94>0,ROUNDUP((N94/10),0),ROUNDUP((Q5/10),0)) -> 0 | AB15: =IF(N94>0,ROUNDUP((N94/150),0),ROUNDUP((Q5/150),0)) -> 0 | AC15: =IF(N94>0,ROUNDUP((N94/20),0),ROUNDUP((Q5/20),0)) -> 0
C16: A-3 | D16: Assembly occupancy (typically without fixed or permanent seating) - arcades, places of worship, musuems, libraries, lecture halls, gymnasiums (without spectator seating), indoor pools (without spectator seating) | F16: =IF(AND(OR(N16>0,O16>0),N16+O16<=10),"Single restroom okay for 10 or less (422.2(2))",IF(AND(OR(N16>0,O16>0),N16+O16>Q5),W6,IF(AND(OR(N16>0,O16>0),N16+O16<Q5),W6,IF(Q5<=10,"Single restroom okay for 10 or less (422.2(2))",W6)))) -> Single restroom okay for 10 or less (422.2(2)) | G16: =IF(F16="Single restroom okay for 10 or less (422.2(2))","-",Y6) -> - | H16: Can substitute up to 67% of required fixtures (Table 422.1(4)) | I16: =Z6 -> 0 | J16: =IF(F16="Single restroom okay for 10 or less (422.2(2))","-",AA6) -> - | K16: - | L16: =IF(AND(OR(N16>0,O16>0),N16+O16<=30),"30 or less Fountain exempt(415.2)",IF(AND(OR(N16>0,O16>0),N16+O16>Q5),AB6,IF(AND(OR(N16>0,O16>0),N16+O16<Q5),AB6,IF(Q5<=30,"30 or less Fountain exempt(415.2)",AB6)))) -> 30 or less Fountain exempt(415.2) | M16: =IF(AND(OR(N16>0,O16>0),((N16+O16)<=15)),"15 or less Service sink exempt (UPC Table 422.1, footnote 6)",IF(AND(OR(N16>0,O16>0),N16+O16>Q5),"1 service sink",IF(AND(OR(N16>0,O16>0),N16+O16<Q5),"1 service sink",IF(Q5<=15,"15 or less Service sink exempt (UPC Table 422.1, footnote 6)","1 service or laundry sink")))) -> 15 or less Service sink exempt (UPC Table 422.1, footnote 6) | N16: 0 | O16: =N16 -> 0 | P16: 1. Oregon: Single User restrooms in structures are allowed for 30 or fewer occupants (IBC 2902.2, Exception 2) | U16: employees | V16: i-2 | W16: =IF(AND(N103>0,N103<=15),1,IF(AND(N103>15,N103<=35),2,IF(AND(N103>35,N103<=55),3,IF(N103>55,(ROUNDUP(N103/40,0))+2,IF(AND(Q8>0,Q8<=15),1,IF(AND(Q8>15,Q8<=35),2,IF(AND(Q8>35,Q8<=55),3,IF(Q8>55,(ROUNDUP(Q8/40,0))+2,0)))))))) -> 0 | X16: - | Y16: =IF(AND(O103>0,O103<=15),1,IF(AND(O103>15,O103<=35),2,IF(AND(O103>35,O103<=55),3,IF(O103>55,(ROUNDUP(O103/40,0))+2,IF(AND(R8>0,R8<=15),1,IF(AND(R8>15,R8<=35),2,IF(AND(R8>35,R8<=55),3,IF(R8>55,(ROUNDUP(R8/40,0))+2,0)))))))) -> 0 | Z16: =IF(N103>0,ROUNDUP((N103/40),0),ROUNDUP((Q8/40),0)) -> 0 | AA16: =IF(O103>0,ROUNDUP((O103/40),0),ROUNDUP((R8/40),0)) -> 0 | AB16: - | AC16: -
P17: 2. Oregon: Single User restrooms in Business occupancy are allowed for 50 or fewer occupants (IBC 2902.2, Exception 4) | U17: visitors | V17: i-2 | W17: - | X17: - | Y17: - | Z17: - | AA17: - | AB17: - | AC17: -
U18: prisoners | V18: i-3 | W18: - | X18: - | Y18: - | Z18: - | AA18: - | AB18: - | AC18: =IF(N110>0,ROUNDUP((N110/20),0),ROUNDUP((Q5/20),0)) -> 0
U19: correctional facility | V19: i-3 | W19: =IF(N113>0,ROUNDUP((N113/8),0),ROUNDUP((Q5/8),0)) -> 0 | X19: - | Y19: - | Z19: =IF(N113>0,ROUNDUP((N113/10),0),ROUNDUP((Q5/10),0)) -> 0 | AA19: - | AC19: =IF(OR(N113>0,O113>0),ROUNDUP((N113+O113)/8,0),ROUNDUP(Q5/8,0)) -> 0
U20: employees | V20: i-3 | W20: =IF(AND(N117>0,N117<=15),1,IF(AND(N117>15,N117<=35),2,IF(AND(N117>35,N117<=55),3,IF(N117>55,(ROUNDUP(N117/40,0))+2,IF(AND(Q8>0,Q8<=15),1,IF(AND(Q8>15,Q8<=35),2,IF(AND(Q8>35,Q8<=55),3,IF(Q8>55,(ROUNDUP(Q8/40,0))+2,0)))))))) -> 0 | X20: - | Y20: =IF(AND(O117>0,O117<=15),1,IF(AND(O117>15,O117<=35),2,IF(AND(O117>35,O117<=55),3,IF(O117>55,(ROUNDUP(O117/40,0))+2,IF(AND(R8>0,R8<=15),1,IF(AND(R8>15,R8<=35),2,IF(AND(R8>35,R8<=55),3,IF(R8>55,(ROUNDUP(R8/40,0))+2,0)))))))) -> 0 | Z20: =IF(N117>0,ROUNDUP((N117/40),0),ROUNDUP((Q8/40),0)) -> 0 | AA20: =IF(O117>0,ROUNDUP((O117/40),0),ROUNDUP((R8/40),0)) -> 0 | AB20: =IF(OR(N117>0,O117>0),ROUNDUP((N117+O117)/150,0),ROUNDUP(Q5/150,0)) -> 0 | AC20: -
V21: i-4 | W21: =IF(AND(N122>0,N122<=15),1,IF(AND(N122>15,N122<=35),2,IF(AND(N122>35,N122<=55),3,IF(N122>55,(ROUNDUP(N122/40,0))+2,IF(AND(Q8>0,Q8<=15),1,IF(AND(Q8>15,Q8<=35),2,IF(AND(Q8>35,Q8<=55),3,IF(Q8>55,(ROUNDUP(Q8/40,0))+2,0)))))))) -> 0 | X21: - | Y21: =IF(AND(O122>0,O122<=15),1,IF(AND(O122>15,O122<=35),2,IF(AND(O122>35,O122<=55),3,IF(O122>55,(ROUNDUP(O122/40,0))+2,IF(AND(R8>0,R8<=15),1,IF(AND(R8>15,R8<=35),2,IF(AND(R8>35,R8<=55),3,IF(R8>55,(ROUNDUP(R8/40,0))+2,0)))))))) -> 0 | Z21: =IF(N122>0,ROUNDUP((N122/40),0),ROUNDUP((Q8/40),0)) -> 0 | AA21: =IF(O122>0,ROUNDUP((O122/40),0),ROUNDUP((R8/40),0)) -> 0 | AB21: =ROUNDUP((Q5/150),0) -> 0 | AC21: -
V22: m | W22: =IF(AND(N128>0,N128<=100),1,IF(AND(N128>100,N128<=200),2,IF(AND(N128>200,N128<=400),3,IF(N128>400,(ROUNDUP(N128/500,0))+3,IF(AND(Q8>0,Q8<=100),1,IF(AND(Q8>100,Q8<=200),2,IF(AND(Q8>200,Q8<=400),3,IF(Q8>400,(ROUNDUP(Q8/500,0))+3,0)))))))) -> 0 | X22: =IF(AND(Q8>0,Q8<=200),0,IF(AND(Q8>200,Q8<=400),1,IF(Q8>200,(ROUNDUP(Q8/500,0))+1,0))) -> 0 | Y22: =IF(AND(O128>0,O128<=100),1,IF(AND(O128>100,O128<=200),2,IF(AND(O128>200,O128<=300),4,IF(AND(O128>300,O128<=400),5,IF(O128>400,(ROUNDUP(O128/200,1))+4,IF(AND(R8>0,R8<=100),1,IF(AND(R8>100,R8<=200),2,IF(AND(R8>200,R8<=300),4,IF(AND(R8>300,R8<=400),5,IF(R8>400,(ROUNDUP(R8/200,1))+4,0)))))))))) -> 0 | Z22: =IF(AND(N128>0,N128<=200),1,IF(AND(N128>200,N128<=400),2,IF(N128>400,(ROUNDUP(N128/500,1))+2,IF(AND(Q8>0,Q8<=200),1,IF(AND(Q8>200,Q8<=400),2,IF(Q8>400,(ROUNDUP(Q8/500,1))+2,0)))))) -> 0 | AA22: =IF(AND(O128>0,O128<=200),1,IF(AND(O128>200,O128<=300),2,IF(AND(O128>300,O128<=400),3,IF(O128>400,(ROUNDUP(O128/400,1))+2,IF(AND(R8>0,R8<=200),1,IF(AND(R8>200,R8<=300),2,IF(AND(R8>300,R8<=400),3,IF(R8>400,(ROUNDUP(R8/400,1))+2,0)))))))) -> 0 | AB22: =IF(AND((N128+O128)>0,(N128+O128)<=250),1,IF(AND((N128+O128)>250,(N128+O128)<=500),2,IF(AND((N128+O128)>500,(N128+O128)<=750),3,IF((N128+O128)>750,(ROUNDUP((N128+O128)/500,0)+2),IF(AND(Q5>0,Q5<=250),1,IF(AND(Q5>250,Q5<=500),2,IF(AND(Q5>500,Q5<=750),3,IF(Q5>750,(ROUNDUP(Q5/500,0)+2),0)))))))) -> 0 | AC22: -
U23: dormitories | V23: r-2 | W23: =IF(AND(N141>0,N141<=20),ROUNDUP((N141/10),0),IF(N141>20,ROUNDUP((N141/20),0)+3,IF(Q8<=20,ROUNDUP((Q8/10),0),IF(Q8>20,ROUNDUP((Q8/20)+3,0))))) -> 0 | X23: =IF(N141>0,ROUNDUP((N141/25),0),ROUNDUP((Q8/25),0)) -> 0 | Y23: =IF(AND(O141>0,O141<=20),ROUNDUP((O141/8),0),IF(N162>20,ROUNDUP((N162/20),0)+3,IF(R8<=20,ROUNDUP((R8/8),0),IF(R8>20,ROUNDUP((R8/20)+3,0))))) -> 0 | Z23: =IF(N141>0,ROUNDUP((N141/12),0),ROUNDUP((Q5/12),0)) -> 0 | AA23: =IF(N141>0,ROUNDUP((N141/12),0),ROUNDUP((Q5/12),0)) -> 0 | AB23: =IF(OR(N141>0,O141>0),ROUNDUP((N141+O141)/150,0),ROUNDUP(Q5/150,0)) -> 0 | AC23: =IF(OR(N141>0,O141>0),ROUNDUP((N141+O141)/8,0),ROUNDUP(Q5/8,0)) -> 0
U24: Employees(CA) | V24: r-2 | W24: =IF(AND(N146>0,N146<=15),1,IF(AND(N146>15,N146<=35),2,IF(AND(N146>35,N146<=55),3,IF(N146>55,(ROUNDUP(N146/40,0))+2,IF(AND(Q8>0,Q8<=15),1,IF(AND(Q8>15,Q8<=35),2,IF(AND(Q8>35,Q8<=55),3,IF(Q8>55,(ROUNDUP(Q8/40,0))+2,0)))))))) -> 0 | X24: - | Y24: =IF(AND(O146>0,O146<=15),1,IF(AND(O146>15,O146<=35),2,IF(AND(O146>35,O146<=55),3,IF(O146>55,(ROUNDUP(O146/40,0))+2,IF(AND(R8>0,R8<=15),1,IF(AND(R8>15,R8<=35),2,IF(AND(R8>35,R8<=55),3,IF(R8>55,(ROUNDUP(R8/40,0))+2,0)))))))) -> 0 | Z24: =IF(N146>0,ROUNDUP((N146/40),0),ROUNDUP((Q8/40),0)) -> 0 | AA24: =IF(O146>0,ROUNDUP((O146/40),0),ROUNDUP((R8/40),0)) -> 0 | AB24: - | AC24: -
U25: long term | V25: r-3 | W25: =IF(AND(N162>0,N162<=20),ROUNDUP((N162/10),0),IF(N162>20,ROUNDUP((N162/20),0)+3,IF(Q8<=20,ROUNDUP((Q8/10),0),IF(Q8>20,ROUNDUP((Q8/20)+3,0))))) -> 0 | X25: - | Y25: =IF(AND(N162>0,N162<=20),ROUNDUP((N162/8),0),IF(N162>20,ROUNDUP((N162/20),0)+3,IF(R8<=20,ROUNDUP((R8/8),0),IF(R8>20,ROUNDUP((R8/20)+3,0))))) -> 0 | Z25: =IF(N162>0,ROUNDUP((N162/12),0),ROUNDUP((Q8/12),0)) -> 0 | AA25: =IF(N162>0,ROUNDUP((N162/12),0),ROUNDUP((R8/12),0)) -> 0 | AB25: =IF(OR(N162>0,O162>0),ROUNDUP((N162+O162)/150,0),ROUNDUP(Q5/150,0)) -> 0 | AC25: =IF(OR(N162>0,O162>0),ROUNDUP((N162+O162)/8,0),ROUNDUP(Q5/8,0)) -> 0
U26: one or two family dwelling | V26: r-3 | W26: =IF(AND(N162>0,N162<=20),ROUNDUP((N162/10),0),IF(N162>20,ROUNDUP((N162/20),0)+3,IF(Q8<=20,ROUNDUP((Q8/10),0),IF(Q8>20,ROUNDUP((Q8/20)+3,0))))) -> 0 | X26: - | Y26: =IF(AND(O162>0,O162<=20),ROUNDUP((O162/8),0),IF(O162>20,ROUNDUP((O162/20),0)+3,IF(R8<=20,ROUNDUP((R8/8),0),IF(R8>20,ROUNDUP((R8/20)+3,0))))) -> 0 | Z26: =IF(N162>0,ROUNDUP((N162/12),0),ROUNDUP((Q8/12),0)) -> 0 | AA26: =IF(N162>0,ROUNDUP((N162/12),0),ROUNDUP((R8/12),0)) -> 0 | AB26: =ROUNDUP((Q5/150),0) -> 0 | AC26: 1 per one and two family dwelling
V27: r-4 | W27: =IF(AND(N178>0,N178<=20),ROUNDUP((N178/10),0),IF(N178>20,ROUNDUP((N178/20),0)+3,IF(Q8<=20,ROUNDUP((Q8/10),0),IF(Q8>20,ROUNDUP((Q8/20)+3,0))))) -> 0 | X27: - | Y27: =IF(N178<=20,ROUNDUP((N178/8),0),IF(N178>20,ROUNDUP((N178/20)+3,IF(R8<=20,ROUNDUP((R8/8),0),IF(R8>20,ROUNDUP((R8/20)+3,0)))))) -> 0 | Z27: =IF(N178>0,ROUNDUP((N178/12),0),ROUNDUP((Q8/12),0)) -> 0 | AA27: =IF(N178>0,ROUNDUP((N178/12),0),ROUNDUP((R8/12),0)) -> 0 | AB27: =IF(OR(N178>0,O178>0),ROUNDUP((N178+O178)/150,0),ROUNDUP(Q5/150,0)) -> 0 | AC27: =IF(OR(N178>0,O178>0),ROUNDUP((N178+O178)/8,0),ROUNDUP(Q5/8,0)) -> 0
C28: A-4 | D28: Assembly occupancy (indoor activities or sporting events with spectator seating) - swimming pools, skating rinks, arenas, and gymnasiums | F28: =IF(AND(OR(N28>0,O28>0),N28+O28<=10),"Single restroom okay for 10 or less (422.2(2))",IF(AND(OR(N28>0,O28>0),N28+O28>Q5),W7,IF(AND(OR(N28>0,O28>0),N28+O28<Q5),W7,IF(Q5<=10,"Single restroom okay for 10 or less (422.2(2))",W7)))) -> Single restroom okay for 10 or less (422.2(2)) | G28: =IF(F28="Single restroom okay for 10 or less (422.2(2))","-",Y7) -> - | H28: Can substitute up to 67% of required fixtures (Table 422.1(4)) | I28: =Z7 -> 0 | J28: =IF(F28="Single restroom okay for 10 or less (422.2(2))","-",AA7) -> - | K28: - | L28: =IF(AND(OR(N28>0,O28>0),N28+O28<=30),"30 or less Fountain exempt(415.2)",IF(AND(OR(N28>0,O28>0),N28+O28>Q5),AB7,IF(AND(OR(N28>0,O28>0),N28+O28<Q5),AB7,IF(Q5<=30,"30 or less Fountain exempt(415.2)",AB7)))) -> 30 or less Fountain exempt(415.2) | M28: =IF(AND(OR(N28>0,O28>0),((N28+O28)<=15)),"15 or less Service sink exempt (UPC Table 422.1, footnote 6)",IF(AND(OR(N28>0,O28>0),N28+O28>Q5),"1 service sink",IF(AND(OR(N28>0,O28>0),N28+O28<Q5),"1 service sink",IF(Q5<=15,"15 or less Service sink exempt (UPC Table 422.1, footnote 6)","1 service or laundry sink")))) -> 15 or less Service sink exempt (UPC Table 422.1, footnote 6) | N28: 0 | O28: =N28 -> 0 | V28: s-1 & s-2 | W28: =IF(AND(N183>0,N183<=100),1,IF(AND(N183>100,N183<=200),2,IF(AND(N183>200,N183<=400),3,IF(N183>400,(ROUNDUP(N183/500,0))+3,IF(AND(Q8>0,Q8<=100),1,IF(AND(Q8>100,Q8<=200),2,IF(AND(Q8>200,Q8<=400),3,IF(Q8>400,(ROUNDUP(Q8/500,0))+3,0)))))))) -> 0 | X28: - | Y28: =IF(AND(N183>0,N183<=100),1,IF(AND(N183>100,N183<=200),2,IF(AND(N183>200,N183<=400),3,IF(N183>400,(ROUNDUP(N183/150,0))+5,IF(AND(R8>0,R8<=100),1,IF(AND(R8>100,R8<=200),2,IF(AND(R8>200,R8<=400),3,IF(R8>400,(ROUNDUP(R8/150,0))+5,0)))))))) -> 0 | Z28: =IF(AND(N183>0,N183<=200),1,IF(AND(N183>200,N183<=400),2,IF(AND(N183>400,N183<=750),3,IF(N183>750,(ROUNDUP(N183/500,1))+2,IF(AND(Q8>0,Q8<=200),1,IF(AND(Q8>200,Q8<=400),2,IF(AND(Q8>400,Q8<=750),3,IF(Q8>750,(ROUNDUP(Q8/500,1))+2,0)))))))) -> 0 | AA28: =IF(AND(N183>0,N183<=200),1,IF(AND(N183>200,N183<=400),2,IF(AND(N183>400,N183<=750),3,IF(N183>750,(ROUNDUP(N183/500,1))+2,IF(AND(R8>0,R8<=200),1,IF(AND(R8>200,R8<=400),2,IF(AND(R8>400,R8<=750),3,IF(R8>750,(ROUNDUP(R8/500,1))+2,0)))))))) -> 0 | AB28: =IF(AND((N183+O183)>0,(N128+O128)<=250),1,IF(AND((N183+O183)>250,(N183+O183)<=500),2,IF(AND((N183+O183)>500,(N183+O183)<=750),3,IF((N183+O183)>750,(ROUNDUP((N183+O183)/500,0)+2),IF(AND(Q5>0,Q5<=250),1,IF(AND(Q5>250,Q5<=500),2,IF(AND(Q5>500,Q5<=750),3,IF(Q5>750,(ROUNDUP(Q5/500,0)+2),0)))))))) -> 0 | AC28: -
C38: A-5 | D38: Assembly occupancy (outdoor activities or sporting events) - amusement parks, grandstands and stadiums | F38: =IF(AND(OR(N38>0,O38>0),N38+O38<=10),"Single restroom okay for 10 or less (422.2(2))",IF(AND(OR(N38>0,O38>0),N38+O38>Q5),W9,IF(AND(OR(N38>0,O38>0),N38+O38<Q5),W9,IF(Q5<=10,"Single restroom okay for 10 or less (422.2(2))",W9)))) -> Single restroom okay for 10 or less (422.2(2)) | G38: =IF(F38="Single restroom okay for 10 or less (422.2(2))","-",Y9) -> - | H38: Can substitute up to 67% of required fixtures (Table 422.1(4)) | I38: =Z9 -> 0 | J38: =IF(F38="Single restroom okay for 10 or less (422.2(2))","-",AA9) -> - | K38: - | L38: =IF(AND(OR(N38>0,O38>0),N38+O38<=30),"30 or less Fountain exempt(415.2)",IF(AND(OR(N38>0,O38>0),N38+O38>Q5),AB9,IF(AND(OR(N38>0,O38>0),N38+O38<Q5),AB9,IF(Q5<=30,"30 or less Fountain exempt(415.2)",AB9)))) -> 30 or less Fountain exempt(415.2) | M38: =IF(AND(OR(N38>0,O38>0),((N38+O38)<=15)),"15 or less Service sink exempt (UPC Table 422.1, footnote 6)",IF(AND(OR(N38>0,O38>0),N38+O38>Q5),"1 service sink",IF(AND(OR(N38>0,O38>0),N38+O38<Q5),"1 service sink",IF(Q5<=15,"15 or less Service sink exempt (UPC Table 422.1, footnote 6)","1 service or laundry sink")))) -> 15 or less Service sink exempt (UPC Table 422.1, footnote 6) | N38: 0 | O38: =N38 -> 0
A45: Bussiness | C45: B | D45: Business occupancy (office, professtional or service type transactions) - banks, vet clinics, hospitals, car wash, banks, beauty salons, ambulatory health care facilities, laundries and dry cleaning, educational institutions (above height school), or training facilities not located within school, post offices and printing shops | F45: =IF(AND(OR(N45>0,O45>0),N45+O45<=50),"Single restroom okay for 50 or less (422.2(3))",IF(AND(OR(N45>0,O45>0),N45+O45>Q5),W10,IF(AND(OR(N45>0,O45>0),N45+O45<Q5),W10,IF(Q5<=50,"Single restroom okay for 50 or less (422.2(3))",W10)))) -> Single restroom okay for 50 or less (422.2(3)) | G45: =IF(F45="Single restroom okay for 50 or less (422.2(3))","-",Y10) -> - | H45: Can substitute up to 67% of required fixtures (Table 422.1(4)) | I45: =Z10 -> 0 | J45: =IF(F45="Single restroom okay for 50 or less (422.2(3))","-",AA10) -> - | K45: - | L45: =IF(AND(OR(N45>0,O45>0),N45+O45<=30),"30 or less Fountain exempt(415.2)",IF(AND(OR(N45>0,O45>0),N45+O45>Q5),AB10,IF(AND(OR(N45>0,O45>0),N45+O45<Q5),AB10,IF(Q5<=30,"30 or less Fountain exempt(415.2)",AB10)))) -> 30 or less Fountain exempt(415.2) | M45: =IF(AND(OR(N45>0,O45>0),((N45+O45)<=15)),"15 or less Service sink exempt (UPC Table 422.1, footnote 6)",IF(AND(OR(N45>0,O45>0),N45+O45>Q5),"1 service sink",IF(AND(OR(N45>0,O45>0),N45+O45<Q5),"1 service sink",IF(Q5<=15,"15 or less Service sink exempt (UPC Table 422.1, footnote 6)","1 service or laundry sink")))) -> 15 or less Service sink exempt (UPC Table 422.1, footnote 6) | N45: 0 | O45: =N45 -> 0
A67: Educational | C67: E | D67: Education occupancy - private or public schools | F67: =IF(AND(OR(N67>0,O67>0),N67+O67<=10),"Single restroom okay for 10 or less (422.2(2))",IF(AND(OR(N67>0,O67>0),N67+O67>Q5),W11,IF(AND(OR(N67>0,O67>0),N67+O67<Q5),W11,IF(Q5<=10,"Single restroom okay for 10 or less (422.2(2))",W11)))) -> Single restroom okay for 10 or less (422.2(2)) | G67: =IF(F67="Single restroom okay for 10 or less (422.2(2))","-",Y11) -> - | H67: Can substitute up to 67% of required fixtures (Table 422.1(4)) | I67: =Z11 -> 0 | J67: =IF(F67="Single restroom okay for 10 or less (422.2(2))","-",AA11) -> - | K67: - | L67: =IF(AND(OR(N67>0,O67>0),N67+O67<=30),"30 or less Fountain exempt(415.2)",IF(AND(OR(N67>0,O67>0),N67+O67>Q5),AB11,IF(AND(OR(N67>0,O67>0),N67+O67<Q5),AB11,IF(Q5<=30,"30 or less Fountain exempt(415.2)",AB11)))) -> 30 or less Fountain exempt(415.2) | M67: =IF(AND(OR(N67>0,O67>0),((N67+O67)<=15)),"15 or less Service sink exempt (UPC Table 422.1, footnote 6)",IF(AND(OR(N67>0,O67>0),N67+O67>Q5),"1 service sink",IF(AND(OR(N67>0,O67>0),N67+O67<Q5),"1 service sink",IF(Q5<=15,"15 or less Service sink exempt (UPC Table 422.1, footnote 6)","1 service or laundry sink")))) -> 15 or less Service sink exempt (UPC Table 422.1, footnote 6) | N67: 0 | O67: =N67 -> 0
A73: Factory or Industrial | C73: F1 & F2 | D73: Factory or Industrial occupancy - fabricating or assembly work | F73: =IF(AND(OR(N73>0,O73>0),N73+O73<=10),"Single restroom okay for 10 or less (422.2(2))",IF(AND(OR(N73>0,O73>0),N73+O73>Q5),W12,IF(AND(OR(N73>0,O73>0),N73+O73<Q5),W12,IF(Q5<=10,"Single restroom okay for 10 or less (422.2(2))",W12)))) -> Single restroom okay for 10 or less (422.2(2)) | G73: =IF(F73="Single restroom okay for 10 or less (422.2(2))","-",Y12) -> - | H73: Can substitute up to 67% of required fixtures (Table 422.1(4)) | I73: =Z12 -> 0 | J73: =IF(F73="Single restroom okay for 10 or less (422.2(2))","-",AA12) -> - | K73: =AC12 -> - | L73: =IF(AND(OR(N73>0,O73>0),N73+O73<=30),"30 or less Fountain exempt(415.2)",IF(AND(OR(N73>0,O73>0),N73+O73>Q5),AB12,IF(AND(OR(N73>0,O73>0),N73+O73<Q5),AB12,IF(Q5<=30,"30 or less Fountain exempt(415.2)",AB12)))) -> 30 or less Fountain exempt(415.2) | M73: =IF(AND(OR(N73>0,O73>0),((N73+O73)<=15)),"15 or less Service sink exempt (UPC Table 422.1, footnote 6)",IF(AND(OR(N73>0,O73>0),N73+O73>Q5),"1 service sink",IF(AND(OR(N73>0,O73>0),N73+O73<Q5),"1 service sink",IF(Q5<=15,"15 or less Service sink exempt (UPC Table 422.1, footnote 6)","1 service or laundry sink")))) -> 15 or less Service sink exempt (UPC Table 422.1, footnote 6) | N73: 0 | O73: =N73 -> 0
A80: Institutional | C80: I-1 | D80: Institutional occupancy (houses more than 16 persons on a 24-hour basis) - substance abuse centers, assisted living, group homes, or residential facilities | F80: =IF(AND(OR(N80>0,O80>0),N80+O80<=10),"Single restroom okay for 10 or less (422.2(2))",IF(AND(OR(N80>0,O80>0),N80+O80>Q5),W13,IF(AND(OR(N80>0,O80>0),N80+O80<Q5),W13,IF(Q5<=10,"Single restroom okay for 10 or less (422.2(2))",W13)))) -> Single restroom okay for 10 or less (422.2(2)) | G80: =IF(F80="Single restroom okay for 10 or less (422.2(2))","-",Y13) -> - | H80: Can substitute up to 67% of required fixtures (Table 422.1(4)) | I80: =Z13 -> 0 | J80: =IF(F80="Single restroom okay for 10 or less (422.2(2))","-",AA13) -> - | K80: =AC13 -> 0 | L80: =AB13 -> 0 | M80: =IF(AND(OR(N80>0,O80>0),((N80+O80)<=15)),"15 or less Service sink exempt (UPC Table 422.1, footnote 6)",IF(AND(OR(N80>0,O80>0),N80+O80>Q5),"1 service sink",IF(AND(OR(N80>0,O80>0),N80+O80<Q5),"1 service sink",IF(Q5<=15,"15 or less Service sink exempt (UPC Table 422.1, footnote 6)","1 service or laundry sink")))) -> 15 or less Service sink exempt (UPC Table 422.1, footnote 6) | N80: 0 | O80: =N80 -> 0
C90: I-2 | D90: Hospitals and nursing homes - individual rooms and ward room | F90: 1 per room | H90: - | I90: 1 per room | K90: =AC14 -> 1 per room | L90: =IF(N90>0,ROUNDUP(N90/150,0),ROUNDUP(Q5/150,0)) -> 0 | M90: =IF(AND(OR(N90>0,N94>0),((N90+N94)<=15)),"15 or less Service sink exempt (UPC Table 422.1, footnote 6)",IF(AND(OR(N90>0,N94>0),N90+N94>Q5),"1 service sink",IF(AND(OR(N90>0,N94>0),N90+N94<Q5),"1 service sink",IF(Q5<=15,"15 or less Service sink exempt (UPC Table 422.1, footnote 6)","1 service or laundry sink")))) -> 15 or less Service sink exempt (UPC Table 422.1, footnote 6) | N90: 0
F94: =IF(AND(N94>0,N94<=10),"Single restroom okay for 10 or less (422.2(2))",IF(AND(N94>0,N94>Q5),W13,IF(AND(N94>0,N94<Q5),W13,IF(Q5<=10,"Single restroom okay for 10 or less (422.2(2))",W13)))) -> Single restroom okay for 10 or less (422.2(2)) | H94: - | I94: =Z15 -> 0 | K94: =AC15 -> 0 | L94: =AB15 -> 0 | N94: 0
D97: Hospital Waiting or visitor rooms | F97: 1 per room | H97: - | I97: 1 per room | K97: - | L97: 1 per room | M97: - | N97: -
D103: Emplyees, other than residential care | F103: =IF(AND(OR(N103>0,O103>0),N103+O103<=10),"Single restroom okay for 10 or less (422.2(2))",IF(AND(OR(N103>0,O103>0),N103+O103>Q5),W16,IF(AND(OR(N103>0,O103>0),N103+O103<Q5),W16,IF(Q5<=10,"Single restroom okay for 10 or less (422.2(2))",W16)))) -> Single restroom okay for 10 or less (422.2(2)) | G103: =IF(F103="Single restroom okay for 10 or less (422.2(2))","-",Y16) -> - | H103: - | I103: =Z16 -> 0 | J103: =IF(F103="Single restroom okay for 10 or less (422.2(2))","-",AA16) -> - | K103: - | L103: - | M103: - | N103: 0 | O103: =N103 -> 0
C110: I-3 | D110: Prisonsers | F110: 1 per cell | H110: - | I110: 1 per cell | K110: =AC18 -> 0 | L110: 1 per cell block / floor | M110: - | N110: 0
D113: Correctional facilities or juvenile center | F113: =IF(AND(OR(N113>0,O113>0),N113+O113<=10),"Single restroom okay for 10 or less (422.2(2))",IF(AND(OR(N113>0,O113>0),N113+O113>Q5),W19,IF(AND(OR(N113>0,O113>0),N113+O113<Q5),W19,IF(Q5<=10,"Single restroom okay for 10 or less (422.2(2))",W19)))) -> Single restroom okay for 10 or less (422.2(2)) | H113: - | I113: =Z19 -> 0 | K113: =AC19 -> 0 | L113: 1 per floor | M113: =IF(AND(OR(N113>0,O113>0),((N113+O113)<=15)),"15 or less Service sink exempt (UPC Table 422.1, footnote 6)",IF(AND(OR(N113>0,O113>0),N113+O113>Q5),"1 service sink",IF(AND(OR(N113>0,O113>0),N113+O113<Q5),"1 service sink",IF(Q5<=15,"15 or less Service sink exempt (UPC Table 422.1, footnote 6)","1 service or laundry sink")))) -> 15 or less Service sink exempt (UPC Table 422.1, footnote 6) | N113: 0 | O113: =N113 -> 0
D117: Employees | F117: =IF(AND(OR(N117>0,O117>0),N117+O117<=10),"Single restroom okay for 10 or less (422.2(2))",IF(Q5<=10,"Single restroom okay for 10 or less (422.2(2))",W20)) -> Single restroom okay for 10 or less (422.2(2)) | G117: =IF(F117="Single restroom okay for 10 or less (422.2(2))","-",Y20) -> - | H117: - | I117: =Z20 -> 0 | J117: =IF(F117="Single restroom okay for 10 or less (422.2(2))","-",AA20) -> - | K117: - | L117: =IF(AND(OR(N117>0,O117>0),N117+O117<=30),"30 or less Fountain exempt(415.2)",IF(AND(OR(N117>0,O117>0),N117+O117>Q5),AB20,IF(AND(OR(N117>0,O117>0),N117+O117<Q5),AB20,IF(Q5<=30,"30 or less Fountain exempt(415.2)",AB20)))) -> 30 or less Fountain exempt(415.2) | M117: - | N117: 0 | O117: =N117 -> 0
C122: I-4 | D122: Institutional occupancy (any age that receives care for less than 24 hours) | F122: =IF(AND(OR(N122>0,O122>0),N122+O122<=10),"Single restroom okay for 10 or less (422.2(2))",IF(AND(OR(N122>0,O122>0),N122+O122>Q5),W21,IF(AND(OR(N122>0,O122>0),N122+O122<Q5),W21,IF(Q5<=10,"Single restroom okay for 10 or less (422.2(2))",W21)))) -> Single restroom okay for 10 or less (422.2(2)) | G122: =IF(F122="Single restroom okay for 10 or less (422.2(2))","-",Y21) -> - | H122: - | I122: =Z21 -> 0 | J122: =IF(F122="Single restroom okay for 10 or less (422.2(2))","-",AA21) -> - | K122: =AC21 -> - | L122: =IF(AND(OR(N122>0,O122>0),N122+O122<=30),"30 or less Fountain exempt(415.2)",IF(AND(OR(N122>0,O122>0),N122+O122>Q5),AB21,IF(AND(OR(N122>0,O122>0),N122+O122<Q5),AB21,IF(Q5<=30,"30 or less Fountain exempt(415.2)",AB21)))) -> 30 or less Fountain exempt(415.2) | M122: =IF(AND(OR(N122>0,O122>0),((N122+O122)<=15)),"15 or less Service sink exempt (UPC Table 422.1, footnote 6)",IF(AND(OR(N122>0,O122>0),N122+O122>Q5),"1 service sink",IF(AND(OR(N122>0,O122>0),N122+O122<Q5),"1 service sink",IF(Q5<=15,"15 or less Service sink exempt (UPC Table 422.1, footnote 6)","1 service or laundry sink")))) -> 15 or less Service sink exempt (UPC Table 422.1, footnote 6) | N122: 0 | O122: =N122 -> 0
A128: Merchantile | C128: M | D128: Mercantile occupancy (the sale of merchandise and accessible to the public) | F128: =IF(AND(OR(N128>0,O128>0),N128+O128<=50),"Single restroom okay for 50 or less (422.2(3))",IF(AND(OR(N128>0,O128>0),N128+O128>Q5),W22,IF(AND(OR(N128>0,O128>0),N128+O128<Q5),W22,IF(Q5<=50,"Single restroom okay for 50 or less (422.2(3))",W22)))) -> Single restroom okay for 50 or less (422.2(3)) | G128: =IF(F128="Single restroom okay for 50 or less (422.2(3))","-",Y22) -> - | H128: Can substitute up to 67% of required fixtures (Table 422.1(4)) | I128: =Z22 -> 0 | J128: =IF(F128="Single restroom okay for 10 or less (422.2(2))","-",AA22) -> 0 | K128: - | L128: =IF(AND(OR(N128>0,O128>0),N128+O128<=30),"30 or less Fountain exempt(415.2)",IF(AND(OR(N128>0,O128>0),N128+O128>Q5),AB22,IF(AND(OR(N128>0,O128>0),N128+O128<Q5),AB22,IF(Q5<=30,"30 or less Fountain exempt(415.2)",AB22)))) -> 30 or less Fountain exempt(415.2) | M128: =IF(AND(OR(N128>0,O128>0),((N128+O128)<=15)),"15 or less Service sink exempt (UPC Table 422.1, footnote 6)",IF(AND(OR(N128>0,O128>0),N128+O128>Q5),"1 service sink",IF(AND(OR(N128>0,O128>0),N128+O128<Q5),"1 service sink",IF(Q5<=15,"15 or less Service sink exempt (UPC Table 422.1, footnote 6)","1 service or laundry sink")))) -> 15 or less Service sink exempt (UPC Table 422.1, footnote 6) | N128: 0 | O128: =N128 -> 0
A136: Residential | C136: R-1 | D136: Residential occupancy (minimal stay) - hotels, motels, bed and breakfast | F136: 1 per sleeping room | H136: - | I136: 1 per sleeping room | K136: 1 per sleeping room | L136: - | M136: 1 service or laundry sink | N136: -
C141: R-2 | D141: Dormitories, fraternities, soroitites, and boarding houses (non transient) | F141: =IF(AND(N141>0,N122<=10),"Single restroom okay for 10 or less (422.2(2))",IF(AND(N141>0,N141>Q5),W23,IF(AND(N141>0,N141<Q5),W23,IF(Q5<=10,"Single restroom okay for 10 or less (422.2(2))",W23)))) -> Single restroom okay for 10 or less (422.2(2)) | G141: =IF(F141="Single restroom okay for 10 or less (422.2(2))","-",Y23) -> - | H141: - | I141: =Z23 -> 0 | J141: =IF(F141="Single restroom okay for 10 or less (422.2(2))","-",AA23) -> - | K141: =AC23 -> 0 | L141: =IF(AND(OR(N141>0,O141>0),N141+O141<=30),"30 or less Fountain exempt(415.2)",IF(AND(OR(N141>0,O141>0),N141+O141>Q5),AB23,IF(AND(OR(N141>0,O141>0),N141+O141<Q5),AB23,IF(Q5<=30,"30 or less Fountain exempt(415.2)",AB23)))) -> 30 or less Fountain exempt(415.2) | M141: 1 service or laundry sink | N141: 0 | O141: 0
D146: Emplyee Use | F146: =IF(AND(OR(N146>0,O146>0),N146+O146<=10),"Single restroom okay for 10 or less (422.2(2))",IF(AND(OR(N146>0,O146>0),N146+O146>Q5),W24,IF(AND(OR(N146>0,O146>0),N146+O146<Q5),W24,IF(Q5<=10,"Single restroom okay for 10 or less (422.2(2))",W24)))) -> Single restroom okay for 10 or less (422.2(2)) | G146: =IF(F146="Single restroom okay for 10 or less (422.2(2))","-",Y24) -> - | H146: - | I146: =Z24 -> 0 | J146: =IF(F146="Single restroom okay for 10 or less (422.2(2))","-",AA24) -> - | K146: - | L146: - | N146: 0 | O146: =N146 -> 0
D151: Apartment house | F151: 1 per apartment | H151: - | I151: 1 per apartment | K151: 1 per apartment | L151: - | M151: 1 kitchen sink per apartment; 1 laundry tray or 1 automatic clothes washer connection per unit or 1 laundry tray or 1 clothes washer connection for each 12 units | N151: -
C162: R-3 | D162: Long term or permanent in nature, 16 or less persons | F162: =W25 -> 0 | G162: =Y24 -> 0 | H162: - | I162: =Z25 -> 0 | J162: =AA25 -> 0 | K162: =AC25 -> 0 | L162: =IF(AND(OR(N162>0,O162>0),N162+O162<=30),"30 or less Fountain exempt(415.2)",IF(AND(OR(N162>0,O162>0),N162+O162>Q5),AB25,IF(AND(OR(N162>0,O162>0),N162+O162<Q5),AB25,IF(Q5<=30,"30 or less Fountain exempt(415.2)",AB25)))) -> 30 or less Fountain exempt(415.2) | M162: 1 service or laundry sink | N162: 0 | O162: =N162 -> 0
D167: One and two family dwellings | F167: 1 per one and two family dwelling | H167: - | I167: 1 per one and two family dwelling | K167: 1 per one and two family dwelling | L167: - | M167: 1 kitchen sink and 1 automatic clothes washer connection per one and two family dwelling | N167: -
C178: R-4 | D178: Residential occupancy (residential care or assisted living) | F178: =W27 -> 0 | G178: =Y27 -> 0 | H178: - | I178: =Z27 -> 0 | J178: =AA27 -> 0 | K178: =AC27 -> 0 | L178: =IF(AND(OR(N178>0,O178>0),N178+O178<=30),"30 or less Fountain exempt(415.2)",IF(AND(OR(N178>0,O178>0),N178+O178>Q5),AB27,IF(AND(OR(N178>0,O178>0),N178+O178<Q5),AB27,IF(Q5<=30,"30 or less Fountain exempt(415.2)",AB27)))) -> 30 or less Fountain exempt(415.2) | M178: 1 service or laundry sink | N178: 0 | O178: =N178 -> 0
A183: Storage | C183: S-1 & S-2 | D183: Storage occupancy - storage of goods, warehouse, aircraft hanger, food products, appliances | F183: =IF(AND(OR(N183>0,O183>0),N183+O183<=10),"Single restroom okay for 10 or less (422.2(2))",IF(AND(OR(N183>0,O183>0),N183+O183>Q5),W28,IF(AND(OR(N183>0,O183>0),N183+O183<Q5),W28,IF(Q5<=10,"Single restroom okay for 10 or less (422.2(2))",W28)))) -> Single restroom okay for 10 or less (422.2(2)) | G183: =IF(F183="Single restroom okay for 10 or less (422.2(2))","-",Y28) -> - | H183: - | I183: =-Z28 -> 0 | J183: =IF(F183="Single restroom okay for 10 or less (422.2(2))","-",AA28) -> - | K183: - | L183: =IF(AND(OR(N183>0,O183>0),N183+O183<=30),"30 or less Fountain exempt(415.2)",IF(AND(OR(N183>0,O183>0),N183+O183>Q5),AB28,IF(AND(OR(N183>0,O183>0),N183+O183<Q5),AB28,IF(Q5<=30,"30 or less Fountain exempt(415.2)",AB28)))) -> 30 or less Fountain exempt(415.2) | M183: =IF(AND(OR(N183>0,O183>0),((N183+O183)<=15)),"15 or less Service sink exempt (UPC Table 422.1, footnote 6)",IF(AND(OR(N183>0,O183>0),N183+O183>Q5),"1 service sink",IF(AND(OR(N183>0,O183>0),N183+O183<Q5),"1 service sink",IF(Q5<=15,"15 or less Service sink exempt (UPC Table 422.1, footnote 6)","1 service or laundry sink")))) -> 15 or less Service sink exempt (UPC Table 422.1, footnote 6) | N183: 0 | O183: =N183 -> 0

Sheet 2021 - 2024 NSPC - New Jersey
A1: Classification: | C1: Occupancy: | D1: Description: | F1: Water Closets: | H1: Urinals: | I1: Lavatories: | K1: Bathtubs / Showers: | L1: Drinking Fountain: | M1: Other: | N1: Manual Occupant Load Override: | W1: WATER CLOSET | Y1: LAVATORY | AA1: ROUNTAIN | AB1: SHOWER
F2: Male: | G2: Female: | I2: Male: | J2: Female: | N2: Male: | O2: Female: | W2: NSTPC | X2: NSTPC | Y2: NSTPC | Z2: NSTPC | AA2: NSTPC | AB2: NSTPC
A3: Assembly | C3: A-1 | D3: Theaters and other facilities for he viewing of performing arts or motion pictures, typically with fixed seats | F3: =IF(AND(OR(N3>0,O3>0),N3+O3<=15),"Single restroom okay for 15 or less (7.21.4(2))",IF(AND(OR(N3>0,O3>0),N3+O3>Q5),W4,IF(AND(OR(N3>0,O3>0),N3+O3<Q5),W4,IF(Q5<=15,"Single restroom okay for 15 or less (7.21.4(2))",W4)))) -> Single restroom okay for 15 or less (7.21.4(2)) | G3: =IF(F3="Single restroom okay for 15 or less (7.21.4(2))","-",X4) -> - | H3: Can substitute up to 50% of required fixtures (7.21.5(a)) | I3: =Y4 -> 0 | J3: =IF(F3="Single restroom okay for 15 or less (7.21.4(2))","-",Z4) -> - | K3: - | L3: =AA4 -> 0 | M3: 1 service sink per floor | N3: 0 | O3: =N3 -> 0 | Q3: Total Occupant Load: | W3: male | X3: female | Y3: male | Z3: female | AA3: fountain | AB3: shower
U4: Theater | V4: a-1 | W4: =IF(AND(N3>0,N3<=100),2,IF(AND(N3>100,N3<=200),3,IF(AND(N3>200,N3<=300),4,IF(N3>300,(ROUNDUP(N3/300,0))+3,IF(AND(Q8>0,Q8<=100),2,IF(AND(Q8>100,Q8<=200),3,IF(AND(Q8>200,Q8<=300),4,IF(Q8>300,(ROUNDUP(Q8/300,0))+3,0)))))))) -> 0 | X4: =IF(AND(O3>0,O3<=100),2,IF(AND(O3>100,O3<=200),3,IF(AND(O3>200,O3<=300),5,IF(AND(O3>300,O3<=600),7,IF(AND(O3>600,O3<=900),9,IF(AND(O3>900,O3<=1200),11,IF(AND(O3>1200,O3<=1500),13,IF(AND(O3>1500,O3<=1800),15,IF(AND(O3>1800,O3<=2100),17,IF(AND(O3>2100,O3<=2400),19,IF(AND(O3>2400,O3<=2700),21,IF(AND(O3>2700,O3<=3000),23,IF(AND(O3>3000,O3<=3300),25,IF(AND(O3>3300,O3<=3600),27,IF(AND(O3>3600,O3<=3900),29,IF(AND(O3>3900,O3<=4200),31,IF(AND(O3>4200,O3<=4500),33,IF(AND(O3>4500,O3<=4800),35,IF(AND(O3>4800,O3<=5100),37,IF(AND(O3>5100,O3<=5400),37,IF(AND(O3>5400,O3<=5700),39,IF(AND(O3>5700,O3<=6000),41,IF(AND(O3>60000,O3<=6300),43,IF(AND(O3>6300,O3<=6600),45,IF(AND(O3>6600,O3<=6900),47,IF(AND(O3>6900,O3<=7200),49,IF(AND(O3>7200,O3<=7500),51,IF(AND(O3>7500,O3<=7800),53,IF(AND(O3>7800,O3<=8100),55,IF(AND(R8>0,R8<=100),2,IF(AND(R8>100,R8<=200),3,IF(AND(R8>200,R8<=300),5,IF(AND(R8>300,R8<=600),7,IF(AND(R8>600,R8<=900),9,IF(AND(R8>900,R8<=1200),11,IF(AND(R8>1200,R8<=1500),13,IF(AND(R8>1500,R8<=1800),15,IF(AND(R8>1800,R8<=2100),17,IF(AND(R8>2100,R8<=2400),19,IF(AND(R8>2400,R8<=2700),21,IF(AND(R8>2700,R8<=3000),23,IF(AND(R8>3000,R8<=3300),25,IF(AND(R8>3300,R8<=3600),27,IF(AND(R8>3600,R8<=3900),29,IF(AND(R8>3900,R8<=4200),31,IF(AND(R8>4200,R8<=4500),33,IF(AND(R8>4500,R8<=4800),35,IF(AND(R8>4800,R8<=5100),37,IF(AND(R8>5100,R8<=5400),37,IF(AND(R8>5400,R8<=5700),39,IF(AND(R8>5700,R8<=6000),41,IF(AND(R8>60000,R8<=6300),43,IF(AND(R8>6300,R8<=6600),45,IF(AND(R8>6600,R8<=6900),47,IF(AND(R8>6900,R8<=7200),49,IF(AND(R8>7200,R8<=7500),51,IF(AND(R8>7500,R8<=7800),53,IF(AND(R8>7800,R8<=8100),55,0)))))))))))))))))))))))))))))))))))))))))))))))))))))))))) -> 0 | Y4: =IF(AND(N3>0,N3<=100),1,IF(AND(N3>100,N3<=200),2,IF(AND(N3>200,N3<=300),2,IF(N3>300,(ROUNDUP(N3/300,0)+1),IF(AND(Q8>0,Q8<=100),1,IF(AND(Q8>100,Q8<=200),2,IF(AND(Q8>200,Q8<=300),2,IF(Q8>300,(ROUNDUP(Q8/300,0)+1),0)))))))) -> 0 | Z4: =IF(AND(O3>0,O3<=100),1,IF(AND(O3>100,O3<=200),2,IF(AND(O3>200,O3<=300),3,IF(O3>300,(ROUNDUP(O3/300,0)+2),IF(AND(R8>0,R8<=100),1,IF(AND(R8>100,R8<=200),2,IF(AND(R8>200,R8<=300),3,IF(R8>300,(ROUNDUP(R8/300,0)+2),0)))))))) -> 0 | AA4: =IF(OR(N3>0,O3>0),ROUNDUP((N3+O3)/500,0),ROUNDUP(Q5/500,0)) -> 0 | AB4: -
Q5: ='Occupant Calculator'!D34 -> 0 | U5: night clubs | V5: a-2 | W5: =IF(AND(N10>0,N10<=25),1,IF(AND(N10>25,N10<=50),2,IF(AND(N10>50,N10<=100),3,IF(N10>100,(ROUNDUP((N10-100)/200,0))+3,IF(AND(Q8>0,Q8<=25),1,IF(AND(Q8>25,Q8<=50),2,IF(AND(Q8>50,Q8<=100),3,IF(Q8>100,(ROUNDUP((Q8-100)/200,0))+3,0)))))))) -> 0 | X5: =IF(AND(O10>0,O10<=25),1,IF(AND(O10>25,O10<=50),2,IF(AND(O10>50,O10<=100),3,IF(O10>100,(ROUNDUP((O10-100)/200,0))+3,IF(AND(R8>0,R8<=25),1,IF(AND(R8>25,R8<=50),2,IF(AND(R8>50,R8<=100),3,IF(R8>100,(ROUNDUP((R8-100)/200,0))+3,0)))))))) -> 0 | Y5: =IF(AND(N10>0,N10<=25),1,IF(AND(N10>25,N10<=50),2,IF(AND(N10>50,N10<=100),3,IF(N10>100,(ROUNDUP((N10-100)/200,0))+3,IF(AND(Q8>0,Q8<=25),1,IF(AND(Q8>25,Q8<=50),2,IF(AND(Q8>50,Q8<=100),3,IF(Q8>100,(ROUNDUP((Q8-100)/200,0))+3,0)))))))) -> 0 | Z5: =IF(AND(O10>0,O10<=25),1,IF(AND(O10>25,O10<=50),2,IF(AND(O10>50,O10<=100),3,IF(O10>100,(ROUNDUP((O10-100)/200,0))+3,IF(AND(R8>0,R8<=25),1,IF(AND(R8>25,R8<=50),2,IF(AND(R8>50,R8<=100),3,IF(R8>100,(ROUNDUP((R8-100)/200,0))+3,0)))))))) -> 0 | AA5: =IF(OR(N10>0,O10>0),ROUNDUP((N10+O10)/250,0),ROUNDUP(Q5/250,0)) -> 0 | AB5: -
U6: restaurants | V6: a-2 | W6: =IF(AND(N16>0,N16<=50),1,IF(AND(N16>50,N16<=100),2,IF(AND(N16>100,N16<=200),3,IF(AND(N16>200,N16<=300),4,IF(N16>300,(ROUNDUP((N16-300)/200,0))+4,IF(AND(Q8>0,Q8<=50),1,IF(AND(Q8>50,Q8<=100),2,IF(AND(Q8>100,Q8<=200),3,IF(AND(Q8>200,Q8<=300),4,IF(Q8>300,(ROUNDUP((Q8-300)/200,0))+4,0)))))))))) -> 0 | X6: =IF(AND(O16>0,O16<=50),1,IF(AND(O16>50,O16<=100),2,IF(AND(O16>100,O16<=200),3,IF(AND(O16>200,O16<=300),4,IF(O16>300,(ROUNDUP((O16-300)/200,0))+4,IF(AND(R8>0,R8<=50),1,IF(AND(R8>50,R8<=100),2,IF(AND(R8>100,R8<=200),3,IF(AND(R8>200,R8<=300),4,IF(R8>300,(ROUNDUP((R8-300)/200,0))+4,0)))))))))) -> 0 | Y6: =IF(AND(N16>0,N16<=50),1,IF(AND(N16>50,N16<=200),2,IF(AND(N16>200,N16<=300),3,IF(N16>300,(ROUNDUP((N16-300)/200,0))+3,IF(AND(Q8>0,Q8<=50),1,IF(AND(Q8>50,Q8<=200),2,IF(AND(Q8>200,Q8<=300),3,IF(Q8>300,(ROUNDUP((Q8-300)/200,0))+3,0)))))))) -> 0 | Z6: =IF(AND(O16>0,O16<=50),1,IF(AND(O16>50,O16<=200),2,IF(AND(O16>200,O16<=300),3,IF(O16>300,(ROUNDUP((O16-300)/200,0))+3,IF(AND(R8>0,R8<=50),1,IF(AND(R8>50,R8<=200),2,IF(AND(R8>200,R8<=300),3,IF(R8>300,(ROUNDUP((R8-300)/200,0))+3,0)))))))) -> 0 | AA6: =IF(OR(N16>0,O16>0),ROUNDUP((N16+O16)/250,0),ROUNDUP(Q5/250,0)) -> 0 | AB6: -
Q7: Male: | R7: Female: | U7: Museums | V7: a-3 | W7: =IF(AND(N22>0,N22<=50),1,IF(AND(N22>50,N22<=150),2,IF(AND(N22>150,N22<=300),3,IF(N22>300,(ROUNDUP((N22-300)/300,0))+3,IF(AND(Q8>0,Q8<=50),1,IF(AND(Q8>50,Q8<=150),2,IF(AND(Q8>150,Q8<=300),3,IF(Q8>300,(ROUNDUP((Q8-300)/300,0))+3,0)))))))) -> 0 | X7: =IF(AND(O22>0,O22<=50),1,IF(AND(O22>50,O22<=150),2,IF(AND(O22>150,O22<=300),3,IF(O22>300,(ROUNDUP((O22-300)/300,0))+3,IF(AND(R8>0,R8<=50),1,IF(AND(R8>50,R8<=150),2,IF(AND(R8>150,R8<=300),3,IF(R8>300,(ROUNDUP((R8-300)/300,0))+3,0)))))))) -> 0 | Y7: =IF(AND(N22>0,N22<=50),1,IF(AND(N22>50,N22<=150),2,IF(AND(N22>150,N22<=300),3,IF(N22>300,(ROUNDUP((N22-300)/300,0))+3,IF(AND(Q8>0,Q8<=50),1,IF(AND(Q8>50,Q8<=150),2,IF(AND(Q8>150,Q8<=300),3,IF(Q8>300,(ROUNDUP((Q8-300)/300,0))+3,0)))))))) -> 0 | Z7: =IF(AND(O22>0,O22<=50),1,IF(AND(O22>50,O22<=150),2,IF(AND(O22>150,O22<=300),3,IF(O22>300,(ROUNDUP((O22-300)/300,0))+3,IF(AND(R8>0,R8<=50),1,IF(AND(R8>50,R8<=150),2,IF(AND(R8>150,R8<=300),3,IF(R8>300,(ROUNDUP((R8-300)/300,0))+3,0)))))))) -> 0 | AA7: =IF(OR(N22>0,O22>0),ROUNDUP((N22+O22)/500,0),ROUNDUP(Q5/500,0)) -> 0 | AB7: -
Q8: =ROUNDUP((Q5/2),1) -> 0 | R8: =ROUNDUP((Q5/2),1) -> 0 | U8: passenger terminal | V8: a-3 | W8: =IF(AND(N32>0,N32<=100),1,IF(AND(N32>100,N32<=250),3,IF(AND(N32>250,N32<=500),5,IF(AND(N32>500,N32<=750),7,IF(AND(N32>750,N32<=1000),9,IF(AND(N32>1000,N32<=1250),11,IF(AND(N32>1250,N32<=1500),13,IF(AND(N32>1500,N32<=1750),15,IF(AND(N32>1750,N32<=2000),17,IF(AND(N32>2000,N32<=2250),19,IF(AND(N32>2250,N32<=2500),21,IF(AND(N32>2500,N32<=2750),23,IF(AND(N32>2750,N32<=3000),25,IF(AND(N32>3000,N32<=3250),27,IF(AND(N32>3250,N32<=3500),29,IF(AND(N32>3500,N32<=3750),31,IF(AND(N32>3750,N32<=4000),33,IF(AND(N32>4250,N32<=4500),35,IF(AND(N32>4500,N32<=4750),37,IF(AND(N32>4750,N32<=5000),39,IF(AND(N32>5000,N32<=5250),41,IF(AND(N32>5250,N32<=5500),43,IF(AND(N32>5500,N32<=5750),45,IF(AND(N32>5750,N32<=6000),47,IF(AND(Q8>0,Q8<=100),1,IF(AND(Q8>100,Q8<=250),3,IF(AND(Q8>250,Q8<=500),5,IF(AND(Q8>500,Q8<=750),7,IF(AND(Q8>750,Q8<=1000),9,IF(AND(Q8>1000,Q8<=1250),11,IF(AND(Q8>1250,Q8<=1500),13,IF(AND(Q8>1500,Q8<=1750),15,IF(AND(Q8>1750,Q8<=2000),17,IF(AND(Q8>2000,Q8<=2250),19,IF(AND(Q8>2250,Q8<=2500),21,IF(AND(Q8>2500,Q8<=2750),23,IF(AND(Q8>2750,Q8<=3000),25,IF(AND(Q8>3000,Q8<=3250),27,IF(AND(Q8>3250,Q8<=3500),29,IF(AND(Q8>3500,Q8<=3750),31,IF(AND(Q8>3750,Q8<=4000),33,IF(AND(Q8>4250,Q8<=4500),35,IF(AND(Q8>4500,Q8<=4750),37,IF(AND(Q8>4750,Q8<=5000),39,IF(AND(Q8>5000,Q8<=5250),41,IF(AND(Q8>5250,Q8<=5500),43,IF(AND(Q8>5500,Q8<=5750),45,IF(AND(Q8>5750,Q8<=6000),47,0)))))))))))))))))))))))))))))))))))))))))))))))) -> 0 | X8: =IF(AND(O32>0,O32<=100),1,IF(AND(O32>100,O32<=250),3,IF(AND(O32>250,O32<=500),5,IF(AND(O32>500,O32<=750),7,IF(AND(O32>750,O32<=1000),9,IF(AND(O32>1000,O32<=1250),11,IF(AND(O32>1250,O32<=1500),13,IF(AND(O32>1500,O32<=1750),15,IF(AND(O32>1750,O32<=2000),17,IF(AND(O32>2000,O32<=2250),19,IF(AND(O32>2250,O32<=2500),21,IF(AND(O32>2500,O32<=2750),23,IF(AND(O32>2750,O32<=3000),25,IF(AND(O32>3000,O32<=3250),27,IF(AND(O32>3250,O32<=3500),29,IF(AND(O32>3500,O32<=3750),31,IF(AND(O32>3750,O32<=4000),33,IF(AND(O32>4250,O32<=4500),35,IF(AND(O32>4500,O32<=4750),37,IF(AND(O32>4750,O32<=5000),39,IF(AND(O32>5000,O32<=5250),41,IF(AND(O32>5250,O32<=5500),43,IF(AND(O32>5500,O32<=5750),45,IF(AND(O32>5750,O32<=6000),47,IF(AND(R8>0,R8<=100),1,IF(AND(R8>100,R8<=250),3,IF(AND(R8>250,R8<=500),5,IF(AND(R8>500,R8<=750),7,IF(AND(R8>750,R8<=1000),9,IF(AND(R8>1000,R8<=1250),11,IF(AND(R8>1250,R8<=1500),13,IF(AND(R8>1500,R8<=1750),15,IF(AND(R8>1750,R8<=2000),17,IF(AND(R8>2000,R8<=2250),19,IF(AND(R8>2250,R8<=2500),21,IF(AND(R8>2500,R8<=2750),23,IF(AND(R8>2750,R8<=3000),25,IF(AND(R8>3000,R8<=3250),27,IF(AND(R8>3250,R8<=3500),29,IF(AND(R8>3500,R8<=3750),31,IF(AND(R8>3750,R8<=4000),33,IF(AND(R8>4250,R8<=4500),35,IF(AND(R8>4500,R8<=4750),37,IF(AND(R8>4750,R8<=5000),39,IF(AND(R8>5000,R8<=5250),41,IF(AND(R8>5250,R8<=5500),43,IF(AND(R8>5500,R8<=5750),45,IF(AND(R8>5750,R8<=6000),47,0)))))))))))))))))))))))))))))))))))))))))))))))) -> 0 | Y8: =IF(AND(N32>0,N32<=100),1,IF(AND(N32>100,N32<=250),2,IF(N32>250,(ROUNDUP((N32-250)/250,0))+2,IF(AND(Q8>0,Q8<=100),1,IF(AND(Q8>100,Q8<=250),2,IF(Q8>250,(ROUNDUP((Q8-250)/250,0))+2,0)))))) -> 0 | Z8: =IF(AND(O32>0,O32<=100),1,IF(AND(O32>100,O32<=250),2,IF(O32>250,(ROUNDUP((O32-250)/250,0))+2,IF(AND(R8>0,R8<=100),1,IF(AND(R8>100,R8<=250),2,IF(R8>250,(ROUNDUP((R8-250)/250,0))+2,0)))))) -> 0 | AA8: =IF(OR(N32>0,O32>0),ROUNDUP((N32+O32)/500,0),ROUNDUP(Q5/500,0)) -> 0 | AB8: -
U9: religious | V9: a-3 | W9: =IF(AND(N38>0,N38<=25),1,IF(AND(N38>25,N38<=150),2,IF(N38>150,(ROUNDUP((N38-150)/150,0))+2,IF(AND(Q8>0,Q8<=25),1,IF(AND(Q8>25,Q8<=150),2,IF(Q8>150,(ROUNDUP((Q8-150)/150,0))+2,0)))))) -> 0 | X9: =IF(AND(O38>0,O38<=25),1,IF(AND(O38>25,O38<=150),2,IF(O38>150,(ROUNDUP((O38-150)/150,0))+2,IF(AND(R8>0,R8<=25),1,IF(AND(R8>25,R8<=150),2,IF(R8>150,(ROUNDUP((R8-150)/150,0))+2,0)))))) -> 0 | Y9: =IF(AND(N38>0,N38<=25),1,IF(AND(N38>25,N38<=150),2,IF(N38>150,(ROUNDUP((N38-150)/150,0))+2,IF(AND(Q8>0,Q8<=25),1,IF(AND(Q8>25,Q8<=150),2,IF(Q8>150,(ROUNDUP((Q8-150)/150,0))+2,0)))))) -> 0 | Z9: =IF(AND(O38>0,O38<=25),1,IF(AND(O38>25,O38<=150),2,IF(O38>150,(ROUNDUP((O38-150)/150,0))+2,IF(AND(R8>0,R8<=25),1,IF(AND(R8>25,R8<=150),2,IF(R8>150,(ROUNDUP((R8-150)/150,0))+2,0)))))) -> 0 | AA9: =IF(OR(N38>0,O38>0),ROUNDUP((N38+O38)/500,0),ROUNDUP(Q5/500,0)) -> 0 | AB9: -
C10: A-2 | D10: Night clubs, bars, taverns, and similar facilities where drink and / or food is consumed | F10: =IF(AND(OR(N10>0,O10>0),N10+O10<=15),"Single restroom okay for 15 or less (7.21.4(2))",IF(AND(OR(N10>0,O10>0),N10+O10>Q5),W5,IF(Q5<=15,"Single restroom okay for 15 or less (7.21.4(2))",W5))) -> Single restroom okay for 15 or less (7.21.4(2)) | G10: =IF(F10="Single restroom okay for 15 or less (7.21.4(2))","-",X5) -> - | H10: Can substitute up to 50% of required fixtures (7.21.5(a)) | I10: =Y5 -> 0 | J10: =IF(F10="Single restroom okay for 15 or less (7.21.4(2))","-",Z5) -> - | K10: - | L10: =AA5 -> 0 | M10: 1 service sink per floor | N10: 0 | O10: =N10 -> 0 | U10: gymnasiums | V10: a-3 | W10: =IF(AND(N44>0,N44<=50),1,IF(AND(N44>50,N44<=100),2,IF(AND(N44>100,N44<=200),3,IF(AND(N44>200,N44<=400),5,IF(AND(N44>400,N44<=600),7,IF(AND(N44>600,N44<=800),9,IF(AND(N44>800,N44<=1000),11,IF(AND(N44>1000,N44<=1200),13,IF(AND(N44>1200,N44<=1400),15,IF(AND(N44>1400,N44<=1600),17,IF(AND(N44>1600,N44<=1800),19,IF(AND(N44>1800,N44<=2000),21,IF(AND(N44>2000,N44<=2200),23,IF(AND(N44>2200,N44<=2400),25,IF(AND(N44>2400,N44<=2600),27,IF(AND(N44>2600,N44<=2800),29,IF(AND(N44>2800,N44<=3000),31,IF(AND(N44>3000,N44<=3200),33,IF(AND(N44>3200,N44<=3400),35,IF(AND(N44>3400,N44<=3600),37,IF(AND(N44>3600,N44<=3800),39,IF(AND(N44>3800,N44<=4000),41,IF(AND(N44>4000,N44<=4200),43,IF(AND(N44>4200,N44<=4400),45,IF(AND(N44>4400,N44<=4600),47,IF(AND(N44>4200,N44<=4400),495,IF(AND(N44>4400,N44<=4600),51,IF(AND(N44>4600,N44<=4800),53,IF(AND(N44>4800,N44<=5000),55,IF(AND(Q8>0,Q8<=50),1,IF(AND(Q8>50,Q8<=100),2,IF(AND(Q8>100,Q8<=200),3,IF(AND(Q8>200,Q8<=400),5,IF(AND(Q8>400,Q8<=600),7,IF(AND(Q8>600,Q8<=800),9,IF(AND(Q8>800,Q8<=1000),11,IF(AND(Q8>1000,Q8<=1200),13,IF(AND(Q8>1200,Q8<=1400),15,IF(AND(Q8>1400,Q8<=1600),17,IF(AND(Q8>1600,Q8<=1800),19,IF(AND(Q8>1800,Q8<=2000),21,IF(AND(Q8>2000,Q8<=2200),23,IF(AND(Q8>2200,Q8<=2400),25,IF(AND(Q8>2400,Q8<=2600),27,IF(AND(Q8>2600,Q8<=2800),29,IF(AND(Q8>2800,Q8<=3000),31,IF(AND(Q8>3000,Q8<=3200),33,IF(AND(Q8>3200,Q8<=3400),35,IF(AND(Q8>3400,Q8<=3600),37,IF(AND(Q8>3600,Q8<=3800),39,IF(AND(Q8>3800,Q8<=4000),41,IF(AND(Q8>4000,Q8<=4200),43,IF(AND(Q8>4200,Q8<=4400),45,IF(AND(Q8>4400,Q8<=4600),47,IF(AND(Q8>4200,Q8<=4400),495,IF(AND(Q8>4400,Q8<=4600),51,IF(AND(Q8>4600,Q8<=4800),53,IF(AND(Q8>4800,Q8<=5000),55,0)))))))))))))))))))))))))))))))))))))))))))))))))))))))))) -> 0 | X10: =IF(AND(O44>0,O44<=50),1,IF(AND(O44>50,O44<=100),2,IF(AND(O44>100,O44<=200),3,IF(AND(O44>200,O44<=400),5,IF(AND(O44>400,O44<=600),7,IF(AND(O44>600,O44<=800),9,IF(AND(O44>800,O44<=1000),11,IF(AND(O44>1000,O44<=1200),13,IF(AND(O44>1200,O44<=1400),15,IF(AND(O44>1400,O44<=1600),17,IF(AND(O44>1600,O44<=1800),19,IF(AND(O44>1800,O44<=2000),21,IF(AND(O44>2000,O44<=2200),23,IF(AND(O44>2200,O44<=2400),25,IF(AND(O44>2400,O44<=2600),27,IF(AND(O44>2600,O44<=2800),29,IF(AND(O44>2800,O44<=3000),31,IF(AND(O44>3000,O44<=3200),33,IF(AND(O44>3200,O44<=3400),35,IF(AND(O44>3400,O44<=3600),37,IF(AND(O44>3600,O44<=3800),39,IF(AND(O44>3800,O44<=4000),41,IF(AND(O44>4000,O44<=4200),43,IF(AND(O44>4200,O44<=4400),45,IF(AND(O44>4400,O44<=4600),47,IF(AND(O44>4200,O44<=4400),495,IF(AND(O44>4400,O44<=4600),51,IF(AND(O44>4600,O44<=4800),53,IF(AND(O44>4800,O44<=5000),55,IF(AND(R8>0,R8<=50),1,IF(AND(R8>50,R8<=100),2,IF(AND(R8>100,R8<=200),3,IF(AND(R8>200,R8<=400),5,IF(AND(R8>400,R8<=600),7,IF(AND(R8>600,R8<=800),9,IF(AND(R8>800,R8<=1000),11,IF(AND(R8>1000,R8<=1200),13,IF(AND(R8>1200,R8<=1400),15,IF(AND(R8>1400,R8<=1600),17,IF(AND(R8>1600,R8<=1800),19,IF(AND(R8>1800,R8<=2000),21,IF(AND(R8>2000,R8<=2200),23,IF(AND(R8>2200,R8<=2400),25,IF(AND(R8>2400,R8<=2600),27,IF(AND(R8>2600,R8<=2800),29,IF(AND(R8>2800,R8<=3000),31,IF(AND(R8>3000,R8<=3200),33,IF(AND(R8>3200,R8<=3400),35,IF(AND(R8>3400,R8<=3600),37,IF(AND(R8>3600,R8<=3800),39,IF(AND(R8>3800,R8<=4000),41,IF(AND(R8>4000,R8<=4200),43,IF(AND(R8>4200,R8<=4400),45,IF(AND(R8>4400,R8<=4600),47,IF(AND(R8>4200,R8<=4400),495,IF(AND(R8>4400,R8<=4600),51,IF(AND(R8>4600,R8<=4800),53,IF(AND(R8>4800,R8<=5000),55,0)))))))))))))))))))))))))))))))))))))))))))))))))))))))))) -> 0 | Y10: =IF(AND(N44>0,N44<=50),1,IF(AND(N44>50,N44<=100),2,IF(AND(N44>100,N44<=200),3,IF(AND(N44>200,N44<=400),5,IF(AND(N44>400,N44<=600),7,IF(AND(N44>600,N44<=800),9,IF(AND(N44>800,N44<=1000),11,IF(AND(N44>1000,N44<=1200),13,IF(AND(N44>1200,N44<=1400),15,IF(AND(N44>1400,N44<=1600),17,IF(AND(N44>1600,N44<=1800),19,IF(AND(N44>1800,N44<=2000),21,IF(AND(N44>2000,N44<=2200),23,IF(AND(N44>2200,N44<=2400),25,IF(AND(N44>2400,N44<=2600),27,IF(AND(N44>2600,N44<=2800),29,IF(AND(N44>2800,N44<=3000),31,IF(AND(N44>3000,N44<=3200),33,IF(AND(N44>3200,N44<=3400),35,IF(AND(N44>3400,N44<=3600),37,IF(AND(N44>3600,N44<=3800),39,IF(AND(N44>3800,N44<=4000),41,IF(AND(N44>4000,N44<=4200),43,IF(AND(N44>4200,N44<=4400),45,IF(AND(N44>4400,N44<=4600),47,IF(AND(N44>4200,N44<=4400),495,IF(AND(N44>4400,N44<=4600),51,IF(AND(N44>4600,N44<=4800),53,IF(AND(N44>4800,N44<=5000),55,IF(AND(Q8>0,Q8<=50),1,IF(AND(Q8>50,Q8<=100),2,IF(AND(Q8>100,Q8<=200),3,IF(AND(Q8>200,Q8<=400),5,IF(AND(Q8>400,Q8<=600),7,IF(AND(Q8>600,Q8<=800),9,IF(AND(Q8>800,Q8<=1000),11,IF(AND(Q8>1000,Q8<=1200),13,IF(AND(Q8>1200,Q8<=1400),15,IF(AND(Q8>1400,Q8<=1600),17,IF(AND(Q8>1600,Q8<=1800),19,IF(AND(Q8>1800,Q8<=2000),21,IF(AND(Q8>2000,Q8<=2200),23,IF(AND(Q8>2200,Q8<=2400),25,IF(AND(Q8>2400,Q8<=2600),27,IF(AND(Q8>2600,Q8<=2800),29,IF(AND(Q8>2800,Q8<=3000),31,IF(AND(Q8>3000,Q8<=3200),33,IF(AND(Q8>3200,Q8<=3400),35,IF(AND(Q8>3400,Q8<=3600),37,IF(AND(Q8>3600,Q8<=3800),39,IF(AND(Q8>3800,Q8<=4000),41,IF(AND(Q8>4000,Q8<=4200),43,IF(AND(Q8>4200,Q8<=4400),45,IF(AND(Q8>4400,Q8<=4600),47,IF(AND(Q8>4200,Q8<=4400),495,IF(AND(Q8>4400,Q8<=4600),51,IF(AND(Q8>4600,Q8<=4800),53,IF(AND(Q8>4800,Q8<=5000),55,0)))))))))))))))))))))))))))))))))))))))))))))))))))))))))) -> 0 | Z10: =IF(AND(O44>0,O44<=50),1,IF(AND(O44>50,O44<=100),2,IF(AND(O44>100,O44<=200),3,IF(AND(O44>200,O44<=400),5,IF(AND(O44>400,O44<=600),7,IF(AND(O44>600,O44<=800),9,IF(AND(O44>800,O44<=1000),11,IF(AND(O44>1000,O44<=1200),13,IF(AND(O44>1200,O44<=1400),15,IF(AND(O44>1400,O44<=1600),17,IF(AND(O44>1600,O44<=1800),19,IF(AND(O44>1800,O44<=2000),21,IF(AND(O44>2000,O44<=2200),23,IF(AND(O44>2200,O44<=2400),25,IF(AND(O44>2400,O44<=2600),27,IF(AND(O44>2600,O44<=2800),29,IF(AND(O44>2800,O44<=3000),31,IF(AND(O44>3000,O44<=3200),33,IF(AND(O44>3200,O44<=3400),35,IF(AND(O44>3400,O44<=3600),37,IF(AND(O44>3600,O44<=3800),39,IF(AND(O44>3800,O44<=4000),41,IF(AND(O44>4000,O44<=4200),43,IF(AND(O44>4200,O44<=4400),45,IF(AND(O44>4400,O44<=4600),47,IF(AND(O44>4200,O44<=4400),495,IF(AND(O44>4400,O44<=4600),51,IF(AND(O44>4600,O44<=4800),53,IF(AND(O44>4800,O44<=5000),55,IF(AND(R8>0,R8<=50),1,IF(AND(R8>50,R8<=100),2,IF(AND(R8>100,R8<=200),3,IF(AND(R8>200,R8<=400),5,IF(AND(R8>400,R8<=600),7,IF(AND(R8>600,R8<=800),9,IF(AND(R8>800,R8<=1000),11,IF(AND(R8>1000,R8<=1200),13,IF(AND(R8>1200,R8<=1400),15,IF(AND(R8>1400,R8<=1600),17,IF(AND(R8>1600,R8<=1800),19,IF(AND(R8>1800,R8<=2000),21,IF(AND(R8>2000,R8<=2200),23,IF(AND(R8>2200,R8<=2400),25,IF(AND(R8>2400,R8<=2600),27,IF(AND(R8>2600,R8<=2800),29,IF(AND(R8>2800,R8<=3000),31,IF(AND(R8>3000,R8<=3200),33,IF(AND(R8>3200,R8<=3400),35,IF(AND(R8>3400,R8<=3600),37,IF(AND(R8>3600,R8<=3800),39,IF(AND(R8>3800,R8<=4000),41,IF(AND(R8>4000,R8<=4200),43,IF(AND(R8>4200,R8<=4400),45,IF(AND(R8>4400,R8<=4600),47,IF(AND(R8>4200,R8<=4400),495,IF(AND(R8>4400,R8<=4600),51,IF(AND(R8>4600,R8<=4800),53,IF(AND(R8>4800,R8<=5000),55,0)))))))))))))))))))))))))))))))))))))))))))))))))))))))))) -> 0 | AA10: =IF(OR(N44>0,O44>0),ROUNDUP((N44+O44)/200,0),ROUNDUP(Q5/200,0)) -> 0 | AB10: -
P11: Note: | U11: collseums | V11: a-4 | W11: =IF(AND(N50>0,N50<=100),2,IF(AND(N50>100,N50<=200),4,IF(AND(N50>200,N50<=400),6,IF(AND(N50>400,N50<=800),8,IF(AND(N50>800,N50<=1200),10,IF(AND(N50>1200,N50<=1600),12,IF(AND(N50>1600,N50<=2000),14,IF(AND(N50>2000,N50<=2400),16,IF(AND(N50>2400,N50<=3000),18,IF(AND(N50>3000,N50<=3600),20,IF(AND(N50>3600,N50<=4000),22,IF(AND(N50>4000,N50<=4600),24,IF(AND(N50>4600,N50<=5200),26,IF(AND(Q8>0,Q8<=100),2,IF(AND(Q8>100,Q8<=200),4,IF(AND(Q8>200,Q8<=400),6,IF(AND(Q8>400,Q8<=800),8,IF(AND(Q8>800,Q8<=1200),10,IF(AND(Q8>1200,Q8<=1600),12,IF(AND(Q8>1600,Q8<=2000),14,IF(AND(Q8>2000,Q8<=2400),16,IF(AND(Q8>2400,Q8<=3000),18,IF(AND(Q8>3000,Q8<=3600),20,IF(AND(Q8>3600,Q8<=4000),22,IF(AND(Q8>4000,Q8<=4600),24,IF(AND(Q8>4600,Q8<=5200),26,0)))))))))))))))))))))))))) -> 0 | X11: =IF(AND(O50>0,O50<=100),2,IF(AND(O50>100,O50<=200),4,IF(AND(O50>200,O50<=400),6,IF(AND(O50>400,O50<=800),10,IF(AND(O50>800,O50<=1200),14,IF(AND(O50>1200,O50<=1600),18,IF(AND(O50>1600,O50<=2000),22,IF(AND(O50>2000,O50<=2400),26,IF(AND(O50>2400,O50<=3000),30,IF(AND(O50>3000,O50<=3600),34,IF(AND(O50>3600,O50<=4000),38,IF(AND(O50>4000,O50<=4600),42,IF(AND(O50>4600,O50<=5200),46,IF(AND(R8>0,R8<=100),2,IF(AND(R8>100,R8<=200),4,IF(AND(R8>200,R8<=400),6,IF(AND(R8>400,R8<=800),10,IF(AND(R8>800,R8<=1200),14,IF(AND(R8>1200,R8<=1600),18,IF(AND(R8>1600,R8<=2000),22,IF(AND(R8>2000,R8<=2400),26,IF(AND(R8>2400,R8<=3000),30,IF(AND(R8>3000,R8<=3600),34,IF(AND(R8>3600,R8<=4000),38,IF(AND(R8>4000,R8<=4600),42,IF(AND(R8>4600,R8<=5200),46,0)))))))))))))))))))))))))) -> 0 | Y11: =IF(AND(N50>0,N50<=100),2,IF(AND(N50>100,N50<=200),4,IF(AND(N50>200,N50<=400),6,IF(AND(N50>400,N50<=800),7,IF(AND(N50>800,N50<=1200),8,IF(AND(N50>1200,N50<=1600),9,IF(AND(N50>1600,N50<=2000),10,IF(AND(N50>2000,N50<=2400),11,IF(AND(N50>2400,N50<=3000),12,IF(AND(N50>3000,N50<=3600),13,IF(AND(N50>3600,N50<=4000),14,IF(AND(N50>4000,N50<=4600),15,IF(AND(N50>4600,N50<=5200),16,IF(AND(Q8>0,Q8<=100),2,IF(AND(Q8>100,Q8<=200),4,IF(AND(Q8>200,Q8<=400),6,IF(AND(Q8>400,Q8<=800),7,IF(AND(Q8>800,Q8<=1200),8,IF(AND(Q8>1200,Q8<=1600),9,IF(AND(Q8>1600,Q8<=2000),10,IF(AND(Q8>2000,Q8<=2400),11,IF(AND(Q8>2400,Q8<=3000),12,IF(AND(Q8>3000,Q8<=3600),13,IF(AND(Q8>3600,Q8<=4000),14,IF(AND(Q8>4000,Q8<=4600),15,IF(AND(Q8>4600,Q8<=5200),16,0)))))))))))))))))))))))))) -> 0 | Z11: =IF(AND(O50>0,O50<=100),2,IF(AND(O50>100,O50<=200),4,IF(AND(O50>200,O50<=400),6,IF(AND(O50>400,O50<=800),8,IF(AND(O50>800,O50<=1200),10,IF(AND(O50>1200,O50<=1600),12,IF(AND(O50>1600,O50<=2000),14,IF(AND(O50>2000,O50<=2400),16,IF(AND(O50>2400,O50<=3000),18,IF(AND(O50>3000,O50<=3600),20,IF(AND(O50>3600,O50<=4000),22,IF(AND(O50>4000,O50<=4600),24,IF(AND(O50>4600,O50<=5200),26,IF(AND(R8>0,R8<=100),2,IF(AND(R8>100,R8<=200),4,IF(AND(R8>200,R8<=400),6,IF(AND(R8>400,R8<=800),8,IF(AND(R8>800,R8<=1200),10,IF(AND(R8>1200,R8<=1600),12,IF(AND(R8>1600,R8<=2000),14,IF(AND(R8>2000,R8<=2400),16,IF(AND(R8>2400,R8<=3000),18,IF(AND(R8>3000,R8<=3600),20,IF(AND(R8>3600,R8<=4000),22,IF(AND(R8>4000,R8<=4600),24,IF(AND(R8>4600,R8<=5200),26,0)))))))))))))))))))))))))) -> 0 | AA11: =IF(OR(N50>0,O50>0),ROUNDUP((N50+O50)/500,0),ROUNDUP(Q5/500,0)) -> 0 | AB11: -
P12: 1. Occupant load is limited to 5,000 total persons | U12: stadiums | V12: a-5 | W12: =IF(AND(N56>0,N56<=100),2,IF(AND(N56>100,N56<=200),4,IF(AND(N56>200,N56<=400),6,IF(AND(N56>400,N56<=800),8,IF(AND(N56>800,N56<=1200),10,IF(AND(N56>1200,N56<=1600),12,IF(AND(N56>1600,N56<=2000),14,IF(AND(N56>2000,N56<=2400),16,IF(AND(N56>2400,N56<=3000),18,IF(AND(N56>3000,N56<=3600),20,IF(AND(N56>3600,N56<=4000),22,IF(AND(N56>4000,N56<=4600),24,IF(AND(N56>4600,N56<=5200),26,IF(AND(Q8>0,Q8<=100),2,IF(AND(Q8>100,Q8<=200),4,IF(AND(Q8>200,Q8<=400),6,IF(AND(Q8>400,Q8<=800),8,IF(AND(Q8>800,Q8<=1200),10,IF(AND(Q8>1200,Q8<=1600),12,IF(AND(Q8>1600,Q8<=2000),14,IF(AND(Q8>2000,Q8<=2400),16,IF(AND(Q8>2400,Q8<=3000),18,IF(AND(Q8>3000,Q8<=3600),20,IF(AND(Q8>3600,Q8<=4000),22,IF(AND(Q8>4000,Q8<=4600),24,IF(AND(Q8>4600,Q8<=5200),26,0)))))))))))))))))))))))))) -> 0 | X12: =IF(AND(O56>0,O56<=100),2,IF(AND(O56>100,O56<=200),4,IF(AND(O56>200,O56<=400),6,IF(AND(O56>400,O56<=800),10,IF(AND(O56>800,O56<=1200),14,IF(AND(O56>1200,O56<=1600),18,IF(AND(O56>1600,O56<=2000),22,IF(AND(O56>2000,O56<=2400),26,IF(AND(O56>2400,O56<=3000),30,IF(AND(O56>3000,O56<=3600),34,IF(AND(O56>3600,O56<=4000),38,IF(AND(O56>4000,O56<=4600),42,IF(AND(O56>4600,O56<=5200),46,IF(AND(R8>0,R8<=100),2,IF(AND(R8>100,R8<=200),4,IF(AND(R8>200,R8<=400),6,IF(AND(R8>400,R8<=800),10,IF(AND(R8>800,R8<=1200),14,IF(AND(R8>1200,R8<=1600),18,IF(AND(R8>1600,R8<=2000),22,IF(AND(R8>2000,R8<=2400),26,IF(AND(R8>2400,R8<=3000),30,IF(AND(R8>3000,R8<=3600),34,IF(AND(R8>3600,R8<=4000),38,IF(AND(R8>4000,R8<=4600),42,IF(AND(R8>4600,R8<=5200),46,0)))))))))))))))))))))))))) -> 0 | Y12: =IF(AND(N56>0,N56<=100),2,IF(AND(N56>100,N56<=200),4,IF(AND(N56>200,N56<=400),6,IF(AND(N56>400,N56<=800),7,IF(AND(N56>800,N56<=1200),8,IF(AND(N56>1200,N56<=1600),9,IF(AND(N56>1600,N56<=2000),10,IF(AND(N56>2000,N56<=2400),11,IF(AND(N56>2400,N56<=3000),12,IF(AND(N56>3000,N56<=3600),13,IF(AND(N56>3600,N56<=4000),14,IF(AND(N56>4000,N56<=4600),15,IF(AND(N56>4600,N56<=5200),16,IF(AND(Q8>0,Q8<=100),2,IF(AND(Q8>100,Q8<=200),4,IF(AND(Q8>200,Q8<=400),6,IF(AND(Q8>400,Q8<=800),7,IF(AND(Q8>800,Q8<=1200),8,IF(AND(Q8>1200,Q8<=1600),9,IF(AND(Q8>1600,Q8<=2000),10,IF(AND(Q8>2000,Q8<=2400),11,IF(AND(Q8>2400,Q8<=3000),12,IF(AND(Q8>3000,Q8<=3600),13,IF(AND(Q8>3600,Q8<=4000),14,IF(AND(Q8>4000,Q8<=4600),15,IF(AND(Q8>4600,Q8<=5200),16,0)))))))))))))))))))))))))) -> 0 | Z12: =IF(AND(O56>0,O56<=100),2,IF(AND(O56>100,O56<=200),4,IF(AND(O56>200,O56<=400),6,IF(AND(O56>400,O56<=800),8,IF(AND(O56>800,O56<=1200),10,IF(AND(O56>1200,O56<=1600),12,IF(AND(O56>1600,O56<=2000),14,IF(AND(O56>2000,O56<=2400),16,IF(AND(O56>2400,O56<=3000),18,IF(AND(O56>3000,O56<=3600),20,IF(AND(O56>3600,O56<=4000),22,IF(AND(O56>4000,O56<=4600),24,IF(AND(O56>4600,O56<=5200),26,IF(AND(R8>0,R8<=100),2,IF(AND(R8>100,R8<=200),4,IF(AND(R8>200,R8<=400),6,IF(AND(R8>400,R8<=800),8,IF(AND(R8>800,R8<=1200),10,IF(AND(R8>1200,R8<=1600),12,IF(AND(R8>1600,R8<=2000),14,IF(AND(R8>2000,R8<=2400),16,IF(AND(R8>2400,R8<=3000),18,IF(AND(R8>3000,R8<=3600),20,IF(AND(R8>3600,R8<=4000),22,IF(AND(R8>4000,R8<=4600),24,IF(AND(R8>4600,R8<=5200),26,0)))))))))))))))))))))))))) -> 0 | AA12: =IF(OR(N56>0,O56>0),ROUNDUP((N56+O56)/1000,0),ROUNDUP(Q5/1000,0)) -> 0 | AB12: -
P13: 2. R-2 Occupancy is limited to 50 total persons | U13: business | V13: b | W13: =IF(AND(N63>0,N63<=15),1,IF(AND(N63>15,N63<=50),2,IF(N63>50,(ROUNDUP((N63-50)/50,0))+2,IF(AND(Q8>0,Q8<=15),1,IF(AND(Q8>15,Q8<=50),2,IF(Q8>50,(ROUNDUP((Q8-50)/50,0))+2,0)))))) -> 0 | X13: =IF(AND(O63>0,O63<=15),1,IF(AND(O63>15,O63<=50),2,IF(O63>50,(ROUNDUP((O63-50)/50,0))+2,IF(AND(R8>0,R8<=15),1,IF(AND(R8>15,R8<=50),2,IF(R8>50,(ROUNDUP((R8-50)/50,0))+2,0)))))) -> 0 | Y13: =IF(AND(N63>0,N63<=50),1,IF(N63>50,(ROUNDUP((N63-50)/50,0))+1,IF(AND(Q8>0,Q8<=50),1,IF(Q8>50,(ROUNDUP((Q8-50)/50,0))+1,0)))) -> 0 | Z13: =IF(AND(O63>0,O63<=50),1,IF(O63>50,(ROUNDUP((O63-50)/50,0))+1,IF(AND(R8>0,R8<=50),1,IF(R8>50,(ROUNDUP((R8-50)/50,0))+1,0)))) -> 0 | AA13: =IF(OR(N63>0,O63>0),ROUNDUP((N63+O63)/100,0),ROUNDUP(Q5/100,0)) -> 0 | AB13: -
P14: 3. Local AHJ has authority to remove service sink (7.21.5(d)) | U14: educational Day Care | V14: e | W14: =IF(AND(N70>0,N70<=15),1,IF(AND(N70>15,N70<=30),2,IF(AND(N70>30,N70<=50),3,IF(AND(N70>50,N70<=75),4,IF(AND(N70>75,N70<=100),4,IF(N70>100,(ROUNDUP((N70-100)/50,0))+4,IF(AND(Q8>0,Q8<=15),1,IF(AND(Q8>15,Q8<=30),2,IF(AND(Q8>30,Q8<=50),3,IF(AND(Q8>50,Q8<=75),4,IF(AND(Q8>75,Q8<=100),5,IF(Q8>100,(ROUNDUP((Q8-100)/50,0))+4,0)))))))))))) -> 0 | X14: =IF(AND(O70>0,O70<=15),1,IF(AND(O70>15,O70<=30),2,IF(AND(O70>30,O70<=50),3,IF(AND(O70>50,O70<=75),4,IF(AND(O70>75,O70<=100),4,IF(O70>100,(ROUNDUP((O70-100)/50,0))+4,IF(AND(R8>0,R8<=15),1,IF(AND(R8>15,R8<=30),2,IF(AND(R8>30,R8<=50),3,IF(AND(R8>50,R8<=75),4,IF(AND(R8>75,R8<=100),5,IF(R8>100,(ROUNDUP((R8-100)/50,0))+4,0)))))))))))) -> 0 | Y14: =IF(AND(N70>0,N70<=15),1,IF(AND(N70>15,N70<=30),2,IF(AND(N70>30,N70<=50),3,IF(AND(N70>50,N70<=75),4,IF(AND(N70>75,N70<=100),4,IF(N70>100,(ROUNDUP((N70-100)/50,0))+4,IF(AND(Q8>0,Q8<=15),1,IF(AND(Q8>15,Q8<=30),2,IF(AND(Q8>30,Q8<=50),3,IF(AND(Q8>50,Q8<=75),4,IF(AND(Q8>75,Q8<=100),5,IF(Q8>100,(ROUNDUP((Q8-100)/50,0))+5,0)))))))))))) -> 0 | Z14: =IF(AND(O70>0,O70<=15),1,IF(AND(O70>15,O70<=30),2,IF(AND(O70>30,O70<=50),3,IF(AND(O70>50,O70<=75),4,IF(AND(O70>75,O70<=100),4,IF(O70>100,(ROUNDUP((O70-100)/50,0))+4,IF(AND(R8>0,R8<=15),1,IF(AND(R8>15,R8<=30),2,IF(AND(R8>30,R8<=50),3,IF(AND(R8>50,R8<=75),4,IF(AND(R8>75,R8<=100),5,IF(R8>100,(ROUNDUP((R8-100)/50,0))+5,0)))))))))))) -> 0 | AA14: =IF(OR(N70>0,O70>0),ROUNDUP((N70+O70)/100,0),ROUNDUP(Q5/100,0)) -> 0 | AB14: -
P15: 4. In B occupancy 1,500 sq. ft. or less (1) R.R. is permitted (7.21.4(3)) & (7.21.7(d)) | U15: educational 1-6 | V15: e | W15: =IF(AND(N75>0,N75<=25),1,IF(AND(N75>25,N75<=50),2,IF(AND(N75>50,N75<=75),3,IF(AND(N75>75,N75<=100),4,IF(N75>100,(ROUNDUP((N75-100)/50,0))+4,IF(AND(Q8>0,Q8<=25),1,IF(AND(Q8>25,Q8<=50),2,IF(AND(Q8>50,Q8<=75),3,IF(AND(Q8>75,Q8<=100),4,IF(Q8>100,(ROUNDUP((Q8-100)/50,0))+4,0)))))))))) -> 0 | X15: =IF(AND(O75>0,O75<=25),1,IF(AND(O75>25,O75<=50),2,IF(AND(O75>50,O75<=75),3,IF(AND(O75>75,O75<=100),4,IF(O75>100,(ROUNDUP((O75-100)/50,0))+4,IF(AND(R8>0,R8<=25),1,IF(AND(R8>25,R8<=50),2,IF(AND(R8>50,R8<=75),3,IF(AND(R8>75,R8<=100),4,IF(R8>100,(ROUNDUP((R8-100)/50,0))+4,0)))))))))) -> 0 | Y15: =IF(AND(N75>0,N75<=25),1,IF(AND(N75>25,N75<=50),2,IF(AND(N75>50,N75<=75),3,IF(AND(N75>75,N75<=100),4,IF(N75>100,(ROUNDUP((N75-100)/50,0))+4,IF(AND(Q8>0,Q8<=25),1,IF(AND(Q8>25,Q8<=50),2,IF(AND(Q8>50,Q8<=75),3,IF(AND(Q8>75,Q8<=100),4,IF(Q8>100,(ROUNDUP((Q8-100)/50,0))+4,0)))))))))) -> 0 | Z15: =IF(AND(O75>0,O75<=25),1,IF(AND(O75>25,O75<=50),2,IF(AND(O75>50,O75<=75),3,IF(AND(O75>75,O75<=100),4,IF(O75>100,(ROUNDUP((O75-100)/50,0))+4,IF(AND(R8>0,R8<=25),1,IF(AND(R8>25,R8<=50),2,IF(AND(R8>50,R8<=75),3,IF(AND(R8>75,R8<=100),4,IF(R8>100,(ROUNDUP((R8-100)/50,0))+4,0)))))))))) -> 0 | AA15: =IF(OR(N75>0,O75>0),ROUNDUP((N75+O75)/100,0),ROUNDUP(Q5/100,0)) -> 0 | AB15: -
D16: Restaurants, banquet halls, food courts, carry-outs with seating | F16: =IF(AND(OR(N16>0,O16>0),N16+O16<=15),"Single restroom okay for 15 or less (7.21.4(2))",IF(AND(OR(N16>0,O16>0),N16+O16>Q5),W6,IF(Q5<=15,"Single restroom okay for 15 or less (7.21.4(2))",W6))) -> Single restroom okay for 15 or less (7.21.4(2)) | G16: =IF(F16="Single restroom okay for 15 or less (7.21.4(2))","-",X6) -> - | H16: Can substitute up to 50% of required fixtures (7.21.5(a)) | I16: =Y6 -> 0 | J16: =IF(F16="Single restroom okay for 15 or less (7.21.4(2))","-",Z6) -> - | K16: - | L16: =AA6 -> 0 | M16: 1 service sink per floor | N16: 0 | O16: =N16 -> 0 | P16: 5. In M occupancy 1,500 sq. ft. or less (1) R.R. is permitted (7.21.4(4)) & (7.21.7(d)) | U16: educational 7-12 | V16: e | W16: =IF(AND(N80>0,N80<=30),1,IF(AND(N80>30,N80<=60),2,IF(AND(N80>60,N80<=100),3,IF(N80>100,(ROUNDUP((N80-100)/50,0))+3,IF(AND(Q8>0,Q8<=30),1,IF(AND(Q8>30,Q8<=60),2,IF(AND(Q8>60,Q8<=100),3,IF(Q8>100,(ROUNDUP((Q8-100)/50,0))+3,0)))))))) -> 0 | X16: =IF(AND(O80>0,O80<=30),1,IF(AND(O80>30,O80<=60),2,IF(AND(O80>60,O80<=100),3,IF(O80>100,(ROUNDUP((O80-100)/50,0))+3,IF(AND(R8>0,R8<=30),1,IF(AND(R8>30,R8<=60),2,IF(AND(R8>60,R8<=100),3,IF(R8>100,(ROUNDUP((R8-100)/50,0))+3,0)))))))) -> 0 | Y16: =IF(AND(N80>0,N80<=30),1,IF(AND(N80>30,N80<=60),2,IF(AND(N80>60,N80<=100),3,IF(N80>100,(ROUNDUP((N80-100)/50,0))+3,IF(AND(Q8>0,Q8<=30),1,IF(AND(Q8>30,Q8<=60),2,IF(AND(Q8>60,Q8<=100),3,IF(Q8>100,(ROUNDUP((Q8-100)/50,0))+3,0)))))))) -> 0 | Z16: =IF(AND(O80>0,O80<=30),1,IF(AND(O80>30,O80<=60),2,IF(AND(O80>60,O80<=100),3,IF(O80>100,(ROUNDUP((O80-100)/50,0))+3,IF(AND(R8>0,R8<=30),1,IF(AND(R8>30,R8<=60),2,IF(AND(R8>60,R8<=100),3,IF(R8>100,(ROUNDUP((R8-100)/50,0))+3,0)))))))) -> 0 | AA16: =IF(OR(N80>0,O80>0),ROUNDUP((N80+O80)/100,0),ROUNDUP(Q5/100,0)) -> 0 | AB16: -
P17: 6. In restaurants or other food service eshablishments with seating for 100+ shall be provided with separate facilities for employees and customers (7.21.8(a)) | U17: factory | V17: f-1 & f-2 | W17: =IF(AND(N85>0,N85<=25),1,IF(AND(N85>25,N85<=50),2,IF(AND(N85>50,N85<=100),3,IF(N85>100,(ROUNDUP((N85-100)/100,0))+3,IF(AND(Q8>0,Q8<=25),1,IF(AND(Q8>25,Q8<=50),2,IF(AND(Q8>50,Q8<=100),3,IF(Q8>100,(ROUNDUP((Q8-100)/100,0))+3,0)))))))) -> 0 | X17: =IF(AND(O85>0,O85<=25),1,IF(AND(O85>25,O85<=50),2,IF(AND(O85>50,O85<=100),3,IF(O85>100,(ROUNDUP((O85-100)/100,0))+3,IF(AND(R8>0,R8<=25),1,IF(AND(R8>25,R8<=50),2,IF(AND(R8>50,R8<=100),3,IF(R8>100,(ROUNDUP((R8-100)/100,0))+3,0)))))))) -> 0 | Y17: =IF(AND(N85>0,N85<=25),1,IF(AND(N85>25,N85<=50),2,IF(AND(N85>50,N85<=100),3,IF(N85>100,(ROUNDUP((N85-100)/100,0))+3,IF(AND(Q8>0,Q8<=25),1,IF(AND(Q8>25,Q8<=50),2,IF(AND(Q8>50,Q8<=100),3,IF(Q8>100,(ROUNDUP((Q8-100)/100,0))+3,0)))))))) -> 0 | Z17: =IF(AND(O85>0,O85<=25),1,IF(AND(O85>25,O85<=50),2,IF(AND(O85>50,O85<=100),3,IF(O85>100,(ROUNDUP((O85-100)/100,0))+3,IF(AND(R8>0,R8<=25),1,IF(AND(R8>25,R8<=50),2,IF(AND(R8>50,R8<=100),3,IF(R8>100,(ROUNDUP((R8-100)/100,0))+3,0)))))))) -> 0 | AA17: =IF(OR(N85>0,O85>0),ROUNDUP((N85+O85)/250,0),ROUNDUP(Q5/250,0)) -> 0 | AB17: 1 emergency shower per 10 people exposed to skin contamination
U18: res. Care | V18: i-1 | W18: =IF(AND(N93>0,N93<=10),1,IF(N93>10,(ROUNDUP((N93-10)/10,0))+1,IF(AND(Q8>0,Q8<=10),1,IF(Q8>0,(ROUNDUP((Q8-10)/10,0))+1,0)))) -> 0 | X18: =IF(AND(O93>0,O93<=10),1,IF(O93>10,(ROUNDUP((O93-10)/10,0))+1,IF(AND(R8>0,R8<=10),1,IF(R8>10,(ROUNDUP((R8-10)/10,0))+1,0)))) -> 0 | Y18: =IF(AND(N93>0,N93<=10),1,IF(N93>10,(ROUNDUP((N93-10)/10,0))+1,IF(AND(Q8>0,Q8<=10),1,IF(Q8>0,(ROUNDUP((Q8-10)/10,0))+1,0)))) -> 0 | Z18: =IF(AND(O93>0,O93<=10),1,IF(O93>10,(ROUNDUP((O93-10)/10,0))+1,IF(AND(R8>0,R8<=10),1,IF(R8>10,(ROUNDUP((R8-10)/10,0))+1,0)))) -> 0 | AA18: =IF(OR(N93>0,O93>0),ROUNDUP((N93+O93)/100,0),ROUNDUP(Q5/100,0)) -> 0 | AB18: =IF(OR(N93>0,O93>0),ROUNDUP((N93+O93)/8,0),ROUNDUP(Q5/8,0)) -> 0
U19: employees | V19: i-2 | W19: =IF(AND(N102>0,N102<=25),1,IF(AND(N102>25,N102<=50),2,IF(AND(N102>50,N102<=100),3,IF(N102>100,(ROUNDUP((N102-100)/100,0))+3,IF(AND(Q8>0,Q8<=25),1,IF(AND(Q8>25,Q8<=50),2,IF(AND(Q8>50,Q8<=100),3,IF(Q8>100,(ROUNDUP((Q8-100)/100,0))+3,0)))))))) -> 0 | X19: =IF(AND(O102>0,O102<=25),1,IF(AND(O102>25,O102<=50),2,IF(AND(O102>50,O102<=100),3,IF(O102>100,(ROUNDUP((O102-100)/100,0))+3,IF(AND(R8>0,R8<=25),1,IF(AND(R8>25,R8<=50),2,IF(AND(R8>50,R8<=100),3,IF(R8>100,(ROUNDUP((R8-100)/100,0))+3,0)))))))) -> 0 | Y19: =IF(AND(N102>0,N102<=50),1,IF(AND(N102>50,N102<=100),2,IF(N102>100,(ROUNDUP((N102-100)/100,0))+2,IF(AND(Q8>0,Q8<=50),1,IF(AND(Q8>50,Q8<=100),2,IF(Q8>100,(ROUNDUP((Q8-100)/100,0))+2,0)))))) -> 0 | Z19: =IF(AND(O102>0,O102<=50),1,IF(AND(O102>50,O102<=100),2,IF(O102>100,(ROUNDUP((O102-100)/100,0))+2,IF(AND(R8>0,R8<=50),1,IF(AND(R8>50,R8<=100),2,IF(R8>100,(ROUNDUP((R8-100)/100,0))+2,0)))))) -> 0 | AA19: =IF(OR(N102>0,O102>0),ROUNDUP((N102+O102)/100,0),ROUNDUP(Q5/100,0)) -> 0 | AB19: -
U20: visitors | V20: i-2 | W20: =IF(AND(N107>0,N107<=50),1,IF(AND(N107>50,N107<=100),2,IF(N107>100,(ROUNDUP((N107-100)/100,0))+2,IF(AND(Q8>0,Q8<=50),1,IF(AND(Q8>50,Q8<=100),2,IF(Q8>100,(ROUNDUP((Q8-100)/100,0))+2,0)))))) -> 0 | X20: =IF(AND(O107>0,O107<=50),1,IF(AND(O107>50,O107<=100),2,IF(O107>100,(ROUNDUP((O107-100)/100,0))+2,IF(AND(R8>0,R8<=50),1,IF(AND(R8>50,R8<=100),2,IF(R8>100,(ROUNDUP((R8-100)/100,0))+2,0)))))) -> 0 | Y20: =IF(AND(N107>0,N107<=50),1,IF(AND(N107>50,N107<=100),2,IF(N107>100,(ROUNDUP((N107-100)/100,0))+2,IF(AND(Q8>0,Q8<=50),1,IF(AND(Q8>50,Q8<=100),2,IF(Q8>100,(ROUNDUP((Q8-100)/100,0))+2,0)))))) -> 0 | Z20: =IF(AND(O107>0,O107<=50),1,IF(AND(O107>50,O107<=100),2,IF(O107>100,(ROUNDUP((O107-100)/100,0))+2,IF(AND(R8>0,R8<=50),1,IF(AND(R8>50,R8<=100),2,IF(R8>100,(ROUNDUP((R8-100)/100,0))+2,0)))))) -> 0 | AA20: =IF(OR(N107>0,O107>0),ROUNDUP((N107+O107)/500,0),ROUNDUP(Q5/500,0)) -> 0 | AB20: -
