Workbook

Sheet Fixture Chart
A1: Quantity: | B1: Fixture: | C1: WSFU: | D1: DFU:
A2: 0 | B2: Lavatory (Public) | C2: =IF(AND(OR(B2=B78,B2=B73,B2=B74,B2=B79),G2="UPC"),INDEX(C58:C83,MATCH(B2,B58:B83,0)),IF(G2="ipc",INDEX(C28:C55,MATCH(B2,B28:B55,0))*A2,IF(G2="Upc",INDEX(C58:C83,MATCH(B2,B58:B83,0))*A2))) -> 0 | D2: =IF(G2="ipc",INDEX(D28:D55,MATCH(B2,B28:B523,0)),IF(G2="Upc",INDEX(D58:D83,MATCH(B2,B58:B83,0))))*A2 -> 0 | F2: Code: | G2: IPC
A3: 0 | B3: Water Closet (FV-Public) | C3: =IF(AND(OR(B3=B78,B3=B73,B3=B74,B3=B79),G2="UPC"),INDEX(C58:C83,MATCH(B3,B58:B83,0)),IF(G2="ipc",INDEX(C28:C55,MATCH(B3,B28:B55,0))*A3,IF(G2="Upc",INDEX(C58:C83,MATCH(B3,B58:B83,0))*A3))) -> 0 | D3: =IF(G2="ipc",INDEX(D28:D55,MATCH(B3,B28:B55,0)),IF(G2="Upc",INDEX(D58:D83,MATCH(B3,B58:B83,0))))*A3 -> 0 | F3: Pressure Range: | G3: 30-39 | H3: PSI
A4: 0 | B4: N/A | C4: =IF(AND(OR(B4=B78,B4=B73,B4=B74,B4=B79),G2="UPC"),INDEX(C58:C83,MATCH(B4,B58:B83,0)),IF(G2="ipc",INDEX(C28:C55,MATCH(B4,B28:B55,0))*A4,IF(G2="Upc",INDEX(C58:C83,MATCH(B4,B58:B83,0))*A4))) -> 0 | D4: =IF(G2="ipc",INDEX(D28:D55,MATCH(B4,B28:B55,0)),IF(G2="Upc",INDEX(D58:D83,MATCH(B4,B58:B83,0))))*A4 -> 0 | F4: Developed Pipe Length: | G4: 100 | H4: FT.
A5: 0 | B5: N/A | C5: =IF(AND(OR(B5=B78,B5=B73,B5=B74,B5=B79),G2="UPC"),INDEX(C58:C83,MATCH(B5,B58:B83,0)),IF(G2="ipc",INDEX(C28:C55,MATCH(B5,B28:B55,0))*A5,IF(G2="Upc",INDEX(C58:C83,MATCH(B5,B58:B83,0))*A5))) -> 0 | D5: =IF(G2="ipc",INDEX(D28:D55,MATCH(B5,B28:B55,0)),IF(G2="Upc",INDEX(D58:D83,MATCH(B5,B58:B83,0))))*A5 -> 0 | F5: DO NOT "PASTESPEC" THE ABOVE ON DRAWINGS
A6: 0 | B6: N/A | C6: =IF(AND(OR(B6=B78,B6=B73,B6=B74,B6=B79),G2="UPC"),INDEX(C58:C83,MATCH(B6,B58:B83,0)),IF(G2="ipc",INDEX(C28:C55,MATCH(B6,B28:B55,0))*A6,IF(G2="Upc",INDEX(C58:C83,MATCH(B6,B58:B83,0))*A6))) -> 0 | D6: =IF(G2="ipc",INDEX(D28:D55,MATCH(B6,B28:B55,0)),IF(G2="Upc",INDEX(D58:D83,MATCH(B6,B58:B83,0))))*A6 -> 0
A7: 0 | B7: N/A | C7: =IF(AND(OR(B7=B78,B7=B73,B7=B74,B7=B79),G2="UPC"),INDEX(C58:C83,MATCH(B7,B58:B83,0)),IF(G2="ipc",INDEX(C28:C55,MATCH(B7,B28:B55,0))*A7,IF(G2="Upc",INDEX(C58:C83,MATCH(B7,B58:B83,0))*A7))) -> 0 | D7: =IF(G2="ipc",INDEX(D28:D55,MATCH(B7,B28:B55,0)),IF(G2="Upc",INDEX(D58:D83,MATCH(B7,B58:B83,0))))*A7 -> 0
A8: 0 | B8: N/A | C8: =IF(AND(OR(B8=B78,B8=B73,B8=B74,B8=B79),G2="UPC"),INDEX(C58:C83,MATCH(B8,B58:B83,0)),IF(G2="ipc",INDEX(C28:C55,MATCH(B8,B28:B55,0))*A8,IF(G2="Upc",INDEX(C58:C83,MATCH(B8,B58:B83,0))*A8))) -> 0 | D8: =IF(G2="ipc",INDEX(D28:D55,MATCH(B8,B28:B55,0)),IF(G2="Upc",INDEX(D58:D83,MATCH(B8,B58:B83,0))))*A8 -> 0
A9: 0 | B9: N/A | C9: =IF(AND(OR(B9=B78,B9=B73,B9=B74,B9=B79),G2="UPC"),INDEX(C58:C83,MATCH(B9,B58:B83,0)),IF(G2="ipc",INDEX(C28:C55,MATCH(B9,B28:B55,0))*A9,IF(G2="Upc",INDEX(C58:C83,MATCH(B9,B58:B83,0))*A9))) -> 0 | D9: =IF(G2="ipc",INDEX(D28:D55,MATCH(B9,B28:B55,0)),IF(G2="Upc",INDEX(D58:D83,MATCH(B9,B58:B83,0))))*A9 -> 0
A10: 0 | B10: N/A | C10: =IF(AND(OR(B10=B78,B10=B73,B10=B74,B10=B79),G2="UPC"),INDEX(C58:C83,MATCH(B10,B58:B83,0)),IF(G2="ipc",INDEX(C28:C55,MATCH(B10,B28:B55,0))*A10,IF(G2="Upc",INDEX(C58:C83,MATCH(B10,B58:B83,0))*A10))) -> 0 | D10: =IF(G2="ipc",INDEX(D28:D55,MATCH(B10,B28:B55,0)),IF(G2="Upc",INDEX(D58:D83,MATCH(B10,B58:B83,0))))*A10 -> 0
A11: 0 | B11: N/A | C11: =IF(AND(OR(B11=B78,B11=B73,B11=B74,B11=B79),G2="UPC"),INDEX(C58:C83,MATCH(B11,B58:B83,0)),IF(G2="ipc",INDEX(C28:C55,MATCH(B11,B28:B55,0))*A11,IF(G2="Upc",INDEX(C58:C83,MATCH(B11,B58:B83,0))*A11))) -> 0 | D11: =IF(G2="ipc",INDEX(D28:D55,MATCH(B11,B28:B55,0)),IF(G2="Upc",INDEX(D58:D83,MATCH(B11,B58:B83,0))))*A11 -> 0
A12: Total Fixture Units: | C12: =SUM(C2:C11) -> 0 | D12: =SUM(D2:D11) -> 0
A13: Inlet Size & Main Waste Trunk Size: | C13: =IF(C12=0,0,INDEX(C114:L114,MATCH(G4,C107:L107,0))) -> 0 | D13: =IF(G2="IPC",B103,A103) -> 0
A14: =IF(G2="ipc","Inlet and Main Waste are based on "&F41&" and "&F44&" with a total developed pipe length of "&G4&" feet and PSI rating of "&G3&".",IF(G2="upc","Inlet and Main Waste are based on "&G41&" and "&G44&" with a total developed pipe length of "&G4&" feet and a PSI rating of "&G3&".","")) -> Inlet and Main Waste are based on Table E201.1 and Table 710.1(1) with a total developed pipe length of 100 feet and PSI rating of 30-39.
B27: Fixtures (IPC) | F27: Pressure Range (IPC) | G27: Pressure Range (UPC) | J27: Developed Length
B28: N/A | C28: 0 | D28: 0 | F28: 30-39 | G28: 30-45 | J28: 40
B29: Bathtub (Private) | C29: 1.4 | D29: 2 | F29: 40-49 | G29: 46-60 | J29: 60
B30: Bathtub (Public) | C30: 4 | D30: 2 | F30: 50-60 | J30: 80
B31: Clothes Washer | C31: 4 | D31: 3 | J31: 100
B32: Dish Washer | C32: 1.4 | D32: 2 | J32: 150
B33: Drinking Fountain | C33: 0.25 | D33: 0.5 | J33: 200
B34: Kitchen Sink (Private) | C34: 1.4 | D34: 2 | J34: 250
B35: Kitchen / Bar Sink | C35: 4 | D35: 2 | J35: 300
B36: Kitchen Sink (Hotel/Resta) | C36: 4 | D36: 2 | J36: 400
B37: Lavatory (Private) | C37: 0.7 | D37: 1 | J37: 500
B38: Lavatory (Public) | C38: 2 | D38: 1
B39: Service / Mop Sink | C39: 3 | D39: 2
B40: Shower Head (Public) | C40: 4 | D40: 2 | F40: IPC Supply table | G40: UPC supply Table
B41: Shower Head (Private) | C41: 1.4 | D41: 2 | F41: Table E201.1 | G41: Table 610.4
B42: Eye Wash Station | C42: 4 | D42: 2
B43: Urinal (3/4" valve) >=1 GPF | C43: 5 | D43: 4 | F43: IPC Waste table | G43: UPC waste table
B44: Urinal (3/4" valve) <1 GPF | C44: 5 | D44: 2 | F44: Table 710.1(1) | G44: Table 703.2
B45: Urinal (Waterless) | C45: 0 | D45: 2
B46: Washing Machine (Private) | C46: 1.4 | D46: 3
B47: Washing Machine (Pub 8#) | C47: 3 | D47: 3
B48: Washing Machine (Pub 15#) | C48: 4 | D48: 3
B49: Water Closet (FV-Private) | C49: 6 | D49: 4
B50: Water Closet (FV-Public) | C50: 10 | D50: 4
B51: Water Closet (Tank-Private) | C51: 2.2 | D51: 3
B52: Water Closet (Tank-Public) | C52: 5 | D52: 4
B53: Floor Drain | C53: 0.25 | D53: 2
B54: Ice Maker | C54: 0.25 | D54: 2
B55: Hose Bib (Assumed) | C55: 5 | D55: 0
B57: Fixtures (UPC)
B58: N/A | C58: 0 | D58: 0
B59: Bar Sink | C59: 2 | D59: 2
B60: Bathtub / Shower | C60: 4 | D60: 2
B61: Dish Washer, domestic | C61: 1.5 | D61: 2
B62: Drinking Fountain (Public) | C62: 0.5 | D62: 0.5
B63: Drinking Fountain (Assembly) | C63: 0.75 | D63: 1
B64: Kitchen Sink | C64: 1.5 | D64: 2
B65: Lavatory (Private) | C65: 1 | D65: 1
B66: Lavatory (Public) | C66: 1 | D66: 1
B67: Service / Mop Sink (Public) | C67: 3 | D67: 3
B68: Service / Mop Sink (Assembly) | C68: 3 | D68: 3
B69: Clinical Faucet | C69: 3 | D69: 2
... B72: Shower Head (Public) | C72: 2 | D72: 2
B73: Urinal (Public) | C73: =IF(AND(AND(B2=B73,G2="upc"),A2=1),20,IF(AND(AND(B2=B73,G2="upc"),A2=2),35,IF(AND(AND(B2=B73,G2="upc"),A2=3),45,IF(AND(AND(B2=B73,G2="upc"),A2=4),53,IF(AND(AND(B2=B73,G2="upc"),A2>=5),(53+((A2-4)*5)),IF(AND(AND(B3=B73,G2="upc"),A3=1),20,IF(AND(AND(B3=B73,G2="upc"),A3=2),35,IF(AND(AND(B3=B73,G2="upc"),A3=3),45,IF(AND(AND(B3=B73,G2="upc"),A3=4),53,IF(AND(AND(B3=B73,G2="upc"),A3>=5),(53+((A3-4)*5)),IF(AND(AND(B4=B73,G2="upc"),A4=1),20,IF(AND(AND(B4=B73,G2="upc"),A4=2),35,IF(AND(AND(B4=B73,G2="upc"),A4=3),45,IF(AND(AND(B4=B73,G2="upc"),A4=4),53,IF(AND(AND(B4=B73,G2="upc"),A4>=5),(53+((A4-4)*5)),IF(AND(AND(B5=B73,G2="upc"),A5=1),20,IF(AND(AND(B5=B73,G2="upc"),A5=2),35,IF(AND(AND(B5=B73,G2="upc"),A5=3),45,IF(AND(AND(B5=B73,G2="upc"),A5=4),53,IF(AND(AND(B5=B73,G2="upc"),A5>=5),(53+((A5-4)*5)),IF(AND(AND(B6=B73,G2="upc"),A6=1),20,IF(AND(AND(B6=B73,G2="upc"),A6=2),35,IF(AND(AND(B6=B73,G2="upc"),A6=3),45,IF(AND(AND(B6=B73,G2="upc"),A6=4),53,IF(AND(AND(B6=B73,G2="upc"),A6>=5),(53+((A6-4)*5)),IF(AND(AND(B7=B73,G2="upc"),A7=1),20,IF(AND(AND(B7=B73,G2="upc"),A7=2),35,IF(AND(AND(B7=B73,G2="upc"),A7=3),45,IF(AND(AND(B7=B73,G2="upc"),A7=4),53,IF(AND(AND(B7=B73,G2="upc"),A7>=5),(53+((A7-4)*5)),IF(AND(AND(B8=B73,G2="upc"),A8=1),20,IF(AND(AND(B8=B73,G2="upc"),A8=2),35,IF(AND(AND(B8=B73,G2="upc"),A8=3),45,IF(AND(AND(B8=B73,G2="upc"),A8=4),53,IF(AND(AND(B8=B73,G2="upc"),A8>=5),(53+((A8-4)*5)),IF(AND(AND(B9=B73,G2="upc"),A9=1),20,IF(AND(AND(B9=B73,G2="upc"),A9=2),35,IF(AND(AND(B9=B73,G2="upc"),A9=3),45,IF(AND(AND(B9=B73,G2="upc"),A9=4),53,IF(AND(AND(B9=B73,G2="upc"),A9>=5),(53+((A9-4)*5)),IF(AND(AND(B10=B73,G2="upc"),A10=1),20,IF(AND(AND(B10=B73,G2="upc"),A10=2),35,IF(AND(AND(B10=B73,G2="upc"),A10=3),45,IF(AND(AND(B10=B73,G2="upc"),A10=4),53,IF(AND(AND(B10=B73,G2="upc"),A10>=5),(53+((A10-4)*5)),IF(AND(AND(B11=B73,G2="upc"),A11=1),20,IF(AND(AND(B11=B73,G2="upc"),A11=2),35,IF(AND(AND(B11=B73,G2="upc"),A11=3),45,IF(AND(AND(B11=B73,G2="upc"),A11=4),53,IF(AND(AND(B11=B73,G2="upc"),A11>=5),(53+((A11-4)*5)),0)))))))))))))))))))))))))))))))))))))))))))))))))) -> 0 | D73: 2 | F73: IF(AND(AND(B2=B71,G2="upc"),A2=1),20,IF(AND(AND(B2=B71,G2="upc"),A2=2),35,IF(AND(AND(B2=B71,G2="upc"),A2=3),45,IF(AND(AND(B2=B71,G2="upc"),A2=4),53,IF(AND(AND(B2=B71,G2="upc"),A2>=5),(53+((A2-4)*5)),IF(AND(AND(B3=B71,G2="upc"),A3=1),20,IF(AND(AND(B3=B71,G2="upc"),A3=2),35,IF(AND(AND(B3=B71,G2="upc"),A3=3),45,IF(AND(AND(B3=B71,G2="upc"),A3=4),53,IF(AND(AND(B3=B71,G2="upc"),A3>=5),(53+((A3-4)*5)),IF(AND(AND(B4=B71,G2="upc"),A4=1),20,IF(AND(AND(B4=B71,G2="upc"),A4=2),35,IF(AND(AND(B4=B71,G2="upc"),A4=3),45,IF(AND(AND(B4=B71,G2="upc"),A4=4),53,IF(AND(AND(B4=B71,G2="upc"),A4>=5),(53+((A4-4)*5)),IF(AND(AND(B5=B71,G2="upc"),A5=1),20,IF(AND(AND(B5=B71,G2="upc"),A5=2),35,IF(AND(AND(B5=B71,G2="upc"),A5=3),45,IF(AND(AND(B5=B71,G2="upc"),A5=4),53,IF(AND(AND(B5=B71,G2="upc"),A5>=5),(53+((A5-4)*5)),IF(AND(AND(B6=B71,G2="upc"),A6=1),20,IF(AND(AND(B6=B71,G2="upc"),A6=2),35,IF(AND(AND(B6=B71,G2="upc"),A6=3),45,IF(AND(AND(B6=B71,G2="upc"),A6=4),53,IF(AND(AND(B6=B71,G2="upc"),A6>=5),(53+((A6-4)*5)),IF(AND(AND(B7=B71,G2="upc"),A7=1),20,IF(AND(AND(B7=B71,G2="upc"),A7=2),35,IF(AND(AND(B7=B71,G2="upc"),A7=3),45,IF(AND(AND(B7=B71,G2="upc"),A7=4),53,IF(AND(AND(B7=B71,G2="upc"),A7>=5),(53+((A7-4)*5)),IF(AND(AND(B8=B71,G2="upc"),A8=1),20,IF(AND(AND(B8=B71,G2="upc"),A8=2),35,IF(AND(AND((B8=B71,G2="upc"),A8=3),45,IF(AND(AND(B8=B71,G2="upc"),A8=4),53,IF(AND(AND(B8=B71,G2="upc"),A8>=5),(53+((A8-4)*5)),IF(AND(AND(B9=B71,G2="upc"),A9=1),20,IF(AND(AND(B9=B71,G2="upc"),A9=2),35,IF(AND(AND(B9=B71,G2="upc"),A9=3),45,IF(AND(AND(B9=B71,G2="upc"),A9=4),53,IF(AND(AND(B9=B71,G2="upc"),A9>=5),(53+((A9-4)*5)),IF(AND(AND(B10=B71,G2="upc"),A10=1),20,IF(AND(AND(B10=B71,G2="upc"),A10=2),35,IF(AND(AND(B10=B71,G2="upc"),A10=3),45,IF(AND(AND((B10=B71,G2="upc"),A10=4),53,IF(AND(AND(B10=B71,G2="upc"),A10>=5),(53+((A10-4)*5)),IF(AND(AND(B11=B71,G2="upc"),A11=1),20,IF(AND(AND(B11=B71,G2="upc"),A11=2),35,IF(AND(AND(B11=B71,G2="upc"),A11=3),45,IF(AND(AND(B11=B71,G2="upc"),A11=4),53,IF(AND(AND(B11=B71,G2="upc"),A11>=5),(53+((A11-4)*5)),0))))))))))))))))))))))))))))))))))))))))))))))))))))
B74: Urinal (Assembly) | C74: =IF(C73>0,0,IF(AND(AND(B2=B74,G2="upc"),A2=1),20,IF(AND(AND(B2=B74,G2="upc"),A2=2),35,IF(AND(AND(B2=B74,G2="upc"),A2=3),45,IF(AND(AND(B2=B74,G2="upc"),A2=4),53,IF(AND(AND(B2=B74,G2="upc"),A2>=5),(53+((A2-4)*5)),IF(AND(AND(B3=B74,G2="upc"),A3=1),20,IF(AND(AND(B3=B74,G2="upc"),A3=2),35,IF(AND(AND(B3=B74,G2="upc"),A3=3),45,IF(AND(AND(B3=B74,G2="upc"),A3=4),53,IF(AND(AND(B3=B74,G2="upc"),A3>=5),(53+((A3-4)*5)),IF(AND(AND(B4=B74,G2="upc"),A4=1),20,IF(AND(AND(B4=B74,G2="upc"),A4=2),35,IF(AND(AND(B4=B74,G2="upc"),A4=3),45,IF(AND(AND(B4=B74,G2="upc"),A4=4),53,IF(AND(AND(B4=B74,G2="upc"),A4>=5),(53+((A4-4)*5)),IF(AND(AND(B5=B74,G2="upc"),A5=1),20,IF(AND(AND(B5=B74,G2="upc"),A5=2),35,IF(AND(AND(B5=B74,G2="upc"),A5=3),45,IF(AND(AND(B5=B74,G2="upc"),A5=4),53,IF(AND(AND(B5=B74,G2="upc"),A5>=5),(53+((A5-4)*5)),IF(AND(AND(B6=B74,G2="upc"),A6=1),20,IF(AND(AND(B6=B74,G2="upc"),A6=2),35,IF(AND(AND(B6=B74,G2="upc"),A6=3),45,IF(AND(AND(B6=B74,G2="upc"),A6=4),53,IF(AND(AND(B6=B74,G2="upc"),A6>=5),(53+((A6-4)*5)),IF(AND(AND(B7=B74,G2="upc"),A7=1),20,IF(AND(AND(B7=B74,G2="upc"),A7=2),35,IF(AND(AND(B7=B74,G2="upc"),A7=3),45,IF(AND(AND(B7=B74,G2="upc"),A7=4),53,IF(AND(AND(B7=B74,G2="upc"),A7>=5),(53+((A7-4)*5)),IF(AND(AND(B8=B74,G2="upc"),A8=1),20,IF(AND(AND(B8=B74,G2="upc"),A8=2),35,IF(AND(AND(B8=B74,G2="upc"),A8=3),45,IF(AND(AND(B8=B74,G2="upc"),A8=4),53,IF(AND(AND(B8=B74,G2="upc"),A8>=5),(53+((A8-4)*5)),IF(AND(AND(B9=B74,G2="upc"),A9=1),20,IF(AND(AND(B9=B74,G2="upc"),A9=2),35,IF(AND(AND(B9=B74,G2="upc"),A9=3),45,IF(AND(AND(B9=B74,G2="upc"),A9=4),53,IF(AND(AND(B9=B74,G2="upc"),A9>=5),(53+((A9-4)*5)),IF(AND(AND(B10=B74,G2="upc"),A10=1),20,IF(AND(AND(B10=B74,G2="upc"),A10=2),35,IF(AND(AND(B10=B74,G2="upc"),A10=3),45,IF(AND(AND(B10=B74,G2="upc"),A10=4),53,IF(AND(AND(B10=B74,G2="upc"),A10>=5),(53+((A10-4)*5)),IF(AND(AND(B11=B74,G2="upc"),A11=1),20,IF(AND(AND(B11=B74,G2="upc"),A11=2),35,IF(AND(AND(B11=B74,G2="upc"),A11=3),45,IF(AND(AND(B11=B74,G2="upc"),A11=4),53,IF(AND(AND(B11=B74,G2="upc"),A11>=5),(53+((A11-4)*5)),0))))))))))))))))))))))))))))))))))))))))))))))))))) -> 0 | D74: 5
B75: Urinal (Waterless) | C75: =IF(C74>0,0,IF(AND(AND(B3=B75,G3="upc"),A3=1),20,IF(AND(AND(B3=B75,G3="upc"),A3=2),35,IF(AND(AND(B3=B75,G3="upc"),A3=3),45,IF(AND(AND(B3=B75,G3="upc"),A3=4),53,IF(AND(AND(B3=B75,G3="upc"),A3>=5),(53+((A3-4)*5)),IF(AND(AND(B4=B75,G3="upc"),A4=1),20,IF(AND(AND(B4=B75,G3="upc"),A4=2),35,IF(AND(AND(B4=B75,G3="upc"),A4=3),45,IF(AND(AND(B4=B75,G3="upc"),A4=4),53,IF(AND(AND(B4=B75,G3="upc"),A4>=5),(53+((A4-4)*5)),IF(AND(AND(B5=B75,G3="upc"),A5=1),20,IF(AND(AND(B5=B75,G3="upc"),A5=2),35,IF(AND(AND(B5=B75,G3="upc"),A5=3),45,IF(AND(AND(B5=B75,G3="upc"),A5=4),53,IF(AND(AND(B5=B75,G3="upc"),A5>=5),(53+((A5-4)*5)),IF(AND(AND(B6=B75,G3="upc"),A6=1),20,IF(AND(AND(B6=B75,G3="upc"),A6=2),35,IF(AND(AND(B6=B75,G3="upc"),A6=3),45,IF(AND(AND(B6=B75,G3="upc"),A6=4),53,IF(AND(AND(B6=B75,G3="upc"),A6>=5),(53+((A6-4)*5)),IF(AND(AND(B7=B75,G3="upc"),A7=1),20,IF(AND(AND(B7=B75,G3="upc"),A7=2),35,IF(AND(AND(B7=B75,G3="upc"),A7=3),45,IF(AND(AND(B7=B75,G3="upc"),A7=4),53,IF(AND(AND(B7=B75,G3="upc"),A7>=5),(53+((A7-4)*5)),IF(AND(AND(B8=B75,G3="upc"),A8=1),20,IF(AND(AND(B8=B75,G3="upc"),A8=2),35,IF(AND(AND(B8=B75,G3="upc"),A8=3),45,IF(AND(AND(B8=B75,G3="upc"),A8=4),53,IF(AND(AND(B8=B75,G3="upc"),A8>=5),(53+((A8-4)*5)),IF(AND(AND(B9=B75,G3="upc"),A9=1),20,IF(AND(AND(B9=B75,G3="upc"),A9=2),35,IF(AND(AND(B9=B75,G3="upc"),A9=3),45,IF(AND(AND(B9=B75,G3="upc"),A9=4),53,IF(AND(AND(B9=B75,G3="upc"),A9>=5),(53+((A9-4)*5)),IF(AND(AND(B10=B75,G3="upc"),A10=1),20,IF(AND(AND(B10=B75,G3="upc"),A10=2),35,IF(AND(AND(B10=B75,G3="upc"),A10=3),45,IF(AND(AND(B10=B75,G3="upc"),A10=4),53,IF(AND(AND(B10=B75,G3="upc"),A10>=5),(53+((A10-4)*5)),IF(AND(AND(B11=B75,G3="upc"),A11=1),20,IF(AND(AND(B11=B75,G3="upc"),A11=2),35,IF(AND(AND(B11=B75,G3="upc"),A11=3),45,IF(AND(AND(B11=B75,G3="upc"),A11=4),53,IF(AND(AND(B11=B75,G3="upc"),A11>=5),(53+((A11-4)*5)),IF(AND(AND(B12=B75,G3="upc"),A12=1),20,IF(AND(AND(B12=B75,G3="upc"),A12=2),35,IF(AND(AND(B12=B75,G3="upc"),A12=3),45,IF(AND(AND(B12=B75,G3="upc"),A12=4),53,IF(AND(AND(B12=B75,G3="upc"),A12>=5),(53+((A12-4)*5)),0))))))))))))))))))))))))))))))))))))))))))))))))))) -> 0 | D75: 5
B76: Hose Bib | C76: 2.5 | D76: 0
B77: Washing Machine | C77: 3 | D77: 3
B78: Water Closet (FV-Public) | C78: =IF(AND(AND(G2="upc"),B2=B78,A2=1),40,IF(AND(AND(G2="upc"),B2=B78,A2=2),70,IF(AND(AND(G2="upc"),B2=B78,A2=3),90,IF(AND(AND(G2="upc"),B2=B78,A2=4),105,IF(AND(AND(G2="upc"),B2=B78,A2>=5),(105+((A2-4)*10)),IF(AND(AND(G2="upc"),B3=B78,A3=1),40,IF(AND(AND(G2="upc"),B3=B78,A3=2),70,IF(AND(AND(G2="upc"),B3=B78,A3=3),90,IF(AND(AND(G2="upc"),B3=B78,A3=4),105,IF(AND(AND(G2="upc"),B3=B78,A3>=5),(105+((A3-4)*10)),IF(AND(AND(G2="upc"),B4=B78,A4=1),40,IF(AND(AND(G2="upc"),B4=B78,A4=2),70,IF(AND(AND(G2="upc"),B4=B78,A4=3),90,IF(AND(AND(G2="upc"),B4=B78,A4=4),105,IF(AND(AND(G2="upc"),B4=B78,A4>=5),(105+((A4-4)*10)),IF(AND(AND(G2="upc"),B5=B78,A5=1),40,IF(AND(AND(G2="upc"),B5=B78,A5=2),70,IF(AND(AND(G2="upc"),B5=B78,A5=3),90,IF(AND(AND(G2="upc"),B5=B78,A5=4),105,IF(AND(AND(G2="upc"),B5=B78,A5>=5),(105+((A5-4)*10)),IF(AND(AND(G2="upc"),B6=B78,A6=1),40,IF(AND(AND(G2="upc"),B6=B78,A6=2),70,IF(AND(AND(G2="upc"),B6="water closet (fv)",A6=3),90,IF(AND(AND(G2="upc"),B6="water closet (fv)",A6=4),105,IF(AND(AND(G2="upc"),B6=B78,A6>=5),(105+((A6-4)*10)),IF(AND(AND(G2="upc"),B7="water closet (fv)",A7=1),40,IF(AND(AND(G2="upc"),B7="water closet (fv)",A7=2),70,IF(AND(AND(G2="upc"),B7="water closet (fv)",A7=3),90,IF(AND(AND(G2="upc"),B7="water closet (fv)",A7=4),105,IF(AND(AND(G2="upc"),B7="water closet (fv)",A7>=5),(105+((A7-4)*10)),IF(AND(AND(G2="upc"),B8="water closet (fv)",A8=1),40,IF(AND(AND(G2="upc"),B8="water closet (fv)",A8=2),70,IF(AND(AND(G2="upc"),B8="water closet (fv)",A8=3),90,IF(AND(AND(G2="upc"),B8="water closet (fv)",A8=4),105,IF(AND(AND(G2="upc"),B8="water closet (fv)",A8>=5),(105+((A8-4)*10)),IF(AND(AND(G2="upc"),B9=B78,A9=1),40,IF(AND(AND(G2="upc"),B9=B78,A9=2),70,IF(AND(AND(G2="upc"),B9=B78,A9=3),90,IF(AND(AND(G2="upc"),B9=B78,A9=4),105,IF(AND(AND(G2="upc"),B9=B78,A9>=5),(105+((A9-4)*10)),IF(AND(AND(G2="upc"),B10=B78,A10=1),40,IF(AND(AND(G2="upc"),B10=B78,A10=2),70,IF(AND(AND(G2="upc"),B10=B78,A10=3),90,IF(AND(AND(G2="upc"),B10=B78,A10=4),105,IF(AND(AND(G2="upc"),B10=B78,A10>=5),(105+((A10-4)*10)),IF(AND(AND(G2="upc"),B11=B78,A11=1),40,IF(AND(AND(G2="upc"),B11=B78,A11=2),70,IF(AND(AND(G2="upc"),B11=B78,A11=3),90,IF(AND(AND(G2="upc"),B11=B78,A11=4),105,IF(AND(AND(G2="upc"),B11=B78,A11>=5),(105+((A11-4)*10)),0)))))))))))))))))))))))))))))))))))))))))))))))))) -> 0 | D78: 4
B79: Water Closet (FV-Assembly) | C79: =IF(C78>0,0) -> FALSE | D79: 6
B80: Water Closet (Tank-Public) | C80: 2.5 | D80: 4
B81: Water Closet (Tank-Assembly) | C81: 2.5 | D81: 6
B82: Ice Maker | C82: 0.25 | D82: 2
B83: Drain | C83: 1 | D83: 2
C85: urnial | D85: wc
C86: =IF(AND(AND(OR(B2="urinal (public)",B2="urinal (assembly)"),G2="upc"),A2=1),20,0) -> 0 | D86: =IF(AND(AND(OR(B2="water closet (fv-public)",B2="water closet (fv-assembly)"),G2="upc"),A2=1),40,0) -> 0 | E86: SINGLE
C87: =IF(AND(AND(OR(B2="urinal (public)",B2="urinal (assembly)"),G2="upc"),A2=2),35,0) -> 0 | D87: =IF(AND(AND(OR(B2="water closet (fv-public)",B2="water closet (fv-assembly)"),G2="upc"),A2=2),70,0) -> 0
C88: =IF(AND(AND(OR(B2="urinal (public)",B2="urinal (assembly)"),G2="upc"),A2=3),45,0) -> 0 | D88: =IF(AND(AND(OR(B2="water closet (fv-public)",B2="water closet (fv-assembly)"),G2="upc"),A2=3),90,0) -> 0
C89: =IF(AND(AND(OR(B2="urinal (public)",B2="urinal (assembly)"),G2="upc"),A2=4),53,0) -> 0 | D89: =IF(AND(AND(OR(B2="water closet (fv-public)",B2="water closet (fv-assembly)"),G2="upc"),A2=43),105,0) -> 0
C90: =IF(AND(AND(OR(B2="urinal (public)",B2="urinal (assembly)"),G2="upc"),A2=5),(53+((A2-4)*5)),0) -> 0 | D90: =IF(AND(AND(OR(B2="water closet (fv-public)",B2="water closet (fv-assembly)"),G2="upc"),A2=5),(105+((A2-4)*10)),0) -> 0
C91: =IF(AND(AND(OR(B2="urinal (public)",B2="urinal (assembly)"),G2="upc"),A2=1),20,IF(AND(AND(OR(B2="urinal (public)",B2="urinal (assembly)"),G2="upc"),A2=2),35,IF(AND(AND(OR(B2="urinal (public)",B2="urinal (assembly)"),G2="upc"),A2=3),45,IF(AND(AND(OR(B2="urinal (public)",B2="urinal (assembly)"),G2="upc"),A2=4),53,IF(AND(AND(OR(B2="urinal (public)",B2="urinal (assembly)"),G2="upc"),A2>=5),(53+((A2-4)*5)),0))))) -> 0 | D91: =IF(AND(AND(OR(B2="water closet (fv-public)",B2="water closet (fv-assembly)"),G2="upc"),A2=1),40,IF(AND(AND(OR(B2="water closet (fv-public)",B2="water closet (fv-assembly)"),G2="upc"),A2=2),70,IF(AND(AND(OR(B2="water closet (fv-public)",B2="water closet (fv-assembly)"),G2="upc"),A2=3),90,IF(AND(AND(OR(B2="water closet (fv-public)",B2="water closet (fv-assembly)"),G2="upc"),A2=43),105,IF(AND(AND(OR(B2="water closet (fv-public)",B2="water closet (fv-assembly)"),G2="upc"),A2=5),(105+((A2-4)*10)),0))))) -> 0 | E91: FINAL FORMULA
A92: UPC WASTE | B92: IPC WASTE
A93: =IF(D12=0,0,IF(AND(AND(OR(B2=B73,B2=B74,B2=B78,B2=B79,B2=B80,B2=B81),A2>=4),D12<=216),"4""",IF(D12<=8,"2""",IF(D12<=35,"3""",IF(D12<=216,"4""",IF(D12<=428,"5""",IF(D12<=720,"6""",0))))))) -> 0 | C93: =IF(AND(AND(OR(B2="urinal (public)",B2="urinal (assembly)"),G2="upc"),A2=1),20,IF(AND(AND(OR(B2="urinal (public)",B2="urinal (assembly)"),G2="upc"),A2=2),35,IF(AND(AND(OR(B2="urinal (public)",B2="urinal (assembly)"),G2="upc"),A2=3),45,IF(AND(AND(OR(B2="urinal (public)",B2="urinal (assembly)"),G2="upc"),A2=4),53,IF(AND(AND(OR(B2="urinal (public)",B2="urinal (assembly)"),G2="upc"),A2>=5),(53+((A2-4)*5)),0))))) -> 0 | D93: =IF(AND(AND(OR(B2="water closet (fv-public)",B2="water closet (fv-assembly)"),G2="upc"),A2=1),40,IF(AND(AND(OR(B2="water closet (fv-public)",B2="water closet (fv-assembly)"),G2="upc"),A2=2),70,IF(AND(AND(OR(B2="water closet (fv-public)",B2="water closet (fv-assembly)"),G2="upc"),A2=3),90,IF(AND(AND(OR(B2="water closet (fv-public)",B2="water closet (fv-assembly)"),G2="upc"),A2=43),105,IF(AND(AND(OR(B2="water closet (fv-public)",B2="water closet (fv-assembly)"),G2="upc"),A2=5),(105+((A2-4)*10)),0))))) -> 0 | E93: COMBINED | G93: =IF(AND(AND(AND(OR(B2=B49,B2=B50,B2=B51,B2=B52),D12<=21),A2>0),A2<4),"3""",0) -> 0
A94: =IF(D12=0,0,IF(AND(AND(OR(B3=B73,B3=B74,B3=B78,B3=B79,B3=B80,B3=B81),A3>=4),D12<=216),"4""",0)) -> 0 | C94: =IF(AND(AND(OR(B3="urinal (public)",B3="urinal (assembly)"),G2="upc"),A3=1),20,IF(AND(AND(OR(B3="urinal (public)",B3="urinal (assembly)"),G2="upc"),A3=2),35,IF(AND(AND(OR(B3="urinal (public)",B3="urinal (assembly)"),G2="upc"),A3=3),45,IF(AND(AND(OR(B3="urinal (public)",B3="urinal (assembly)"),G2="upc"),A3=4),53,IF(AND(AND(OR(B3="urinal (public)",B3="urinal (assembly)"),G2="upc"),A3>=5),(53+((A3-4)*5)),0))))) -> 0 | D94: =IF(AND(AND(OR(B3="water closet (fv-public)",B3="water closet (fv-assembly)"),G2="upc"),A3=1),40,IF(AND(AND(OR(B3="water closet (fv-public)",B3="water closet (fv-assembly)"),G2="upc"),A3=2),70,IF(AND(AND(OR(B3="water closet (fv-public)",B3="water closet (fv-assembly)"),G2="upc"),A3=3),90,IF(AND(AND(OR(B3="water closet (fv-public)",B3="water closet (fv-assembly)"),G2="upc"),A3=43),105,IF(AND(AND(OR(B3="water closet (fv-public)",B3="water closet (fv-assembly)"),G2="upc"),A3=5),(105+((A3-4)*10)),0))))) -> 0 | G94: =IF(AND(AND(AND(OR(B3=B49,B3=B50,B3=B51,B3=B52),D12<=21),A3>0),A3<4),"3""",0) -> 0
A95: =IF(D12=0,0,IF(AND(AND(OR(B4=B73,B4=B74,B4=B78,B4=B79,B4=B80,B4=B81),A4>=4),D12<=216),"4""",0)) -> 0 | C95: =IF(AND(AND(OR(B4="urinal (public)",B4="urinal (assembly)"),G2="upc"),A4=1),20,IF(AND(AND(OR(B4="urinal (public)",B4="urinal (assembly)"),G2="upc"),A4=2),35,IF(AND(AND(OR(B4="urinal (public)",B4="urinal (assembly)"),G2="upc"),A4=3),45,IF(AND(AND(OR(B4="urinal (public)",B4="urinal (assembly)"),G2="upc"),A4=4),53,IF(AND(AND(OR(B4="urinal (public)",B4="urinal (assembly)"),G2="upc"),A4>=5),(53+((A4-4)*5)),0))))) -> 0 | D95: =IF(AND(AND(OR(B4="water closet (fv-public)",B4="water closet (fv-assembly)"),G2="upc"),A4=1),40,IF(AND(AND(OR(B4="water closet (fv-public)",B4="water closet (fv-assembly)"),G2="upc"),A4=2),70,IF(AND(AND(OR(B4="water closet (fv-public)",B4="water closet (fv-assembly)"),G2="upc"),A4=3),90,IF(AND(AND(OR(B4="water closet (fv-public)",B4="water closet (fv-assembly)"),G2="upc"),A4=43),105,IF(AND(AND(OR(B4="water closet (fv-public)",B4="water closet (fv-assembly)"),G2="upc"),A4=5),(105+((A4-4)*10)),0))))) -> 0 | G95: =IF(AND(AND(AND(OR(B4=B49,B4=B50,B4=B51,B4=B52),D12<=21),A4>0),A4<4),"3""",0) -> 0
A96: =IF(D12=0,0,IF(AND(AND(OR(B5=B73,B5=B74,B5=B78,B5=B79,B5=B80,B5=B81),A5>=4),D12<=216),"4""",0)) -> 0 | C96: =IF(AND(AND(OR(B5="urinal (public)",B5="urinal (assembly)"),G2="upc"),A5=1),20,IF(AND(AND(OR(B5="urinal (public)",B5="urinal (assembly)"),G2="upc"),A5=2),35,IF(AND(AND(OR(B5="urinal (public)",B5="urinal (assembly)"),G2="upc"),A5=3),45,IF(AND(AND(OR(B5="urinal (public)",B5="urinal (assembly)"),G2="upc"),A5=4),53,IF(AND(AND(OR(B5="urinal (public)",B5="urinal (assembly)"),G2="upc"),A5>=5),(53+((A5-4)*5)),0))))) -> 0 | D96: =IF(AND(AND(OR(B5="water closet (fv-public)",B5="water closet (fv-assembly)"),G2="upc"),A5=1),40,IF(AND(AND(OR(B5="water closet (fv-public)",B5="water closet (fv-assembly)"),G2="upc"),A5=2),70,IF(AND(AND(OR(B5="water closet (fv-public)",B5="water closet (fv-assembly)"),G2="upc"),A5=3),90,IF(AND(AND(OR(B5="water closet (fv-public)",B5="water closet (fv-assembly)"),G2="upc"),A5=43),105,IF(AND(AND(OR(B5="water closet (fv-public)",B5="water closet (fv-assembly)"),G2="upc"),A5=5),(105+((A5-4)*10)),0))))) -> 0 | G96: =IF(AND(AND(AND(OR(B5=B49,B5=B50,B5=B51,B5=B52),D12<=21),A5>0),A5<4),"3""",0) -> 0
A97: =IF(D12=0,0,IF(AND(AND(OR(B6=B73,B6=B74,B6=B78,B6=B79,B6=B80,B6=B81),A6>=4),D12<=216),"4""",0)) -> 0 | C97: =IF(AND(AND(OR(B6="urinal (public)",B6="urinal (assembly)"),G2="upc"),A6=1),20,IF(AND(AND(OR(B6="urinal (public)",B6="urinal (assembly)"),G2="upc"),A6=2),35,IF(AND(AND(OR(B6="urinal (public)",B6="urinal (assembly)"),G2="upc"),A6=3),45,IF(AND(AND(OR(B6="urinal (public)",B6="urinal (assembly)"),G2="upc"),A6=4),53,IF(AND(AND(OR(B6="urinal (public)",B6="urinal (assembly)"),G2="upc"),A6>=5),(53+((A6-4)*5)),0))))) -> 0 | D97: =IF(AND(AND(OR(B6="water closet (fv-public)",B6="water closet (fv-assembly)"),G2="upc"),A6=1),40,IF(AND(AND(OR(B6="water closet (fv-public)",B6="water closet (fv-assembly)"),G2="upc"),A6=2),70,IF(AND(AND(OR(B6="water closet (fv-public)",B6="water closet (fv-assembly)"),G2="upc"),A6=3),90,IF(AND(AND(OR(B6="water closet (fv-public)",B6="water closet (fv-assembly)"),G2="upc"),A6=43),105,IF(AND(AND(OR(B6="water closet (fv-public)",B6="water closet (fv-assembly)"),G2="upc"),A6=5),(105+((A6-4)*10)),0))))) -> 0 | G97: =IF(AND(AND(AND(OR(B6=B49,B6=B50,B6=B51,B6=B52),D12<=21),A6>0),A6<4),"3""",0) -> 0
A98: =IF(D12=0,0,IF(AND(AND(OR(B7=B73,B7=B74,B7=B78,B7=B79,B7=B80,B7=B81),A7>=4),D12<=216),"4""",0)) -> 0 | C98: =IF(AND(AND(OR(B7="urinal (public)",B7="urinal (assembly)"),G2="upc"),A7=1),20,IF(AND(AND(OR(B7="urinal (public)",B7="urinal (assembly)"),G2="upc"),A7=2),35,IF(AND(AND(OR(B7="urinal (public)",B7="urinal (assembly)"),G2="upc"),A7=3),45,IF(AND(AND(OR(B7="urinal (public)",B7="urinal (assembly)"),G2="upc"),A7=4),53,IF(AND(AND(OR(B7="urinal (public)",B7="urinal (assembly)"),G2="upc"),A7>=5),(53+((A7-4)*5)),0))))) -> 0 | D98: =IF(AND(AND(OR(B7="water closet (fv-public)",B7="water closet (fv-assembly)"),G2="upc"),A7=1),40,IF(AND(AND(OR(B7="water closet (fv-public)",B7="water closet (fv-assembly)"),G2="upc"),A7=2),70,IF(AND(AND(OR(B7="water closet (fv-public)",B7="water closet (fv-assembly)"),G2="upc"),A7=3),90,IF(AND(AND(OR(B7="water closet (fv-public)",B7="water closet (fv-assembly)"),G2="upc"),A7=43),105,IF(AND(AND(OR(B7="water closet (fv-public)",B7="water closet (fv-assembly)"),G2="upc"),A7=5),(105+((A7-4)*10)),0))))) -> 0 | G98: =IF(AND(AND(AND(OR(B7=B49,B7=B50,B7=B51,B7=B52),D12<=21),A7>0),A7<4),"3""",0) -> 0
A99: =IF(D12=0,0,IF(AND(AND(OR(B8=B73,B8=B74,B8=B78,B8=B79,B8=B80,B8=B81),A8>=4),D12<=216),"4""",0)) -> 0 | C99: =IF(AND(AND(OR(B8="urinal (public)",B8="urinal (assembly)"),G2="upc"),A8=1),20,IF(AND(AND(OR(B8="urinal (public)",B8="urinal (assembly)"),G2="upc"),A8=2),35,IF(AND(AND(OR(B8="urinal (public)",B8="urinal (assembly)"),G2="upc"),A8=3),45,IF(AND(AND(OR(B8="urinal (public)",B8="urinal (assembly)"),G2="upc"),A8=4),53,IF(AND(AND(OR(B8="urinal (public)",B8="urinal (assembly)"),G2="upc"),A8>=5),(53+((A8-4)*5)),0))))) -> 0 | D99: =IF(AND(AND(OR(B8="water closet (fv-public)",B8="water closet (fv-assembly)"),G2="upc"),A8=1),40,IF(AND(AND(OR(B8="water closet (fv-public)",B8="water closet (fv-assembly)"),G2="upc"),A8=2),70,IF(AND(AND(OR(B8="water closet (fv-public)",B8="water closet (fv-assembly)"),G2="upc"),A8=3),90,IF(AND(AND(OR(B8="water closet (fv-public)",B8="water closet (fv-assembly)"),G2="upc"),A8=43),105,IF(AND(AND(OR(B8="water closet (fv-public)",B8="water closet (fv-assembly)"),G2="upc"),A8=5),(105+((A8-4)*10)),0))))) -> 0 | G99: =IF(AND(AND(AND(OR(B8=B49,B8=B50,B8=B51,B8=B52),D12<=21),A8>0),A8<4),"3""",0) -> 0
A100: =IF(D12=0,0,IF(AND(AND(OR(B9=B73,B9=B74,B9=B78,B9=B79,B9=B80,B9=B81),A9>=4),D12<=216),"4""",0)) -> 0 | C100: =IF(AND(AND(OR(B9="urinal (public)",B9="urinal (assembly)"),G2="upc"),A9=1),20,IF(AND(AND(OR(B9="urinal (public)",B9="urinal (assembly)"),G2="upc"),A9=2),35,IF(AND(AND(OR(B9="urinal (public)",B9="urinal (assembly)"),G2="upc"),A9=3),45,IF(AND(AND(OR(B9="urinal (public)",B9="urinal (assembly)"),G2="upc"),A9=4),53,IF(AND(AND(OR(B9="urinal (public)",B9="urinal (assembly)"),G2="upc"),A9>=5),(53+((A9-4)*5)),0))))) -> 0 | D100: =IF(AND(AND(OR(B9="water closet (fv-public)",B9="water closet (fv-assembly)"),G2="upc"),A9=1),40,IF(AND(AND(OR(B9="water closet (fv-public)",B9="water closet (fv-assembly)"),G2="upc"),A9=2),70,IF(AND(AND(OR(B9="water closet (fv-public)",B9="water closet (fv-assembly)"),G2="upc"),A9=3),90,IF(AND(AND(OR(B9="water closet (fv-public)",B9="water closet (fv-assembly)"),G2="upc"),A9=43),105,IF(AND(AND(OR(B9="water closet (fv-public)",B9="water closet (fv-assembly)"),G2="upc"),A9=5),(105+((A9-4)*10)),0))))) -> 0 | G100: =IF(AND(AND(AND(OR(B9=B49,B9=B50,B9=B51,B9=B52),D12<=21),A9>0),A9<4),"3""",0) -> 0
A101: =IF(D12=0,0,IF(AND(AND(OR(B10=B73,B10=B74,B10=B78,B10=B79,B10=B80,B10=B81),A10>=4),D12<=216),"4""",0)) -> 0 | C101: =IF(AND(AND(OR(B10="urinal (public)",B10="urinal (assembly)"),G2="upc"),A10=1),20,IF(AND(AND(OR(B10="urinal (public)",B10="urinal (assembly)"),G2="upc"),A10=2),35,IF(AND(AND(OR(B10="urinal (public)",B10="urinal (assembly)"),G2="upc"),A10=3),45,IF(AND(AND(OR(B10="urinal (public)",B10="urinal (assembly)"),G2="upc"),A10=4),53,IF(AND(AND(OR(B10="urinal (public)",B10="urinal (assembly)"),G2="upc"),A10>=5),(53+((A10-4)*5)),0))))) -> 0 | D101: =IF(AND(AND(OR(B10="water closet (fv-public)",B10="water closet (fv-assembly)"),G2="upc"),A10=1),40,IF(AND(AND(OR(B10="water closet (fv-public)",B10="water closet (fv-assembly)"),G2="upc"),A10=2),70,IF(AND(AND(OR(B10="water closet (fv-public)",B10="water closet (fv-assembly)"),G2="upc"),A10=3),90,IF(AND(AND(OR(B10="water closet (fv-public)",B10="water closet (fv-assembly)"),G2="upc"),A10=43),105,IF(AND(AND(OR(B10="water closet (fv-public)",B10="water closet (fv-assembly)"),G2="upc"),A10=5),(105+((A10-4)*10)),0))))) -> 0 | G101: =IF(AND(AND(AND(OR(B10=B49,B10=B50,B10=B51,B10=B52),D12<=21),A10>0),A10<4),"3""",0) -> 0
A102: =IF(D12=0,0,IF(AND(AND(OR(B11=B73,B11=B74,B11=B78,B11=B79,B11=B80,B11=B81),A11>=4),D12<=216),"4""",0)) -> 0 | C102: =IF(AND(AND(OR(B11="urinal (public)",B11="urinal (assembly)"),G2="upc"),A11=1),20,IF(AND(AND(OR(B11="urinal (public)",B11="urinal (assembly)"),G2="upc"),A11=2),35,IF(AND(AND(OR(B11="urinal (public)",B11="urinal (assembly)"),G2="upc"),A11=3),45,IF(AND(AND(OR(B11="urinal (public)",B11="urinal (assembly)"),G2="upc"),A11=4),53,IF(AND(AND(OR(B11="urinal (public)",B11="urinal (assembly)"),G2="upc"),A11>=5),(53+((A11-4)*5)),0))))) -> 0 | D102: =IF(AND(AND(OR(B11="water closet (fv-public)",B11="water closet (fv-assembly)"),G2="upc"),A11=1),40,IF(AND(AND(OR(B11="water closet (fv-public)",B11="water closet (fv-assembly)"),G2="upc"),A11=2),70,IF(AND(AND(OR(B11="water closet (fv-public)",B11="water closet (fv-assembly)"),G2="upc"),A11=3),90,IF(AND(AND(OR(B11="water closet (fv-public)",B11="water closet (fv-assembly)"),G2="upc"),A11=43),105,IF(AND(AND(OR(B11="water closet (fv-public)",B11="water closet (fv-assembly)"),G2="upc"),A11=5),(105+((A11-4)*10)),0))))) -> 0 | G102: =IF(AND(AND(AND(OR(B11=B49,B11=B50,B11=B51,B11=B52),D12<=21),A11>0),A11<4),"3""",0) -> 0
A103: =IF(D12=0,0,IF(AND(D121>=4,D12<=216),"4""",IF(AND(AND(AND(OR(B2=B78,B2=B79,B2=B80,B2=B81),D12<=8),A2>0),A2<4),"3""",IF(AND(AND(AND(OR(B3=B78,B3=B79,B3=B80,B3=B81),D12<=8),A3>0),A3<4),"3""",IF(AND(AND(AND(OR(B4=B78,B4=B79,B4=B80,B4=B81),D12<=8),A4>0),A4<4),"3""",IF(AND(AND(AND(OR(B5=B78,B5=B79,B5=B80,B5=B81),D12<=8),A5>0),A5<4),"3""",IF(AND(AND(AND(OR(B6=B78,B6=B79,B6=B80,B6=B81),D12<=8),A6>0),A6<4),"3""",IF(AND(AND(AND(OR(B7=B78,B7=B79,B7=B80,B7=B81),D12<=8),A7>0),A7<4),"3""",IF(AND(AND(AND(OR(B8=B78,B8=B79,B8=B80,B8=B81),D12<=8),A8>0),A8<4),"3""",IF(AND(AND(AND(OR(B9=B78,B9=B79,B9=B80,B9=B81),D12<=8),A9>0),A9<4),"3""",IF(AND(AND(AND(OR(B9=B78,B9=B79,B9=B80,B9=B81),D12<=8),A9>0),A9<4),"3""",IF(AND(AND(AND(OR(B10=B78,B10=B79,B10=B80,B10=B81),D12<=8),A10>0),A10<4),"3""",IF(AND(AND(AND(OR(B11=B78,B11=B79,B11=B80,B11=B81),D12<=8),A11>0),A11<4),"3""",IF(D12<=8,"2""",IF(D12<=35,"3""",IF(D12<=216,"4""",IF(D12<=428,"5""",IF(D12<=720,"6""",0)))))))))))))))))) -> 0 | B103: =IF(D12=0,0,IF(AND(J121>=4,D12<=216),"4""",IF(AND(AND(AND(OR(B2=B49,B2=B50,B2=B51,B2=B52),D12<=21),A2>0),A2<4),"3""",IF(AND(AND(AND(OR(B3=B49,B3=B50,B3=B51,B3=B52),D12<=21),A3>0),A3<4),"3""",IF(AND(AND(AND(OR(B4=B49,B4=B50,B4=B51,B4=B52),D12<=21),A4>0),A4<4),"3""",IF(AND(AND(AND(OR(B5=B49,B5=B50,B5=B51,B5=B52),D12<=21),A5>0),A5<4),"3""",IF(AND(AND(AND(OR(B6=B49,B6=B50,B6=B51,B6=B52),D12<=21),A6>0),A6<4),"3""",IF(AND(AND(AND(OR(B7=B49,B7=B50,B7=B51,B7=B52),D12<=21),A7>0),A7<4),"3""",IF(AND(AND(AND(OR(B8=B49,B8=B50,B8=B51,B8=B52),D12<=21),A8>0),A8<4),"3""",IF(AND(AND(AND(OR(B9=B49,B9=B50,B9=B51,B9=B52),D12<=21),A9>0),A9<4),"3""",IF(AND(AND(AND(OR(B9=B49,B9=B50,B9=B51,B9=B52),D12<=21),A9>0),A9<4),"3""",IF(AND(AND(AND(OR(B10=B49,B10=B50,B10=B51,B10=B52),D12<=21),A10>0),A10<4),"3""",IF(AND(AND(AND(OR(B11=B49,B11=B50,B11=B51,B11=B52),D12<=21),A11>0),A11<4),"3""",IF(D12<=21,"2""",IF(D12<=42,"3""",IF(D12<=216,"4""",IF(D12<=480,"5""",IF(D12<=840,"6""",0)))))))))))))))))) -> 0 | C103: =IF(AND(AND(OR(B2="urinal (public)",B2="urinal (assembly)"),G2="upc"),A2=1),20,IF(AND(AND(OR(B2="urinal (public)",B2="urinal (assembly)"),G2="upc"),A2=2),35,IF(AND(AND(OR(B2="urinal (public)",B2="urinal (assembly)"),G2="upc"),A2=3),45,IF(AND(AND(OR(B2="urinal (public)",B2="urinal (assembly)"),G2="upc"),A2=4),53,IF(AND(AND(OR(B2="urinal (public)",B2="urinal (assembly)"),G2="upc"),A2>=5),(53+((A2-4)*5)),IF(AND(AND(OR(B3="urinal (public)",B3="urinal (assembly)"),G2="upc"),A3=1),20,IF(AND(AND(OR(B3="urinal (public)",B3="urinal (assembly)"),G2="upc"),A3=2),35,IF(AND(AND(OR(B3="urinal (public)",B3="urinal (assembly)"),G2="upc"),A3=3),45,IF(AND(AND(OR(B3="urinal (public)",B3="urinal (assembly)"),G2="upc"),A3=4),53,IF(AND(AND(OR(B3="urinal (public)",B3="urinal (assembly)"),G2="upc"),A3>=5),(53+((A3-4)*5)),IF(AND(AND(OR(B4="urinal (public)",B4="urinal (assembly)"),G2="upc"),A4=1),20,IF(AND(AND(OR(B4="urinal (public)",B4="urinal (assembly)"),G2="upc"),A4=2),35,IF(AND(AND(OR(B4="urinal (public)",B4="urinal (assembly)"),G2="upc"),A4=3),45,IF(AND(AND(OR(B4="urinal (public)",B4="urinal (assembly)"),G2="upc"),A4=4),53,IF(AND(AND(OR(B4="urinal (public)",B4="urinal (assembly)"),G2="upc"),A4>=5),(53+((A4-4)*5)),IF(AND(AND(OR(B5="urinal (public)",B5="urinal (assembly)"),G2="upc"),A5=1),20,IF(AND(AND(OR(B5="urinal (public)",B5="urinal (assembly)"),G2="upc"),A5=2),35,IF(AND(AND(OR(B5="urinal (public)",B5="urinal (assembly)"),G2="upc"),A5=3),45,IF(AND(AND(OR(B5="urinal (public)",B5="urinal (assembly)"),G2="upc"),A5=4),53,IF(AND(AND(OR(B5="urinal (public)",B5="urinal (assembly)"),G2="upc"),A5>=5),(53+((A5-4)*5)),IF(AND(AND(OR(B6="urinal (public)",B6="urinal (assembly)"),G2="upc"),A6=1),20,IF(AND(AND(OR(B6="urinal (public)",B6="urinal (assembly)"),G2="upc"),A6=2),35,IF(AND(AND(OR(B6="urinal (public)",B6="urinal (assembly)"),G2="upc"),A6=3),45,IF(AND(AND(OR(B6="urinal (public)",B6="urinal (assembly)"),G2="upc"),A6=4),53,IF(AND(AND(OR(B6="urinal (public)",B6="urinal (assembly)"),G2="upc"),A6>=5),(53+((A6-4)*5)),IF(AND(AND(OR(B7="urinal (public)",B7="urinal (assembly)"),G2="upc"),A7=1),20,IF(AND(AND(OR(B7="urinal (public)",B7="urinal (assembly)"),G2="upc"),A7=2),35,IF(AND(AND(OR(B7="urinal (public)",B7="urinal (assembly)"),G2="upc"),A7=3),45,IF(AND(AND(OR(B7="urinal (public)",B7="urinal (assembly)"),G2="upc"),A7=4),53,IF(AND(AND(OR(B7="urinal (public)",B7="urinal (assembly)"),G2="upc"),A7>=5),(53+((A7-4)*5)),IF(AND(AND(OR(B8="urinal (public)",B8="urinal (assembly)"),G2="upc"),A8=1),20,IF(AND(AND(OR(B8="urinal (public)",B8="urinal (assembly)"),G2="upc"),A8=2),35,IF(AND(AND(OR(B8="urinal (public)",B8="urinal (assembly)"),G2="upc"),A8=3),45,IF(AND(AND(OR(B8="urinal (public)",B8="urinal (assembly)"),G2="upc"),A8=4),53,IF(AND(AND(OR(B8="urinal (public)",B8="urinal (assembly)"),G2="upc"),A8>=5),(53+((A8-4)*5)),IF(AND(AND(OR(B9="urinal (public)",B9="urinal (assembly)"),G2="upc"),A9=1),20,IF(AND(AND(OR(B9="urinal (public)",B9="urinal (assembly)"),G2="upc"),A9=2),35,IF(AND(AND(OR(B9="urinal (public)",B9="urinal (assembly)"),G2="upc"),A9=3),45,IF(AND(AND(OR(B9="urinal (public)",B9="urinal (assembly)"),G2="upc"),A9=4),53,IF(AND(AND(OR(B9="urinal (public)",B9="urinal (assembly)"),G2="upc"),A9>=5),(53+((A9-4)*5)),IF(AND(AND(OR(B10="urinal (public)",B10="urinal (assembly)"),G2="upc"),A10=1),20,IF(AND(AND(OR(B10="urinal (public)",B10="urinal (assembly)"),G2="upc"),A10=2),35,IF(AND(AND(OR(B10="urinal (public)",B10="urinal (assembly)"),G2="upc"),A10=3),45,IF(AND(AND(OR(B10="urinal (public)",B10="urinal (assembly)"),G2="upc"),A10=4),53,IF(AND(AND(OR(B10="urinal (public)",B10="urinal (assembly)"),G2="upc"),A10>=5),(53+((A10-4)*5)),IF(AND(AND(OR(B11="urinal (public)",B11="urinal (assembly)"),G2="upc"),A11=1),20,IF(AND(AND(OR(B11="urinal (public)",B11="urinal (assembly)"),G2="upc"),A11=2),35,IF(AND(AND(OR(B11="urinal (public)",B11="urinal (assembly)"),G2="upc"),A11=3),45,IF(AND(AND(OR(B11="urinal (public)",B11="urinal (assembly)"),G2="upc"),A11=4),53,IF(AND(AND(OR(B11="urinal (public)",B11="urinal (assembly)"),G2="upc"),A11>=5),(53+((A11-4)*5)),0)))))))))))))))))))))))))))))))))))))))))))))))))) -> 0 | D103: =IF(AND(AND(OR(B2="water closet (fv-public)",B2="water closet (fv-assembly)"),G2="upc"),A2=1),40,IF(AND(AND(OR(B2="water closet (fv-public)",B2="water closet (fv-assembly)"),G2="upc"),A2=2),70,IF(AND(AND(OR(B2="water closet (fv-public)",B2="water closet (fv-assembly)"),G2="upc"),A2=3),90,IF(AND(AND(OR(B2="water closet (fv-public)",B2="water closet (fv-assembly)"),G2="upc"),A2=43),105,IF(AND(AND(OR(B2="water closet (fv-public)",B2="water closet (fv-assembly)"),G2="upc"),A2=5),(105+((A2-4)*10)),IF(AND(AND(OR(B3="water closet (fv-public)",B3="water closet (fv-assembly)"),G2="upc"),A3=1),40,IF(AND(AND(OR(B3="water closet (fv-public)",B3="water closet (fv-assembly)"),G2="upc"),A3=2),70,IF(AND(AND(OR(B3="water closet (fv-public)",B3="water closet (fv-assembly)"),G2="upc"),A3=3),90,IF(AND(AND(OR(B3="water closet (fv-public)",B3="water closet (fv-assembly)"),G2="upc"),A3=43),105,IF(AND(AND(OR(B3="water closet (fv-public)",B3="water closet (fv-assembly)"),G2="upc"),A3=5),(105+((A3-4)*10)),IF(AND(AND(OR(B4="water closet (fv-public)",B4="water closet (fv-assembly)"),G2="upc"),A4=1),40,IF(AND(AND(OR(B4="water closet (fv-public)",B4="water closet (fv-assembly)"),G2="upc"),A4=2),70,IF(AND(AND(OR(B4="water closet (fv-public)",B4="water closet (fv-assembly)"),G2="upc"),A4=3),90,IF(AND(AND(OR(B4="water closet (fv-public)",B4="water closet (fv-assembly)"),G2="upc"),A4=43),105,IF(AND(AND(OR(B4="water closet (fv-public)",B4="water closet (fv-assembly)"),G2="upc"),A4=5),(105+((A4-4)*10)),IF(AND(AND(OR(B5="water closet (fv-public)",B5="water closet (fv-assembly)"),G2="upc"),A5=1),40,IF(AND(AND(OR(B5="water closet (fv-public)",B5="water closet (fv-assembly)"),G2="upc"),A5=2),70,IF(AND(AND(OR(B5="water closet (fv-public)",B5="water closet (fv-assembly)"),G2="upc"),A5=3),90,IF(AND(AND(OR(B5="water closet (fv-public)",B5="water closet (fv-assembly)"),G2="upc"),A5=43),105,IF(AND(AND(OR(B5="water closet (fv-public)",B5="water closet (fv-assembly)"),G2="upc"),A5=5),(105+((A5-4)*10)),IF(AND(AND(OR(B6="water closet (fv-public)",B6="water closet (fv-assembly)"),G2="upc"),A6=1),40,IF(AND(AND(OR(B6="water closet (fv-public)",B6="water closet (fv-assembly)"),G2="upc"),A6=2),70,IF(AND(AND(OR(B6="water closet (fv-public)",B6="water closet (fv-assembly)"),G2="upc"),A6=3),90,IF(AND(AND(OR(B6="water closet (fv-public)",B6="water closet (fv-assembly)"),G2="upc"),A6=43),105,IF(AND(AND(OR(B6="water closet (fv-public)",B6="water closet (fv-assembly)"),G2="upc"),A6=5),(105+((A6-4)*10)),IF(AND(AND(OR(B7="water closet (fv-public)",B7="water closet (fv-assembly)"),G2="upc"),A7=1),40,IF(AND(AND(OR(B7="water closet (fv-public)",B7="water closet (fv-assembly)"),G2="upc"),A7=2),70,IF(AND(AND(OR(B7="water closet (fv-public)",B7="water closet (fv-assembly)"),G2="upc"),A7=3),90,IF(AND(AND(OR(B7="water closet (fv-public)",B7="water closet (fv-assembly)"),G2="upc"),A7=43),105,IF(AND(AND(OR(B7="water closet (fv-public)",B7="water closet (fv-assembly)"),G2="upc"),A7=5),(105+((A7-4)*10)),IF(AND(AND(OR(B8="water closet (fv-public)",B8="water closet (fv-assembly)"),G2="upc"),A8=1),40,IF(AND(AND(OR(B8="water closet (fv-public)",B8="water closet (fv-assembly)"),G2="upc"),A8=2),70,IF(AND(AND(OR(B8="water closet (fv-public)",B8="water closet (fv-assembly)"),G2="upc"),A8=3),90,IF(AND(AND(OR(B8="water closet (fv-public)",B8="water closet (fv-assembly)"),G2="upc"),A8=43),105,IF(AND(AND(OR(B8="water closet (fv-public)",B8="water closet (fv-assembly)"),G2="upc"),A8=5),(105+((A8-4)*10)),IF(AND(AND(OR(B9="water closet (fv-public)",B9="water closet (fv-assembly)"),G2="upc"),A9=1),40,IF(AND(AND(OR(B9="water closet (fv-public)",B9="water closet (fv-assembly)"),G2="upc"),A9=2),70,IF(AND(AND(OR(B9="water closet (fv-public)",B9="water closet (fv-assembly)"),G2="upc"),A9=3),90,IF(AND(AND(OR(B9="water closet (fv-public)",B9="water closet (fv-assembly)"),G2="upc"),A9=43),105,IF(AND(AND(OR(B9="water closet (fv-public)",B9="water closet (fv-assembly)"),G2="upc"),A9=5),(105+((A9-4)*10)),IF(AND(AND(OR(B10="water closet (fv-public)",B10="water closet (fv-assembly)"),G2="upc"),A10=1),40,IF(AND(AND(OR(B10="water closet (fv-public)",B10="water closet (fv-assembly)"),G2="upc"),A10=2),70,IF(AND(AND(OR(B10="water closet (fv-public)",B10="water closet (fv-assembly)"),G2="upc"),A10=3),90,IF(AND(AND(OR(B10="water closet (fv-public)",B10="water closet (fv-assembly)"),G2="upc"),A10=43),105,IF(AND(AND(OR(B10="water closet (fv-public)",B10="water closet (fv-assembly)"),G2="upc"),A10=5),(105+((A10-4)*10)),IF(AND(AND(OR(B11="water closet (fv-public)",B11="water closet (fv-assembly)"),G2="upc"),A11=1),40,IF(AND(AND(OR(B11="water closet (fv-public)",B11="water closet (fv-assembly)"),G2="upc"),A11=2),70,IF(AND(AND(OR(B11="water closet (fv-public)",B11="water closet (fv-assembly)"),G2="upc"),A11=3),90,IF(AND(AND(OR(B11="water closet (fv-public)",B11="water closet (fv-assembly)"),G2="upc"),A11=43),105,IF(AND(AND(OR(B11="water closet (fv-public)",B11="water closet (fv-assembly)"),G2="upc"),A11=5),(105+((A11-4)*10)),0)))))))))))))))))))))))))))))))))))))))))))))))))) -> 0 | E103: FINAL FORMULA | F103: =IF(AND(AND(AND(OR(B2=B78,B2=B79,B2=B80,B2=B81),D12<=8),A2>0),A2<4),"3""",IF(AND(AND(AND(OR(B3=B78,B3=B79,B3=B80,B3=B81),D12<=8),A3>0),A3<4),"3""",IF(AND(AND(AND(OR(B4=B78,B4=B79,B4=B80,B4=B81),D12<=8),A4>0),A4<4),"3""",IF(AND(AND(AND(OR(B5=B78,B5=B79,B5=B80,B5=B81),D12<=8),A5>0),A5<4),"3""",IF(AND(AND(AND(OR(B6=B78,B6=B79,B6=B80,B6=B81),D12<=8),A6>0),A6<4),"3""",IF(AND(AND(AND(OR(B7=B78,B7=B79,B7=B80,B7=B81),D12<=8),A7>0),A7<4),"3""",IF(AND(AND(AND(OR(B8=B78,B8=B79,B8=B80,B8=B81),D12<=8),A8>0),A8<4),"3""",IF(AND(AND(AND(OR(B9=B78,B9=B79,B9=B80,B9=B81),D12<=8),A9>0),A9<4),"3""",IF(AND(AND(AND(OR(B9=B78,B9=B79,B9=B80,B9=B81),D12<=8),A9>0),A9<4),"3""",IF(AND(AND(AND(OR(B10=B78,B10=B79,B10=B80,B10=B81),D12<=8),A10>0),A10<4),"3""",IF(AND(AND(AND(OR(B11=B78,B11=B79,B11=B80,B11=B81),D12<=8),A11>0),A11<4),"3""",0))))))))))) -> 0 | G103: =IF(AND(AND(AND(OR(B2=B49,B2=B50,B2=B51,B2=B52),D12<=21),A2>0),A2<4),"3""",IF(AND(AND(AND(OR(B3=B49,B3=B50,B3=B51,B3=B52),D12<=21),A3>0),A3<4),"3""",IF(AND(AND(AND(OR(B4=B49,B4=B50,B4=B51,B4=B52),D12<=21),A4>0),A4<4),"3""",IF(AND(AND(AND(OR(B5=B49,B5=B50,B5=B51,B5=B52),D12<=21),A5>0),A5<4),"3""",IF(AND(AND(AND(OR(B6=B49,B6=B50,B6=B51,B6=B52),D12<=21),A6>0),A6<4),"3""",IF(AND(AND(AND(OR(B7=B49,B7=B50,B7=B51,B7=B52),D12<=21),A7>0),A7<4),"3""",IF(AND(AND(AND(OR(B8=B49,B8=B50,B8=B51,B8=B52),D12<=21),A8>0),A8<4),"3""",IF(AND(AND(AND(OR(B9=B49,B9=B50,B9=B51,B9=B52),D12<=21),A9>0),A9<4),"3""",IF(AND(AND(AND(OR(B9=B49,B9=B50,B9=B51,B9=B52),D12<=21),A9>0),A9<4),"3""",IF(AND(AND(AND(OR(B10=B49,B10=B50,B10=B51,B10=B52),D12<=21),A10>0),A10<4),"3""",IF(AND(AND(AND(OR(B11=B49,B11=B50,B11=B51,B11=B52),D12<=21),A11>0),A11<4),"3""",0))))))))))) -> 0
B107: =G3 -> 30-39 | C107: 40 | D107: 60 | E107: 80 | F107: 100 | G107: 150 | H107: 200 | I107: 250 | J107: 300 | K107: 400 | L107: 500
B108: 3/4" | C108: =IF(AND(AND(G2="IPC"),B107="30-39",G4=C107),9.5,IF(AND(AND(G2="IPC"),B107="40-49",G4=C107),9.5,IF(AND(AND(G2="IPC"),B107="50-60",G4=C107),9.5,IF(AND(AND(G2="UPC"),B107="30-45",G4=C107),16,IF(AND(AND(G2="UPC"),B107="46-60",G4=C107),20,0))))) -> 0 | D108: =IF(AND(AND(G2="IPC"),B107="30-39",G4=D107),7.5,IF(AND(AND(G2="IPC"),B107="40-49",G4=D107),9.5,IF(AND(AND(G2="IPC"),B107="50-60",G4=D107),9.5,IF(AND(AND(G2="UPC"),B107="30-45",G4=D107),16,IF(AND(AND(G2="UPC"),B107="46-60",G4=D107),20,0))))) -> 0 | E108: =IF(AND(AND(G2="IPC"),B107="30-39",G4=E107),6,IF(AND(AND(G2="IPC"),B107="40-49",G4=E107),8.5,IF(AND(AND(G2="IPC"),B107="50-60",G4=E107),9.5,IF(AND(AND(G2="UPC"),B107="30-45",G4=E107),14,IF(AND(AND(G2="UPC"),B107="46-60",G4=E107),19,0))))) -> 0 | F108: =IF(AND(AND(G2="IPC"),B107="30-39",G4=F107),5.5,IF(AND(AND(G2="IPC"),B107="40-49",G4=F107),7,IF(AND(AND(G2="IPC"),B107="50-60",G4=F107),8.5,IF(AND(AND(G2="UPC"),B107="30-45",G4=F107),12,IF(AND(AND(G2="UPC"),B107="46-60",G4=F107),17,0))))) -> 5.5 | G108: =IF(AND(AND(G2="IPC"),B107="30-39",G4=G107),4,IF(AND(AND(G2="IPC"),B107="40-49",G4=G107),5.5,IF(AND(AND(G2="IPC"),B107="50-60",G4=G107),6.5,IF(AND(AND(G2="UPC"),B107="30-45",G4=G107),9,IF(AND(AND(G2="UPC"),B107="46-60",G4=G107),14,0))))) -> 0 | H108: =IF(AND(AND(G2="IPC"),B107="30-39",G4=H107),3.5,IF(AND(AND(G2="IPC"),B107="40-49",G4=H107),4.5,IF(AND(AND(G2="IPC"),B107="50-60",G4=H107),5,IF(AND(AND(G2="UPC"),B107="30-45",G4=H107),6,IF(AND(AND(G2="UPC"),B107="46-60",G4=H107),11,0))))) -> 0 | I108: =IF(AND(AND(G2="IPC"),B107="30-39",G4=I107),3,IF(AND(AND(G2="IPC"),B107="40-49",G4=I107),3.5,IF(AND(AND(G2="IPC"),B107="50-60",G4=I107),4.5,IF(AND(AND(G2="UPC"),B107="30-45",G4=I107),5,IF(AND(AND(G2="UPC"),B107="46-60",G4=I107),9,0))))) -> 0 | J108: =IF(AND(AND(G2="IPC"),B107="30-39",G4=J107),2.5,IF(AND(AND(G2="IPC"),B107="40-49",G4=J107),3,IF(AND(AND(G2="IPC"),B107="50-60",G4=J107),4,IF(AND(AND(G2="UPC"),B107="30-45",G4=J107),5,IF(AND(AND(G2="UPC"),B107="46-60",G4=J107),8,0))))) -> 0 | K108: =IF(AND(AND(G2="IPC"),B107="30-39",G4=K107),2,IF(AND(AND(G2="IPC"),B107="40-49",G4=K107),2.5,IF(AND(AND(G2="IPC"),B107="50-60",G4=K107),3,IF(AND(AND(G2="UPC"),B107="30-45",G4=K107),4,IF(AND(AND(G2="UPC"),B107="46-60",G4=K107),6,0))))) -> 0 | L108: =IF(AND(AND(G2="IPC"),B107="30-39",G4=L107),1.5,IF(AND(AND(G2="IPC"),B107="40-49",G4=L107),2,IF(AND(AND(G2="IPC"),B107="50-60",G4=L107),2.5,IF(AND(AND(G2="UPC"),B107="30-45",G4=L107),4,IF(AND(AND(G2="UPC"),B107="46-60",G4=L107),5,0))))) -> 0
B109: 1" | C109: =IF(AND(AND(G2="IPC"),B107="30-39",G4=C107),32,IF(AND(AND(G2="IPC"),B107="40-49",G4=C107),32,IF(AND(AND(G2="IPC"),B107="50-60",G4=C107),32,IF(AND(AND(G2="uPC"),B107="30-45",G4=C107),36,IF(AND(AND(G2="UPC"),B107="46-60",G4=C107),390,0))))) -> 0 | D109: =IF(AND(AND(G2="IPC"),B107="30-39",G4=D107),32,IF(AND(AND(G2="IPC"),B107="40-49",G4=D107),32,IF(AND(AND(G2="IPC"),B107="50-60",G4=D107),32,IF(AND(AND(G2="UPC"),B107="30-45",G4=D107),31,IF(AND(AND(G2="UPC"),B107="46-60",G4=D107),39,0))))) -> 0 | E109: =IF(AND(AND(G2="IPC"),B107="30-39",G4=E107),27,IF(AND(AND(G2="IPC"),B107="40-49",G4=E107),32,IF(AND(AND(G2="IPC"),B107="50-60",G4=E107),32,IF(AND(AND(G2="UPC"),B107="30-45",G4=E107),27,IF(AND(AND(G2="UPC"),B107="46-60",G4=E107),39,0))))) -> 0 | F109: =IF(AND(AND(G2="IPC"),B107="30-39",G4=F107),21,IF(AND(AND(G2="IPC"),B107="40-49",G4=F107),32,IF(AND(AND(G2="IPC"),B107="50-60",G4=F107),32,IF(AND(AND(G2="UPC"),B107="30-45",G4=F107),25,IF(AND(AND(G2="UPC"),B107="46-60",G4=F107),36,0))))) -> 21 | G109: =IF(AND(AND(G2="IPC"),B107="30-39",G4=G107),13.5,IF(AND(AND(G2="IPC"),B107="40-49",G4=G107),21,IF(AND(AND(G2="IPC"),B107="50-60",G4=G107),30,IF(AND(AND(G2="UPC"),B107="30-45",G4=G107),20,IF(AND(AND(G2="UPC"),B107="46-60",G4=G107),30,0))))) -> 0 | H109: =IF(AND(AND(G2="IPC"),B107="30-39",G4=H107),10,IF(AND(AND(G2="IPC"),B107="40-49",G4=H107),15,IF(AND(AND(G2="IPC"),B107="50-60",G4=H107),22,IF(AND(AND(G2="UPC"),B107="30-45",G4=H107),17,IF(AND(AND(G2="UPC"),B107="46-60",G4=H107),25,0))))) -> 0 | I109: =IF(AND(AND(G2="IPC"),B107="30-39",G4=I107),8,IF(AND(AND(G2="IPC"),B107="40-49",G4=I107),11.5,IF(AND(AND(G2="IPC"),B107="50-60",G4=I107),16.5,IF(AND(AND(G2="UPC"),B107="30-45",G4=I107),15,IF(AND(AND(G2="UPC"),B107="46-60",G4=I107),23,0))))) -> 0 | J109: =IF(AND(AND(G2="IPC"),B107="30-39",G4=J107),7,IF(AND(AND(G2="IPC"),B107="40-49",G4=J107),9.5,IF(AND(AND(G2="IPC"),B107="50-60",G4=J107),13,IF(AND(AND(G2="UPC"),B107="30-45",G4=J107),13,IF(AND(AND(G2="UPC"),B107="46-60",G4=J107),20,0))))) -> 0 | K109: =IF(AND(AND(G2="IPC"),B107="30-39",G4=K107),5.5,IF(AND(AND(G2="IPC"),B107="40-49",G4=K107),7.5,IF(AND(AND(G2="IPC"),B107="50-60",G4=K107),10,IF(AND(AND(G2="UPC"),B107="30-45",G4=K107),12,IF(AND(AND(G2="UPC"),B107="46-60",G4=K107),18,0))))) -> 0 | L109: =IF(AND(AND(G2="IPC"),B107="30-39",G4=L107),5,IF(AND(AND(G2="IPC"),B107="40-49",G4=L107),6.5,IF(AND(AND(G2="IPC"),B107="50-60",G4=L107),8,IF(AND(AND(G2="UPC"),B107="30-45",G4=L107),10,IF(AND(AND(G2="UPC"),B107="46-60",G4=L107),15,0))))) -> 0
B110: 1-1/4" | C110: =IF(AND(AND(G2="IPC"),B107="30-39",G4=C107),80,IF(AND(AND(G2="IPC"),B107="40-49",G4=C107),80,IF(AND(AND(G2="IPC"),B107="50-60",G4=C107),80,IF(AND(AND(G2="uPC"),B107="30-45",G4=C107),78,IF(AND(AND(G2="UPC"),B107="46-60",G4=C107),78,0))))) -> 0 | D110: =IF(AND(AND(G2="IPC"),B107="30-39",G4=D107),80,IF(AND(AND(G2="IPC"),B107="40-49",G4=D107),80,IF(AND(AND(G2="IPC"),B107="50-60",G4=D107),80,IF(AND(AND(G2="UPC"),B107="30-45",G4=D107),68,IF(AND(AND(G2="UPC"),B107="46-60",G4=D107),78,0))))) -> 0 | E110: =IF(AND(AND(G2="IPC"),B107="30-39",G4=E107),80,IF(AND(AND(G2="IPC"),B107="40-49",G4=E107),80,IF(AND(AND(G2="IPC"),B107="50-60",G4=E107),80,IF(AND(AND(G2="UPC"),B107="30-45",G4=E107),57,IF(AND(AND(G2="UPC"),B107="46-60",G4=E107),78,0))))) -> 0 | F110: =IF(AND(AND(G2="IPC"),B107="30-39",G4=F107),75,IF(AND(AND(G2="IPC"),B107="40-49",G4=F107),80,IF(AND(AND(G2="IPC"),B107="50-60",G4=F107),80,IF(AND(AND(G2="UPC"),B107="30-45",G4=F107),48,IF(AND(AND(G2="UPC"),B107="46-60",G4=F107),78,0))))) -> 75 | G110: =IF(AND(AND(G2="IPC"),B107="30-39",G4=G107),54,IF(AND(AND(G2="IPC"),B107="40-49",G4=G107),75,IF(AND(AND(G2="IPC"),B107="50-60",G4=G107),80,IF(AND(AND(G2="UPC"),B107="30-45",G4=G107),38,IF(AND(AND(G2="UPC"),B107="46-60",G4=G107),66,0))))) -> 0 | H110: =IF(AND(AND(G2="IPC"),B107="30-39",G4=H107),40,IF(AND(AND(G2="IPC"),B107="40-49",G4=H107),59,IF(AND(AND(G2="IPC"),B107="50-60",G4=H107),75,IF(AND(AND(G2="UPC"),B107="30-45",G4=H107),32,IF(AND(AND(G2="UPC"),B107="46-60",G4=H107),52,0))))) -> 0 | I110: =IF(AND(AND(G2="IPC"),B107="30-39",G4=I107),31,IF(AND(AND(G2="IPC"),B107="40-49",G4=I107),48,IF(AND(AND(G2="IPC"),B107="50-60",G4=I107),63,IF(AND(AND(G2="UPC"),B107="30-45",G4=I107),28,IF(AND(AND(G2="UPC"),B107="46-60",G4=I107),44,0))))) -> 0 | J110: =IF(AND(AND(G2="IPC"),B107="30-39",G4=J107),25,IF(AND(AND(G2="IPC"),B107="40-49",G4=J107),39,IF(AND(AND(G2="IPC"),B107="50-60",G4=J107),53,IF(AND(AND(G2="UPC"),B107="30-45",G4=J107),25,IF(AND(AND(G2="UPC"),B107="46-60",G4=J107),39,0))))) -> 0 | K110: =IF(AND(AND(G2="IPC"),B107="30-39",G4=K107),17.5,IF(AND(AND(G2="IPC"),B107="40-49",G4=K107),28,IF(AND(AND(G2="IPC"),B107="50-60",G4=K107),39,IF(AND(AND(G2="UPC"),B107="30-45",G4=K107),21,IF(AND(AND(G2="UPC"),B107="46-60",G4=K107),33,0))))) -> 0 | L110: =IF(AND(AND(G2="IPC"),B107="30-39",G4=L107),13,IF(AND(AND(G2="IPC"),B107="40-49",G4=L107),21,IF(AND(AND(G2="IPC"),B107="50-60",G4=L107),29,IF(AND(AND(G2="UPC"),B107="30-45",G4=L107),18,IF(AND(AND(G2="UPC"),B107="46-60",G4=L107),29,0))))) -> 0
B111: 1-1/2" | C111: =IF(AND(AND(G2="IPC"),B107="30-39",G4=C107),151,IF(AND(AND(G2="IPC"),B107="40-49",G4=C107),151,IF(AND(AND(G2="IPC"),B107="50-60",G4=C107),151,IF(AND(AND(G2="uPC"),B107="30-45",G4=C107),151,IF(AND(AND(G2="UPC"),B107="46-60",G4=C107),151,0))))) -> 0 | D111: =IF(AND(AND(G2="IPC"),B107="30-39",G4=D107),151,IF(AND(AND(G2="IPC"),B107="40-49",G4=D107),151,IF(AND(AND(G2="IPC"),B107="50-60",G4=D107),151,IF(AND(AND(G2="UPC"),B107="30-45",G4=D107),129,IF(AND(AND(G2="UPC"),B107="46-60",G4=D107),151,0))))) -> 0 | E111: =IF(AND(AND(G2="IPC"),B107="30-39",G4=E107),151,IF(AND(AND(G2="IPC"),B107="40-49",G4=E107),151,IF(AND(AND(G2="IPC"),B107="50-60",G4=E107),151,IF(AND(AND(G2="UPC"),B107="30-45",G4=E107),129,IF(AND(AND(G2="UPC"),B107="46-60",G4=E107),151,0))))) -> 0 | F111: =IF(AND(AND(G2="IPC"),B107="30-39",G4=F107),151,IF(AND(AND(G2="IPC"),B107="40-49",G4=F107),151,IF(AND(AND(G2="IPC"),B107="50-60",G4=F107),151,IF(AND(AND(G2="UPC"),B107="30-45",G4=F107),110,IF(AND(AND(G2="UPC"),B107="46-60",G4=F107),151,0))))) -> 151 | G111: =IF(AND(AND(G2="IPC"),B107="30-39",G4=G107),128,IF(AND(AND(G2="IPC"),B107="40-49",G4=G107),151,IF(AND(AND(G2="IPC"),B107="50-60",G4=G107),151,IF(AND(AND(G2="UPC"),B107="30-45",G4=G107),80,IF(AND(AND(G2="UPC"),B107="46-60",G4=G107),150,0))))) -> 0 | H111: =IF(AND(AND(G2="IPC"),B107="30-39",G4=H107),99,IF(AND(AND(G2="IPC"),B107="40-49",G4=H107),139,IF(AND(AND(G2="IPC"),B107="50-60",G4=H107),151,IF(AND(AND(G2="UPC"),B107="30-45",G4=H107),64,IF(AND(AND(G2="UPC"),B107="46-60",G4=H107),117,0))))) -> 0 | I111: =IF(AND(AND(G2="IPC"),B107="30-39",G4=I107),83,IF(AND(AND(G2="IPC"),B107="40-49",G4=I107),115,IF(AND(AND(G2="IPC"),B107="50-60",G4=I107),146,IF(AND(AND(G2="UPC"),B107="30-45",G4=I107),53,IF(AND(AND(G2="UPC"),B107="46-60",G4=I107),98,0))))) -> 0 | J111: =IF(AND(AND(G2="IPC"),B107="30-39",G4=J107),72,IF(AND(AND(G2="IPC"),B107="40-49",G4=J107),98,IF(AND(AND(G2="IPC"),B107="50-60",G4=J107),126,IF(AND(AND(G2="UPC"),B107="30-45",G4=J107),46,IF(AND(AND(G2="UPC"),B107="46-60",G4=J107),84,0))))) -> 0 | K111: =IF(AND(AND(G2="IPC"),B107="30-39",G4=K107),56,IF(AND(AND(G2="IPC"),B107="40-49",G4=K107),77,IF(AND(AND(G2="IPC"),B107="50-60",G4=K107),97,IF(AND(AND(G2="UPC"),B107="30-45",G4=K107),38,IF(AND(AND(G2="UPC"),B107="46-60",G4=K107),67,0))))) -> 0 | L111: =IF(AND(AND(G2="IPC"),B107="30-39",G4=L107),45,IF(AND(AND(G2="IPC"),B107="40-49",G4=L107),64,IF(AND(AND(G2="IPC"),B107="50-60",G4=L107),81,IF(AND(AND(G2="UPC"),B107="30-45",G4=L107),32,IF(AND(AND(G2="UPC"),B107="46-60",G4=L107),55,0))))) -> 0
B112: 2" | C112: =IF(AND(AND(G2="IPC"),B107="30-39",G4=C107),365,IF(AND(AND(G2="IPC"),B107="40-49",G4=C107),365,IF(AND(AND(G2="IPC"),B107="50-60",G4=C107),365,IF(AND(AND(G2="uPC"),B107="30-45",G4=C107),370,IF(AND(AND(G2="UPC"),B107="46-60",G4=C107),370,0))))) -> 0 | D112: =IF(AND(AND(G2="IPC"),B107="30-39",G4=D107),365,IF(AND(AND(G2="IPC"),B107="40-49",G4=D107),365,IF(AND(AND(G2="IPC"),B107="50-60",G4=D107),365,IF(AND(AND(G2="UPC"),B107="30-45",G4=D107),327,IF(AND(AND(G2="UPC"),B107="46-60",G4=D107),370,0))))) -> 0 | E112: =IF(AND(AND(G2="IPC"),B107="30-39",G4=E107),365,IF(AND(AND(G2="IPC"),B107="40-49",G4=E107),365,IF(AND(AND(G2="IPC"),B107="50-60",G4=E107),365,IF(AND(AND(G2="UPC"),B107="30-45",G4=E107),292,IF(AND(AND(G2="UPC"),B107="46-60",G4=E107),370,0))))) -> 0 | F112: =IF(AND(AND(G2="IPC"),B107="30-39",G4=F107),365,IF(AND(AND(G2="IPC"),B107="40-49",G4=F107),365,IF(AND(AND(G2="IPC"),B107="50-60",G4=F107),365,IF(AND(AND(G2="UPC"),B107="30-45",G4=F107),265,IF(AND(AND(G2="UPC"),B107="46-60",G4=F107),370,0))))) -> 365 | G112: =IF(AND(AND(G2="IPC"),B107="30-39",G4=G107),318,IF(AND(AND(G2="IPC"),B107="40-49",G4=G107),365,IF(AND(AND(G2="IPC"),B107="50-60",G4=G107),365,IF(AND(AND(G2="UPC"),B107="30-45",G4=G107),217,IF(AND(AND(G2="UPC"),B107="46-60",G4=G107),368,0))))) -> 0 | H112: =IF(AND(AND(G2="IPC"),B107="30-39",G4=H107),266,IF(AND(AND(G2="IPC"),B107="40-49",G4=H107),349,IF(AND(AND(G2="IPC"),B107="50-60",G4=H107),365,IF(AND(AND(G2="UPC"),B107="30-45",G4=H107),185,IF(AND(AND(G2="UPC"),B107="46-60",G4=H107),318,0))))) -> 0 | I112: =IF(AND(AND(G2="IPC"),B107="30-39",G4=I107),229,IF(AND(AND(G2="IPC"),B107="40-49",G4=I107),304,IF(AND(AND(G2="IPC"),B107="50-60",G4=I107),365,IF(AND(AND(G2="UPC"),B107="30-45",G4=I107),164,IF(AND(AND(G2="UPC"),B107="46-60",G4=I107),280,0))))) -> 0 | J112: =IF(AND(AND(G2="IPC"),B107="30-39",G4=J107),201,IF(AND(AND(G2="IPC"),B107="40-49",G4=J107),270,IF(AND(AND(G2="IPC"),B107="50-60",G4=J107),329,IF(AND(AND(G2="UPC"),B107="30-45",G4=J107),147,IF(AND(AND(G2="UPC"),B107="46-60",G4=J107),250,0))))) -> 0 | K112: =IF(AND(AND(G2="IPC"),B107="30-39",G4=K107),160,IF(AND(AND(G2="IPC"),B107="40-49",G4=K107),220,IF(AND(AND(G2="IPC"),B107="50-60",G4=K107),272,IF(AND(AND(G2="UPC"),B107="30-45",G4=K107),124,IF(AND(AND(G2="UPC"),B107="46-60",G4=K107),205,0))))) -> 0 | L112: =IF(AND(AND(G2="IPC"),B107="30-39",G4=L107),134,IF(AND(AND(G2="IPC"),B107="40-49",G4=L107),185,IF(AND(AND(G2="IPC"),B107="50-60",G4=L107),232,IF(AND(AND(G2="UPC"),B107="30-45",G4=L107),96,IF(AND(AND(G2="UPC"),B107="46-60",G4=L107),165,0))))) -> 0
B113: 2-1/2" | C113: =IF(AND(AND(G2="IPC"),B107="30-39",G4=C107),533,IF(AND(AND(G2="IPC"),B107="40-49",G4=C107),533,IF(AND(AND(G2="IPC"),B107="50-60",G4=C107),533,IF(AND(AND(G2="uPC"),B107="30-45",G4=C107),445,IF(AND(AND(G2="UPC"),B107="46-60",G4=C107),654,0))))) -> 0 | D113: =IF(AND(AND(G2="IPC"),B107="30-39",G4=D107),533,IF(AND(AND(G2="IPC"),B107="40-49",G4=D107),533,IF(AND(AND(G2="IPC"),B107="50-60",G4=D107),533,IF(AND(AND(G2="UPC"),B107="30-45",G4=D107),418,IF(AND(AND(G2="UPC"),B107="46-60",G4=D107),640,0))))) -> 0 | E113: =IF(AND(AND(G2="IPC"),B107="30-39",G4=E107),533,IF(AND(AND(G2="IPC"),B107="40-49",G4=E107),533,IF(AND(AND(G2="IPC"),B107="50-60",G4=E107),533,IF(AND(AND(G2="UPC"),B107="30-45",G4=E107),390,IF(AND(AND(G2="UPC"),B107="46-60",G4=E107),610,0))))) -> 0 | F113: =IF(AND(AND(G2="IPC"),B107="30-39",G4=F107),533,IF(AND(AND(G2="IPC"),B107="40-49",G4=F107),533,IF(AND(AND(G2="IPC"),B107="50-60",G4=F107),533,IF(AND(AND(G2="UPC"),B107="30-45",G4=F107),370,IF(AND(AND(G2="UPC"),B107="46-60",G4=F107),580,0))))) -> 533 | G113: =IF(AND(AND(G2="IPC"),B107="30-39",G4=G107),533,IF(AND(AND(G2="IPC"),B107="40-49",G4=G107),533,IF(AND(AND(G2="IPC"),B107="50-60",G4=G107),533,IF(AND(AND(G2="UPC"),B107="30-45",G4=G107),330,IF(AND(AND(G2="UPC"),B107="46-60",G4=G107),535,0))))) -> 0 | H113: =IF(AND(AND(G2="IPC"),B107="30-39",G4=H107),495,IF(AND(AND(G2="IPC"),B107="40-49",G4=H107),533,IF(AND(AND(G2="IPC"),B107="50-60",G4=H107),533,IF(AND(AND(G2="UPC"),B107="30-45",G4=H107),300,IF(AND(AND(G2="UPC"),B107="46-60",G4=H107),500,0))))) -> 0 | I113: =IF(AND(AND(G2="IPC"),B107="30-39",G4=I107),448,IF(AND(AND(G2="IPC"),B107="40-49",G4=I107),533,IF(AND(AND(G2="IPC"),B107="50-60",G4=I107),533,IF(AND(AND(G2="UPC"),B107="30-45",G4=I107),280,IF(AND(AND(G2="UPC"),B107="46-60",G4=I107),470,0))))) -> 0 | J113: =IF(AND(AND(G2="IPC"),B107="30-39",G4=J107),409,IF(AND(AND(G2="IPC"),B107="40-49",G4=J107),528,IF(AND(AND(G2="IPC"),B107="50-60",G4=J107),533,IF(AND(AND(G2="UPC"),B107="30-45",G4=J107),265,IF(AND(AND(G2="UPC"),B107="46-60",G4=J107),440,0))))) -> 0 | K113: =IF(AND(AND(G2="IPC"),B107="30-39",G4=K107),353,IF(AND(AND(G2="IPC"),B107="40-49",G4=K107),456,IF(AND(AND(G2="IPC"),B107="50-60",G4=K107),533,IF(AND(AND(G2="UPC"),B107="30-45",G4=K107),240,IF(AND(AND(G2="UPC"),B107="46-60",G4=K107),400,0))))) -> 0 | L113: =IF(AND(AND(G2="IPC"),B107="30-39",G4=L107),311,IF(AND(AND(G2="IPC"),B107="40-49",G4=L107),403,IF(AND(AND(G2="IPC"),B107="50-60",G4=L107),486,IF(AND(AND(G2="UPC"),B107="30-45",G4=L107),220,IF(AND(AND(G2="UPC"),B107="46-60",G4=L107),365,0))))) -> 0
B114: TOTALS | C114: =IF(C12<=C108,B108,IF(C12<=C109,B109,IF(C12<=C110,B110,IF(C12<=C111,B111,IF(C12<=C112,B112,IF(C12<=C113,B113,"3""")))))) -> 3/4" | D114: =IF(C12<=D108,B108,IF(C12<=D109,B109,IF(C12<=D110,B110,IF(C12<=D111,B111,IF(C12<=D112,B112,IF(C12<=D113,B113,"3""")))))) -> 3/4" | E114: =IF(C12<=E108,B108,IF(C12<=E109,B109,IF(C12<=E110,B110,IF(C12<=E111,B111,IF(C12<=E112,B112,IF(C12<=E113,B113,"3""")))))) -> 3/4" | F114: =IF(C12<=F108,B108,IF(C12<=F109,B109,IF(C12<=F110,B110,IF(C12<=F111,B111,IF(C12<=F112,B112,IF(C12<=F113,B113,"3""")))))) -> 3/4" | G114: =IF(C12<=G108,B108,IF(C12<=G109,B109,IF(C12<=G110,B110,IF(C12<=G111,B111,IF(C12<=G112,B112,IF(C12<=G113,B113,"3""")))))) -> 3/4" | H114: =IF(C12<=H108,B108,IF(C12<=H109,B109,IF(C12<=H110,B110,IF(C12<=H111,B111,IF(C12<=H112,B112,IF(C12<=H113,B113,"3""")))))) -> 3/4" | I114: =IF(C12<=I108,B108,IF(C12<=I109,B109,IF(C12<=I110,B110,IF(C12<=I111,B111,IF(C12<=I112,B112,IF(C12<=I113,B113,"3""")))))) -> 3/4" | J114: =IF(C12<=J108,B108,IF(C12<=J109,B109,IF(C12<=J110,B110,IF(C12<=J111,B111,IF(C12<=J112,B112,IF(C12<=J113,B113,"3""")))))) -> 3/4" | K114: =IF(C12<=K108,B108,IF(C12<=K109,B109,IF(C12<=K110,B110,IF(C12<=K111,B111,IF(C12<=K112,B112,IF(C12<=K113,B113,"3""")))))) -> 3/4" | L114: =IF(C12<=L108,B108,IF(C12<=L109,B109,IF(C12<=L110,B110,IF(C12<=L111,B111,IF(C12<=L112,B112,IF(C12<=L113,B113,"3""")))))) -> 3/4"
C118: UPC
C119: {=INDEX(A2:A11,MATCH(B73:B75,B2:B11,0))} -> #N/A | D119: =SUMIF(_xlfn.ANCHORARRAY(C119),"<>#n/a") -> 0 | E119: <--Adds spilled formula for UPC Urinals | I119: {=INDEX(A2:A11,MATCH(B43:B45,B2:B11,0))} -> #N/A | J119: =SUMIF(_xlfn.ANCHORARRAY(I119),"<>#n/a") -> 0 | K119: <--Adds spilled formula for IPC Urinals
C120: #N/A | D120: =SUMIF(_xlfn.ANCHORARRAY(C122),"<>#n/a") -> 0 | E120: <--Adds spilled formula for UPC Water Closets | I120: #N/A | J120: =SUMIF(_xlfn.ANCHORARRAY(I122),"<>#n/a") -> 0 | K120: <--Adds spilled formula for UPC Water Closets
C121: #N/A | D121: =SUM(D119:D120) -> 0 | E121: <--Total of the above | I121: #N/A | J121: =SUM(J119:J120) -> 0 | K121: <--Total of the above
C122: {=INDEX(A2:A11,MATCH(B78:B81,B2:B11,0))} -> 0 | I122: {=INDEX(A2:A11,MATCH(B49:B52,B2:B11,0))} -> #N/A
...

Sheet Supply (IPC)
D1: SERIAL NUMBER:
A4: INLET PIPE SIZING CHART (IPC)
A5: *Based on Table E103.3(2) IPC
A7: Quantity | C7: Description | G7: Fixture Units | J7: Minimum Pipe Size | M7: Fixture Units
G8: Cold | H8: Hot | I8: Total | J8: Table 604.5 of the IPC | M8: Cold | N8: Hot | O8: Total
A9: 0 | C9: Bathtub (Private) | G9: 1 | H9: 1 | I9: 1.4 | J9: 1/2" | M9: =$A9*G9 -> 0 | N9: =$A9*H9 -> 0 | O9: =$A9*I9 -> 0
A10: 0 | C10: Bathtub (Public) | G10: 3 | H10: 3 | I10: 4 | J10: 1/2" | M10: =$A10*G10 -> 0 | N10: =$A10*H10 -> 0 | O10: =$A10*I10 -> 0
A11: 0 | C11: Dish Washer | G11: 0 | H11: 1.4 | I11: 1.4 | J11: 1/2" | M11: =$A11*G11 -> 0 | N11: =$A11*H11 -> 0 | O11: =$A11*I11 -> 0
A12: 0 | C12: Drinking Fountain | G12: 0.25 | H12: 0 | I12: 0.25 | J12: 3/8" | M12: =$A12*G12 -> 0 | N12: =$A12*H12 -> 0 | O12: =$A12*I12 -> 0
A13: 0 | C13: Kitchen Sink (Private) | G13: 1 | H13: 1 | I13: 1.4 | J13: 1/2" | M13: =$A13*G13 -> 0 | N13: =$A13*H13 -> 0 | O13: =$A13*I13 -> 0
A14: 0 | C14: Kitchen Sink (Hotel/Resta) | G14: 3 | H14: 3 | I14: 4 | J14: 1/2" | M14: =$A14*G14 -> 0 | N14: =$A14*H14 -> 0 | O14: =$A14*I14 -> 0
A15: 0 | C15: Kitchen / Bar Sink | G15: 3 | H15: 3 | I15: 4 | J15: 1/2" | M15: =$A15*G15 -> 0 | N15: =$A15*H15 -> 0 | O15: =$A15*I15 -> 0
A16: 0 | C16: Lavatory(Private) | G16: 0.5 | H16: 0.5 | I16: 0.7 | J16: 3/8" | M16: =$A16*G16 -> 0 | N16: =$A16*H16 -> 0 | O16: =$A16*I16 -> 0
A17: 0 | C17: Lavatory(Public) | G17: 1.5 | H17: 1.5 | I17: 2 | J17: 3/8" | M17: =$A17*G17 -> 0 | N17: =$A17*H17 -> 0 | O17: =$A17*I17 -> 0
A18: 0 | C18: Service Sink | G18: 2.25 | H18: 2.25 | I18: 3 | J18: 1/2" | M18: =$A18*G18 -> 0 | N18: =$A18*H18 -> 0 | O18: =$A18*I18 -> 0
A19: 0 | C19: Shower Head(Public) | G19: 3 | H19: 3 | I19: 4 | J19: 1/2" | M19: =$A19*G19 -> 0 | N19: =$A19*H19 -> 0 | O19: =$A19*I19 -> 0
A20: 0 | C20: Shower Head(Private) | G20: 1 | H20: 1 | I20: 1.4 | J20: 1/2" | M20: =$A20*G20 -> 0 | N20: =$A20*H20 -> 0 | O20: =$A20*I20 -> 0
... A32: 0 | C32: Hose Bib (Assumed) | G32: 5 | H32: 0 | I32: 5 | J32: 1/2" | M32: =$A32*G32 -> 0 | N32: =$A32*H32 -> 0 | O32: =$A32*I32 -> 0
A33: 0 | C33: Misc(Fill-in) | G33: 0 | H33: 0 | I33: 0 | M33: =$A33*G33 -> 0 | N33: =$A33*H33 -> 0 | O33: =$A33*I33 -> 0
A34: 0 | C34: Misc(Fill-in) | G34: 0 | H34: 0 | I34: 0 | M34: =$A34*G34 -> 0 | N34: =$A34*H34 -> 0 | O34: =$A34*I34 -> 0
J35: Total Fixture Units | M35: =SUM(M9:M34) -> 0 | N35: =SUM(N9:N34) -> 0 | O35: =SUM(O9:O34) -> 0
A37: *Based on Table E201.1 of the IPC
A38: 2009 (Pg #141), 2012 (Pg #143) & 2015 (Pg X)
A39: 60' RUNS | D39: 80' RUNS | G39: 100' RUNS | J39: 150' RUNS | M39: 300' RUNS
A40: 30 to 39 PSI
A41: 2 | B41: 1/2" PIPE | D41: 1.5 | E41: 1/2" PIPE | G41: 1.5 | H41: 1/2" PIPE | J41: 1 | K41: 1/2" PIPE | M41: 0.5 | N41: 1/2" PIPE
A42: 7.5 | B42: 3/4" PIPE | D42: 6 | E42: 3/4" PIPE | G42: 5.5 | H42: 3/4" PIPE | J42: 4 | K42: 3/4" PIPE | M42: 2.5 | N42: 3/4" PIPE
A43: 32 | B43: 1" PIPE | D43: 27 | E43: 1" PIPE | G43: 21 | H43: 1" PIPE | J43: 13.5 | K43: 1" PIPE | M43: 7 | N43: 1" PIPE
A44: 80 | B44: 1 1/4" PIPE | D44: 80 | E44: 1 1/4" PIPE | G44: 75 | H44: 1 1/4" PIPE | J44: 54 | K44: 1 1/4" PIPE | M44: 25 | N44: 1 1/4" PIPE
A45: 151 | B45: 1 1/2" PIPE | D45: 151 | E45: 1 1/2" PIPE | G45: 151 | H45: 1 1/2" PIPE | J45: 128 | K45: 1 1/2" PIPE | M45: 72 | N45: 1 1/2" PIPE
A46: 365 | B46: 2" PIPE | D46: 365 | E46: 2" PIPE | G46: 365 | H46: 2" PIPE | J46: 318 | K46: 2" PIPE | M46: 201 | N46: 2" PIPE
A47: 533 | B47: 2 1/2" PIPE | D47: 533 | E47: 2 1/2" PIPE | G47: 533 | H47: 2 1/2" PIPE | J47: 533 | K47: 2 1/2" PIPE | M47: 409 | N47: 2 1/2" PIPE
A48: 40 to 49 PSI
A49: 2.5 | B49: 1/2" PIPE | D49: 2 | E49: 1/2" PIPE | G49: 1.5 | H49: 1/2" PIPE | J49: 1.5 | K49: 1/2" PIPE | M49: 0.5 | N49: 1/2" PIPE
A50: 9.5 | B50: 3/4" PIPE | D50: 8.5 | E50: 3/4" PIPE | G50: 7 | H50: 3/4" PIPE | J50: 5.5 | K50: 3/4" PIPE | M50: 3 | N50: 3/4" PIPE
A51: 32 | B51: 1" PIPE | D51: 32 | E51: 1" PIPE | G51: 32 | H51: 1" PIPE | J51: 21 | K51: 1" PIPE | M51: 9.5 | N51: 1" PIPE
A52: 80 | B52: 1 1/4" PIPE | D52: 80 | E52: 1 1/4" PIPE | G52: 80 | H52: 1 1/4" PIPE | J52: 75 | K52: 1 1/4" PIPE | M52: 39 | N52: 1 1/4" PIPE
A53: 151 | B53: 1 1/2" PIPE | D53: 151 | E53: 1 1/2" PIPE | G53: 151 | H53: 1 1/2" PIPE | J53: 151 | K53: 1 1/2" PIPE | M53: 98 | N53: 1 1/2" PIPE
A54: 365 | B54: 2" PIPE | D54: 365 | E54: 2" PIPE | G54: 365 | H54: 2" PIPE | J54: 365 | K54: 2" PIPE | M54: 270 | N54: 2" PIPE
A55: 533 | B55: 2 1/2" PIPE | D55: 533 | E55: 2 1/2" PIPE | G55: 533 | H55: 2 1/2" PIPE | J55: 533 | K55: 2 1/2" PIPE | M55: 528 | N55: 2 1/2" PIPE
A56: 50 to 59 PSI
A57: 3 | B57: 1/2" PIPE | D57: 2.5 | E57: 1/2" PIPE | G57: 2 | H57: 1/2" PIPE | J57: 1.5 | K57: 1/2" PIPE | M57: 1 | N57: 1/2" PIPE
A58: 9.5 | B58: 3/4" PIPE | D58: 9.5 | E58: 3/4" PIPE | G58: 8.5 | H58: 3/4" PIPE | J58: 6.5 | K58: 3/4" PIPE | M58: 4 | N58: 3/4" PIPE
A59: 32 | B59: 1" PIPE | D59: 32 | E59: 1" PIPE | G59: 32 | H59: 1" PIPE | J59: 30 | K59: 1" PIPE | M59: 13 | N59: 1" PIPE
A60: 80 | B60: 1 1/4" PIPE | D60: 80 | E60: 1 1/4" PIPE | G60: 80 | H60: 1 1/4" PIPE | J60: 80 | K60: 1 1/4" PIPE | M60: 53 | N60: 1 1/4" PIPE
A61: 151 | B61: 1 1/2" PIPE | D61: 151 | E61: 1 1/2" PIPE | G61: 151 | H61: 1 1/2" PIPE | J61: 151 | K61: 1 1/2" PIPE | M61: 126 | N61: 1 1/2" PIPE
A62: 365 | B62: 2" PIPE | D62: 365 | E62: 2" PIPE | G62: 365 | H62: 2" PIPE | J62: 365 | K62: 2" PIPE | M62: 329 | N62: 2" PIPE
A63: 533 | B63: 2 1/2" PIPE | D63: 533 | E63: 2 1/2" PIPE | G63: 533 | H63: 2 1/2" PIPE | J63: 533 | K63: 2 1/2" PIPE | M63: 533 | N63: 2 1/2" PIPE
A64: OVER 60 PSI
A65: 3 | B65: 1/2" PIPE | D65: 3 | E65: 1/2" PIPE | G65: 2.5 | H65: 1/2" PIPE | J65: 2 | K65: 1/2" PIPE | M65: 1 | N65: 1/2" PIPE
A66: 9.5 | B66: 3/4" PIPE | D66: 9.5 | E66: 3/4" PIPE | G66: 9.5 | H66: 3/4" PIPE | J66: 7.5 | K66: 3/4" PIPE | M66: 4.5 | N66: 3/4" PIPE
A67: 32 | B67: 1" PIPE | D67: 32 | E67: 1" PIPE | G67: 32 | H67: 1" PIPE | J67: 32 | K67: 1" PIPE | M67: 17 | N67: 1" PIPE
A68: 80 | B68: 1 1/4" PIPE | D68: 80 | E68: 1 1/4" PIPE | G68: 80 | H68: 1 1/4" PIPE | J68: 80 | K68: 1 1/4" PIPE | M68: 65 | N68: 1 1/4" PIPE
A69: 151 | B69: 1 1/2" PIPE | D69: 151 | E69: 1 1/2" PIPE | G69: 151 | H69: 1 1/2" PIPE | J69: 151 | K69: 1 1/2" PIPE | M69: 151 | N69: 1 1/2" PIPE
A70: 368 | B70: 2" PIPE | D70: 368 | E70: 2" PIPE | G70: 368 | H70: 2" PIPE | J70: 368 | K70: 2" PIPE | M70: 368 | N70: 2" PIPE
A71: 533 | B71: 2 1/2" PIPE | D71: 533 | E71: 2 1/2" PIPE | G71: 533 | H71: 2 1/2" PIPE | J71: 533 | K71: 2 1/2" PIPE | M71: 533 | N71: 2 1/2" PIPE
A73: Cold | E73: Hot | I73: Total
A74: 30 to 39 | B74: 40 to 49 | C74: 50 to 59 | D74: > 60 | E74: 30 to 39 | F74: 40 to 49 | G74: 50 to 59 | H74: > 60 | I74: 30 to 39 | J74: 40 to 49 | K74: 50 to 59 | L74: > 60 | M74: PSI
A75: =IF($M$35<=A41,"1/2",IF($M$35<=A42,"3/4",IF($M$35<=A43,"1",IF($M$35<=A44,"1 1/4",IF($M$35<=A45,"1 1/2",IF($M$35<=A46,"2",IF($M$35<=A47,"2 1/2"))))))) -> 1/2 | B75: =IF($M$35<=A49,"1/2",IF($M$35<=A50,"3/4",IF($M$35<=A51,"1",IF($M$35<=A52,"1 1/4",IF($M$35<=A53,"1 1/2",IF($M$35<=A54,"2",IF($M$35<=A55,"2 1/2"))))))) -> 1/2 | C75: =IF($M$35<=A57,"1/2",IF($M$35<=A58,"3/4",IF($M$35<=A59,"1",IF($M$35<=A60,"1 1/4",IF($M$35<=A61,"1 1/2",IF($M$35<=A62,"2",IF($M$35<=A63,"2 1/2"))))))) -> 1/2 | D75: =IF($M$35<=A65,"1/2",IF($M$35<=A66,"3/4",IF($M$35<=A67,"1",IF($M$35<=A68,"1 1/4",IF($M$35<=A69,"1 1/2",IF($M$35<=A70,"2",IF($M$35<=A71,"2 1/2"))))))) -> 1/2 | E75: =IF($N$35<=A41,"1/2",IF($N$35<=A42,"3/4",IF($N$35<=A43,"1",IF($N$35<=A44,"1 1/4",IF($N$35<=A45,"1 1/2",IF($N$35<=A46,"2",IF($N$35<=A47,"2 1/2"))))))) -> 1/2 | F75: =IF($N$35<=A49,"1/2",IF($N$35<=A50,"3/4",IF($N$35<=A51,"1",IF($N$35<=A52,"1 1/4",IF($N$35<=A53,"1 1/2",IF($N$35<=A54,"2",IF($N$35<=A55,"2 1/2"))))))) -> 1/2 | G75: =IF($N$35<=A57,"1/2",IF($N$35<=A58,"3/4",IF($N$35<=A59,"1",IF($N$35<=A60,"1 1/4",IF($N$35<=A61,"1 1/2",IF($N$35<=A62,"2",IF($N$35<=A63,"2 1/2"))))))) -> 1/2 | H75: =IF($N$35<=A65,"1/2",IF($N$35<=A66,"3/4",IF($N$35<=A67,"1",IF($N$35<=A68,"1 1/4",IF($N$35<=A69,"1 1/2",IF($N$35<=A70,"2",IF($N$35<=A71,"2 1/2"))))))) -> 1/2 | I75: =IF($O$35<=A42,"3/4",IF($O$35<=A43,"1",IF($O$35<=A44,"1 1/4",IF($O$35<=A45,"1 1/2",IF($O$35<=A46,"2",IF($O$35<=A47,"2 1/2")))))) -> 3/4 | J75: =IF($O$35<=A50,"3/4",IF($O$35<=A51,"1",IF($O$35<=A52,"1 1/4",IF($O$35<=A53,"1 1/2",IF($O$35<=A54,"2",IF($O$35<=A55,"2 1/2")))))) -> 3/4 | K75: =IF($O$35<=A58,"3/4",IF($O$35<=A59,"1",IF($O$35<=A60,"1 1/4",IF($O$35<=A61,"1 1/2",IF($O$35<=A62,"2",IF($O$35<=A63,"2 1/2")))))) -> 3/4 | L75: =IF($O$35<=A66,"3/4",IF($O$35<=A67,"1",IF($O$35<=A68,"1 1/4",IF($O$35<=A69,"1 1/2",IF($O$35<=A70,"2",IF($O$35<=A71,"2 1/2")))))) -> 3/4 | M75: FOR 60' RUNS
A76: =IF($M$35<=D41,"1/2",IF($M$35<=D42,"3/4",IF($M$35<=D43,"1",IF($M$35<=D44,"1 1/4",IF($M$35<=D45,"1 1/2",IF($M$35<=D46,"2",IF($M$35<=D47,"2 1/2"))))))) -> 1/2 | B76: =IF($M$35<=D49,"1/2",IF($M$35<=D50,"3/4",IF($M$35<=D51,"1",IF($M$35<=D52,"1 1/4",IF($M$35<=D53,"1 1/2",IF($M$35<=D54,"2",IF($M$35<=D55,"2 1/2"))))))) -> 1/2 | C76: =IF($M$35<=D57,"1/2",IF($M$35<=D58,"3/4",IF($M$35<=D59,"1",IF($M$35<=D60,"1 1/4",IF($M$35<=D61,"1 1/2",IF($M$35<=D62,"2",IF($M$35<=D63,"2 1/2"))))))) -> 1/2 | D76: =IF($M$35<=D65,"1/2",IF($M$35<=D66,"3/4",IF($M$35<=D67,"1",IF($M$35<=D68,"1 1/4",IF($M$35<=D69,"1 1/2",IF($M$35<=D70,"2",IF($M$35<=D71,"2 1/2"))))))) -> 1/2 | E76: =IF($N$35<=D41,"1/2",IF($N$35<=D42,"3/4",IF($N$35<=D43,"1",IF($N$35<=D44,"1 1/4",IF($N$35<=D45,"1 1/2",IF($N$35<=D46,"2",IF($N$35<=D47,"2 1/2"))))))) -> 1/2 | F76: =IF($N$35<=D49,"1/2",IF($N$35<=D50,"3/4",IF($N$35<=D51,"1",IF($N$35<=D52,"1 1/4",IF($N$35<=D53,"1 1/2",IF($N$35<=D54,"2",IF($N$35<=D55,"2 1/2"))))))) -> 1/2 | G76: =IF($N$35<=D57,"1/2",IF($N$35<=D58,"3/4",IF($N$35<=D59,"1",IF($N$35<=D60,"1 1/4",IF($N$35<=D61,"1 1/2",IF($N$35<=D62,"2",IF($N$35<=D63,"2 1/2"))))))) -> 1/2 | H76: =IF($N$35<=D65,"1/2",IF($N$35<=D66,"3/4",IF($N$35<=D67,"1",IF($N$35<=D68,"1 1/4",IF($N$35<=D69,"1 1/2",IF($N$35<=D70,"2",IF($N$35<=D71,"2 1/2"))))))) -> 1/2 | I76: =IF($O$35<=D42,"3/4",IF($O$35<=D43,"1",IF($O$35<=D44,"1 1/4",IF($O$35<=D45,"1 1/2",IF($O$35<=D46,"2",IF($O$35<=D47,"2 1/2")))))) -> 3/4 | J76: =IF($O$35<=D50,"3/4",IF($O$35<=D51,"1",IF($O$35<=D52,"1 1/4",IF($O$35<=D53,"1 1/2",IF($O$35<=D54,"2",IF($O$35<=D55,"2 1/2")))))) -> 3/4 | K76: =IF($O$35<=D58,"3/4",IF($O$35<=D59,"1",IF($O$35<=D60,"1 1/4",IF($O$35<=D61,"1 1/2",IF($O$35<=D62,"2",IF($O$35<=D63,"2 1/2")))))) -> 3/4 | L76: =IF($O$35<=D66,"3/4",IF($O$35<=D67,"1",IF($O$35<=D68,"1 1/4",IF($O$35<=D69,"1 1/2",IF($O$35<=D70,"2",IF($O$35<=D71,"2 1/2")))))) -> 3/4 | M76: FOR 80' RUNS
A77: =IF($M$35<=G41,"1/2",IF($M$35<=G42,"3/4",IF($M$35<=G43,"1",IF($M$35<=G44,"1 1/4",IF($M$35<=G45,"1 1/2",IF($M$35<=G46,"2",IF($M$35<=G47,"2 1/2"))))))) -> 1/2 | B77: =IF($M$35<=G49,"1/2",IF($M$35<=G50,"3/4",IF($M$35<=G51,"1",IF($M$35<=G52,"1 1/4",IF($M$35<=G53,"1 1/2",IF($M$35<=G54,"2",IF($M$35<=G55,"2 1/2"))))))) -> 1/2 | C77: =IF($M$35<=G57,"1/2",IF($M$35<=G58,"3/4",IF($M$35<=G59,"1",IF($M$35<=G60,"1 1/4",IF($M$35<=G61,"1 1/2",IF($M$35<=G62,"2",IF($M$35<=G63,"2 1/2"))))))) -> 1/2 | D77: =IF($M$35<=G65,"1/2",IF($M$35<=G66,"3/4",IF($M$35<=G67,"1",IF($M$35<=G68,"1 1/4",IF($M$35<=G69,"1 1/2",IF($M$35<=G70,"2",IF($M$35<=G71,"2 1/2"))))))) -> 1/2 | E77: =IF($N$35<=G41,"1/2",IF($N$35<=G42,"3/4",IF($N$35<=G43,"1",IF($N$35<=G44,"1 1/4",IF($N$35<=G45,"1 1/2",IF($N$35<=G46,"2",IF($N$35<=G47,"2 1/2"))))))) -> 1/2 | F77: =IF($N$35<=G49,"1/2",IF($N$35<=G50,"3/4",IF($N$35<=G51,"1",IF($N$35<=G52,"1 1/4",IF($N$35<=G53,"1 1/2",IF($N$35<=G54,"2",IF($N$35<=G55,"2 1/2"))))))) -> 1/2 | G77: =IF($N$35<=G57,"1/2",IF($N$35<=G58,"3/4",IF($N$35<=G59,"1",IF($N$35<=G60,"1 1/4",IF($N$35<=G61,"1 1/2",IF($N$35<=G62,"2",IF($N$35<=G63,"2 1/2"))))))) -> 1/2 | H77: =IF($N$35<=G65,"1/2",IF($N$35<=G66,"3/4",IF($N$35<=G67,"1",IF($N$35<=G68,"1 1/4",IF($N$35<=G69,"1 1/2",IF($N$35<=G70,"2",IF($N$35<=G71,"2 1/2"))))))) -> 1/2 | I77: =IF($O$35<=G42,"3/4",IF($O$35<=G43,"1",IF($O$35<=G44,"1 1/4",IF($O$35<=G45,"1 1/2",IF($O$35<=G46,"2",IF($O$35<=G47,"2 1/2")))))) -> 3/4 | J77: =IF($O$35<=G50,"3/4",IF($O$35<=G51,"1",IF($O$35<=G52,"1 1/4",IF($O$35<=G53,"1 1/2",IF($O$35<=G54,"2",IF($O$35<=G55,"2 1/2")))))) -> 3/4 | K77: =IF($O$35<=G58,"3/4",IF($O$35<=G59,"1",IF($O$35<=G60,"1 1/4",IF($O$35<=G61,"1 1/2",IF($O$35<=G62,"2",IF($O$35<=G63,"2 1/2")))))) -> 3/4 | L77: =IF($O$35<=G66,"3/4",IF($O$35<=G67,"1",IF($O$35<=G68,"1 1/4",IF($O$35<=G69,"1 1/2",IF($O$35<=G70,"2",IF($O$35<=G71,"2 1/2")))))) -> 3/4 | M77: FOR 100' RUNS
A78: =IF($M$35<=J41,"1/2",IF($M$35<=J42,"3/4",IF($M$35<=J43,"1",IF($M$35<=J44,"1 1/4",IF($M$35<=J45,"1 1/2",IF($M$35<=J46,"2",IF($M$35<=J47,"2 1/2"))))))) -> 1/2 | B78: =IF($M$35<=J49,"1/2",IF($M$35<=J50,"3/4",IF($M$35<=J51,"1",IF($M$35<=J52,"1 1/4",IF($M$35<=J53,"1 1/2",IF($M$35<=J54,"2",IF($M$35<=J55,"2 1/2"))))))) -> 1/2 | C78: =IF($M$35<=J57,"1/2",IF($M$35<=J58,"3/4",IF($M$35<=J59,"1",IF($M$35<=J60,"1 1/4",IF($M$35<=J61,"1 1/2",IF($M$35<=J62,"2",IF($M$35<=J63,"2 1/2"))))))) -> 1/2 | D78: =IF($M$35<=J65,"1/2",IF($M$35<=J66,"3/4",IF($M$35<=J67,"1",IF($M$35<=J68,"1 1/4",IF($M$35<=J69,"1 1/2",IF($M$35<=J70,"2",IF($M$35<=J71,"2 1/2"))))))) -> 1/2 | E78: =IF($N$35<=J41,"1/2",IF($N$35<=J42,"3/4",IF($N$35<=J43,"1",IF($N$35<=J44,"1 1/4",IF($N$35<=J45,"1 1/2",IF($N$35<=J46,"2",IF($N$35<=J47,"2 1/2"))))))) -> 1/2 | F78: =IF($N$35<=J49,"1/2",IF($N$35<=J50,"3/4",IF($N$35<=J51,"1",IF($N$35<=J52,"1 1/4",IF($N$35<=J53,"1 1/2",IF($N$35<=J54,"2",IF($N$35<=J55,"2 1/2"))))))) -> 1/2 | G78: =IF($N$35<=J57,"1/2",IF($N$35<=J58,"3/4",IF($N$35<=J59,"1",IF($N$35<=J60,"1 1/4",IF($N$35<=J61,"1 1/2",IF($N$35<=J62,"2",IF($N$35<=J63,"2 1/2"))))))) -> 1/2 | H78: =IF($N$35<=J65,"1/2",IF($N$35<=J66,"3/4",IF($N$35<=J67,"1",IF($N$35<=J68,"1 1/4",IF($N$35<=J69,"1 1/2",IF($N$35<=J70,"2",IF($N$35<=J71,"2 1/2"))))))) -> 1/2 | I78: =IF($O$35<=J42,"3/4",IF($O$35<=J43,"1",IF($O$35<=J44,"1 1/4",IF($O$35<=J45,"1 1/2",IF($O$35<=J46,"2",IF($O$35<=J47,"2 1/2")))))) -> 3/4 | J78: =IF($O$35<=J50,"3/4",IF($O$35<=J51,"1",IF($O$35<=J52,"1 1/4",IF($O$35<=J53,"1 1/2",IF($O$35<=J54,"2",IF($O$35<=J55,"2 1/2")))))) -> 3/4 | K78: =IF($O$35<=J58,"3/4",IF($O$35<=J59,"1",IF($O$35<=J60,"1 1/4",IF($O$35<=J61,"1 1/2",IF($O$35<=J62,"2",IF($O$35<=J63,"2 1/2")))))) -> 3/4 | L78: =IF($O$35<=J66,"3/4",IF($O$35<=J67,"1",IF($O$35<=J68,"1 1/4",IF($O$35<=J69,"1 1/2",IF($O$35<=J70,"2",IF($O$35<=J71,"2 1/2")))))) -> 3/4 | M78: FOR 150' RUNS
A79: =IF($M$35<=M41,"1/2",IF($M$35<=M42,"3/4",IF($M$35<=M43,"1",IF($M$35<=M44,"1 1/4",IF($M$35<=M45,"1 1/2",IF($M$35<=M46,"2",IF($M$35<=M47,"2 1/2"))))))) -> 1/2 | B79: =IF($M$35<=M49,"1/2",IF($M$35<=M50,"3/4",IF($M$35<=M51,"1",IF($M$35<=M52,"1 1/4",IF($M$35<=M53,"1 1/2",IF($M$35<=M54,"2",IF($M$35<=M55,"2 1/2"))))))) -> 1/2 | C79: =IF($M$35<=M57,"1/2",IF($M$35<=M58,"3/4",IF($M$35<=M59,"1",IF($M$35<=M60,"1 1/4",IF($M$35<=M61,"1 1/2",IF($M$35<=M62,"2",IF($M$35<=M63,"2 1/2"))))))) -> 1/2 | D79: =IF($M$35<=M65,"1/2",IF($M$35<=M66,"3/4",IF($M$35<=M67,"1",IF($M$35<=M68,"1 1/4",IF($M$35<=M69,"1 1/2",IF($M$35<=M70,"2",IF($M$35<=M71,"2 1/2"))))))) -> 1/2 | E79: =IF($N$35<=M41,"1/2",IF($N$35<=M42,"3/4",IF($N$35<=M43,"1",IF($N$35<=M44,"1 1/4",IF($N$35<=M45,"1 1/2",IF($N$35<=M46,"2",IF($N$35<=M47,"2 1/2"))))))) -> 1/2 | F79: =IF($N$35<=M49,"1/2",IF($N$35<=M50,"3/4",IF($N$35<=M51,"1",IF($N$35<=M52,"1 1/4",IF($N$35<=M53,"1 1/2",IF($N$35<=M54,"2",IF($N$35<=M55,"2 1/2"))))))) -> 1/2 | G79: =IF($N$35<=M57,"1/2",IF($N$35<=M58,"3/4",IF($N$35<=M59,"1",IF($N$35<=M60,"1 1/4",IF($N$35<=M61,"1 1/2",IF($N$35<=M62,"2",IF($N$35<=M63,"2 1/2"))))))) -> 1/2 | H79: =IF($N$35<=M65,"1/2",IF($N$35<=M66,"3/4",IF($N$35<=M67,"1",IF($N$35<=M68,"1 1/4",IF($N$35<=M69,"1 1/2",IF($N$35<=M70,"2",IF($N$35<=M71,"2 1/2"))))))) -> 1/2 | I79: =IF($O$35<=M42,"3/4",IF($O$35<=M43,"1",IF($O$35<=M44,"1 1/4",IF($O$35<=M45,"1 1/2",IF($O$35<=M46,"2",IF($O$35<=M47,"2 1/2")))))) -> 3/4 | J79: =IF($O$35<=M50,"3/4",IF($O$35<=M51,"1",IF($O$35<=M52,"1 1/4",IF($O$35<=M53,"1 1/2",IF($O$35<=M54,"2",IF($O$35<=M55,"2 1/2")))))) -> 3/4 | K79: =IF($O$35<=M58,"3/4",IF($O$35<=M59,"1",IF($O$35<=M60,"1 1/4",IF($O$35<=M61,"1 1/2",IF($O$35<=M62,"2",IF($O$35<=M63,"2 1/2")))))) -> 3/4 | L79: =IF($O$35<=M66,"3/4",IF($O$35<=M67,"1",IF($O$35<=M68,"1 1/4",IF($O$35<=M69,"1 1/2",IF($O$35<=M70,"2",IF($O$35<=M71,"2 1/2")))))) -> 3/4 | M79: FOR 300' RUNS
A81: MIN. INLET SIZE IS 3/4" (IPC, SECTION(S) 603.1 & E104.1)

Sheet Waste (IPC)
D1: SERIAL NUMBER:
A4: WASTE MAIN TRUNK SIZE (IPC)
A5: *Based on Table 709.1 (Drain) Table 906.1 (Vent) of the IPC
A7: Quantity | C7: Description | H7: Fixture Units | K7: Min. Trap Size | M7: Min. Drain Size | O7: Total
A8: 0 | C8: Bathtub or Bath/Shower | H8: 2 | J8: = | K8: 1.5" | M8: 1.5" | O8: =H8*A8 -> 0
A9: 0 | C9: Clothes Washer | H9: 3 | J9: = | K9: 2" | M9: 2" | O9: =H9*A9 -> 0
A10: 0 | C10: Dish Washer | H10: 2 | J10: = | K10: 1.5" | M10: 2" | O10: =H10*A10 -> 0
A11: 0 | C11: Drinking Fountain | H11: 0.5 | J11: = | K11: 1.25" | M11: 1.25" | O11: =H11*A11 -> 0
A12: 0 | C12: Floor Drain | H12: 2 | J12: = | K12: 2" | M12: 2" | O12: =H12*A12 -> 0
A13: 0 | C13: Floor sink | H13: 2 | J13: = | K13: 2" | M13: 2" | O13: =H13*A13 -> 0
A14: 0 | C14: Shower (5.7 gpm or less) | H14: 2 | J14: = | K14: 1.5" | M14: 2" | O14: =H14*A14 -> 0
A15: 0 | C15: Shower (> 5.7 to = 12.3 gpm) | H15: 3 | J15: = | K15: 2" | M15: 2" | O15: =H15*A15 -> 0
A16: 0 | C16: Shower (> 12.3 to = 25.8 gpm) | H16: 5 | J16: = | K16: 3" | M16: 3" | O16: =H16*A16 -> 0
A17: 0 | C17: Shower (> 25.8 to = 55.6 gpm) | H17: 6 | J17: = | K17: 4" | M17: 4" | O17: =H17*A17 -> 0
A18: 0 | C18: Eye Wash Station | H18: 2 | J18: = | K18: 2" | M18: 2" | O18: =H18*A18 -> 0
A19: 0 | C19: Lavatory | H19: 1 | J19: = | K19: 1.25" | M19: 1.5" | O19: =H19*A19 -> 0
... A21: 0 | C21: Bar | H21: 2 | J21: = | K21: 1.5" | M21: 2" | O21: =H21*A21 -> 0
A22: 0 | C22: Misc(Fill-in) | J22: = | O22: =H22*A22 -> 0
A23: 0 | C23: Misc(Fill-in) | J23: = | O23: =H23*A23 -> 0
A24: 0 | C24: Misc(Fill-in) | J24: = | O24: =H24*A24 -> 0
A25: 0 | C25: Misc(Fill-in) | J25: = | O25: =H25*A25 -> 0
A26: 0 | C26: Misc(Fill-in) | J26: = | O26: =H26*A26 -> 0
A27: 0 | C27: Misc(Fill-in) | J27: = | O27: =H27*A27 -> 0
A28: 0 | C28: Misc(Fill-in) | J28: = | O28: =H28*A28 -> 0
A29: 0 | C29: Misc(Fill-in) | J29: = | O29: =H29*A29 -> 0
A30: Urinals
A31: 0 | C31: Urinal (> 1.0 GPF) | H31: 4 | J31: = | K31: Integral | M31: 2" | O31: =H31*A31 -> 0
A32: 0 | C32: Urinal (<=1.0 GPF) | H32: 2 | J32: = | K32: Integral | M32: 2" | O32: =H32*A32 -> 0
A33: 0 | C33: Urinal(Waterless) | H33: 0.5 | J33: = | K33: Integral | M33: 2" | O33: =H33*A33 -> 0
A34: Water Closets (1.6 GPF) Gravity Tank
A35: 0 | C35: Private | H35: 3 | J35: = | K35: Integral | M35: 3" | O35: =H35*A35 -> 0
A36: 0 | C36: Public | H36: 4 | J36: = | K36: Integral | M36: 3" | O36: =H36*A36 -> 0
A37: Water Closets (>1.6 GPF) Gravity Tank
A38: 0 | C38: Private | H38: 4 | J38: = | K38: Integral | M38: 3" | O38: =H38*A38 -> 0
A39: 0 | C39: Public | H39: 6 | J39: = | K39: Integral | M39: 3" | O39: =H39*A39 -> 0
A40: Water Closets Flushometer Tank
A41: 0 | C41: Private / Public | H41: 4 | J41: = | K41: Integral | M41: 3" | O41: =H41*A41 -> 0
K42: Total Fixture Units | N42: = | O42: =SUM(O8:O19,O21:O29,O32:O33,O35:O36,O38:O41) -> 0
K43: Min. Vent Size (in) | N43: = | O43: =IF(O42<=2,"1-1/4",(IF(O42<=10,"1-1/2",(IF(O42<=20,"2",(IF(O42<=102,"3",IF(O42<=320,"4")))))))) -> 1-1/4
K44: Main Trunk Size (in) | N44: = | O44: =IF((SUM(A32:B33,A35:B36,A38:B41))=0,"2",IF((SUM(A32:B33,A35:B36,A38:B41))<=3,"3",IF((SUM(A32:B33,A35:B36,A38:B41))>=4,"4",IF(O42<=21,"2",IF(O42<=42,"3",IF(O42<=216,"4")))))) -> 2
A46: *Minimum size of any building drain serving a water closet shall be 3"
A48: **4 or more water closets/urinals require a minimum of 4"

Sheet Supply (UPC & CPC)
D1: SERIAL NUMBER:
A4: INLET PIPE SIZING CHART (CPC & UPC)
A5: *Based on Table 610.3 (Drain & Vents)
A7: Quantity | C7: Description | F7: Fixture Units | I7: Minimum Pipe Size | N7: Total Overall
N8: Water F.U.
A9: 0 | C9: Bar Sink | F9: 2 | I9: 1/2" | N9: =A9*F9 -> 0
A10: 0 | C10: Bathtub | F10: 4 | I10: 1/2" | N10: =A10*F10 -> 0
A11: 0 | C11: Dish Washer | F11: 1.5 | I11: 1/2" | N11: =A11*F11 -> 0
A12: 0 | C12: Drinking Fountain | F12: 0.5 | I12: 1/2" | N12: =A12*F12 -> 0
A13: 0 | C13: Kitchen Sink | F13: 1.5 | I13: 1/2" | N13: =A13*F13 -> 0
A14: 0 | C14: Lavatory | F14: 1 | I14: 1/2" | N14: =A14*F14 -> 0
A15: 0 | C15: Service Sink | F15: 3 | I15: 1/2" | N15: =A15*F15 -> 0
A16: 0 | C16: Shower Head | F16: 2 | I16: 1/2" | N16: =A16*F16 -> 0
A17: 0 | C17: 1st Urinal | F17: 20 | I17: 3/4" | N17: =A17*F17 -> 0
A18: 0 | C18: 2nd Urinal | F18: 15 | I18: 3/4" | N18: =A18*F18 -> 0
A19: 0 | C19: 3rd Urinal | F19: 10 | I19: 3/4" | N19: =A19*F19 -> 0
A20: 0 | C20: 4th Urinal | F20: 8 | I20: 3/4" | N20: =A20*F20 -> 0
... A27: 0 | C27: 3rd Water Closet FV | F27: 20 | I27: 1" | N27: =A27*F27 -> 0
A28: 0 | C28: 4th Water Closet FV | F28: 15 | I28: 1 | N28: =A28*F28 -> 0
A29: 0 | C29: 5th Water Closet FV + | F29: 10 | I29: 1" | N29: =A29*F29 -> 0
A30: 0 | C30: Water Closet (Tank) | F30: 2.5 | I30: 1/2" | N30: =A30*F30 -> 0
A31: 0 | C31: Drain | F31: 1 | I31: 3/8" | N31: =A31*F31 -> 0
A32: 0 | C32: Misc(Fill-in) | N32: =A32*F32 -> 0
A33: 0 | C33: Misc(Fill-in) | N33: =A33*F33 -> 0
A34: 0 | C34: Misc(Fill-in) | N34: =A34*F34 -> 0
A35: 0 | C35: Misc(Fill-in) | N35: =A35*F35 -> 0
K36: Total Fixture Units | N36: =N9+N10+N11+N12+N13+N14+N15+N16+N17+N18+N19+N20+N21+N22+N23+N25+N26+N27+N28+N29+N30+N31+N32+N33+N34+N35 -> 0
A38: *Based on Table 610.4 of the 2012 UPC (Pg. #106)
A39: *Based on Table 610.4 of the 2016 CPC (Pg. #151)
A40: 60' RUNS | D40: 80' RUNS | G40: 100' RUNS | J40: 150' RUNS | M40: 300' RUNS
A41: 30 to 45 PSI
A42: 5 | B42: 1/2" PIPE | D42: 4 | E42: 1/2" PIPE | G42: 3 | H42: 1/2" PIPE | J42: 2 | K42: 1/2" PIPE | M42: 1 | N42: 1/2" PIPE
A43: 16 | B43: 3/4" PIPE | D43: 14 | E43: 3/4" PIPE | G43: 12 | H43: 3/4" PIPE | J43: 9 | K43: 3/4" PIPE | M43: 5 | N43: 3/4" PIPE
A44: 31 | B44: 1" PIPE | D44: 27 | E44: 1" PIPE | G44: 25 | H44: 1" PIPE | J44: 20 | K44: 1" PIPE | M44: 13 | N44: 1" PIPE
A45: 68 | B45: 1 1/4" PIPE | D45: 57 | E45: 1 1/4" PIPE | G45: 48 | H45: 1 1/4" PIPE | J45: 38 | K45: 1 1/4" PIPE | M45: 25 | N45: 1 1/4" PIPE
A46: 151 | B46: 1 1/2" PIPE | D46: 129 | E46: 1 1/2" PIPE | G46: 110 | H46: 1 1/2" PIPE | J46: 80 | K46: 1 1/2" PIPE | M46: 46 | N46: 1 1/2" PIPE
A47: 370 | B47: 2" PIPE | D47: 292 | E47: 2" PIPE | G47: 265 | H47: 2" PIPE | J47: 217 | K47: 2" PIPE | M47: 147 | N47: 2" PIPE
A48: 445 | B48: 2 1/2" PIPE | D48: 390 | E48: 2 1/2" PIPE | G48: 370 | H48: 2 1/2" PIPE | J48: 330 | K48: 2 1/2" PIPE | M48: 265 | N48: 2 1/2" PIPE
A49: 46 to 60 PSI
A50: 7 | B50: 1/2" PIPE | D50: 6 | E50: 1/2" PIPE | G50: 5 | H50: 1/2" PIPE | J50: 4 | K50: 1/2" PIPE | M50: 2 | N50: 1/2" PIPE
A51: 20 | B51: 3/4" PIPE | D51: 19 | E51: 3/4" PIPE | G51: 17 | H51: 3/4" PIPE | J51: 14 | K51: 3/4" PIPE | M51: 8 | N51: 3/4" PIPE
A52: 39 | B52: 1" PIPE | D52: 39 | E52: 1" PIPE | G52: 36 | H52: 1" PIPE | J52: 30 | K52: 1" PIPE | M52: 20 | N52: 1" PIPE
A53: 78 | B53: 1 1/4" PIPE | D53: 78 | E53: 1 1/4" PIPE | G53: 78 | H53: 1 1/4" PIPE | J53: 66 | K53: 1 1/4" PIPE | M53: 39 | N53: 1 1/4" PIPE
A54: 151 | B54: 1 1/2" PIPE | D54: 151 | E54: 1 1/2" PIPE | G54: 151 | H54: 1 1/2" PIPE | J54: 150 | K54: 1 1/2" PIPE | M54: 84 | N54: 1 1/2" PIPE
A55: 370 | B55: 2" PIPE | D55: 370 | E55: 2" PIPE | G55: 370 | H55: 2" PIPE | J55: 368 | K55: 2" PIPE | M55: 250 | N55: 2" PIPE
A56: 640 | B56: 2 1/2" PIPE | D56: 610 | E56: 2 1/2" PIPE | G56: 580 | H56: 2 1/2" PIPE | J56: 535 | K56: 2 1/2" PIPE | M56: 440 | N56: 2 1/2" PIPE
A57: OVER 60 PSI
A58: 7 | B58: 1/2" PIPE | D58: 7 | E58: 1/2" PIPE | G58: 6 | H58: 1/2" PIPE | J58: 5 | K58: 1/2" PIPE | M58: 3 | N58: 1/2" PIPE
A59: 20 | B59: 3/4" PIPE | D59: 20 | E59: 3/4" PIPE | G59: 20 | H59: 3/4" PIPE | J59: 17 | K59: 3/4" PIPE | M59: 10 | N59: 3/4" PIPE
A60: 39 | B60: 1" PIPE | D60: 39 | E60: 1" PIPE | G60: 39 | H60: 1" PIPE | J60: 38 | K60: 1" PIPE | M60: 26 | N60: 1" PIPE
A61: 78 | B61: 1 1/4" PIPE | D61: 78 | E61: 1 1/4" PIPE | G61: 78 | H61: 1 1/4" PIPE | J61: 78 | K61: 1 1/4" PIPE | M61: 54 | N61: 1 1/4" PIPE
A62: 151 | B62: 1 1/2" PIPE | D62: 151 | E62: 1 1/2" PIPE | G62: 151 | H62: 1 1/2" PIPE | J62: 151 | K62: 1 1/2" PIPE | M62: 122 | N62: 1 1/2" PIPE
A63: 370 | B63: 2" PIPE | D63: 370 | E63: 2" PIPE | G63: 370 | H63: 2" PIPE | J63: 370 | K63: 2" PIPE | M63: 340 | N63: 2" PIPE
A64: 654 | B64: 2 1/2" PIPE | D64: 654 | E64: 2 1/2" PIPE | G64: 654 | H64: 2 1/2" PIPE | J64: 654 | K64: 2 1/2" PIPE | M64: 570 | N64: 2 1/2" PIPE
F66: 30 to 45 | G66: 46 to 60 | H66: > 60 | I66: PSI
D67: Inlet Pipe Size | F67: =IF(N36<=A43,"3/4",IF(N36<=A44,"1",IF(N36<=A45,"1 1/4",IF(N36<=A46,"1 1/2",IF(N36<=A47,"2",IF(N36<=A48,"2 1/2")))))) -> 3/4 | G67: =IF(N36<=A51,"3/4",IF(N36<=A52,"1",IF(N36<=A53,"1 1/4",IF(N36<=A54,"1 1/2",IF(N36<=A55,"2",IF(N36<=A56,"2 1/2")))))) -> 3/4 | H67: =IF(N36<=A59,"3/4",IF(N36<=A60,"1",IF(N36<=A61,"1 1/4",IF(N36<=A62,"1 1/2",IF(N36<=A63,"2",IF(N36<=A64,"2 1/2")))))) -> 3/4 | I67: FOR 60' RUNS
F68: =IF(N36<=D43,"3/4",IF(N36<=D44,"1",IF(N36<=D45,"1 1/4",IF(N36<=D46,"1 1/2",IF(N36<=D47,"2",IF(#REF!<=D48,"2 1/2")))))) -> 3/4 | G68: =IF(N36<=D51,"3/4",IF(N36<=D52,"1",IF(N36<=D53,"1 1/4",IF(N36<=D54,"1 1/2",IF(N36<=D55,"2",IF(N36<=D56,"2 1/2")))))) -> 3/4 | H68: =IF(N36<=D59,"3/4",IF(N36<=D60,"1",IF(N36<=D61,"1 1/4",IF(N36<=D62,"1 1/2",IF(N36<=D63,"2",IF(N36<=D64,"2 1/2")))))) -> 3/4 | I68: FOR 80' RUNS
F69: =IF(N36<=G43,"3/4",IF(N36<=G44,"1",IF(N36<=G45,"1 1/4",IF(N36<=G46,"1 1/2",IF(N36<=G47,"2",IF(N36<=G48,"2 1/2")))))) -> 3/4 | G69: =IF(N36<=G51,"3/4",IF(N36<=G52,"1",IF(N36<=G53,"1 1/4",IF(N36<=G54,"1 1/2",IF(N36<=G55,"2",IF(N36<=G56,"2 1/2")))))) -> 3/4 | H69: =IF(N36<=G59,"3/4",IF(N36<=G60,"1",IF(N36<=G61,"1 1/4",IF(N36<=G62,"1 1/2",IF(N36<=G63,"2",IF(N36<=G64,"2 1/2")))))) -> 3/4 | I69: FOR 100' RUNS
F70: =IF(N36<=J43,"3/4",IF(N36<=J44,"1",IF(N36<=J45,"1 1/4",IF(N36<=J46,"1 1/2",IF(N36<=J47,"2",IF(N36<=J48,"2 1/2")))))) -> 3/4 | G70: =IF(N36<=J51,"3/4",IF(N36<=J52,"1",IF(N36<=J53,"1 1/4",IF(N36<=J54,"1 1/2",IF(N36<=J55,"2",IF(N36<=J56,"2 1/2")))))) -> 3/4 | H70: =IF(N36<=J59,"3/4",IF(N36<=J60,"1",IF(N36<=J61,"1 1/4",IF(N36<=J62,"1 1/2",IF(N36<=J63,"2",IF(N36<=J64,"2 1/2")))))) -> 3/4 | I70: FOR 150' RUNS
F71: =IF(N36<=M43,"3/4",IF(N36<=M44,"1",IF(N36<=M45,"1 1/4",IF(N36<=M46,"1 1/2",IF(N36<=M47,"2",IF(N36<=M48,"2 1/2")))))) -> 3/4 | G71: =IF(N36<=M51,"3/4",IF(N36<=M52,"1",IF(N36<=M53,"1 1/4",IF(N36<=M54,"1 1/2",IF(N36<=M55,"2",IF(N36<=M56,"2 1/2")))))) -> 3/4 | H71: =IF(N36<=M59,"3/4",IF(N36<=M60,"1",IF(N36<=M61,"1 1/4",IF(N36<=M62,"1 1/2",IF(N36<=M63,"2",IF(N36<=M64,"2 1/2")))))) -> 3/4 | I71: FOR 300' RUNS
A74: MIN. INLET SIZE IS 3/4" (UPC, TABLE 610.4, FOOTNOTE 2)

Sheet Waste (UPC & CPC)
D1: SERIAL NUMBER:
A4: WASTE MAIN TRUNK SIZE (UPC & CPC)
A5: *Based on Table 702.1 of the UPC and CPC
A7: Quantity | C7: Description | H7: Fixture Units | K7: Min. Trap Size | M7: Min. Drain Size | O7: Total
A8: 0 | C8: Bathtub or Bath/Shower | H8: 2 | J8: = | K8: 1.5" | M8: 1.5" | O8: =H8*A8 -> 0
A9: 0 | C9: Clothes Washer | H9: 3 | J9: = | K9: 2" | M9: 2" | O9: =H9*A9 -> 0
A10: 0 | C10: Dish Washer | H10: 2 | J10: = | K10: 1.5" | M10: 2" | O10: =H10*A10 -> 0
A11: 0 | C11: Drinking Fountain (Public) | H11: 0.5 | J11: = | K11: 1.25" | M11: 1.25" | O11: =H11*A11 -> 0
A12: 0 | C12: Drinking Fountain (Assembly) | H12: 1 | J12: = | K12: 1.25" | M12: 1.25" | O12: =H12*A12 -> 0
A13: 0 | C13: Floor Drain | H13: 2 | J13: = | K13: 2" | M13: 2" | O13: =H13*A13 -> 0
A14: 0 | C14: Floor sink | H14: 2 | J14: = | K14: 2" | M14: 2" | O14: =H14*A14 -> 0
A15: 0 | C15: Shower | H15: 2 | J15: = | K15: 2" | M15: 2" | O15: =H15*A15 -> 0
A16: 0 | C16: Lavatory | H16: 1 | J16: = | K16: 1.25" | M16: 1.5" | O16: =H16*A16 -> 0
A17: 0 | C17: Misc(Fill-in) | J17: = | O17: =H17*A17 -> 0
A18: 0 | C18: Misc(Fill-in) | J18: = | O18: =H18*A18 -> 0
A19: 0 | C19: Misc(Fill-in) | J19: = | O19: =H19*A19 -> 0
A20: Sinks
A21: 0 | C21: Bar | H21: 2 | J21: = | K21: 1.5" | M21: 2" | O21: =H21*A21 -> 0
A22: 0 | C22: Clinical | H22: 6 | J22: = | K22: 3" | M22: 3" | O22: =H22*A22 -> 0
A23: 0 | C23: Commercial w/ Food Waste | H23: 3 | J23: = | K23: 1.5" | M23: 2" | O23: =H23*A23 -> 0
A24: 0 | C24: Exam Room | H24: 1 | J24: = | K24: 1.5" | M24: 1.5" | O24: =H24*A24 -> 0
A25: 0 | C25: Service Or Mop Sink (2" Drain) | H25: 3 | J25: = | K25: 2" | M25: 2" | O25: =H25*A25 -> 0
A26: 0 | C26: Service Or Mop Sink (3" Drain) | H26: 3 | J26: = | K26: 3" | M26: 3" | O26: =H26*A26 -> 0
A27: Urinals
A28: 0 | C28: Urinal (1.0 GPF) Private/Public | H28: 2 | J28: = | K28: Integral | M28: 2" | O28: =H28*A28 -> 0
A29: 0 | C29: Urinal (1.0 GPF) Assembly | H29: 5 | J29: = | K29: Integral | M29: 2" | O29: =H29*A29 -> 0
A30: 0 | C30: Urinal (> 1.0 GPF) Private/Public | H30: 2 | J30: = | K30: Integral | M30: 2" | O30: =H30*A30 -> 0
A31: 0 | C31: Urinal (> 1.0 GPF) Assembly | H31: 6 | J31: = | K31: Integral | M31: 2" | O31: =H31*A31 -> 0
A32: 0 | C32: Urinal(Waterless) | H32: 0 | J32: = | K32: Integral | M32: 2" | O32: =H32*A32 -> 0
A33: Water Closets (1.6 GPF) Gravity Tank, Flushometer Tank & Flushometer Valve
A34: 0 | C34: Private | H34: 3 | J34: = | K34: Integral | M34: 3" | O34: =H34*A34 -> 0
A35: 0 | C35: Public | H35: 4 | J35: = | K35: Integral | M35: 3" | O35: =H35*A35 -> 0
A36: 0 | C36: Assembly | H36: 6 | J36: = | K36: Integral | M36: 3" | O36: =H36*A36 -> 0
A37: Water Closets (>1.6 GPF) Gravity Tank, Flushometer Tank & Flushometer Valve
A38: 0 | C38: Private | H38: 4 | J38: = | K38: Integral | M38: 3" | O38: =H38*A38 -> 0
A39: 0 | C39: Public | H39: 6 | J39: = | K39: Integral | M39: 3" | O39: =H39*A39 -> 0
A40: 0 | C40: Assembly | H40: 8 | J40: = | K40: Integral | M40: 3" | O40: =H40*A40 -> 0
K41: Total Fixture Units | N41: = | O41: =SUM(O8:O19,O21:O26,O28:O32,O34:O36,O38:O40) -> 0
K42: Min. Vent Size (in) | N42: = | O42: =IF(O41<=1,"1-1/4",(IF(O41<=8,"1-1/2",(IF(O41<=24,"2",(IF(O41<=84,"3",IF(O41<=256,"4")))))))) -> 1-1/4
K43: Main Trunk Size (in) | N43: = | O43: =IF((SUM(A28:B32,A34:B36,A38:B40))=0,"2",IF((SUM(A28:B32,A34:B36,A38:B40))<=3,"3",IF((SUM(A28:B32,A34:B36,A38:B40))>=4,"4",IF(O41<=21,"2",IF(O41<=42,"3",IF(O41<=216,"4")))))) -> 2
A45: *Minimum size of any building drain serving a water closet shall be 3"
A47: **4 or more water closets/urinals require a minimum of 4"
A50: Total area of the Vents thru the roof must be grater than or equal to the Main Trunk Size.
A51: Diameter of Main Trunk | D51: =O43 -> 2 | E51: in | F51: Area of Main Trunk | I51: =((D51^2)*(PI()))/4 -> 3.1415927 | J51: Sq. In.
A52: Diameter of Vent 1 | E52: in | F52: Area of Vent 1 | I52: =((D52^2)*(PI()))/4 -> 0 | J52: Sq. In.
A53: Diameter of Vent 2 | E53: in | F53: Area of Vent 2 | I53: =((D53^2)*(PI()))/4 -> 0 | J53: Sq. In.
A54: Diameter of Vent 3 | E54: in | F54: Area of Vent 3 | I54: =((D54^2)*(PI()))/4 -> 0 | J54: Sq. In.
A55: Diameter of Vent 4 | E55: in | F55: Area of Vent 4 | I55: =((D55^2)*(PI()))/4 -> 0 | J55: Sq. In.
A56: Diameter of Vent 5 | E56: in | F56: Area of Vent 5 | I56: =((D56^2)*(PI()))/4 -> 0 | J56: Sq. In.
A57: Diameter of Vent 6 | E57: in | F57: Area of Vent 6 | I57: =((D57^2)*(PI()))/4 -> 0 | J57: Sq. In.
H58: Sum | I58: =SUM(I52:I57) -> 0 | J58: Sq. In. | K58: =IF(I58=L58,"=",(IF(I58>L58,">","<"))) -> < | L58: =I51 -> 3.1415927 | M58: Sq. In., therefore | O58: =IF(K58="<","FAIL","OK") -> FAIL

Sheet Supply (248 CMR) (MA)
D1: SERIAL NUMBER:
A4: INLET PIPE SIZING CHART (Massachusetts) | R4: Building Type: | S4: Business and Mercantile: | AI4: Residential:
A5: *Based on 248 CMR 10:14 | R5: Use: | S5: General | AG5: Residential: | AI5: One or Two Family Dwelling | AJ5: 0.5
AG6: School: | AI6: Multi-residential | AJ6: 0.35
A7: Quantity | C7: Description | G7: Fixture Units | J7: Minimum Pipe Size | M7: Fixture Units | R7: Demand Factor (Table 2): | S7: =IF(S4=AG5,INDEX(AJ5:AJ7,MATCH(S5,AI5:AI7,0)),IF(S4=AG6,INDEX(AJ9:AJ10,MATCH(S5,AI9:AI10,0)),IF(S4=AG7,INDEX(AJ12,MATCH(S5,AI12,0)),IF(S4=AG8,INDEX(AJ14:AJ16,MATCH(S5,AI14:AI16,0)),IF(S4=AG9,INDEX(AJ18:AJ20,MATCH(S5,AI18:AI20,0)),IF(S4=AG10,INDEX(AJ21,MATCH(S5,AI21,0)),0)))))) -> 1 | AG7: Institutional: | AI7: Hotel | AJ7: 0.7
G8: Cold | H8: Hot | I8: Total | J8: Table 1 | M8: Cold | N8: Hot | O8: Total | AG8: Assembly: | AI8: School:
A9: 0 | C9: Bathtub (with or without single shower head) | G9: 2 | H9: 2 | I9: 2 | J9: 1/2" | M9: =$A9*G9 -> 0 | N9: =$A9*H9 -> 0 | O9: =M9+N9 -> 0 | AG9: Business and Mercantile: | AI9: General | AJ9: 0.75
A10: 0 | C10: Bidet | G10: 1 | H10: 0 | I10: 1 | J10: 3/8" | M10: =$A10*G10 -> 0 | N10: =$A10*H10 -> 0 | O10: =M10+N10 -> 0 | AG10: Industrial: | AI10: Shower Room | AJ10: 1
A11: 0 | C11: Drinking Water Station | G11: 1 | H11: 0 | I11: 1 | J11: 3/8" | M11: =$A11*G11 -> 0 | N11: =$A11*H11 -> 0 | O11: =M11+N11 -> 0 | AI11: Institutional:
A12: 0 | C12: Dishwasher (Domestic) | G12: 0 | H12: 2 | I12: 2 | J12: 1/2" | M12: =$A12*G12 -> 0 | N12: =$A12*H12 -> 0 | O12: =M12+N12 -> 0 | AI12: General | AJ12: 0.45
A13: 0 | C13: Dishwasher (Commercial) | G13: 0 | H13: 6 | I13: 6 | J13: 3/4" | M13: =$A13*G13 -> 0 | N13: =$A13*H13 -> 0 | O13: =M13+N13 -> 0 | AI13: Assembly:
A14: 0 | C14: Kitchen sink, Residential | G14: 2 | H14: 2 | I14: 2 | J14: 1/2" | M14: =$A14*G14 -> 0 | N14: =$A14*H14 -> 0 | O14: =M14+N14 -> 0 | AI14: General | AJ14: 0.25
A15: 0 | C15: Kitchen sink, Commercial (Pot and Scullery) | G15: 6 | H15: 6 | I15: 6 | J15: 3/4" | M15: =$A15*G15 -> 0 | N15: =$A15*H15 -> 0 | O15: =M15+N15 -> 0 | AI15: Restaurant, Café | AJ15: 0.7
A16: 0 | C16: Vegatable Prep or Bar Sink (Residential) | G16: 2 | H16: 2 | I16: 2 | J16: 1/2" | M16: =$A16*G16 -> 0 | N16: =$A16*H16 -> 0 | O16: =M16+N16 -> 0 | AI16: Club House | AJ16: 0.6
A17: 0 | C17: Hand Wash Sinks | G17: 1 | H17: 1 | I17: 1 | J17: 3/8" | M17: =$A17*G17 -> 0 | N17: =$A17*H17 -> 0 | O17: =M17+N17 -> 0 | AI17: Business and Mercantile
A18: 0 | C18: Shampoo Sinks | G18: 1 | H18: 1 | I18: 1 | J18: 3/8" | M18: =$A18*G18 -> 0 | N18: =$A18*H18 -> 0 | O18: =M18+N18 -> 0 | AI18: General | AJ18: 1
A19: 0 | C19: Lavatory | G19: 1 | H19: 1 | I19: 1 | J19: 3/8" | M19: =$A19*G19 -> 0 | N19: =$A19*H19 -> 0 | O19: =M19+N19 -> 0 | AI19: Industrial | AJ19: 0.25
A20: 0 | C20: Utility Laundry Sinks, 1, 2, or 3 compartments | G20: 2 | H20: 2 | I20: 2 | J20: 1/2" | M20: =$A20*G20 -> 0 | N20: =$A20*H20 -> 0 | O20: =M20+N20 -> 0 | AI20: Laundry | AJ20: 1
A21: 0 | C21: Shower Valve (Single head) | G21: 2 | H21: 2 | I21: 2 | J21: 1/2" | M21: =$A21*G21 -> 0 | N21: =$A21*H21 -> 0 | O21: =M21+N21 -> 0 | AI21: Industrial, Exclusive of Process Piping | AJ21: 0.9
A22: 0 | C22: Shower Valve (Multi-head) | G22: 6 | H22: 6 | I22: 6 | J22: 3/4" | M22: =$A22*G22 -> 0 | N22: =$A22*H22 -> 0 | O22: =M22+N22 -> 0
A23: 0 | C23: Sinks (service, slop) | G23: 2 | H23: 2 | I23: 2 | J23: 1/2" | M23: =$A23*G23 -> 0 | N23: =$A23*H23 -> 0 | O23: =M23+N23 -> 0
A24: 0 | C24: Sinks flushing rim | G24: 6 | H24: 0 | I24: 6 | J24: 3/4" | M24: =$A24*G24 -> 0 | N24: =$A24*H24 -> 0 | O24: =M24+N24 -> 0
A25: 0 | C25: Laundry Valve | G25: 2 | H25: 2 | I25: 2 | J25: 1/2" | M25: =$A25*G25 -> 0 | N25: =$A25*H25 -> 0 | O25: =M25+N25 -> 0
A26: 0 | C26: Urinal (flush valve) | G26: 6 | H26: 0 | I26: 6 | J26: 3/4" | M26: =$A26*G26 -> 0 | N26: =$A26*H26 -> 0 | O26: =M26+N26 -> 0
A27: 0 | C27: Water Closet (Tank) | G27: 1 | H27: 0 | I27: 1 | J27: 3/8" | M27: =$A27*G27 -> 0 | N27: =$A27*H27 -> 0 | O27: =M27+N27 -> 0
A28: 0 | C28: Water Closet (Flush valve) | G28: 12 | H28: 0 | I28: 12 | J28: 1" | M28: =$A28*G28 -> 0 | N28: =$A28*H28 -> 0 | O28: =M28+N28 -> 0
A29: 0 | C29: Hose Connections/Sillcocks/Wall Hydrants | G29: 2 | H29: 0 | I29: 2 | J29: 1/2" | M29: =$A29*G29 -> 0 | N29: =$A29*H29 -> 0 | O29: =M29+N29 -> 0
A30: 0 | C30: Misc(Fill-in) | M30: =$A30*G30 -> 0 | N30: =$A30*H30 -> 0 | O30: =M30+N30 -> 0
A31: 0 | C31: Misc(Fill-in) | M31: =$A31*G31 -> 0 | N31: =$A31*H31 -> 0 | O31: =M31+N31 -> 0
A32: 0 | C32: Misc(Fill-in) | M32: =$A32*G32 -> 0 | N32: =$A32*H32 -> 0 | O32: =M32+N32 -> 0
J33: Total Fixture Units | M33: =SUM(M9:M32) -> 0 | N33: =SUM(N9:N32) -> 0 | O33: =SUM(O9:O32) -> 0
A36: *248 CMR, Table 3 | G36: Cold | K36: Hot
A37: 248 CMR Page - 159 | G37: Size | H37: F.U. W/ Demand Factor | K37: Size | L37: F.U. W/ Demand Factor
A38: Capacity Value | D38: Nom. Pipe Size | G38: =IF(H38=0,0,IF(H38<=C39,"1/2""",IF(H38<=C40,"3/4""",IF(H38<=C41,"1""",IF(H38<=C42,"1-1/4""",IF(H38<=C43,"1-1/2""",IF(H38<=C44,"2""",IF(H38<=C45,"2-1/2""",IF(H38<=C46,"3""",IF(H38<=C47,"3-1/2""",IF(H38<=C48,"4""",IF(H38<=C49,"5""",IF(H38<=C50,"6""",0))))))))))))) -> 0 | H38: =SUM(M33*S7) -> 0 | K38: =IF(L38=0,0,IF(L38<=C39,"1/2""",IF(L38<=C40,"3/4""",IF(L38<=C41,"1""",IF(L38<=C42,"1-1/4""",IF(L38<=C43,"1-1/2""",IF(L38<=C44,"2""",IF(L38<=C45,"2-1/2""",IF(L38<=C46,"3""",IF(L38<=C47,"3-1/2""",IF(L38<=C48,"4""",IF(L38<=C49,"5""",IF(L38<=C50,"6""",0))))))))))))) -> 0 | L38: =SUM(N33*S7) -> 0
A39: 1 | B39: to | C39: 4 | D39: 1/2" PIPE
A40: 4.1 | B40: to | C40: 9 | D40: 3/4" PIPE
A41: 9.1 | B41: to | C41: 16.5 | D41: 1" PIPE
A42: 16.6 | B42: to | C42: 28 | D42: 1 1/4" PIPE | G42: INLET
A43: 28.1 | B43: to | C43: 55 | D43: 1 1/2" PIPE | G43: Size | H43: F.U. W/ Demand Factor
A44: 55.1 | B44: to | C44: 107.5 | D44: 2" PIPE | G44: =IF(H44=0,0,IF(H44<=C39,"1/2""",IF(H44<=C40,"3/4""",IF(H44<=C41,"1""",IF(H44<=C42,"1-1/4""",IF(H44<=C43,"1-1/2""",IF(H44<=C44,"2""",IF(H44<=C45,"2-1/2""",IF(H44<=C46,"3""",IF(H44<=C47,"3-1/2""",IF(H44<=C48,"4""",IF(H44<=C49,"5""",IF(H44<=C50,"6""",0))))))))))))) -> 0 | H44: =SUM(O33*S7) -> 0
A45: 107.6 | B45: to | C45: 182.5 | D45: 2 1/2" PIPE
A46: 182.6 | B46: to | C46: 287.5 | D46: 3" PIPE
A47: 287.6 | B47: to | C47: 425 | D47: 3-1/2" PIPE
A48: 425.1 | B48: to | C48: 700 | D48: 4" PIPE
A49: 700.1 | B49: to | C49: 1100 | D49: 5" PIPE
A50: 1100.1 | B50: to | C50: 1300 | D50: 6" PIPE

Sheet Waste (248 CMR) (MA)
D1: SERIAL NUMBER:
A4: WASTE MAIN TRUNK SIZE (Massachusetts)
A5: *248 CMR Table 1
A7: Quantity | C7: Description | H7: Fixture Units | K7: Min. Trap Size | M7: Min. Drain Size | O7: Total
A8: 0 | C8: Bathtub or Bath/Shower | H8: 2 | J8: = | K8: 1-1/2" | M8: 1-1/2" | O8: =H8*A8 -> 0
A9: 0 | C9: Bidet | H9: 2 | J9: = | K9: 1-1/4" | M9: 1-1/4" | O9: =H9*A9 -> 0
A10: 0 | C10: Dental Chair unit or Cuspidor | H10: 1 | J10: = | K10: 1-1/2" | M10: 1-1/2" | O10: =H10*A10 -> 0
A11: 0 | C11: Dental Lavatory | H11: 1 | J11: = | K11: 1-1/4" | M11: 1-1/4" | O11: =H11*A11 -> 0
A12: 0 | C12: Drinking Fountain / Water Station | H12: 1 | J12: = | K12: 1-1/4" | M12: 1-1/4" | O12: =H12*A12 -> 0
A13: 0 | C13: Dishwasher (Commercial) | H13: 6 | J13: = | K13: See Equipment | M13: See Equipment | O13: =H13*A13 -> 0
A14: 0 | C14: Dishwasher (Residential) | H14: 1 | J14: = | K14: 1-1/4" | M14: 1-1/4" | O14: =H14*A14 -> 0
A15: 0 | C15: Floor / Trench drain (2") | H15: 4 | J15: = | K15: 2" | M15: 2" | O15: =H15*A15 -> 0
A16: 0 | C16: Floor / Trench drain (3") | H16: 5 | J16: = | K16: 3" | M16: 3" | O16: =H16*A16 -> 0
A17: 0 | C17: Floor / Trench drain (4") | H17: 6 | J17: = | K17: 4" | M17: 4" | O17: =H17*A17 -> 0
A18: 0 | C18: Kitchen sink (Residential) | H18: 2 | J18: = | K18: 1-1/4" | M18: 1-1/4" | O18: =H18*A18 -> 0
A19: 0 | C19: Lavatory | H19: 1 | J19: = | K19: 1-1/4" | M19: 1-1/4" | O19: =H19*A19 -> 0
... A29: 0 | C29: Misc (4") | H29: 6 | J29: = | K29: 4" | M29: 4" | O29: =H29*A29 -> 0
A30: Sinks
A31: 0 | C31: Surgeons | H31: 3 | J31: = | K31: 3" | M31: 3" | O31: =H31*A31 -> 0
A32: 0 | C32: Flushing rim (with valve) | H32: 6 | J32: = | K32: 2-1/2" | M32: 2-1/2" | O32: =H32*A32 -> 0
A33: 0 | C33: Service sink with Trap Standard | H33: 3 | J33: = | K33: 3" | M33: 3" | O33: =H33*A33 -> 0
A34: 0 | C34: Service sink with P-Trap | H34: 2 | J34: = | K34: 2" | M34: 2" | O34: =H34*A34 -> 0
A35: 0 | C35: Commercial Pot, Scullery, etc | H35: 4 | J35: = | K35: 3" | M35: 3" | O35: =H35*A35 -> 0
A36: 0 | C36: Shampoo | H36: 2 | J36: = | K36: 1-1/2" | M36: 1-1/2" | O36: =H36*A36 -> 0
A37: Urinals and Water Closets
A38: 0 | C38: Toilet (Tank type) | H38: 4 | J38: = | K38: Integral | M38: 3" | O38: =H38*A38 -> 0
A39: 0 | C39: Toilet (Flush Valve) | H39: 6 | J39: = | K39: Integral | M39: 3" | O39: =H39*A39 -> 0
A40: 0 | C40: Urinal (Floor Mtd) | H40: 6 | J40: = | K40: Integral | M40: 2" | O40: =H40*A40 -> 0
A41: 0 | C41: Urinal (Wall Mtd) | H41: 4 | J41: = | K41: Integral | M41: 2" | O41: =H41*A41 -> 0
A42: 0 | C42: Urinal(Waterless) | H42: 1 | J42: = | K42: Integral | M42: 2" | O42: =H42*A42 -> 0
A43: Wash Sink
A44: 0 | C44: Circular or Multiple (ea. 20" of usable length) | H44: 1 | J44: = | K44: Integral | M44: 1-1/2" | O44: =H44*A44 -> 0
K45: Total Fixture Units | N45: = | O45: =SUM(O8:O29,O31:O36,O38:O42,O44) -> 0
K46: Min. Vent Size @ Branch | N46: = | O46: =IF(O45<=1,"1-1/4""",IF(O45<=4,"1-1/2""",IF(O45<=10,"2""",IF(O45<=28,"2-1/2""",IF(O45<=102,"3""",IF(O45<=320,"4""")))))) -> 1-1/4"
K47: Min. Vent Size thru Roof (in) | N47: = | O47: =IF(O45>102,4,3) -> 3 | P47: See 10.16(2) - At least one full size main stack vent shall be 3" (Use chart below)
K48: Main Trunk Size | N48: = | O48: =IF(SUM(A38:B42)>=4,"4""",IF(O45<=3,"1-1/2""",IF(O45<=6,"2""",IF(O45<=12,"2-1/2""",IF(O45<=34,"3""",IF(O45<=160,"4""",IF(O45<=360,"5""",IF(O45<=620,"6""",IF(O45<=1400,"8""",IF(O45<=2500,"10""",IF(O45<=3900,"12""",IF(O45<=7000,"15""")))))))))))) -> 1-1/2"
A51: *Minimum size of any building drain serving a water closet shall be 3"
A53: **4 or more water closets/urinals require a minimum of 4"
A57: Diameter of Vent 1 | D57: 0 | E57: in
A58: Diameter of Vent 2 | D58: 0 | E58: in
A59: Diameter of Vent 3 | D59: 0 | E59: in
A60: Diameter of Vent 4 | D60: 0 | E60: in
A61: Diameter of Vent 5 | D61: 0 | E61: in
A62: Diameter of Vent 6 | D62: 0 | E62: in
C63: Sum | D63: =SUM(D57+D58+D59+D60+D61+D62) -> 0 | E63: =IF(D63=O47,"=",(IF(D63>O47,">","<"))) -> < | F63: =O47 -> 3 | G63: =IF(E63="<","therefore FAIL","therefore OK") -> therefore FAIL

Sheet Supply (NSPC) (NJ)
D1: SERIAL NUMBER:
U2: TANK TYPE (GPM)
U3: Cold | V3: Hot | W3: Total | Y3: WSFU | Z3: GPM (Tanks) | AB3: WSFU | AC3: GPM (Valve) | AG3: Note: Hot water copper piping must be taken at 5 feet per second (Section 10.14.1 & B.7.3)
A4: INLET PIPE SIZING CHART (National Plumbing Code Standard) | U4: =IF(SUM(L9+L10+L11+L12+L13+L14+L15+L16+L17+L18+L19+L20+L21+L22+L25+L26+L27+L28+L30+L31+L32+L33+L34+L35)=0,0,ROUNDUP(INDEX(Z4:Z263,MATCH(SUM(L9+L10+L11+L12+L13+L14+L15+L16+L17+L18+L19+L20+L21+L22+L25+L26+L27+L28+L30+L31+L32+L33+L34+L35),Y4:Y263,1)),1)) -> 7.5 | V4: =IF(SUM(M9+M10+M11+M12+M13+M14+M15+M16+M17+M18+M19+M20+M21+M22+M25+M26+M27+M28+M30+M31+M32+M33+M34+M35)=0,0,ROUNDUP(INDEX(Z4:Z263,MATCH(SUM(M9+M10+M11+M12+M13+M14+M15+M16+M17+M18+M19+M20+M21+M22+M25+M26+M27+M28+M30+M31+M32+M33+M34+M35),Y4:Y263,1)),1)) -> 1 | W4: =IF(SUM(N9+N10+N11+N12+N13+N14+N15+N16+N17+N18+N19+N20+N21+N22+N25+N26+N27+N28+N30+N31+N32+N33+N34+N35)=0,0,ROUNDUP(INDEX(Z4:Z263,MATCH(SUM(N9+N10+N11+N12+N13+N14+N15+N16+N17+N18+N19+N20+N21+N22+N25+N26+N27+N28+N30+N31+N32+N33+N34+N35),Y4:Y263,1)),1)) -> 7.5 | Y4: 1 | Z4: 1 | AG4: TABLE B.7.3.B - TYPE K COPPER
A5: *Based on 10.14, Appendix B, and Appendix K | Y5: 2 | Z5: 2 | AG5: PIPE SIZE | AH5: 4 FPS VELOCITY | AL5: PIPE SIZE | AM5: 5 FPS VELOCITY (Hot Water) | AQ5: PIPE SIZE | AR5: 8 FPS VELOCITY | AW5: 4 FPS (F.V.) (PER GPM)
P6: Building Use: | Q6: Other than Dwelling Units | U6: FLUSH VALVE (GPM) | Y6: 3 | Z6: 3 | AH6: WSFU (TANK) | AI6: WSFU (VALVE) | AJ6: FLOW (GPM) | AK6: PSI/100FT | AM6: WSFU (TANK) | AN6: WSFU (VALVE) | AO6: FLOW (GPM) | AP6: PSI/100FT | AR6: WSFU (TANK) | AS6: WSFU (VALVE) | AT6: FLOW (GPM) | AU6: PSI/100FT | AW6: COLD | AY6: TOTAL
A7: Quantity | C7: Description | F7: Fixture Units (WSFU) | I7: Minimum Pipe Size | L7: Fixture Units (WSFU) | U7: =IF(SUM(L23+L24+L29)=0,0,ROUNDUP(INDEX(AC8:AC263,MATCH(SUM(L23+L24+L29),AB8:AB263,1)),1)) -> 22 | V7: 0 | W7: =IF(SUM(L23+L24+L29)=0,0,ROUNDUP(INDEX(AC8:AC263,MATCH(SUM(N23+N24+N29),AB8:AB263,1)),1)) -> 22 | Y7: 4 | Z7: 4 | AG7: 3/8" | AJ7: 1.6 | AK7: 8.4 | AL7: 3/8" | AO7: 2 | AP7: 12.7 | AQ7: 3/8" | AR7: 3 | AT7: 3.2 | AU7: 30.4 | AW7: =IF(U7=0,0,IF(L37=0,0,IF(L37<=AJ8,"1/2""",IF(L37<=AJ9,"3/4""",IF(L37<=AJ10,"1""",IF(L37<=AJ11,"1-1/4""",IF(L37<=AJ12,"1-1/2""",IF(L37<=AJ13,"2""",IF(L36<=AJ14,"2-1/2""",IF(L37<=AJ15,"3""",IF(L37<=AJ16,"4""",IF(L37<=AJ17,"5""",IF(L37<=AJ18,"6""",0))))))))))))) -> 2" | AY7: =IF(W7=0,0,IF(N37=0,0,IF(N37<=AJ8,"1/2""",IF(N37<=AJ9,"3/4""",IF(N37<=AJ10,"1""",IF(N37<=AJ11,"1-1/4""",IF(N37<=AJ12,"1-1/2""",IF(N37<=AJ13,"2""",IF(N37<=AJ14,"2-1/2""",IF(N37<=AJ15,"3""",IF(N37<=AJ16,"4""",IF(N37<=AJ17,"5""",IF(N37<=AJ18,"6""",0))))))))))))) -> 2"
F8: Cold | G8: Hot | H8: Total | L8: Cold | M8: Hot | N8: Total | Y8: 5 | Z8: 4.5 | AB8: 5 | AC8: 22 | AG8: 1/2" | AJ8: 2.7 | AK8: 6.1 | AL8: 1/2" | AM8: 3 | AO8: 3.4 | AP8: 9.3 | AQ8: 1/2" | AR8: 6 | AT8: 5.4 | AU8: 22.1
A9: 0 | C9: Bar Sink | F9: =IF(Q6="Serving 3 or more dwelling units",0.4,0.8) -> 0.8 | G9: =IF(Q6="Serving 3 or more dwelling units",0.4,0.8) -> 0.8 | H9: =IF(Q6="Serving 3 or more dwelling units",0.5,1) -> 1 | I9: 3/8" | L9: =$A9*F9 -> 0 | M9: =$A9*G9 -> 0 | N9: =$A9*H9 -> 0 | P9: Type of Pipe Used: | Q9: CPVC/PVC/ABS/Plastic Schedule 40 | Y9: 6 | Z9: 5 | AB9: 6 | AC9: 23 | AG9: 3/4" | AH9: 6 | AJ9: 5.4 | AK9: 4.1 | AL9: 3/4" | AM9: 8 | AO9: 6.8 | AP9: 6.2 | AQ9: 3/4" | AR9: 15 | AT9: 10.9 | AU9: 14.8 | AW9: 5 / 8 FPS (PER GPM)
A10: 0 | C10: Bathtub or Combo Bath/Shower | F10: =IF(Q6="Serving 3 or more dwelling units",2.6,3) -> 3 | G10: =IF(Q6="Serving 3 or more dwelling units",2.6,3) -> 3 | H10: =IF(Q6="Serving 3 or more dwelling units",3.5,4) -> 4 | I10: 1/2" | L10: =$A10*F10 -> 0 | M10: =$A10*G10 -> 0 | N10: =$A10*H10 -> 0 | Y10: 7 | Z10: 6 | AB10: 7 | AC10: 24 | AG10: 1" | AH10: 13 | AJ10: 9.7 | AK10: 2.9 | AL10: 1" | AM10: 16 | AO10: 12.1 | AP10: 4.4 | AQ10: 1" | AR10: 29 | AT10: 19.4 | AU10: 10.6 | AW10: COLD | AX10: HOT | AY10: TOTAL
A11: 0 | C11: Bidet | F11: =IF(Q6="Serving 3 or more dwelling units",0.4,0.8) -> 0.8 | G11: =IF(Q6="Serving 3 or more dwelling units",0.4,0.8) -> 0.8 | H11: =IF(Q6="Serving 3 or more dwelling units",0.5,1) -> 1 | I11: 1/2" | L11: =$A11*F11 -> 0 | M11: =$A11*G11 -> 0 | N11: =$A11*H11 -> 0 | Y11: 8 | Z11: 7 | AB11: 8 | AC11: 25 | AG11: 1-1/4" | AH11: 22 | AJ11: 15.2 | AK11: 2.3 | AL11: 1-1/4" | AM11: 28 | AO11: 19 | AP11: 3.4 | AQ11: 1-1/4" | AR11: 53 | AS11: 14 | AT11: 30.4 | AU11: 8.1 | AW11: =IF(L37=0,0,IF(L37<=AT8,"1/2""",IF(L37<=AT9,"3/4""",IF(L37<=AT10,"1""",IF(L37<=AT11,"1-1/4""",IF(L37<=AT12,"1-1/2""",IF(L37<=AT13,"2""",IF(L37<=AT14,"2-1/2""",IF(L37<=AT15,"3""",IF(L37<=AT16,"4""",IF(L37<=AT17,"5""",IF(L37<=AT18,"6""",0)))))))))))) -> 1-1/4" | AX11: =IF(M37=0,0,IF(M37<=AO8,"1/2""",IF(M37<=AO9,"3/4""",IF(M37<=AO10,"1""",IF(M37<=AO11,"1-1/4""",IF(M37<=AO12,"1-1/2""",IF(M37<=AO13,"2""",IF(M37<=AO14,"2-1/2""",IF(M37<=AO15,"3""",IF(M37<=AO16,"4""",IF(M37<=AO17,"5""",IF(M37<=AO18,"6""",0)))))))))))) -> 1/2" | AY11: =IF(N37=0,0,IF(N37<=AT8,"1/2""",IF(N37<=AT9,"3/4""",IF(N37<=AT10,"1""",IF(N37<=AT11,"1-1/4""",IF(N37<=AT12,"1-1/2""",IF(N37<=AT13,"2""",IF(N37<=AT14,"2-1/2""",IF(N37<=AT15,"3""",IF(N37<=AT16,"4""",IF(N37<=AT17,"5""",IF(N37<=AT18,"6""",0)))))))))))) -> 1-1/4"
A12: 0 | C12: Clothes Washer (Domestic) | F12: =IF(Q6="Serving 3 or more dwelling units",1.9,3) -> 3 | G12: =IF(Q6="Serving 3 or more dwelling units",1.9,3) -> 3 | H12: =IF(Q6="Serving 3 or more dwelling units",2.5,4) -> 4 | I12: 1/2" | L12: =$A12*F12 -> 0 | M12: =$A12*G12 -> 0 | N12: =$A12*H12 -> 0 | Y12: 9 | Z12: 7.5 | AB12: 9 | AC12: 26 | AG12: 1-1/2" | AH12: 33 | AI12: 5 | AJ12: 21.5 | AK12: 1.8 | AL12: 1-1/2" | AM12: 45 | AN12: 10 | AO12: 26.9 | AP12: 2.8 | AQ12: 1-1/2" | AR12: 96 | AS12: 33 | AT12: 43 | AU12: 6.7
A13: 0 | C13: Dishwasher (Domestic) | F13: 0 | G13: =IF(Q6="Serving 3 or more dwelling units",1,1.5) -> 1.5 | H13: =IF(Q6="Serving 3 or more dwelling units",1,1.5) -> 1.5 | I13: 1/2' | L13: =$A13*F13 -> 0 | M13: =$A13*G13 -> 0 | N13: =$A13*H13 -> 0 | Y13: 10 | Z13: 8 | AB13: 10 | AC13: 27 | AG13: 2" | AH13: 75 | AI13: 24 | AJ13: 37.6 | AK13: 1.3 | AL13: 2" | AM13: 112 | AN13: 40 | AO13: 47 | AP13: 2 | AQ13: 2" | AR13: 251 | AS13: 126 | AT13: 75.2 | AU13: 4.8 | AW13: TOTALS (HIGHER VALUE)
A14: 0 | C14: Drinking Fountian or Water Cooler | F14: =IF(Q6="heavy-use assembly",0.8,0.5) -> 0.5 | G14: 0 | H14: =IF(Q6="heavy-use assembly",0.8,0.5) -> 0.5 | I14: 3/8" | L14: =$A14*F14 -> 0 | M14: =$A14*G14 -> 0 | N14: =$A14*H14 -> 0 | Y14: 11 | Z14: 8.5 | AB14: 11 | AC14: 28 | AG14: 2-1/2" | AH14: 165 | AI14: 69 | AJ14: 58.1 | AK14: 1 | AL14: 2-1/2" | AM14: 238 | AN14: 115 | AO14: 72.6 | AP14: 1.6 | AQ14: 2-1/2" | AR14: 456 | AS14: 341 | AT14: 116.1 | AU14: 3.7 | AW14: COLD | AX14: HOT | AY14: TOTAL
A15: 0 | C15: Hose Bib (First) | F15: 2.5 | G15: 0 | H15: 2.5 | I15: 1/2" | L15: =$A15*F15 -> 0 | M15: =$A15*G15 -> 0 | N15: =$A15*H15 -> 0 | Y15: 12 | Z15: 9 | AB15: 12 | AC15: 29 | AG15: 3" | AH15: 289 | AI15: 159 | AJ15: 82.8 | AK15: 0.8 | AL15: 3" | AM15: 392 | AN15: 267 | AO15: 103.4 | AP15: 1.3 | AQ15: 3" | AR15: 725 | AS15: 682 | AT15: 165.5 | AU15: 3 | AW15: =IF(AW7>0,AW7,AW11) -> 2" | AX15: =AX11 -> 1/2" | AY15: =IF(AY7>0,AY7,AY11) -> 2"
A16: 0 | C16: Hose Bib (Each additional) | F16: 1 | G16: 0 | H16: 1 | I16: 1/2" | L16: =$A16*F16 -> 0 | M16: =$A16*G16 -> 0 | N16: =$A16*H16 -> 0 | Y16: 13 | Z16: 10 | AB16: 13 | AC16: 29.5 | AG16: 4" | AH16: 615 | AI16: 541 | AJ16: 145.7 | AK16: 0.6 | AL16: 4" | AM16: 826 | AN16: 801 | AO16: 182.1 | AP16: 0.9 | AQ16: 4" | AR16: 1678 | AS16: 1678 | AT16: 291.4 | AU16: 2.2
A17: 0 | C17: Kitchen Sink (Domestic) | F17: =IF(Q6="Serving 3 or more dwelling units",0.8,1.1) -> 1.1 | G17: =IF(Q6="Serving 3 or more dwelling units",0.8,1.1) -> 1.1 | H17: =IF(Q6="Serving 3 or more dwelling units",1,1.5) -> 1.5 | I17: 1/2" | L17: =$A17*F17 -> 0 | M17: =$A17*G17 -> 0 | N17: =$A17*H17 -> 0 | Y17: 14 | Z17: 10.5 | AB17: 14 | AC17: 30 | AG17: 5" | AH17: 1134 | AI17: 1134 | AJ17: 226.1 | AK17: 0.5 | AL17: 5" | AM17: 1605 | AN17: 1605 | AO17: 282.6 | AP17: 0.7 | AQ17: 5" | AR17: 3191 | AS17: 3191 | AT17: 452.2 | AU17: 1.7
A18: 0 | C18: Laundry Sink | F18: =IF(Q6="Serving 3 or more dwelling units",0.8,1.5) -> 1.5 | G18: =IF(Q6="Serving 3 or more dwelling units",0.8,1.5) -> 1.5 | H18: =IF(Q6="Serving 3 or more dwelling units",1,2) -> 2 | I18: 1/2" | L18: =$A18*F18 -> 0 | M18: =$A18*G18 -> 0 | N18: =$A18*H18 -> 0 | Y18: 15 | Z18: 11 | AB18: 15 | AC18: 31 | AG18: 6" | AH18: 1978 | AI18: 1978 | AJ18: 322.8 | AK18: 0.4 | AL18: 6" | AM18: 2713 | AN18: 2713 | AO18: 403.5 | AP18: 6 | AQ18: 6" | AR18: 5910 | AS18: 5910 | AT18: 645.5 | AU18: 1.4
A19: 2 | C19: Lavatory | F19: =IF(Q6="Serving 3 or more dwelling units",0.4,0.8) -> 0.8 | G19: =IF(Q6="Serving 3 or more dwelling units",0.4,0.8) -> 0.8 | H19: =IF(Q6="Serving 3 or more dwelling units",0.5,1) -> 1 | I19: 3/8" | L19: =$A19*F19 -> 1.6 | M19: =$A19*G19 -> 1.6 | N19: =$A19*H19 -> 2 | Y19: 16 | Z19: 12 | AB19: 16 | AC19: 32
A20: 0 | C20: Service Sink or Mop Basin | F20: 2.3 | G20: 2.3 | H20: 3 | I20: 1/2" | L20: =$A20*F20 -> 0 | M20: =$A20*G20 -> 0 | N20: =$A20*H20 -> 0 | Y20: 17 | Z20: 12.5 | AB20: 17 | AC20: 33 | AG20: TABLE B.7.3.C - TYPE L COPPER
A21: 0 | C21: Shower | F21: 1.5 | G21: 1.5 | H21: 2 | I21: 1/2" | L21: =$A21*F21 -> 0 | M21: =$A21*G21 -> 0 | N21: =$A21*H21 -> 0 | Y21: 18 | Z21: 13 | AB21: 18 | AC21: 33.5 | AG21: PIPE SIZE | AH21: 4 FPS VELOCITY | AL21: PIPE SIZE | AM21: 5 FPS VELOCITY (Hot Water) | AQ21: PIPE SIZE | AR21: 8 FPS VELOCITY | AW21: 4 FPS (F.V.) (PER GPM)
A22: 0 | C22: Shower (Continuous Use) | F22: 3.8 | G22: 3.8 | H22: 5 | I22: 3/4" | L22: =$A22*F22 -> 0 | M22: =$A22*G22 -> 0 | N22: =$A22*H22 -> 0 | Y22: 19 | Z22: 13.5 | AB22: 19 | AC22: 34 | AH22: WSFU (TANK) | AI22: WSFU (VALVE) | AJ22: FLOW (GPM) | AK22: PSI/100FT | AM22: WSFU (TANK) | AN22: WSFU (VALVE) | AO22: FLOW (GPM) | AP22: PSI/100FT | AR22: WSFU (TANK) | AS22: WSFU (VALVE) | AT22: FLOW (GPM) | AU22: PSI/100FT | AW22: COLD | AY22: TOTAL
A23: 0 | C23: Urinal (1.0 GPF) | F23: =IF(Q6="heavy-use assembly",5,4) -> 4 | G23: 0 | H23: =IF(Q6="heavy-use assembly",5,4) -> 4 | I23: 3/4" | L23: =$A23*F23 -> 0 | M23: =$A23*G23 -> 0 | N23: =$A23*H23 -> 0 | Y23: 20 | Z23: 14 | AB23: 20 | AC23: 35 | AG23: 3/8" | AJ23: 1.8 | AK23: 7.8 | AL23: 3/8" | AM23: 2 | AO23: 2.3 | AP23: 11.7 | AQ23: 3/8" | AR23: 4 | AT23: 3.6 | AU23: 28 | AW23: =IF(U7=0,0,IF(L37=0,0,IF(L37<=AJ24,"1/2""",IF(L37<=AJ25,"3/4""",IF(L37<=AJ26,"1""",IF(L37<=AJ27,"1-1/4""",IF(L37<=AJ28,"1-1/2""",IF(L37<=AJ29,"2""",IF(L37<=AJ30,"2-1/2""",IF(L37<=AJ31,"3""",IF(L37<=AJ32,"4""",IF(L37<=AJ33,"5""",IF(L37<=AJ34,"6""",0))))))))))))) -> 2" | AX23: 0 | AY23: =IF(W7=0,0,IF(N37<=AJ24,"1/2""",IF(N37<=AJ25,"3/4""",IF(N37<=AJ26,"1""",IF(N37<=AJ27,"1-1/4""",IF(N37<=AJ28,"1-1/2""",IF(N37<=AJ29,"2""",IF(N37<=AJ30,"2-1/2""",IF(N37<=AJ31,"3""",IF(N37<=AJ32,"4""",IF(N37<=AJ33,"5""",IF(N37<=AJ34,"6""",0)))))))))))) -> 2"
A24: 0 | C24: Urinal (Greater than 1.0 GPF) | F24: =IF(Q6="heavy-use assembly",6,5) -> 5 | G24: 0 | H24: =IF(Q6="heavy-use assembly",6,5) -> 5 | I24: 3/4" | L24: =$A24*F24 -> 0 | M24: =$A24*G24 -> 0 | N24: =$A24*H24 -> 0 | Y24: 21 | Z24: 14.6 | AB24: 21 | AC24: 35.6 | AG24: 1/2" | AH24: 3 | AJ24: 2.9 | AK24: 5.9 | AL24: 1/2" | AM24: 4 | AO24: 3.6 | AP24: 8.9 | AQ24: 1/2" | AR24: 7 | AT24: 5.8 | AU24: 21.3
A25: 0 | C25: Wash Fountian (Per rated user) | I25: See Fixture Specs | L25: =$A25*F25 -> 0 | M25: =$A25*G25 -> 0 | N25: =$A25*H25 -> 0 | Y25: 22 | Z25: 15.2 | AB25: 22 | AC25: 36.2 | AG25: 3/4" | AH25: 7 | AJ25: 6 | AK25: 3.9 | AL25: 3/4" | AM25: 9 | AO25: 7.5 | AP25: 5.8 | AQ25: 3/4" | AR25: 16 | AT25: 12.1 | AU25: 13.9 | AW25: 5 / 8 FPS (PER GPM)
A26: 0 | C26: Wash Sink (1 or 2 faucets, per faucet) | I26: See Fixture Specs | L26: =$A26*F26 -> 0 | M26: =$A26*G26 -> 0 | N26: =$A26*H26 -> 0 | Y26: 23 | Z26: 15.8 | AB26: 23 | AC26: 36.8 | AG26: 1" | AH26: 14 | AJ26: 10.3 | AK26: 2.8 | AL26: 1" | AM26: 18 | AO26: 12.9 | AP26: 4.3 | AQ26: 1" | AR26: 31 | AT26: 20.6 | AU26: 10.2 | AW26: COLD | AX26: HOT | AY26: TOTAL
A27: 3 | C27: Water Closet (Gravity Tank) | F27: =IF(Q6="heavy-use assembly",4,2.5) -> 2.5 | G27: 0 | H27: =IF(Q6="heavy-use assembly",4,2.5) -> 2.5 | I27: 1/2" | L27: =$A27*F27 -> 7.5 | M27: =$A27*G27 -> 0 | N27: =$A27*H27 -> 7.5 | Y27: 24 | Z27: 16.4 | AB27: 24 | AC27: 37.4 | AG27: 1-1/4" | AH27: 23 | AJ27: 15.7 | AK27: 2.2 | AL27: 1-1/4" | AM27: 29 | AO27: 19.5 | AP27: 3.3 | AQ27: 1-1/4" | AR27: 56 | AS27: 15 | AT27: 31.3 | AU27: 8 | AW27: =IF(L37=0,0,IF(L37<=AT24,"1/2""",IF(L37<=AT25,"3/4""",IF(L37<=AT26,"1""",IF(L37<=AT27,"1-1/4""",IF(L37<=AT28,"1-1/2""",IF(L37<=AT29,"2""",IF(L37<=AT30,"2-1/2""",IF(L37<=AT31,"3""",IF(L37<=AT32,"4""",IF(L37<=AT33,"5""",IF(L37<=AT34,"6""",0)))))))))))) -> 1-1/4" | AX27: =IF(M37=0,0,IF(M37<=AO24,"1/2""",IF(M37<=AO25,"3/4""",IF(M37<=AO26,"1""",IF(M37<=AO27,"1-1/4""",IF(M37<=AO28,"1-1/2""",IF(M37<=AO29,"2""",IF(M37<=AO30,"2-1/2""",IF(M37<=AO31,"3""",IF(M37<=AO32,"4""",IF(M37<=AO33,"5""",IF(M37<=AO34,"6""",0)))))))))))) -> 1/2" | AY27: =IF(N37=0,0,IF(N37<=AT24,"1/2""",IF(N37<=AT25,"3/4""",IF(N37<=AT26,"1""",IF(N37<=AT27,"1-1/4""",IF(N37<=AT28,"1-1/2""",IF(N37<=AT29,"2""",IF(N37<=AT30,"2-1/2""",IF(N37<=AT31,"3""",IF(N37<=AT32,"4""",IF(N37<=AT33,"5""",IF(N37<=AT34,"6""",0)))))))))))) -> 1-1/4"
A28: 0 | C28: Water Closet (Flush Tank) | F28: =IF(Q6="heavy-use assembly",3.5,2.5) -> 2.5 | G28: 0 | H28: =IF(Q6="heavy-use assembly",3.5,2.5) -> 2.5 | I28: 1/2" | L28: =$A28*F28 -> 0 | M28: =$A28*G28 -> 0 | N28: =$A28*H28 -> 0 | Y28: 25 | Z28: 17 | AB28: 25 | AC28: 38 | AG28: 1-1/2" | AH28: 34 | AI28: 5 | AJ28: 22.2 | AK28: 1.8 | AL28: 1-1/2" | AM28: 47 | AN28: 11 | AO28: 27.7 | AP28: 2.7 | AQ28: 1-1/2" | AR28: 101 | AS28: 36 | AT28: 44.4 | AU28: 6.5
A29: 1 | C29: Water Closet (Flush Valve) | F29: =IF(Q6="heavy-use assembly",8,5) -> 5 | G29: 0 | H29: =IF(Q6="heavy-use assembly",8,5) -> 5 | I29: 1" | L29: =$A29*F29 -> 5 | M29: =$A29*G29 -> 0 | N29: =$A29*H29 -> 5 | Y29: 26 | Z29: 17.6 | AB29: 26 | AC29: 38.6 | AG29: 2" | AH29: 79 | AI29: 26 | AJ29: 38.6 | AK29: 1.3 | AL29: 2" | AM29: 117 | AN29: 43 | AO29: 48.2 | AP29: 2 | AQ29: 2" | AR29: 261 | AS29: 136 | AT29: 77.2 | AU29: 4.7 | AW29: TOTALS (HIGHER VALUE)
A30: 0 | C30: Whirlpool Bath or Combo Bath/Shower | F30: 3 | G30: 3 | H30: 4 | I30: 1/2" | L30: =$A30*F30 -> 0 | M30: =$A30*G30 -> 0 | N30: =$A30*H30 -> 0 | Y30: 27 | Z30: 18.2 | AB30: 27 | AC30: 39.2 | AG30: 2-1/2" | AH30: 173 | AI30: 73 | AJ30: 59.5 | AK30: 1 | AL30: 2-1/2" | AM30: 247 | AN30: 120 | AO30: 74.4 | AP30: 1.5 | AQ30: 2-1/2" | AR30: 470 | AS30: 360 | AT30: 119 | AU30: 3.7 | AW30: COLD | AX30: HOT | AY30: TOTAL
A31: 0 | C31: Misc(Fill-in) | F31: 5 | G31: 0 | H31: 5 | L31: =$A31*F31 -> 0 | M31: =$A31*G31 -> 0 | N31: =$A31*H31 -> 0 | Y31: 28 | Z31: 18.8 | AB31: 28 | AC31: 39.8 | AG31: 3" | AH31: 300 | AI31: 170 | AJ31: 84.9 | AK31: 0.8 | AL31: 3" | AM31: 406 | AN31: 281 | AO31: 106.2 | AP31: 1.3 | AQ31: 3" | AR31: 749 | AS31: 713 | AT31: 169.9 | AU31: 3 | AW31: =IF(AW23>0,AW23,AW27) -> 2" | AX31: =AX27 -> 1/2" | AY31: =IF(AY23>0,AY23,AY27) -> 2"
A32: 0 | C32: Misc(Fill-in) | F32: 0 | G32: 0 | H32: 0 | L32: =$A32*F32 -> 0 | M32: =$A32*G32 -> 0 | N32: =$A32*H32 -> 0 | Y32: 29 | Z32: 19.4 | AB32: 29 | AC32: 40.4 | AG32: 4" | AH32: 635 | AI32: 567 | AJ32: 149.3 | AK32: 0.6 | AL32: 4" | AM32: 854 | AN32: 833 | AO32: 186.7 | AP32: 0.9 | AQ32: 4" | AR32: 1739 | AS32: 1739 | AT32: 298.7 | AU32: 2.2
A33: 0 | C33: Misc(Fill-in) | F33: 0 | G33: 0 | H33: 0 | L33: =$A33*F33 -> 0 | M33: =$A33*G33 -> 0 | N33: =$A33*H33 -> 0 | Y33: 30 | Z33: 20 | AB33: 30 | AC33: 41 | AG33: 5" | AH33: 1189 | AI33: 1189 | AJ33: 232.7 | AK33: 0.5 | AL33: 5" | AM33: 1674 | AN33: 1674 | AO33: 290.9 | AP33: 0.7 | AQ33: 5" | AR33: 3338 | AS33: 3338 | AT33: 465.5 | AU33: 1.7
A34: 0 | C34: Misc(Fill-in) | F34: 0 | G34: 0 | H34: 0 | L34: 0 | M34: 0 | N34: 0 | Y34: 31 | Z34: 20.5 | AB34: 31 | AC34: 41.6 | AG34: 6" | AH34: 2087 | AI34: 2087 | AJ34: 334.6 | AK34: 0.4 | AL34: 6" | AM34: 2847 | AN34: 2874 | AO34: 418.2 | AP34: 0.6 | AQ34: 6" | AR34: 6382 | AS34: 6382 | AT34: 669.1 | AU34: 1.4
A35: 0 | C35: Misc(Fill-in) | F35: 0 | G35: 0 | H35: 0 | L35: 0 | M35: 0 | N35: 0 | Y35: 32 | Z35: 21 | AB35: 32 | AC35: 42.2
I36: Total Fixture Units (WSFU) | L36: =SUM(L9:L35) -> 14.1 | M36: =SUM(M9:M35) -> 1.6 | N36: =SUM(N9:N35) -> 14.5 | Y36: 33 | Z36: 21.5 | AB36: 33 | AC36: 42.8 | AG36: TABLE B.7.3.D - TYPE M COPPER
I37: Gallons per Minute (GPM) | L37: =SUM(U4+U7) -> 29.5 | M37: =SUM(V4+V7) -> 1 | N37: =SUM(W4+W7) -> 29.5 | O37: *LIMITED TO 1,000 WSFU (See Appendix K for greater than 1,000 WSFU) | Y37: 34 | Z37: 22 | AB37: 34 | AC37: 43.4 | AG37: PIPE SIZE | AH37: 4 FPS VELOCITY | AL37: PIPE SIZE | AM37: 5 FPS VELOCITY (Hot Water) | AQ37: PIPE SIZE | AR37: 8 FPS VELOCITY | AW37: 4 FPS (F.V.) (PER GPM)
Y38: 35 | Z38: 22.5 | AB38: 35 | AC38: 44 | AH38: WSFU (TANK) | AI38: WSFU (VALVE) | AJ38: FLOW (GPM) | AK38: PSI/100FT | AM38: WSFU (TANK) | AN38: WSFU (VALVE) | AO38: FLOW (GPM) | AP38: PSI/100FT | AR38: WSFU (TANK) | AS38: WSFU (VALVE) | AT38: FLOW (GPM) | AU38: PSI/100FT | AW38: COLD | AY38: TOTAL
Y39: 36 | Z39: 23 | AB39: 36 | AC39: 44.6 | AG39: 3/8" | AJ39: 2 | AK39: 7.3 | AL39: 3/8" | AO39: 2.5 | AP39: 11.1 | AQ39: 3/8" | AR39: 4 | AT39: 4 | AU39: 26.6 | AW39: =IF(U7=0,0,IF(L37=0,0,IF(L37<=AJ40,"1/2""",IF(L37<=AJ41,"3/4""",IF(L37<=AJ42,"1""",IF(L37<=AJ43,"1-1/4""",IF(L37<=AJ44,"1-1/2""",IF(L37<=AJ45,"2""",IF(L37<=AJ46,"2-1/2""",IF(L37<=AJ47,"3""",IF(L37<=AJ48,"4""",IF(L37<=AJ49,"5""",IF(L37<=AJ50,"6""",0))))))))))))) -> 2" | AX39: 0 | AY39: =IF(W7=0,0,IF(N37<=AJ40,"1/2""",IF(N37<=AJ41,"3/4""",IF(N37<=AJ42,"1""",IF(N37<=AJ43,"1-1/4""",IF(N37<=AJ44,"1-1/2""",IF(N37<=AJ45,"2""",IF(N37<=AJ46,"2-1/2""",IF(N37<=AJ47,"3""",IF(N37<=AJ48,"4""",IF(N37<=AJ49,"5""",IF(N37<=AJ50,"6""",0)))))))))))) -> 2"
A40: =IF(U7>0,"Based on 4 FPS Velocity","Based on 8 FPS Velocity") -> Based on 4 FPS Velocity | E40: =IF(OR(Q9="type k copper",Q9="type l copper",Q9="type m copper"),"Based on 5 FPS Velocity","Based on 8 FPS Velocity") -> Based on 8 FPS Velocity | Y40: 37 | Z40: 23.5 | AB40: 37 | AC40: 45.2 | AG40: 1/2" | AH40: 3 | AJ40: 3.2 | AK40: 5.6 | AL40: 1/2" | AM40: 4 | AO40: 4 | AP40: 8.5 | AQ40: 1/2" | AR40: 7 | AT40: 6.3 | AU40: 20.2
A41: Cold | E41: Hot | Y41: 38 | Z41: 24 | AB41: 38 | AC41: 45.8 | AG41: 3/4" | AH41: 7 | AJ41: 6.4 | AK41: 3.7 | AL41: 3/4" | AM41: 10 | AO41: 8.1 | AP41: 5.6 | AQ41: 3/4" | AR41: 18 | AT41: 12.9 | AU41: 13.4 | AW41: 5 / 8 FPS (PER GPM)
A42: Size | B42: Gallons per Minute (GPM) | E42: Size | F42: Gallons per Minute (GPM) | Y42: 39 | Z42: 24.5 | AB42: 39 | AC42: 46.4 | AG42: 1" | AH42: 15 | AJ42: 10.9 | AK42: 2.7 | AL42: 1" | AM42: 19 | AO42: 13.6 | AP42: 4.1 | AQ42: 1" | AR42: 34 | AS42: 5 | AT42: 21.8 | AU42: 9.9 | AW42: COLD | AX42: HOT | AY42: TOTAL
A43: =IF(Q9="type k copper",AW15,IF(Q9="type l copper",AW31,IF(Q9="type m copper",AW47,IF(Q9="CPVC/PVC/ABS/Plastic Schedule 40",AR63,IF(Q9="CPVC/PVC/ABS/Plastic Schedule 80",AR79,IF(Q9="pex",AR86,0)))))) -> 2" | B43: =L37 -> 29.5 | E43: =IF(Q9="type k copper",AX15,IF(Q9="type l copper",AX31,IF(Q9="type m copper",AX47,IF(Q9="CPVC/PVC/ABS/Plastic Schedule 40",AS63,IF(Q9="CPVC/PVC/ABS/Plastic Schedule 80",AS79,IF(Q9="pex",AS86,0)))))) -> 1/2" | F43: =M37 -> 1 | Y43: 40 | Z43: 25 | AB43: 40 | AC43: 47 | AG43: 1-1/4" | AH43: 24 | AJ43: 16.3 | AK43: 2.2 | AL43: 1-1/4" | AM43: 30 | AO43: 20.4 | AP43: 3.3 | AQ43: 1-1/4" | AR43: 59 | AS43: 17 | AT43: 32.6 | AU43: 7.8 | AW43: =IF(L37=0,0,IF(L37<=AT40,"1/2""",IF(L37<=AT41,"3/4""",IF(L37<=AT42,"1""",IF(L37<=AT43,"1-1/4""",IF(L37<=AT44,"1-1/2""",IF(L37<=AT45,"2""",IF(L37<=AT46,"2-1/2""",IF(L37<=AT47,"3""",IF(L37<=AT48,"4""",IF(L37<=AT49,"5""",IF(L37<=AT50,"6""",0)))))))))))) -> 1-1/4" | AX43: =IF(M37=0,0,IF(M37<=AO40,"1/2""",IF(M37<=AO41,"3/4""",IF(M37<=AO42,"1""",IF(M37<=AO43,"1-1/4""",IF(M37<=AO44,"1-1/2""",IF(M37<=AO45,"2""",IF(M37<=AO46,"2-1/2""",IF(M37<=AO47,"3""",IF(M37<=AO48,"4""",IF(M37<=AO49,"5""",IF(M37<=AO50,"6""",0)))))))))))) -> 1/2" | AY43: =IF(N37=0,0,IF(N37<=AT40,"1/2""",IF(N37<=AT41,"3/4""",IF(N37<=AT42,"1""",IF(N37<=AT43,"1-1/4""",IF(N37<=AT44,"1-1/2""",IF(N37<=AT45,"2""",IF(N37<=AT46,"2-1/2""",IF(N37<=AT47,"3""",IF(N37<=AT48,"4""",IF(N37<=AT49,"5""",IF(N37<=AT50,"6""",0)))))))))))) -> 1-1/4"
Y44: 41 | Z44: 25.4 | AB44: 41 | AC44: 47.4 | AG44: 1-1/2" | AH44: 36 | AI44: 6 | AJ44: 22.8 | AK44: 1.8 | AL44: 1-1/2" | AM44: 49 | AN44: 12 | AO44: 28.5 | AP44: 2.7 | AQ44: 1-1/2" | AR44: 107 | AS44: 38 | AT44: 45.7 | AU44: 6.4
Y45: 42 | Z45: 25.8 | AB45: 42 | AC45: 47.8 | AG45: 2" | AH45: 82 | AI45: 28 | AJ45: 39.5 | AK45: 1.3 | AL45: 2" | AM45: 122 | AN45: 46 | AO45: 49.4 | AP45: 2 | AQ45: 2" | AR45: 270 | AS45: 144 | AT45: 79.1 | AU45: 4.7 | AW45: TOTALS (HIGHER VALUE)
A46: =IF(W7>0,"Based on 4 FPS Velocity","Based on 8 FPS Velocity") -> Based on 4 FPS Velocity | Y46: 43 | Z46: 26.2 | AB46: 43 | AC46: 48.2 | AG46: 2-1/2" | AH46: 180 | AI46: 77 | AJ46: 31 | AK46: 1 | AL46: 2-1/2" | AM46: 256 | AN46: 131 | AO46: 76.2 | AP46: 1.5 | AQ46: 2-1/2" | AR46: 485 | AS46: 380 | AT46: 121.9 | AU46: 3.6 | AW46: COLD | AX46: HOT | AY46: TOTAL
A47: INLET | Y47: 44 | Z47: 26.6 | AB47: 44 | AC47: 48.6 | AG47: 3" | AH47: 310 | AI47: 180 | AJ47: 87 | AK47: 0.8 | AL47: 3" | AM47: 419 | AN47: 294 | AO47: 108.8 | AP47: 1.2 | AQ47: 3" | AR47: 775 | AS47: 743 | AT47: 174 | AU47: 3 | AW47: =IF(AW39>0,AW39,AW43) -> 2" | AX47: =AX43 -> 1/2" | AY47: =IF(AY39>0,AY39,AY43) -> 2"
A48: Size | B48: Gallons per Minute (GPM) | Y48: 45 | Z48: 27 | AB48: 45 | AC48: 49 | AG48: 4" | AH48: 648 | AI48: 583 | AJ48: 151.6 | AK48: 0.6 | AL48: 4" | AM48: 872 | AN48: 854 | AO48: 189.5 | AP48: 0.9 | AQ48: 4" | AR48: 1783 | AS48: 1783 | AT48: 303.3 | AU48: 2.1
A49: =IF(Q9="type k copper",AY15,IF(Q9="type l copper",AY31,IF(Q9="type m copper",AY47,IF(Q9="CPVC/PVC/ABS/Plastic Schedule 40",AT63,IF(Q9="CPVC/PVC/ABS/Plastic Schedule 80",AT79,IF(Q9="pex",AT86,0)))))) -> 2" | B49: =N37 -> 29.5 | Y49: 46 | Z49: 27.4 | AB49: 46 | AC49: 49.4 | AG49: 5" | AH49: 1215 | AI49: 1215 | AJ49: 235.8 | AK49: 0.5 | AL49: 5" | AM49: 1706 | AN49: 1706 | AO49: 294.8 | AP49: 0.7 | AQ49: 5" | AR49: 3407 | AS49: 3407 | AT49: 471.6 | AU49: 1.7
A50: =IF(Q9="pex","Max GPM is 51.7","") | Y50: 47 | Z50: 27.8 | AB50: 47 | AC50: 49.8 | AG50: 6" | AH50: 2125 | AI50: 2125 | AJ50: 338.7 | AK50: 0.4 | AL50: 6" | AM50: 2894 | AN50: 2894 | AO50: 423.4 | AP50: 0.6 | AQ50: 6" | AR50: 6548 | AS50: 6548 | AT50: 677.4 | AU50: 1.3
Y51: 48 | Z51: 28.2 | AB51: 48 | AC51: 50.2
A52: *FPS = Feet Per Second (See Tables B.7.3.A thru I) | Y52: 49 | Z52: 28.6 | AB52: 49 | AC52: 50.6 | AG52: TABLE B.7.3.E - CPVC, PVC, ABS, SCHEDULE 40
Y53: 50 | Z53: 29 | AB53: 50 | AC53: 51 | AG53: PIPE SIZE | AH53: 4 FPS VELOCITY | AL53: PIPE SIZE | AM53: 8 FPS VELOCITY | AR53: 4 FPS (F.V.) (PER GPM)
Y54: 51 | Z54: 29.4 | AB54: 51 | AC54: 51.4 | AH54: WSFU (TANK) | AI54: WSFU (VALVE) | AJ54: FLOW (GPM) | AK54: PSI/100FT | AM54: WSFU (TANK) | AN54: WSFU (VALVE) | AO54: FLOW (GPM) | AP54: PSI/100FT | AR54: COLD | AT54: TOTAL
Y55: 52 | Z55: 29.8 | AB55: 52 | AC55: 51.8 | AG55: 1/2" | AH55: 4 | AJ55: 3.6 | AK55: 5.2 | AL55: 1/2" | AM55: 9 | AO55: 7.3 | AP55: 18.7 | AR55: =IF(U7=0,0,IF(L37=0,0,IF(L37<=AJ55,"1/2""",IF(L37<=AJ56,"3/4""",IF(L37<=AJ57,"1""",IF(L37<=AJ58,"1-1/4""",IF(L37<=AJ59,"1-1/2""",IF(L37<=AJ60,"2""",IF(L37<=AJ61,"2-1/2""",IF(L37<=AJ62,"3""",IF(L37<=AJ63,"4""",IF(L37<=AJ64,"5""",IF(L37<=AJ65,"6""",0))))))))))))) -> 2" | AT55: =IF(W7=0,0,IF(N37<=AJ55,"1/2""",IF(N37<=AJ56,"3/4""",IF(N37<=AJ57,"1""",IF(N37<=AJ58,"1-1/4""",IF(N37<=AJ59,"1-1/2""",IF(N37<=AJ60,"2""",IF(N37<=AJ61,"2-1/2""",IF(N37<=AJ62,"3""",IF(N37<=AJ63,"4""",IF(N37<=AJ64,"5""",IF(N37<=AJ65,"6""",0)))))))))))) -> 2"
Y56: 53 | Z56: 30.2 | AB56: 53 | AC56: 52.2 | AG56: 3/4" | AH56: 7 | AJ56: 6.4 | AK56: 3.7 | AL56: 3/4" | AM56: 18 | AO56: 12.9 | AP56: 13.4
Y57: 54 | Z57: 30.6 | AB57: 54 | AC57: 52.6 | AG57: 1" | AH57: 14 | AJ57: 10.5 | AK57: 2.8 | AL57: 1" | AM57: 32 | AN57: 4 | AO57: 20.9 | AP57: 10.1 | AR57: 5 / 8 FPS (PER GPM)
Y58: 55 | Z58: 31 | AB58: 55 | AC58: 53 | AG58: 1-1/4" | AH58: 27 | AJ58: 18.2 | AK58: 2 | AL58: 1-1/4" | AM58: 71 | AN58: 22 | AO58: 36.4 | AP58: 7.3 | AR58: COLD | AS58: HOT | AT58: TOTAL
Y59: 56 | Z59: 31.4 | AB59: 56 | AC59: 53.4 | AG59: 1-1/2" | AH59: 40 | AI59: 8 | AJ59: 24.9 | AK59: 1.7 | AL59: 1-1/2" | AM59: 124 | AN59: 47 | AO59: 49.7 | AP59: 6.1 | AR59: =IF(L37=0,0,IF(L37<=AO55,"1/2""",IF(L37<=AO56,"3/4""",IF(L37<=AO57,"1""",IF(L37<=AO58,"1-1/4""",IF(L37<=AO59,"1-1/2""",IF(L37<=AO60,"2""",IF(L37<=AO61,"2-1/2""",IF(L37<=AO62,"3""",IF(L37<=AO63,"4""",IF(L37<=AO64,"5""",IF(L37<=AO65,"6""",0)))))))))))) -> 1-1/4" | AS59: =IF(M37=0,0,IF(M37<=AO55,"1/2""",IF(M37<=AO56,"3/4""",IF(M37<=AO57,"1""",IF(M37<=AO58,"1-1/4""",IF(M37<=AO59,"1-1/2""",IF(M37<=AO60,"2""",IF(M37<=AO61,"2-1/2""",IF(M37<=AO62,"3""",IF(M37<=AO63,"4""",IF(M37<=AO64,"5""",IF(M37<=AO65,"6""",0)))))))))))) -> 1/2" | AT59: =IF(N37=0,0,IF(N37<=AO55,"1/2""",IF(N37<=AO56,"3/4""",IF(N37<=AO57,"1""",IF(N37<=AO58,"1-1/4""",IF(N37<=AO59,"1-1/2""",IF(N37<=AO60,"2""",IF(N37<=AO61,"2-1/2""",IF(N37<=AO62,"3""",IF(N37<=AO63,"4""",IF(N37<=AO64,"5""",IF(N37<=AO65,"6""",0)))))))))))) -> 1-1/4"
Y60: 57 | Z60: 31.8 | AB60: 57 | AC60: 53.8 | AG60: 2" | AH60: 89 | AI60: 30 | AJ60: 41.1 | AK60: 1.3 | AL60: 2" | AM60: 286 | AN60: 157 | AO60: 82.2 | AP60: 4.6
Y61: 58 | Z61: 32.2 | AB61: 58 | AC61: 54.2 | AG61: 2-1/2" | AH61: 168 | AI61: 70 | AJ61: 58.5 | AK61: 1 | AL61: 2-1/2" | AM61: 460 | AN61: 347 | AO61: 117.1 | AP61: 3.7 | AR61: TOTALS (HIGHER VALUE)
Y62: 59 | Z62: 32.6 | AB62: 59 | AC62: 54.6 | AG62: 3" | AH62: 328 | AI62: 198 | AJ62: 90.6 | AK62: 0.8 | AL62: 3" | AM62: 820 | AN62: 795 | AO62: 181.2 | AP62: 2.9 | AR62: COLD | AS62: HOT | AT62: TOTAL
Y63: 60 | Z63: 33 | AB63: 60 | AC63: 55 | AG63: 4" | AH63: 675 | AI63: 618 | AJ63: 156.5 | AK63: 0.6 | AL63: 4" | AM63: 1881 | AN63: 1881 | AO63: 313.1 | AP63: 2.1 | AR63: =IF(AR55>0,AR55,AR59) -> 2" | AS63: =AS59 -> 1/2" | AT63: =IF(AT55>0,AT55,AT59) -> 2"
Y64: 61 | Z64: 33.3 | AB64: 61 | AC64: 55.4 | AG64: 5" | AH64: 1303 | AI64: 1303 | AJ64: 246.4 | AK64: 0.5 | AL64: 5" | AM64: 3642 | AN64: 3642 | AO64: 492.8 | AP64: 1.6
Y65: 62 | Z65: 33.6 | AB65: 62 | AC65: 55.7 | AG65: 6" | AH65: 2284 | AI65: 2284 | AJ65: 356.2 | AK65: 0.4 | AL65: 6" | AM65: 7413 | AN65: 7413 | AO65: 712.4 | AP65: 1.3
Y66: 63 | Z66: 33.9 | AB66: 63 | AC66: 56.1
Y67: 64 | Z67: 34.2 | AB67: 64 | AC67: 56.4 | AG67: TABLE B.7.3.F - CPVC, PVC, ABS, SCHEDULE 80
Y68: 65 | Z68: 34.5 | AB68: 65 | AC68: 56.8 | AG68: PIPE SIZE | AH68: 4 FPS VELOCITY | AL68: PIPE SIZE | AM68: 8 FPS VELOCITY
Y69: 66 | Z69: 34.8 | AB69: 66 | AC69: 57.1 | AH69: WSFU (TANK) | AI69: WSFU (VALVE) | AJ69: FLOW (GPM) | AK69: PSI/100FT | AM69: WSFU (TANK) | AN69: WSFU (VALVE) | AO69: FLOW (GPM) | AP69: PSI/100FT | AR69: 4 FPS (F.V.) (PER GPM)
Y70: 67 | Z70: 35.1 | AB70: 67 | AC70: 57.5 | AG70: 1/2" | AH70: 3 | AJ70: 2.7 | AK70: 6.1 | AL70: 1/2" | AM70: 7 | AO70: 5.5 | AP70: 22.1 | AR70: COLD | AT70: TOTAL
Y71: 68 | Z71: 35.4 | AB71: 68 | AC71: 57.8 | AG71: 3/4" | AH71: 6 | AJ71: 5.1 | AK71: 4.2 | AL71: 3/4" | AM71: 14 | AO71: 10.3 | AP71: 15.3 | AR71: =IF(U7=0,0,IF(L37=0,0,IF(L37<=AJ70,"1/2""",IF(L37<=AJ71,"3/4""",IF(L37<=AJ72,"1""",IF(L37<=AJ73,"1-1/4""",IF(L37<=AJ74,"1-1/2""",IF(L37<=AJ75,"2""",IF(L37<=AJ76,"2-1/2""",IF(L37<=AJ77,"3""",IF(L37<=AJ78,"4""",IF(L37<=AJ79,"5""",IF(L37<=AJ80,"6""",0))))))))))))) -> 2" | AT71: =IF(W7=0,0,IF(N37<=AJ70,"1/2""",IF(N37<=AJ71,"3/4""",IF(N37<=AJ72,"1""",IF(N37<=AJ73,"1-1/4""",IF(N37<=AJ74,"1-1/2""",IF(N37<=AJ75,"2""",IF(N37<=AJ76,"2-1/2""",IF(N37<=AJ77,"3""",IF(N37<=AJ78,"4""",IF(N37<=AJ79,"5""",IF(N37<=AJ80,"6""",0)))))))))))) -> 2"
Y72: 69 | Z72: 35.7 | AB72: 69 | AC72: 58.2 | AG72: 1" | AH72: 11 | AJ72: 8.6 | AK72: 3.1 | AL72: 1" | AM72: 25 | AO72: 17.2 | AP72: 11.3
Y73: 70 | Z73: 36 | AB73: 70 | AC73: 58.5 | AG73: 1-1/4" | AH73: 22 | AJ73: 15.4 | AK73: 2.2 | AL73: 1-1/4" | AM73: 55 | AN73: 15 | AO73: 30.8 | AP73: 8.1 | AR73: 5 / 8 FPS (PER GPM)
Y74: 71 | Z74: 36.3 | AB74: 71 | AC74: 58.9 | AG74: 1-1/2" | AH74: 33 | AI74: 4 | AJ74: 21.3 | AK74: 1.9 | AL74: 1-1/2" | AM74: 95 | AN74: 33 | AO74: 42.7 | AP74: 6.7 | AR74: COLD | AS74: HOT | AT74: TOTAL
Y75: 72 | Z75: 36.6 | AB75: 72 | AC75: 59.2 | AG75: 2" | AH75: 70 | AI75: 21 | AJ75: 35.8 | AK75: 1.4 | AL75: 2" | AM75: 233 | AN75: 112 | AO75: 71.4 | AP75: 4.9 | AR75: =IF(L37=0,0,IF(L37<=AO70,"1/2""",IF(L37<=AO71,"3/4""",IF(L37<=AO72,"1""",IF(L37<=AO73,"1-1/4""",IF(L37<=AO74,"1-1/2""",IF(L37<=AO75,"2""",IF(L37<=AO76,"2-1/2""",IF(L37<=AO77,"3""",IF(L37<=AO78,"4""",IF(L37<=AO79,"5""",IF(L37<=AO80,"6""",0)))))))))))) -> 1-1/4" | AS75: =IF(M37=0,0,IF(M37<=AO70,"1/2""",IF(M37<=AO71,"3/4""",IF(M37<=AO72,"1""",IF(M37<=AO73,"1-1/4""",IF(M37<=AO74,"1-1/2""",IF(M37<=AO75,"2""",IF(M37<=AO76,"2-1/2""",IF(M37<=AO77,"3""",IF(M37<=AO78,"4""",IF(M37<=AO79,"5""",IF(M37<=AO80,"6""",0)))))))))))) -> 1/2" | AT75: =IF(N37=0,0,IF(N37<=AO70,"1/2""",IF(N37<=AO71,"3/4""",IF(N37<=AO72,"1""",IF(N37<=AO73,"1-1/4""",IF(N37<=AO74,"1-1/2""",IF(N37<=AO75,"2""",IF(N37<=AO76,"2-1/2""",IF(N37<=AO77,"3""",IF(N37<=AO78,"4""",IF(N37<=AO79,"5""",IF(N37<=AO80,"6""",0)))))))))))) -> 1-1/4"
Y76: 73 | Z76: 36.9 | AB76: 73 | AC76: 59.6 | AG76: 2-1/2" | AH76: 132 | AI76: 51 | AJ76: 51.4 | AK76: 1.1 | AL76: 2-1/2" | AM76: 389 | AN76: 264 | AO76: 102.4 | AP76: 4
Y77: 74 | Z77: 37.2 | AB77: 74 | AC77: 59.9 | AG77: 3" | AH77: 277 | AI77: 149 | AJ77: 80.3 | AK77: 0.9 | AL77: 3" | AM77: 698 | AN77: 648 | AO77: 160.4 | AP77: 3.1 | AR77: TOTALS (HIGHER VALUE)
Y78: 75 | Z78: 37.5 | AB78: 75 | AC78: 60.3 | AG78: 4" | AH78: 585 | AI78: 503 | AJ78: 140.4 | AK78: 0.6 | AL78: 4" | AM78: 1590 | AN78: 1590 | AO78: 280.4 | AP78: 2.2 | AR78: COLD | AS78: HOT | AT78: TOTAL
Y79: 76 | Z79: 37.8 | AB79: 76 | AC79: 60.6 | AG79: 5" | AH79: 1105 | AI79: 1105 | AJ79: 222.6 | AK79: 0.5 | AL79: 5" | AM79: 3114 | AN79: 3114 | AO79: 445.3 | AP79: 1.7 | AR79: =IF(AR71>0,AR71,AR75) -> 2" | AS79: =AS75 -> 1/2" | AT79: =IF(AT71>0,AT71,AT75) -> 2"
Y80: 77 | Z80: 38.1 | AB80: 77 | AC80: 61 | AG80: 6" | AH80: 1942 | AI80: 1942 | AJ80: 319.2 | AK80: 0.4 | AL80: 6" | AM80: 5767 | AN80: 5767 | AO80: 638.3 | AP80: 1.4
Y81: 78 | Z81: 38.4 | AB81: 78 | AC81: 61.3
Y82: 79 | Z82: 38.7 | AB82: 79 | AC82: 61.7 | AG82: TABLE B.7.3.H - PEX PLASTIC TUBING
Y83: 80 | Z83: 39 | AB83: 80 | AC83: 62 | AL83: PIPE SIZE | AM83: 8 FPS VELOCITY
Y84: 81 | Z84: 39.3 | AB84: 81 | AC84: 62.3 | AM84: WSFU (TANK) | AN84: WSFU (VALVE) | AO84: FLOW (GPM) | AP84: PSI/100FT | AR84: 5 / 8 FPS (PER GPM)
Y85: 82 | Z85: 36.5 | AB85: 82 | AC85: 62.6 | AL85: 3/8" | AM85: 1 | AO85: 2.4 | AP85: 35.3 | AR85: COLD | AS85: HOT | AT85: TOTAL
Y86: 83 | Z86: 36.8 | AB86: 83 | AC86: 62.9 | AL86: 1/2" | AM86: 5 | AO86: 4.5 | AP86: 24.8 | AR86: =IF(L37=0,0,IF(L37<=AO86,"1/2""",IF(L37<=AO87,"3/4""",IF(L37<=AO88,"1""",IF(L37<=AO89,"1-1/4""",IF(L37<=AO90,"1-1/2""",IF(L37<=AO91,"2""",0))))))) -> 1-1/2" | AS86: =IF(M37=0,0,IF(M37<=AO86,"1/2""",IF(M37<=AO87,"3/4""",IF(M37<=AO88,"1""",IF(M37<=AO89,"1-1/4""",IF(M37<=AO90,"1-1/2""",IF(M37<=AO91,"2""",0))))))) -> 1/2" | AT86: =IF(N37=0,0,IF(N37<=AO86,"1/2""",IF(N37<=AO87,"3/4""",IF(N37<=AO88,"1""",IF(N37<=AO89,"1-1/4""",IF(N37<=AO90,"1-1/2""",IF(N37<=AO91,"2""",0))))))) -> 1-1/2"
Y87: 84 | Z87: 40 | AB87: 84 | AC87: 63.2 | AL87: 3/4" | AM87: 11 | AO87: 8.8 | AP87: 16.8
Y88: 85 | Z88: 40.3 | AB88: 85 | AC88: 63.5 | AL88: 1" | AM88: 21 | AO88: 14.5 | AP88: 12.5
Y89: 86 | Z89: 40.5 | AB89: 86 | AC89: 63.8 | AL89: 1-1/4" | AM89: 33 | AO89: 21.6 | AP89: 9.9
Y90: 87 | Z90: 40.8 | AB90: 87 | AC90: 64.1 | AL90: 1-1/2" | AM90: 53 | AN90: 14 | AO90: 30.2 | AP90: 8.2
Y91: 88 | Z91: 41 | AB91: 88 | AC91: 64.4 | AL91: 2" | AM91: 134 | AN91: 52 | AO91: 51.7 | AP91: 6
Y92: 89 | Z92: 41.3 | AB92: 89 | AC92: 64.7
Y93: 90 | Z93: 41.5 | AB93: 90 | AC93: 65
Y94: 91 | Z94: 41.8 | AB94: 91 | AC94: 65.3
Y95: 92 | Z95: 42 | AB95: 92 | AC95: 65.6
Y96: 93 | Z96: 42.3 | AB96: 93 | AC96: 65.9
Y97: 94 | Z97: 42.5 | AB97: 94 | AC97: 66.2
Y98: 95 | Z98: 42.8 | AB98: 95 | AC98: 66.5
Y99: 96 | Z99: 43 | AB99: 96 | AC99: 66.8
Y100: 97 | Z100: 43.3 | AB100: 97 | AC100: 67.1
...

Sheet Waste (NSPC) (NJ)
D1: SERIAL NUMBER:
A4: WASTE MAIN TRUNK SIZE (National Plumbing Code Standard)
A5: Table 11.4.1 (FU), Table 11.5.1B, Table 11.5.7, Table 12.16.4, Table 12.16.6, Section 12.16.8(b)
Q6: Building Use: | R6: Other than Dwelling Units
A7: Quantity | C7: Description | H7: Fixture Units | K7: Min. Trap Size | M7: Min. Drain Size | O7: Total
A8: 0 | C8: Bathtub or Bath/Shower | H8: 2 | J8: = | K8: 1-1/2" | M8: 1-1/2" | O8: =H8*A8 -> 0
A9: 0 | C9: Bidet | H9: 1 | J9: = | K9: 1-1/4" | M9: 1-1/4" | O9: =H9*A9 -> 0
A10: 0 | C10: Clothes Washer (Domestic) | H10: 3 | J10: = | K10: 2" | M10: 2" | O10: =H10*A10 -> 0
A11: 0 | C11: Drinking Fountain / Water Cooler | H11: 0.5 | J11: = | K11: 1-1/4" | M11: 1-1/4" | O11: =H11*A11 -> 0
A12: 0 | C12: Drinking Fountain / Water Station | H12: 1 | J12: = | K12: 1-1/4" | M12: 1-1/4" | O12: =H12*A12 -> 0
A13: 0 | C13: Floor Drain | H13: 0 | J13: = | K13: Varies | M13: Varies | O13: =H13*A13 -> 0
A14: 0 | C14: Food Waste Disposer | H14: 3 | J14: = | K14: 2" | M14: 2" | O14: =H14*A14 -> 0
A15: 0 | C15: Kitchen Sink (Domestic) | H15: 2 | J15: = | K15: 1-1/2" | M15: 1-1/2" | O15: =H15*A15 -> 0
A16: 0 | C16: Kitchen Sink (Domestic with Disposer) | H16: 2 | J16: = | K16: 1-1/2" | M16: 1-1/2" | O16: =H16*A16 -> 0
A17: 0 | C17: Kitchen Sink (Domestic with Dishwasher) | H17: 3 | J17: = | K17: 1-1/2" | M17: 1-1/2" | O17: =H17*A17 -> 0
A18: 0 | C18: Kitchen Sink (Domestic with Dishwasher & Disposer) | H18: 3 | J18: = | K18: 1-1/2" | M18: 1-1/2" | O18: =H18*A18 -> 0
A19: 0 | C19: Laundry Sink (1 or 2 Compartment) | H19: 2 | J19: = | K19: 1-1/2" | M19: 1-1/2" | O19: =H19*A19 -> 0
... A23: 0 | C23: Shower (Single) | H23: 2 | J23: = | K23: 1-1/2" | M23: 1-1/2" | O23: =H23*A23 -> 0
A24: 0 | C24: Shower (Multiple Heads) - Enter # of Heads | H24: =IF(A24=1,2,IF(A24=2,5,IF(A24=3,12,IF(A24=4,18,IF(A24=5,22,IF(A24=6,25,IF(A24=7,30,IF(A24=8,35,0)))))))) -> 0 | J24: = | K24: =IF(A24<=4,"2""","3""") -> 2" | M24: =IF(A24<=4,"2""","3""") -> 2"
A25: 0 | C25: Sink (1-1/2" Trap) | H25: 2 | J25: = | K25: 1-1/2" | M25: 1-1/2" | O25: =H25*A25 -> 0
A26: 0 | C26: Sink (2" Trap) | H26: 3 | J26: = | K26: 2" | M26: 2" | O26: =H26*A26 -> 0
A27: 0 | C27: Sink (3" Trap) | H27: 5 | J27: = | K27: 3" | M27: 3" | O27: =H27*A27 -> 0
A28: 0 | C28: Urinal (1.0 GPF) | H28: =IF(R6="heavy-use assembly",5,4) -> 4 | J28: = | K28: Integral | M28: 2" | O28: =H28*A28 -> 0
A29: 0 | C29: Urinal (greater than 1.0 GPF) | H29: =IF(R6="heavy-use assembly",6,5) -> 5 | J29: = | K29: Integral | M29: 2" | O29: =H29*A29 -> 0
A30: 0 | C30: Wash Fountain (1-1/2" Trap) | H30: 2 | J30: = | K30: 1-1/2" | M30: 1-1/2" | O30: =H30*A30 -> 0
A31: 0 | C31: Wash Fountain (2" Trap) | H31: 3 | J31: = | K31: 2" | M31: 2" | O31: =H31*A31 -> 0
A32: 0 | C32: Wash Sink (1-1/2" Trap) | H32: 2 | J32: = | K32: 1-1/2" | M32: 1-1/2" | O32: =H32*A32 -> 0
A33: 0 | C33: Toilet (Tank or Gravity type) | H33: =IF(OR(R6="Individual Dwelling Units",R6="Serving 3 or More Dwelling Units"),3,IF(R6="heavy-use assembly",6,4)) -> 4 | J33: = | K33: Integral | M33: 3"
A34: 0 | C34: Toilet (Flush Valve) | H34: =IF(OR(R6="Individual Dwelling Units",R6="Serving 3 or More Dwelling Units"),3,IF(R6="heavy-use assembly",6,4)) -> 4 | J34: = | K34: Integral | M34: 3"
A35: 0 | C35: Whirlpool Bath or Comb. Bath / Shower | H35: 2 | J35: = | K35: 1-1/2" | M35: 1-1/2"
A36: 0 | C36: Misc (1-1/4" or less) | H36: 1 | J36: = | K36: 1-1/4" | M36: 1-1/4" | O36: =H36*A36 -> 0
A37: 0 | C37: Misc (1-1/2") | H37: 2 | J37: = | K37: 1-1/2" | M37: 1-1/2" | O37: =H37*A37 -> 0
A38: 0 | C38: Misc (2") | H38: 3 | J38: = | K38: 2" | M38: 2" | O38: =H38*A38 -> 0
A39: 0 | C39: Misc (3") | H39: 5 | J39: = | K39: 3" | M39: 3" | O39: =H39*A39 -> 0
A40: 0 | C40: Misc (4") | H40: 6 | J40: = | K40: 4" | M40: 4" | O40: =H40*A40 -> 0
K41: Total Fixture Units | N41: = | O41: =SUM(O8:O40) -> 0
K42: Min. Vent Size @ Branch | N42: = | O42: =IF(O41=0,0,IF(AND(O41<=20,Q42="no"),"1-1/2""",IF(AND(O41<=160,Q42="no"),"2""",IF(AND(O41<=360,Q42="no"),"3""",IF(AND(O41<=1400,Q42="no"),"4""",IF(AND(O41<=2500,Q42="no"),"5""",IF(AND(O41<=3900,Q42="no"),"6""",IF(AND(O41<=7000,Q42="no"),"8""",IF(AND(O41<=6,Q42="yes"),"1-1/2""",IF(AND(O41<=20,Q42="yes"),"2""",IF(AND(O41<=160,Q42="yes"),"3""",IF(AND(O41<=620,Q42="yes"),"4""",IF(AND(O41<=1400,Q42="yes"),"5""",IF(AND(O41<=2500,Q42="yes"),"6""",IF(AND(O41<=3900,Q42="yes"),"8""",IF(AND(O41<=7000,Q42="yes"),"10""")))))))))))))))) -> 0 | Q42: No | R42: <-- Is total deveoped length of vent pipe greater than 40?:
K43: Main Trunk Size | N43: = | O43: =IF(SUM(A28+A29+A33+A34>=4),4,IF(O41<=3,1.5,IF(O41<=6,2,IF(O41<=20,3,IF(O41<=160,4,IF(O41<=360,5,IF(O41<=620,6,IF(O41<=1260,8,IF(O41<=2250,10,IF(O41<=3500,12,IF(O41<=6300,15))))))))))) -> 1.5
A47: *Minimum size of any building drain serving a water closet shall be 3"
A49: **4 or more water closets/urinals require a minimum of 4"
A51: Total area of the Vents thru the roof must be grater than or equal to the Main Trunk Size.
A52: Diameter of Main Trunk | D52: =O43 -> 1.5 | E52: in | F52: Area of Main Trunk | I52: =((D52^2)*(PI()))/4 -> 1.7671459 | J52: Sq. In.
A53: Diameter of Vent 1 | E53: in | F53: Area of Vent 1 | I53: =((D53^2)*(PI()))/4 -> 0 | J53: Sq. In.
A54: Diameter of Vent 2 | E54: in | F54: Area of Vent 2 | I54: =((D54^2)*(PI()))/4 -> 0 | J54: Sq. In.
A55: Diameter of Vent 3 | E55: in | F55: Area of Vent 3 | I55: =((D55^2)*(PI()))/4 -> 0 | J55: Sq. In.
A56: Diameter of Vent 4 | E56: in | F56: Area of Vent 4 | I56: =((D56^2)*(PI()))/4 -> 0 | J56: Sq. In.
A57: Diameter of Vent 5 | E57: in | F57: Area of Vent 5 | I57: =((D57^2)*(PI()))/4 -> 0 | J57: Sq. In.
A58: Diameter of Vent 6 | E58: in | F58: Area of Vent 6 | I58: =((D58^2)*(PI()))/4 -> 0 | J58: Sq. In.
H59: Sum | I59: =SUM(I53:I58) -> 0 | J59: Sq. In. | K59: =IF(I59=L59,"=",(IF(I59>L59,">","<"))) -> < | L59: =I52 -> 1.7671459 | M59: Sq. In., therefore | O59: =IF(K59="<","FAIL","OK") -> FAIL

Sheet Supply (ISPC) (IL)
D1: SERIAL NUMBER:
U2: TANK TYPE (GPM)
U3: Cold | V3: Hot | W3: Total | Y3: WSFU | Z3: GPM (Tanks) | AA3: Pipe Size | AC3: WSFU | AD3: GPM (Valve) | AE3: Pipe Size
A4: INLET PIPE SIZING CHART (Illinois State Plumbing Code) | U4: =IF(SUM(L9+L10+L11+L12+L13+L14+L15+L16+L17+L18+L21+L22+L24+L25+L26+L27+L28)=0,0,IF(SUM(L9+L10+L11+L12+L13+L14+L15+L16+L17+L18+L21+L22+L24+L25+L26+L27+L28)<=2,2,ROUNDUP(INDEX(Z4:Z43,MATCH(SUM(L9+L10+L11+L12+L13+L14+L15+L16+L17+L18+L21+L22+L24+L25+L26+L27+L28),Y4:Y43,1)),1))) -> 2 | V4: =IF(SUM(M9+M10+M11+M12+M13+M14+M15+M16+M17+M18+M21+M22+M24+M25+M26+M27+M28)=0,0,IF(SUM(M9+M10+M11+M12+M13+M14+M15+M16+M17+M18+M21+M22+M24+M25+M26+M27+M28)<=2,2,ROUNDUP(INDEX(Z4:Z43,MATCH(SUM(M9+M10+M11+M12+M13+M14+M15+M16+M17+M18+M21+M22+M24+M25+M26+M27+M28),Y4:Y43,1)),1))) -> 2 | W4: =IF(SUM(N9+N10+N11+N12+N13+N14+N15+N16+N17+N18+N21+N22+N24+N25+N26+N27+N28)=0,0,IF(SUM(N9+N10+N11+N12+N13+N14+N15+N16+N17+N18+N21+N22+N24+N25+N26+N27+N28)<=2,2,ROUNDUP(INDEX(Z4:Z43,MATCH(SUM(N9+N10+N11+N12+N13+N14+N15+N16+N17+N18+N21+N22+N24+N25+N26+N27+N28),Y4:Y43,1)),1))) -> 2 | Y4: 2 | Z4: 2 | AA4: 1/2"
A5: *Based on Section 890.APPENDIX A, Tables M, N, and O | Y5: 4 | Z5: 3 | AA5: 1/2"
U6: FLUSH VALVE (GPM) | Y6: 6 | Z6: 5 | AA6: 1/2"
A7: Quantity | C7: Description | F7: Fixture Units (WSFU) | I7: Minimum Pipe Size | L7: Fixture Units (WSFU) | U7: =IF(SUM(L19+L20+L23)=0,0,ROUNDUP(INDEX(AD7:AD43,MATCH(SUM(L19+L20+L23),AC7:AC43,1)),1)) -> 0 | V7: 0 | W7: =IF(SUM(N19+N20+N23)=0,0,ROUNDUP(INDEX(AD7:AD43,MATCH(SUM(N19+N20+N23),AC7:AC43,1)),1)) -> 0 | Y7: 8 | Z7: 6.5 | AA7: 3/4" | AC7: 5 | AD7: 24 | AE7: 1"
F8: Cold | G8: Hot | H8: Total | L8: Cold | M8: Hot | N8: Total | Y8: 10 | Z8: 8 | AA8: 3/4" | AC8: 10 | AD8: 27 | AE8: 1-1/4"
A9: 0 | C9: Bathtub (Private) | F9: 1.5 | G9: 1.5 | H9: 2 | I9: 1/2" | L9: =$A9*F9 -> 0 | M9: =$A9*G9 -> 0 | N9: =$A9*H9 -> 0 | U9: SIZE | Y9: 12 | Z9: 9.2 | AA9: 3/4" | AC9: 12 | AD9: 28.6 | AE9: 1-1/4"
A10: 0 | C10: Bathtub (Public) | F10: 3 | G10: 3 | H10: 4 | I10: 1/2" | L10: =$A10*F10 -> 0 | M10: =$A10*G10 -> 0 | N10: =$A10*H10 -> 0 | U10: =IF(AND(U7>=5,L29<=AC11),AE11,IF(AND(U7>=5,L29<=AC15),AE15,IF(AND(U7>=5,L29<=AC25),AE25,IF(AND(U7>=5,L29<=AC32),AE32,IF(AND(U7>=5,L29<=AC38),AE38,IF(AND(U7>=5,L29<=AC42),AE42,IF(AND(U7>=5,L29<=AC43),AE43,IF(L29<=Y6,AA6,IF(L29<=Y11,AA11,IF(L29<=Y14,AA14,IF(L29<=Y18,AA18,IF(L29<=Y23,AA23,IF(L29<=Y30,AA30,IF(L29<=Y35,AA35,IF(L29<=Y38,AA38,IF(L29<=Y42,AA42,IF(L29<=Y43,AA43,0))))))))))))))))) -> 1/2" | V10: =IF(AND(U7>=5,M29<=AC11),AE11,IF(AND(U7>=5,M29<=AC15),AE15,IF(AND(U7>=5,M29<=AC25),AE25,IF(AND(U7>=5,M29<=AC32),AE32,IF(AND(U7>=5,M29<=AC38),AE38,IF(AND(U7>=5,M29<=AC42),AE42,IF(AND(U7>=5,M29<=AC43),AE43,IF(M29<=Y6,AA6,IF(M29<=Y11,AA11,IF(M29<=Y14,AA14,IF(M29<=Y18,AA18,IF(M29<=Y23,AA23,IF(M29<=Y30,AA30,IF(M29<=Y35,AA35,IF(M29<=Y38,AA38,IF(M29<=Y42,AA42,IF(M29<=Y43,AA43,0))))))))))))))))) -> 1/2" | W10: =IF(AND(U7>=5,N29<=AC11),AE11,IF(AND(U7>=5,N29<=AC15),AE15,IF(AND(U7>=5,N29<=AC25),AE25,IF(AND(U7>=5,N29<=AC32),AE32,IF(AND(U7>=5,N29<=AC38),AE38,IF(AND(U7>=5,N29<=AC42),AE42,IF(AND(U7>=5,N29<=AC43),AE43,IF(N29<=Y11,AA11,IF(N29<=Y14,AA14,IF(N29<=Y18,AA18,IF(N29<=Y23,AA23,IF(N29<=Y30,AA30,IF(N29<=Y35,AA35,IF(N29<=Y38,AA38,IF(N29<=Y42,AA42,IF(N29<=Y43,AA43,0)))))))))))))))) -> 3/4" | Y10: 14 | Z10: 10.4 | AA10: 3/4" | AC10: 14 | AD10: 30.2 | AE10: 1-1/4"
A11: 0 | C11: Dish Washer | F11: 0 | G11: 1.4 | H11: 1.4 | I11: 1/2" | L11: =$A11*F11 -> 0 | M11: =$A11*G11 -> 0 | N11: =$A11*H11 -> 0 | Y11: 16 | Z11: 11.6 | AA11: 3/4" | AC11: 16 | AD11: 31.8 | AE11: 1-1/4"
A12: 0 | C12: Drinking Fountain | F12: 0.25 | G12: 0 | H12: 0.25 | I12: 3/8" | L12: =$A12*F12 -> 0 | M12: =$A12*G12 -> 0 | N12: =$A12*H12 -> 0 | Y12: 20 | Z12: 14 | AA12: 1" | AC12: 20 | AD12: 35 | AE12: 1-1/2"
A13: 0 | C13: Kitchen Sink(Private) | F13: 1.5 | G13: 1.5 | H13: 2 | I13: 1/2" | L13: =$A13*F13 -> 0 | M13: =$A13*G13 -> 0 | N13: =$A13*H13 -> 0 | Y13: 25 | Z13: 17 | AA13: 1" | AC13: 25 | AD13: 38 | AE13: 1-1/2"
A14: 0 | C14: Kitchen Sink(Hotel/Resta) | F14: 3 | G14: 3 | H14: 4 | I14: 1/2" | L14: =$A14*F14 -> 0 | M14: =$A14*G14 -> 0 | N14: =$A14*H14 -> 0 | Y14: 30 | Z14: 20 | AA14: 1" | AC14: 30 | AD14: 41 | AE14: 1-1/2"
A15: 1 | C15: Lavatory(Private) | F15: 0.75 | G15: 0.75 | H15: 1 | I15: 3/8" | L15: =$A15*F15 -> 0.75 | M15: =$A15*G15 -> 0.75 | N15: =$A15*H15 -> 1 | Y15: 35 | Z15: 22.5 | AA15: 1-1/4" | AC15: 35 | AD15: 43.8 | AE15: 1-1/2"
A16: 0 | C16: Lavatory(Public) | F16: 1 | G16: 1 | H16: 2 | I16: 3/8" | L16: =$A16*F16 -> 0 | M16: =$A16*G16 -> 0 | N16: =$A16*H16 -> 0 | Y16: 40 | Z16: 25 | AA16: 1-1/4" | AC16: 40 | AD16: 46.5 | AE16: 2"
A17: 0 | C17: Service Sink | F17: 2 | G17: 2 | H17: 3 | I17: 1/2" | L17: =$A17*F17 -> 0 | M17: =$A17*G17 -> 0 | N17: =$A17*H17 -> 0 | Y17: 45 | Z17: 27 | AA17: 1-1/4" | AC17: 45 | AD17: 49 | AE17: 2"
A18: 0 | C18: Shower Head(Public) | F18: 2 | G18: 2 | H18: 3 | I18: 1/2" | L18: =$A18*F18 -> 0 | M18: =$A18*G18 -> 0 | N18: =$A18*H18 -> 0 | Y18: 50 | Z18: 29 | AA18: 1-1/4" | AC18: 50 | AD18: 51.5 | AE18: 2"
A19: 0 | C19: Urinal(3/4" valve) | F19: 5 | G19: 0 | H19: 5 | I19: 3/4" | L19: =$A19*F19 -> 0 | M19: =$A19*G19 -> 0 | N19: =$A19*H19 -> 0 | Y19: 60 | Z19: 32 | AA19: 1-1/2" | AC19: 60 | AD19: 55 | AE19: 2"
A20: 0 | C20: Urinal(1" valve) | F20: 10 | G20: 0 | H20: 10 | I20: 1" | L20: =$A20*F20 -> 0 | M20: =$A20*G20 -> 0 | N20: =$A20*H20 -> 0 | Y20: 70 | Z20: 35 | AA20: 1-1/2" | AC20: 70 | AD20: 58.5 | AE20: 2"
A21: 0 | C21: Washing Machine(Private 8#) | F21: 1.5 | G21: 1.5 | H21: 2 | I21: 1/2" | L21: =$A21*F21 -> 0 | M21: =$A21*G21 -> 0 | N21: =$A21*H21 -> 0 | Y21: 80 | Z21: 38 | AA21: 1-1/2" | AC21: 80 | AD21: 62 | AE21: 2"
A22: 0 | C22: Washing Machine(Pub 15#) | F22: 3 | G22: 3 | H22: 4 | I22: 1/2" | L22: =$A22*F22 -> 0 | M22: =$A22*G22 -> 0 | N22: =$A22*H22 -> 0 | Y22: 90 | Z22: 41 | AA22: 1-1/2" | AC22: 90 | AD22: 64.8 | AE22: 2"
... A26: 0 | C26: Hose Bib (Assumed) | F26: 3 | G26: 0 | H26: 4 | I26: 1/2" | L26: =$A26*F26 -> 0 | M26: =$A26*G26 -> 0 | N26: =$A26*H26 -> 0 | Y26: 160 | Z26: 57 | AA26: 2" | AC26: 160 | AD26: 82.5 | AE26: 2-1/2"
A27: 0 | C27: Misc(Fill-in) | F27: 0 | G27: 0 | H27: 0 | L27: =$A27*F27 -> 0 | M27: =$A27*G27 -> 0 | N27: =$A27*H27 -> 0 | Y27: 180 | Z27: 61 | AA27: 2" | AC27: 180 | AD27: 87 | AE27: 2-1/2"
A28: 0 | C28: Misc(Fill-in) | F28: 0 | G28: 0 | H28: 0 | L28: =$A28*F28 -> 0 | M28: =$A28*G28 -> 0 | N28: =$A28*H28 -> 0 | O28: *LIMITED TO 2,000 WSFU | Y28: 200 | Z28: 65 | AA28: 2" | AC28: 200 | AD28: 91.5 | AE28: 2-1/2"
I29: Total Fixture Units (WSFU) | L29: =SUM(L9:L28) -> 0.75 | M29: =SUM(M9:M28) -> 0.75 | N29: =SUM(N9:N28) -> 1 | Y29: 225 | Z29: 70 | AA29: 2" | AC29: 225 | AD29: 97 | AE29: 2-1/2"
I30: Gallons per Minute (GPM) | L30: =SUM(U4+U7) -> 2 | M30: =SUM(V4+V7) -> 2 | N30: =SUM(W4+W7) -> 2 | Y30: 250 | Z30: 75 | AA30: 2" | AC30: 250 | AD30: 101 | AE30: 2-1/2"
Y31: 275 | Z31: 80 | AA31: 2-1/2" | AC31: 275 | AD31: 106 | AE31: 2-1/2"
Y32: 300 | Z32: 85 | AA32: 2-1/2" | AC32: 300 | AD32: 110 | AE32: 2-1/2"
Y33: 350 | Z33: 95 | AA33: 2-1/2" | AC33: 350 | AD33: 119 | AE33: 3"
A34: Cold | E34: Hot | Y34: 400 | Z34: 105 | AA34: 2-1/2" | AC34: 400 | AD34: 126 | AE34: 3"
A35: Size | B35: Gallons per Minute (GPM) | E35: Size | F35: Gallons per Minute (GPM) | Y35: 450 | Z35: 115 | AA35: 2-1/2" | AC35: 450 | AD35: 138 | AE35: 3"
A36: =U10 -> 1/2" | B36: =L30 -> 2 | E36: =V10 -> 1/2" | F36: =M30 -> 2 | Y36: 500 | Z36: 125 | AA36: 3" | AC36: 500 | AD36: 145 | AE36: 3"
Y37: 600 | Z37: 145 | AA37: 3" | AC37: 600 | AD37: 160 | AE37: 3"
Y38: 750 | Z38: 170 | AA38: 3" | AC38: 750 | AD38: 178 | AE38: 3"
Y39: 1000 | Z39: 208 | AA39: 4" | AC39: 1000 | AD39: 208 | AE39: 4"
A40: INLET | Y40: 1250 | Z40: 240 | AA40: 4" | AC40: 1250 | AD40: 240 | AE40: 4"
A41: Size | B41: Gallons per Minute (GPM) | Y41: 1500 | Z41: 267 | AA41: 4" | AC41: 1500 | AD41: 267 | AE41: 4"
A42: =W10 -> 3/4" | B42: =N30 -> 2 | Y42: 1750 | Z42: 294 | AA42: 4" | AC42: 1750 | AD42: 294 | AE42: 4"
A43: =IF(Q9="pex","Max GPM is 51.7","") | Y43: 2000 | Z43: 320 | AA43: 6' | AC43: 2000 | AD43: 321 | AE43: 6"
A45: MIN. INLET SIZE IS 3/4" (SECTION 890.1200, FOOTNOTE A)

Sheet Waste (ISPC) (IL)
D1: SERIAL NUMBER:
A4: WASTE MAIN TRUNK SIZE (Illinois State Plumbing Code)
A5: Section 890 Appendix A, Tables E, F, and K
A7: Quantity | C7: Description | H7: Fixture Units | K7: Min. Trap Size | M7: Total
A8: 0 | C8: Bathroom: 1 WC (tank), 1 Lavy, 1 Bath/Shower | H8: 7 | J8: = | K8: 1-1/4" | M8: =H8*A8 -> 0
A9: 0 | C9: Bathroom: 1 WC (Valve), 1 Lavy, 1 Bath/Shower | H9: 11 | J9: = | K9: 1-1/4" | M9: =H9*A9 -> 0
A10: 0 | C10: Bathtub (with or w/o overhead shower) | H10: 2 | J10: = | K10: 1-1/2" | M10: =H10*A10 -> 0
A11: 0 | C11: Bathtub | H11: 3 | J11: = | K11: 2" | M11: =H11*A11 -> 0
A12: 0 | C12: Bidet | H12: 2 | J12: = | K12: 1-1/2" | M12: =H12*A12 -> 0
A13: 0 | C13: Clothes washer, automatic | H13: 3 | J13: = | K13: 2" | M13: =H13*A13 -> 0
A14: 0 | C14: Dental unit or cuspidor | H14: 1 | J14: = | K14: 1-1/4" | M14: =H14*A14 -> 0
A15: 0 | C15: Drinking fountain | H15: 1/2 | J15: = | K15: 1" | M15: =H15*A15 -> 0
A16: 0 | C16: Dishwasher, domestic | H16: 2 | J16: = | K16: 1-1/2" | M16: =H16*A16 -> 0
A17: 0 | C17: Floor Drains (2") | H17: 2 | J17: = | K17: 2" | M17: =H17*A17 -> 0
A18: 0 | C18: Floor Drains (3") | H18: 3 | J18: = | K18: 2" | M18: =H18*A18 -> 0
A19: 0 | C19: Shower stall (Residential) | H19: 3 | J19: = | K19: 2" | M19: =H19*A19 -> 0
A20: 0 | C20: Showers (group) per head | H20: 3 | J20: = | K20: 2" | M20: =H20*A20 -> 0
A21: Lavatories
A22: 0 | C22: Lavatory (Private) | H22: 1 | J22: = | K22: 1-1/4" | M22: =H22*A22 -> 0
A23: 0 | C23: Lavatory (Public) | H23: 2 | J23: = | K23: 1-1/2" | M23: =H23*A23 -> 0
A24: 0 | C24: Lavatory, barber, beauty parlor | H24: 2 | J24: = | K24: 1-1/2" | M24: =H24*A24 -> 0
A25: 0 | C25: Misc (1-1/4" or less) | H25: 1 | J25: = | K25: 1-1/4" | M25: =H25*A25 -> 0
A26: 0 | C26: Misc (1-1/2") | H26: 2 | J26: = | K26: 1-1/2" | M26: =H26*A26 -> 0
A27: 0 | C27: Misc (2") | H27: 3 | J27: = | K27: 2" | M27: =H27*A27 -> 0
A28: 0 | C28: Misc (2-1/2") | H28: 4 | J28: = | K28: 2-1/2" | M28: =H28*A28 -> 0
A29: 0 | C29: Misc (3") | H29: 5 | J29: = | K29: 3" | M29: =H29*A29 -> 0
A30: 0 | C30: Misc (4") | H30: 6 | J30: = | K30: 4" | M30: =H30*A30 -> 0
A31: Sinks
A32: 0 | C32: Combination sink and tray | H32: 3 | J32: = | K32: 1-1/2" | M32: =H32*A32 -> 0
A33: 0 | C33: Combination sink and tray w/ food-disposal unit | H33: 4 | J33: = | K33: 1-1/2" | M33: =H33*A33 -> 0
A34: 0 | C34: Flushing rim (with valve) | H34: 8 | J34: = | K34: 3" | M34: =H34*A34 -> 0
A35: 0 | C35: Kitchen sink, domestic | H35: 2 | J35: = | K35: 1-1/2" | M35: =H35*A35 -> 0
A36: 0 | C36: Kitchen sink, domestic w/ disposal | H36: 3 | J36: = | K36: 1-1/2" | M36: =H36*A36 -> 0
A37: 0 | C37: Pot, scullery, etc. | H37: 4 | J37: = | K37: 1-1/2" | M37: =H37*A37 -> 0
A38: 0 | C38: Service (P-Trap) | H38: 3 | J38: = | K38: 3" | M38: =H38*A38 -> 0
A39: 0 | C39: Service (P-Trap) | H39: 2 | J39: = | K39: 2" | M39: =H39*A39 -> 0
A40: 0 | C40: Surgeon's | H40: 3 | J40: = | K40: 1-1/2" | M40: =H40*A40 -> 0
A41: 0 | C41: Wash sink (circular or multiple) each set | H41: 2 | J41: = | K41: 1-1/2" | M41: =H41*A41 -> 0
A42: Urinals and Water Closets
A43: 0 | C43: Toilet (Tank type) | H43: 4 | J43: = | K43: 3" | M43: =H43*A43 -> 0
A44: 0 | C44: Toilet (Flush Valve) | H44: 8 | J44: = | K44: 3" | M44: =H44*A44 -> 0
A45: 0 | C45: Urinal, pedestal, siphon jet, blowout | H45: 8 | J45: = | K45: 2" | M45: =H45*A45 -> 0
A46: 0 | C46: Urinal stall | H46: 3 | J46: = | K46: 2" | M46: =H46*A46 -> 0
A47: 0 | C47: Urinal wall integral trap | H47: 3 | J47: = | K47: 2" | M47: =H47*A47 -> 0
A48: 0 | C48: Urinal wall integral trap | H48: 2 | J48: = | K48: 1-1/2" | M48: =H48*A48 -> 0
I49: Total Fixture Units | L49: = | M49: =SUM(M8:M30,M32:M41,M43:M48) -> 0
I50: Min. Vent Size @ Branch | L50: = | M50: =IF(M49<=1,"1-1/4""",IF(M49<=10,"1-1/2""",IF(M49<=30,"2""",IF(M49<=42,"2-1/2""",IF(M49<=102,"3""",IF(M49<=320,"4""")))))) -> 1-1/4"
I51: Min. Vent Size thru Roof (in) | L51: = | M51: =IF(M49>102,4,3) -> 3
I52: Main Trunk Size | L52: = | M52: =IF(SUM(A43:B48)>=4,"4""",IF(M49<=3,"1-1/2""",IF(M49<=6,"2""",IF(M49<=12,"2-1/2""",IF(M49<=34,"3""",IF(M49<=160,"4""",IF(M49<=360,"5""",IF(M49<=620,"6""",IF(M49<=1400,"8""",IF(M49<=2500,"10""",IF(M49<=3900,"12""",IF(M49<=7000,"15""")))))))))))) -> 1-1/2"
A56: *Minimum size of any building drain serving a water closet shall be 3"
A58: **4 or more water closets/urinals require a minimum of 4"

Sheet Ohio Supply-Waste Demand
A1: SUPPLY WATER DEMAND CALCULATION | H1: <<<---COPY AND "PASTESPEC" IN CAD | N1: TOTALS | U1: TABLE E103.3(3) TABLE FOR ESTIMATING DEMAND
A2: QTY | B2: FIXTURE TYPE | C2: GPM / GPF (COLD) | D2: GPM (HOT) | E2: WSFU (COLD) | F2: WSFU (HOT) | G2: WSFU (TOTAL) | N2: GPM (COLD) | O2: GPM (HOT) | P2: WSFU (COLD) | Q2: WSFU (HOT) | R2: WSFU (TOTAL) | U2: TANK | W2: FLUSH VALVE
A3: ='Supply (IPC)'!A9 -> 0 | B3: Bathtub (Private) | C3: 4 | D3: =C3 -> 4 | E3: 1 | F3: 1 | G3: 1.4 | N3: =SUM(A3*C3) -> 0 | O3: =SUM(A3*D3) -> 0 | P3: =SUM(A3*E3) -> 0 | Q3: =SUM(A3*F3) -> 0 | R3: =SUM(A3*G3) -> 0 | U3: WSFU | V3: GPM | W3: WSFU | X3: GPM
A4: ='Supply (IPC)'!A10 -> 0 | B4: Bathtub (Public) | C4: 2.5 | D4: =C4 -> 2.5 | E4: 3 | F4: 3 | G4: 4 | N4: =SUM(A4*C4) -> 0 | O4: =SUM(A4*D4) -> 0 | P4: =SUM(A4*E4) -> 0 | Q4: =SUM(A4*F4) -> 0 | R4: =SUM(A4*G4) -> 0 | U4: 1 | V4: 3 | W4: - | X4: -
A5: ='Supply (IPC)'!A11 -> 0 | B5: Dish Washer | C5: 0 | D5: 2.75 | E5: 0 | F5: 1.4 | G5: 1.4 | N5: =SUM(A5*C5) -> 0 | O5: =SUM(A5*D5) -> 0 | P5: =SUM(A5*E5) -> 0 | Q5: =SUM(A5*F5) -> 0 | R5: =SUM(A5*G5) -> 0 | U5: 2 | V5: 5 | W5: - | X5: -
A6: ='Supply (IPC)'!A12 -> 0 | B6: Drinking Fountain | C6: 0.75 | D6: 0 | E6: 0.25 | F6: 0 | G6: 0.25 | N6: =SUM(A6*C6) -> 0 | O6: =SUM(A6*D6) -> 0 | P6: =SUM(A6*E6) -> 0 | Q6: =SUM(A6*F6) -> 0 | R6: =SUM(A6*G6) -> 0 | U6: 3 | V6: 6.5 | W6: - | X6: -
A7: ='Supply (IPC)'!A13 -> 0 | B7: Kitchen Sink(Private) | C7: 2.2 | D7: =C7 -> 2.2 | E7: 1 | F7: 1 | G7: 1.4 | N7: =SUM(A7*C7) -> 0 | O7: =SUM(A7*D7) -> 0 | P7: =SUM(A7*E7) -> 0 | Q7: =SUM(A7*F7) -> 0 | R7: =SUM(A7*G7) -> 0 | U7: 4 | V7: 8 | W7: - | X7: -
A8: ='Supply (IPC)'!A14 -> 0 | B8: Kitchen Sink(Hotel/Resta) | C8: 2.2 | D8: =C8 -> 2.2 | E8: 3 | F8: 3 | G8: 4 | N8: =SUM(A8*C8) -> 0 | O8: =SUM(A8*D8) -> 0 | P8: =SUM(A8*E8) -> 0 | Q8: =SUM(A8*F8) -> 0 | R8: =SUM(A8*G8) -> 0 | U8: 5 | V8: 9.4 | W8: 5 | X8: 15
A9: ='Supply (IPC)'!A16 -> 0 | B9: Lavatory(Private) | C9: 0.5 | D9: =C9 -> 0.5 | E9: 0.5 | F9: 0.5 | G9: 0.7 | N9: =SUM(A9*C9) -> 0 | O9: =SUM(A9*D9) -> 0 | P9: =SUM(A9*E9) -> 0 | Q9: =SUM(A9*F9) -> 0 | R9: =SUM(A9*G9) -> 0 | U9: 6 | V9: 10.7 | W9: 6 | X9: 17.4
A10: ='Supply (IPC)'!A17 -> 0 | B10: Lavatory(Public) | C10: 0.5 | D10: =C10 -> 0.5 | E10: 1.5 | F10: 1.5 | G10: 2 | N10: =SUM(A10*C10) -> 0 | O10: =SUM(A10*D10) -> 0 | P10: =SUM(A10*E10) -> 0 | Q10: =SUM(A10*F10) -> 0 | R10: =SUM(A10*G10) -> 0 | U10: 7 | V10: 11.8 | W10: 7 | X10: 19.8
A11: ='Supply (IPC)'!A18 -> 0 | B11: Service Sink | C11: 12 | D11: =C11 -> 12 | E11: 2.25 | F11: 2.25 | G11: 3 | N11: =SUM(A11*C11) -> 0 | O11: =SUM(A11*D11) -> 0 | P11: =SUM(A11*E11) -> 0 | Q11: =SUM(A11*F11) -> 0 | R11: =SUM(A11*G11) -> 0 | U11: 8 | V11: 12.8 | W11: 8 | X11: 22.2
A12: ='Supply (IPC)'!A19 -> 0 | B12: Shower Head(Public) | C12: 2.5 | D12: =C12 -> 2.5 | E12: 3 | F12: 3 | G12: 4 | N12: =SUM(A12*C12) -> 0 | O12: =SUM(A12*D12) -> 0 | P12: =SUM(A12*E12) -> 0 | Q12: =SUM(A12*F12) -> 0 | R12: =SUM(A12*G12) -> 0 | U12: 9 | V12: 13.7 | W12: 9 | X12: 24.6
A13: ='Supply (IPC)'!A20 -> 0 | B13: Shower Head(Private) | C13: 2.5 | D13: =C13 -> 2.5 | E13: 1 | F13: 1 | G13: 1.4 | N13: =SUM(A13*C13) -> 0 | O13: =SUM(A13*D13) -> 0 | P13: =SUM(A13*E13) -> 0 | Q13: =SUM(A13*F13) -> 0 | R13: =SUM(A13*G13) -> 0 | U13: 10 | V13: 14.6 | W13: 10 | X13: 27
A14: ='Supply (IPC)'!A24 -> 0 | B14: Washing Machine(Private) | C14: 4 | D14: =C14 -> 4 | E14: 1 | F14: 1 | G14: 1.4 | N14: =SUM(A14*C14) -> 0 | O14: =SUM(A14*D14) -> 0 | P14: =SUM(A14*E14) -> 0 | Q14: =SUM(A14*F14) -> 0 | R14: =SUM(A14*G14) -> 0 | U14: 11 | V14: 15.4 | W14: 11 | X14: 27.8
A15: ='Supply (IPC)'!A22 -> 0 | B15: Urinal (3/4" valve) | C15: 1 | D15: 0 | E15: 5 | F15: 0 | G15: 5 | N15: =SUM(A15*C15) -> 0 | O15: =SUM(A15*D15) -> 0 | P15: =SUM(A15*E15) -> 0 | Q15: =SUM(A15*F15) -> 0 | R15: =SUM(A15*G15) -> 0 | U15: 12 | V15: 16 | W15: 12 | X15: 28.6
A16: ='Supply (IPC)'!A27 -> 0 | B16: Water Closet(FV-Private) | C16: 1.6 | D16: 0 | E16: 6 | F16: 0 | G16: 6 | N16: =SUM(A16*C16) -> 0 | O16: =SUM(A16*D16) -> 0 | P16: =SUM(A16*E16) -> 0 | Q16: =SUM(A16*F16) -> 0 | R16: =SUM(A16*G16) -> 0 | U16: 13 | V16: 16.5 | W16: 13 | X16: 29.4
A17: ='Supply (IPC)'!A28 -> 0 | B17: Water Closet(FV-Public) | C17: 1.6 | D17: 0 | E17: 10 | F17: 0 | G17: 10 | N17: =SUM(A17*C17) -> 0 | O17: =SUM(A17*D17) -> 0 | P17: =SUM(A17*E17) -> 0 | Q17: =SUM(A17*F17) -> 0 | R17: =SUM(A17*G17) -> 0 | U17: 14 | V17: 17 | W17: 14 | X17: 30.2
A18: ='Supply (IPC)'!A29 -> 0 | B18: Water Closet(Tank-Priv.) | C18: 1.6 | D18: 0 | E18: 2.2 | F18: 0 | G18: 2.2 | N18: =SUM(A18*C18) -> 0 | O18: =SUM(A18*D18) -> 0 | P18: =SUM(A18*E18) -> 0 | Q18: =SUM(A18*F18) -> 0 | R18: =SUM(A18*G18) -> 0 | U18: 15 | V18: 17.5 | W18: 15 | X18: 31
A19: ='Supply (IPC)'!A30 -> 0 | B19: Water Closet(Tank-Pub.) | C19: 1.6 | D19: 0 | E19: 5 | F19: 0 | G19: 5 | N19: =SUM(A19*C19) -> 0 | O19: =SUM(A19*D19) -> 0 | P19: =SUM(A19*E19) -> 0 | Q19: =SUM(A19*F19) -> 0 | R19: =SUM(A19*G19) -> 0 | U19: 16 | V19: 18 | W19: 16 | X19: 31.8
A20: ='Supply (IPC)'!A32 -> 0 | B20: Hose Bib | C20: 8 | D20: 0 | E20: 5 | F20: 0 | G20: 5 | N20: =SUM(A20*C20) -> 0 | O20: =SUM(A20*D20) -> 0 | P20: =SUM(A20*E20) -> 0 | Q20: =SUM(A20*F20) -> 0 | R20: =SUM(A20*G20) -> 0 | U20: 17 | V20: 18.4 | W20: 17 | X20: 32.6
A21: TOTAL: | C21: =N21 -> 0 | D21: =O21 -> 0 | E21: =P21 -> 0 | F21: =Q21 -> 0 | G21: =R21 -> 0 | N21: =SUM(N3:N20) -> 0 | O21: =SUM(O3:O20) -> 0 | P21: =SUM(P3:P20) -> 0 | Q21: =SUM(Q3:Q20) -> 0 | R21: =SUM(R3:R20) -> 0 | U21: 18 | V21: 18.8 | W21: 18 | X21: 33.4
A22: WATER SERVICE MAIN DEMAND (GPM): | E22: =SUM(O25+P25) -> 0 | F22: =SUM(Q25) -> 0 | U22: 19 | V22: 19.2 | W22: 19 | X22: 34.2
O23: TABLE E103.3(3) CONVERSION | U23: 20 | V23: 19.6 | W23: 20 | X23: 35
O24: COLD TANK | P24: COLDVALVE | Q24: HOT | U24: 25 | V24: 21.5 | W24: 25 | X24: 38
O25: =IF(SUM(P3+P4+P5+P6+P7+P8+P9+P10+P11+P12+P13+P14+P16+P19+P20)=0,0,ROUNDUP(INDEX(V4:V249,MATCH(SUM(P3+P4+P5+P6+P7+P8+P9+P10+P11+P12+P13+P14+P16+P19+P20),U4:U249,1)),1)) -> 0 | P25: =IF(SUM(P15+P17+P18)=0,0,ROUNDUP(INDEX(X8:X249,MATCH(SUM(P15+P17+P18),W8:W249,1)),1)) -> 0 | Q25: =IF(SUM(P3+P4+P5+P7+P8+P9+P10+P11+P12+P13+P14)=0,0,ROUNDUP(INDEX(V4:V249,MATCH(SUM(P3+P4+P5+P7+P8+P9+P10+P11+P12+P13+P14),U4:U249,1)),1)) -> 0 | U25: 30 | V25: 23.3 | W25: 30 | X25: 42
A26: WASTE DEMAND CALCULATION | E26: <<<---COPY AND "PASTESPEC" IN CAD | U26: 35 | V26: 24.9 | W26: 35 | X26: 44
A27: QTY | B27: FIXTURE TYPE | C27: DFU | D27: DFU (TOTAL) | U27: 40 | V27: 26.3 | W27: 40 | X27: 46
A28: ='Waste (IPC)'!A8 -> 0 | B28: Bathtub or Bath/Shower | C28: 2 | D28: =C28*A28 -> 0 | U28: 45 | V28: 27.7 | W28: 45 | X28: 48
A29: ='Waste (IPC)'!A9 -> 0 | B29: Clothes Washer | C29: 3 | D29: =C29*A29 -> 0 | U29: 50 | V29: 29.1 | W29: 50 | X29: 50
A30: ='Waste (IPC)'!A10 -> 0 | B30: Dish Washer | C30: 2 | D30: =C30*A30 -> 0 | U30: 60 | V30: 32 | W30: 60 | X30: 54
A31: ='Waste (IPC)'!A11 -> 0 | B31: Drinking Fountain | C31: 0.5 | D31: =C31*A31 -> 0 | U31: 70 | V31: 25 | W31: 70 | X31: 58
A32: ='Waste (IPC)'!A12 -> 0 | B32: Floor Drain | C32: 2 | D32: =C32*A32 -> 0 | U32: 80 | V32: 28 | W32: 80 | X32: 61.2
A33: ='Waste (IPC)'!A13 -> 0 | B33: Floor sink | C33: 2 | D33: =C33*A33 -> 0 | U33: 90 | V33: 41 | W33: 90 | X33: 64.3
A34: ='Waste (IPC)'!A14 -> 0 | B34: Shower (5.7 gpm or less) | C34: 2 | D34: =C34*A34 -> 0 | U34: 100 | V34: 43.5 | W34: 100 | X34: 67.5
A35: ='Waste (IPC)'!A19 -> 0 | B35: Lavatory | C35: 1 | D35: =C35*A35 -> 0 | U35: 180 | V35: 61 | W35: 180 | X35: 85.5
A36: ='Waste (IPC)'!A20 -> 0 | B36: Service Or Mop Sink | C36: 3 | D36: =C36*A36 -> 0 | U36: 200 | V36: 65 | W36: 200 | X36: 90
A37: ='Waste (IPC)'!A21 -> 0 | B37: Bar | C37: 2 | D37: =C37*A37 -> 0 | U37: 225 | V37: 70 | W37: 225 | X37: 95.5
A38: Urinals | U38: 1500 | V38: 269 | W38: 1500 | X38: 269
A39: ='Waste (IPC)'!A31 -> 0 | B39: Urinal (> 1.0 GPF) | C39: 4 | D39: =C39*A39 -> 0 | U39: 1750 | V39: 297 | W39: 1750 | X39: 297
A40: ='Waste (IPC)'!A32 -> 0 | B40: Urinal (<=1.0 GPF) | C40: 2 | D40: =C40*A40 -> 0 | U40: 2000 | V40: 325 | W40: 2000 | X40: 325
A41: ='Waste (IPC)'!A33 -> 0 | B41: Urinal(Waterless) | C41: 0.5 | D41: =C41*A41 -> 0 | U41: 2500 | V41: 380 | W41: 2500 | X41: 380
A42: Water Closets (1.6 GPF) Tank | U42: 3000 | V42: 433 | W42: 3000 | X42: 433
A43: ='Waste (IPC)'!A35 -> 0 | B43: Private | C43: 3 | D43: =C43*A43 -> 0 | U43: 4000 | V43: 525 | W43: 4000 | X43: 525
A44: ='Waste (IPC)'!A36 -> 0 | B44: Public | C44: 4 | D44: =C44*A44 -> 0 | U44: 5000 | V44: 593 | W44: 5000 | X44: 593
A45: Water Closets Flushometer Tank
A46: ='Waste (IPC)'!A41 -> 0 | B46: Private / Public | C46: 4 | D46: =C46*A46 -> 0
A47: TOTAL DFU: | D47: =SUM(D28+D29+D30+D31+D32+D33+D34+D35+D36+D37+D39+D40+D41+D43+D44+D46) -> 0
