Workbook

Sheet Axles (Hitch on Left)
A1: Module Width | B1: =(Weight!D8) -> 12 | C1: ft | E1: MOD: | F1: 0
A2: Module Length | B2: =(Weight!D9) -> 56 | C2: ft
A4: Chassis
B5: PSF | C5: Width | D5: Length | E5: Load (P) | F5: X | G5: X*P | H5: Y | I5: Y*P
B6: =(Weight!J56) -> 3.25 | C6: =B1 -> 12 | D6: =B2 -> 56 | E6: =B6*C6*D6 -> 2184 | F6: =B2/2 -> 28 | G6: =F6*E6 -> 61152 | H6: =(B1/2) -> 6 | I6: =H6*E6 -> 13104 | J6: w/o offset
H7: =(B1/2)+(B108/12) -> 6 | I7: =H7*E6 -> 13104 | J7: w/ offset
A8: Floor
B9: PSF | C9: Width | D9: Length | E9: Load (P) | F9: X | G9: X*P | H9: Y | I9: Y*P
B10: =(Weight!J31) -> 7.7 | C10: =B1 -> 12 | D10: =B2 -> 56 | E10: =B10*C10*D10 -> 5174.4 | F10: =B2/2 -> 28 | G10: =F10*E10 -> 144883.2 | H10: =B1/2 -> 6 | I10: =H10*E10 -> 31046.4
A12: Roof
B13: PSF | C13: Width | D13: Length | E13: Load (P) | F13: X | G13: X*P | H13: Y | I13: Y*P
A14: Bearing Wall | B14: =IF(Weight!E41>0,Weight!J47-Weight!F41,Weight!J47) -> 9.3510682 | C14: =($B$1+(Weight!E42/12))/2 -> 6.0833333 | E14: =B14*C14*D14 -> 0 | F14: =B2/2 -> 28 | G14: =F14*E14 -> 0 | I14: =H14*E14 -> 0
A15: Bearing Wall | B15: =IF(Weight!E41>0,Weight!J47-Weight!F41,Weight!J47) -> 9.3510682 | C15: =($B$1+(Weight!E42/12))/2 -> 6.0833333 | E15: =B15*C15*D15 -> 0 | F15: =B2/2 -> 28 | G15: =F15*E15 -> 0 | I15: =H15*E15 -> 0
A16: Post 1 | B16: =IF(Weight!E41>0,Weight!J47-Weight!F41,Weight!J47) -> 9.3510682 | C16: =($B$1+(Weight!E42/12))/2 -> 6.0833333 | E16: =B16*C16*D16 -> 0 | G16: =F16*E16 -> 0 | I16: =H16*E16 -> 0
A17: Post 2 | B17: =IF(Weight!E41>0,Weight!J47-Weight!F41,Weight!J47) -> 9.3510682 | C17: =($B$1+(Weight!E42/12))/2 -> 6.0833333 | E17: =B17*C17*D17 -> 0 | G17: =F17*E17 -> 0 | I17: =H17*E17 -> 0
A18: Post 3 | B18: =IF(Weight!E41>0,Weight!J47-Weight!F41,Weight!J47) -> 9.3510682 | C18: =($B$1+(Weight!E42/12))/2 -> 6.0833333 | E18: =B18*C18*D18 -> 0 | G18: =F18*E18 -> 0 | I18: =H18*E18 -> 0
A19: Post 4 | B19: =IF(Weight!E41>0,Weight!J47-Weight!F41,Weight!J47) -> 9.3510682 | C19: =($B$1+(Weight!E42/12))/2 -> 6.0833333 | E19: =B19*C19*D19 -> 0 | G19: =F19*E19 -> 0 | I19: =H19*E19 -> 0
A20: Post 5 | B20: =IF(Weight!E41>0,Weight!J47-Weight!F41,Weight!J47) -> 9.3510682 | C20: =($B$1+(Weight!E42/12))/2 -> 6.0833333 | E20: =B20*C20*D20 -> 0 | G20: =F20*E20 -> 0 | I20: =H20*E20 -> 0
A21: Post 6 | B21: =IF(Weight!E41>0,Weight!J47-Weight!F41,Weight!J47) -> 9.3510682 | C21: =($B$1+(Weight!E42/12))/2 -> 6.0833333 | E21: =B21*C21*D21 -> 0 | G21: =F21*E21 -> 0 | I21: =H21*E21 -> 0
A22: Post 7 | B22: =IF(Weight!E41>0,Weight!J47-Weight!F41,Weight!J47) -> 9.3510682 | C22: =($B$1+(Weight!E42/12))/2 -> 6.0833333 | E22: =B22*C22*D22 -> 0 | G22: =F22*E22 -> 0 | I22: =H22*E22 -> 0
A23: Post 8 | B23: =IF(Weight!E41>0,Weight!J47-Weight!F41,Weight!J47) -> 9.3510682 | C23: =($B$1+(Weight!E42/12))/2 -> 6.0833333 | E23: =B23*C23*D23 -> 0 | G23: =F23*E23 -> 0 | I23: =H23*E23 -> 0
A24: =IF(Weight!E41=1,Weight!C41,"-") -> - | B24: =IF(Weight!E41=1,INDEX(Materials!K73:K79,MATCH(A24,Materials!I73:I79,0)),Materials!B69) -> 0 | C24: =IF(A24="1-ply wood girder:",0.13,IF(A24="2-ply wood girder:",0.25,IF(A24="3-ply wood girder:",0.35,IF(A24="4-ply wood girder:",0.5,IF(A24="bar joist:",0.54,IF(A24="4-ply wood girder:",0.5,IF(A24="1-Ply 1-3/4""x16"" Microlam:",0.15,0.29))))))) -> 0.29 | E24: =B24*C24*D24 -> 0 | F24: =B2/2 -> 28 | G24: =F24*E24 -> 0 | H24: =IF(AND(Weight!E41=0,OR(H14="",H14=0)),0,IF(AND(AND(AND(AND(AND(Weight!E41>0),Weight!D16="n",Weight!D17="y",H14>0,H14<6)))),B1-(C24/2),IF(AND(AND(AND(AND(Weight!E41>0),Weight!D16="n",Weight!D17="y",H14>6))),(C24/2),IF(AND(AND(AND(AND(Weight!E41>0),Weight!D16="n"),Weight!D17="n",H14>6)),(C24/2),IF(AND(AND(AND(Weight!E41>0),Weight!D16="n",Weight!D17="n")),(C24/2),0))))) -> 0 | I24: =H24*E24 -> 0
A25: =IF(Weight!E41=1,Weight!C41,"-") -> - | B25: =IF(Weight!E41=1,INDEX(Materials!K73:K79,MATCH(A25,Materials!I73:I79,0)),Materials!B69) -> 0 | C25: =IF(A25="1-ply wood girder:",0.13,IF(A25="2-ply wood girder:",0.25,IF(A25="3-ply wood girder:",0.35,IF(A25="4-ply wood girder:",0.5,IF(A25="bar joist:",0.54,IF(A25="4-ply wood girder:",0.5,IF(A25="1-Ply 1-3/4""x16"" Microlam:",0.15,0.29))))))) -> 0.29 | E25: =B25*C25*D25 -> 0 | F25: =B2/2 -> 28 | G25: =F25*E25 -> 0 | H25: =IF(AND(Weight!E41=0,OR(H15="",H15=0)),0,IF(AND(AND(AND(AND(AND(Weight!E41>0),Weight!D16="n",Weight!D17="y",H15>0,H15<6)))),B1-(C25/2),IF(AND(AND(AND(AND(Weight!E41>0),Weight!D16="n",Weight!D17="y",H15>6))),(C25/2),IF(AND(AND(AND(AND(Weight!E41>0),Weight!D16="n"),Weight!D17="n",H15>6)),(C25/2),IF(AND(AND(AND(Weight!E41>0),Weight!D16="n",Weight!D17="n")),B1-(C25/2),0))))) -> 0 | I25: =H25*E25 -> 0
A26: Beam Wrapped w/ 5/8" Gyp | B26: =Materials!B67 -> 0.575 | E26: =B26*C26*D26 -> 0 | F26: =B2/2 -> 28 | G26: =F26*E26 -> 0 | I26: =H26*E26 -> 0
A27: Beam Wrapped w/ 5/8" Gyp | B27: =Materials!B67 -> 0.575 | E27: =B27*C27*D27 -> 0 | F27: =B2/2 -> 28 | G27: =F27*E27 -> 0 | I27: =H27*E27 -> 0
A28: Totals | E28: =SUM(E14:E27) -> 0 | G28: =SUM(G14:G27) -> 0 | I28: =SUM(I14:I27) -> 0
A30: Walls
B31: PSF | C31: Hieght | D31: Length | E31: Load (P) | F31: X | G31: X*P | H31: Y | I31: Y*P
A32: SIDEWALL | B32: =SUM(Weight!J71) -> 6.9 | C32: =SUM(Weight!D10) -> 10 | E32: =B32*C32*D32 -> 0 | F32: =B2/2 -> 28 | G32: =F32*E32 -> 0 | I32: =H32*E32 -> 0
A33: SIDEWALL | B33: =SUM(Weight!J71) -> 6.9 | C33: =SUM(Weight!D10) -> 10 | E33: =B33*C33*D33 -> 0 | F33: =B2/2 -> 28 | G33: =F33*E33 -> 0 | I33: =H33*E33 -> 0
A34: ENDWALL | B34: =SUM(Weight!J71) -> 6.9 | C34: =SUM(Weight!D11) -> 10 | E34: =B34*C34*D34 -> 0 | G34: =F34*E34 -> 0 | I34: =H34*E34 -> 0
A35: ENDWALL | B35: =SUM(Weight!J71) -> 6.9 | C35: =SUM(Weight!D11) -> 10 | E35: =B35*C35*D35 -> 0 | G35: =F35*E35 -> 0 | I35: =H35*E35 -> 0
A36: INTERIOR WALL | B36: =SUM(Weight!J84) -> 6.54 | C36: =SUM(Weight!D13) -> 8.1 | E36: =B36*C36*D36 -> 0 | G36: =F36*E36 -> 0 | I36: =H36*E36 -> 0
A37: 6 | B37: =SUM(Weight!J84) -> 6.54 | C37: =SUM(Weight!D13) -> 8.1 | E37: =B37*C37*D37 -> 0 | G37: =F37*E37 -> 0 | I37: =H37*E37 -> 0
A38: 7 | B38: =SUM(Weight!J84) -> 6.54 | C38: =SUM(Weight!D13) -> 8.1 | E38: =B38*C38*D38 -> 0 | G38: =F38*E38 -> 0 | I38: =H38*E38 -> 0
A39: 8 | B39: =SUM(Weight!J84) -> 6.54 | C39: =SUM(Weight!D13) -> 8.1 | E39: =B39*C39*D39 -> 0 | G39: =F39*E39 -> 0 | I39: =H39*E39 -> 0
A40: 9 | B40: =SUM(Weight!J84) -> 6.54 | C40: =SUM(Weight!D13) -> 8.1 | E40: =B40*C40*D40 -> 0 | G40: =F40*E40 -> 0 | I40: =H40*E40 -> 0
A41: 10 | B41: =SUM(Weight!J84) -> 6.54 | C41: =SUM(Weight!D13) -> 8.1 | E41: =B41*C41*D41 -> 0 | G41: =F41*E41 -> 0 | I41: =H41*E41 -> 0
A42: 11 | B42: =SUM(Weight!J84) -> 6.54 | C42: =SUM(Weight!D13) -> 8.1 | E42: =B42*C42*D42 -> 0 | G42: =F42*E42 -> 0 | I42: =H42*E42 -> 0
A43: 12 | B43: =SUM(Weight!J84) -> 6.54 | C43: =SUM(Weight!D13) -> 8.1 | E43: =B43*C43*D43 -> 0 | G43: =F43*E43 -> 0 | I43: =H43*E43 -> 0
A44: 13 | B44: =SUM(Weight!J84) -> 6.54 | C44: =SUM(Weight!D13) -> 8.1 | E44: =B44*C44*D44 -> 0 | G44: =F44*E44 -> 0 | I44: =H44*E44 -> 0
A45: 14 | B45: =SUM(Weight!J84) -> 6.54 | C45: =SUM(Weight!D13) -> 8.1 | E45: =B45*C45*D45 -> 0 | G45: =F45*E45 -> 0 | I45: =H45*E45 -> 0
A46: 15 | B46: =SUM(Weight!J84) -> 6.54 | C46: =SUM(Weight!D13) -> 8.1 | E46: =B46*C46*D46 -> 0 | G46: =F46*E46 -> 0 | I46: =H46*E46 -> 0
A47: 16 | B47: =SUM(Weight!J84) -> 6.54 | C47: =SUM(Weight!D13) -> 8.1 | E47: =B47*C47*D47 -> 0 | G47: =F47*E47 -> 0 | I47: =H47*E47 -> 0
A48: 17 | B48: =SUM(Weight!J84) -> 6.54 | C48: =SUM(Weight!D13) -> 8.1 | E48: =B48*C48*D48 -> 0 | G48: =F48*E48 -> 0 | I48: =H48*E48 -> 0
A49: 18 | B49: =SUM(Weight!J84) -> 6.54 | C49: =SUM(Weight!D13) -> 8.1 | E49: =B49*C49*D49 -> 0 | G49: =F49*E49 -> 0 | I49: =H49*E49 -> 0
A50: 19 | B50: =SUM(Weight!J84) -> 6.54 | C50: =SUM(Weight!D13) -> 8.1 | E50: =B50*C50*D50 -> 0 | G50: =F50*E50 -> 0 | I50: =H50*E50 -> 0
A51: 20 | B51: =SUM(Weight!J84) -> 6.54 | C51: =SUM(Weight!D13) -> 8.1 | E51: =B51*C51*D51 -> 0 | G51: =F51*E51 -> 0 | I51: =H51*E51 -> 0
A52: 21 | B52: =SUM(Weight!J84) -> 6.54 | C52: =SUM(Weight!D13) -> 8.1 | E52: =B52*C52*D52 -> 0 | G52: =F52*E52 -> 0 | I52: =H52*E52 -> 0
A53: 22 | B53: =SUM(Weight!J84) -> 6.54 | C53: =SUM(Weight!D13) -> 8.1 | E53: =B53*C53*D53 -> 0 | G53: =F53*E53 -> 0 | I53: =H53*E53 -> 0
A54: 23 | B54: =SUM(Weight!J84) -> 6.54 | C54: =SUM(Weight!D13) -> 8.1 | E54: =B54*C54*D54 -> 0 | G54: =F54*E54 -> 0 | I54: =H54*E54 -> 0
A55: 24 | B55: =SUM(Weight!J84) -> 6.54 | C55: =SUM(Weight!D13) -> 8.1 | E55: =B55*C55*D55 -> 0 | G55: =F55*E55 -> 0 | I55: =H55*E55 -> 0
A56: 25 | B56: =SUM(Weight!J84) -> 6.54 | C56: =SUM(Weight!D13) -> 8.1 | E56: =B56*C56*D56 -> 0 | G56: =F56*E56 -> 0 | I56: =H56*E56 -> 0
A57: Totals | E57: =SUM(E32:E56) -> 0 | G57: =SUM(G32:G56) -> 0 | I57: =SUM(I32:I56) -> 0
A59: Plumbing Fixtures
E60: Load (P) | F60: X | G60: X*P | H60: Y | I60: Y*P
A61: 1 | G61: =F61*E61 -> 0 | I61: =H61*E61 -> 0
A62: 2 | G62: =F62*E62 -> 0 | I62: =H62*E62 -> 0
A63: 3 | G63: =F63*E63 -> 0 | I63: =H63*E63 -> 0
A64: 4 | G64: =F64*E64 -> 0 | I64: =H64*E64 -> 0
A65: 5 | G65: =F65*E65 -> 0 | I65: =H65*E65 -> 0
A66: 6 | G66: =F66*E66 -> 0 | I66: =H66*E66 -> 0
A67: 7 | G67: =F67*E67 -> 0 | I67: =H67*E67 -> 0
A68: 8 | G68: =F68*E68 -> 0 | I68: =H68*E68 -> 0
A69: 9 | G69: =F69*E69 -> 0 | I69: =H69*E69 -> 0
A70: 10 | G70: =F70*E70 -> 0 | I70: =H70*E70 -> 0
A71: 11 | G71: =F71*E71 -> 0 | I71: =H71*E71 -> 0
A72: 12 | G72: =F72*E72 -> 0 | I72: =H72*E72 -> 0
... A80: 20 | G80: =F80*E80 -> 0 | I80: =H80*E80 -> 0
A81: Totals | E81: =SUM(E61:E80) -> 0 | G81: =SUM(G61:G80) -> 0 | I81: =SUM(I61:I80) -> 0
A83: Cabinets
B84: PLF | D84: Length | E84: Load (P) | F84: X | G84: X*P | H84: Y | I84: Y*P
A85: Upper 1 | B85: 18 | E85: =B85*D85 -> 0 | G85: =F85*E85 -> 0 | I85: =H85*E85 -> 0
A86: Upper 2 | B86: 18 | E86: =B86*D86 -> 0 | G86: =F86*E86 -> 0 | I86: =H86*E86 -> 0
A87: Upper 3 | B87: 18 | E87: =B87*D87 -> 0 | G87: =F87*E87 -> 0 | I87: =H87*E87 -> 0
A88: Base 1 | B88: 10 | E88: =B88*D88 -> 0 | G88: =F88*E88 -> 0 | I88: =H88*E88 -> 0
A89: Base 2 | B89: 10 | E89: =B89*D89 -> 0 | G89: =F89*E89 -> 0 | I89: =H89*E89 -> 0
A90: Base 3 | B90: 10 | E90: =B90*D90 -> 0 | G90: =F90*E90 -> 0 | I90: =H90*E90 -> 0
A91: Totals | E91: =SUM(E85:E90) -> 0 | G91: =SUM(G85:G90) -> 0 | I91: =SUM(I85:I90) -> 0
B92: Number of Toilet Partitions: | C92: 0 | D92: =IF(C92=1,200,IF(C92>1,200+((C92-1)*125),0)) -> 0 | E92: (Note: Both partition weights have been added to "Axle Weight")
B93: Number of Urinal Partitions: | C93: 0 | D93: =SUM(C93*50) -> 0
A96: HVAC
E97: Load (P) | F97: X | G97: X*P | H97: Y | I97: Y*P
A98: 1 | E98: 500 | F98: -1 | G98: =F98*E98 -> -500 | H98: =B1/2 -> 6 | I98: =H98*E98 -> 3000
A99: 2 | G99: =F99*E99 -> 0 | I99: =H99*E99 -> 0
A100: Totals
E101: =SUM(E6,E10,E28,E57,E81,E91,E98,E99) -> 7858.4 | F101: =G101/E101 -> 26.154841 | G101: =SUM(G6,G10,G28,G57,G81,G91,G98,G99) -> 205535.2 | H101: =I101/E101 -> 6 | I101: =SUM(I6,I10,I28,I57,I81,I91,I98,I99) -> 47150.4 | J101: w/o offset
E102: =SUM(E6,E10,E28,E57,E81,E91,E98,E99) -> 7858.4 | F102: =G102/E102 -> 26.154841 | G102: =SUM(G6,G10,G28,G57,G81,G91,G98,G99) -> 205535.2 | H102: =I102/E102 -> 6 | I102: =SUM(I7,I10,I28,I57,I81,I91,I98,I99) -> 47150.4 | J102: w/ offset
A103: Number of Axles | B103: 4
A104: Capacity of tires | B104: =IF(Weight!D18=7000,3500,3000) -> 3000 | C104: lbs
A105: Main Rail Spacing | B105: =IF(B1<=8,65.5,IF(AND(B1>8,B1<=10),75.5,IF(AND(B1>10,OR(Weight!H6="promod",Weight!H6="southeast",Weight!H6="SSI")),95.5,99.5))) -> 95.5 | C105: in
A106: Hitch Length | B106: =IF(OR(Weight!D53="extended hitch:",Weight!D54="extended hitch:"),5,4) -> 4 | C106: ft
A107: Length/Axle Factor | B107: 0.67
A108: Axle Offset | B108: =IF(AND(AND(B1<13),I113<I114,Weight!E55=1),-3,IF(AND(AND(B1>=13),I113<I114,Weight!E55=1),-4,IF(AND(AND(B1<13),I113>I114,Weight!E55=1),4,IF(AND(AND(B1>=13),I113>I114,Weight!E55=1),4,IF(AND(I113<I114,Weight!E55=0),-4,IF(AND(I113>I114,Weight!E55=0),4,0)))))) -> 0 | C108: inches
A109: Axle Location (0,0) | B109: =(B2/3*2) -> 37.333333 | F109: =B2-(B2*B107) -> 18.48 | H109: =(B1/2)+(B108/12) -> 6
A110: Hitch Weight | B110: =E101-B111 -> 1452.6004
A111: Axle Weight | B111: =IF(OR(Weight!D53="extended hitch:",Weight!D54="extended hitch:"),(E101*((B2+B106)-F101))/((B2+B106)-F109),(E101*((B2+B106)-F101))/((B2+B106)-F109))+D92+D93 -> 6405.7996
A112: Combined Weight: | B112: =SUM(B110+B111) -> 7858.4 | C112: =IF(B112>40000,"Pintle Eye Hitch Required",0) -> 0
A113: Tire (Y2) | E113: =(B111*(H101-H114))/(H113-H114) -> 3202.8998 | H113: =((B1/2)+(B105/24)) -> 9.9791667 | I113: =E113/B104 -> 1.0676333 | J113: =IF(I113<B103,"OK","FAIL") -> OK | K113: W/O OFFSET
A114: Tire (Y1) | E114: =B111-E113 -> 3202.8998 | H114: =((B1/2)-(B105/24)) -> 2.0208333 | I114: =E114/B104 -> 1.0676333 | J114: =IF(I114<B103,"OK","FAIL") -> OK
...

Sheet Axles (Hitch on Right)
A1: Module Width | B1: =(Weight!D8) -> 12 | C1: ft | E1: MOD: | F1: 0
A2: Module Length | B2: =(Weight!D9) -> 56 | C2: ft
A4: Chassis
B5: PSF | C5: Width | D5: Length | E5: Load (P) | F5: X | G5: X*P | H5: Y | I5: Y*P
B6: =(Weight!J56) -> 3.25 | C6: =B1 -> 12 | D6: =B2 -> 56 | E6: =B6*C6*D6 -> 2184 | F6: =B2/2 -> 28 | G6: =F6*E6 -> 61152 | H6: =(B1/2) -> 6 | I6: =H6*E6 -> 13104 | J6: w/o offset
H7: =(B1/2)+(B108/12) -> 6 | I7: =H7*E6 -> 13104 | J7: w/ offset
A8: Floor
B9: PSF | C9: Width | D9: Length | E9: Load (P) | F9: X | G9: X*P | H9: Y | I9: Y*P
B10: =(Weight!J31) -> 7.7 | C10: =B1 -> 12 | D10: =B2 -> 56 | E10: =B10*C10*D10 -> 5174.4 | F10: =B2/2 -> 28 | G10: =F10*E10 -> 144883.2 | H10: =B1/2 -> 6 | I10: =H10*E10 -> 31046.4
A12: Roof
B13: PSF | C13: Width | D13: Length | E13: Load (P) | F13: X | G13: X*P | H13: Y | I13: Y*P
A14: Bearing Wall | B14: =IF(Weight!E41>0,Weight!J47-Weight!F41,Weight!J47) -> 9.3510682 | C14: =($B$1+(Weight!E42/12))/2 -> 6.0833333 | E14: =B14*C14*D14 -> 0 | F14: =B2/2 -> 28 | G14: =F14*E14 -> 0 | I14: =H14*E14 -> 0
A15: Bearing Wall | B15: =IF(Weight!E41>0,Weight!J47-Weight!F41,Weight!J47) -> 9.3510682 | C15: =($B$1+(Weight!E42/12))/2 -> 6.0833333 | E15: =B15*C15*D15 -> 0 | F15: =B2/2 -> 28 | G15: =F15*E15 -> 0 | I15: =H15*E15 -> 0
A16: Post 1 | B16: =IF(Weight!E41>0,Weight!J47-Weight!F41,Weight!J47) -> 9.3510682 | C16: =($B$1+(Weight!E42/12))/2 -> 6.0833333 | E16: =B16*C16*D16 -> 0 | G16: =F16*E16 -> 0 | I16: =H16*E16 -> 0
A17: Post 2 | B17: =IF(Weight!E41>0,Weight!J47-Weight!F41,Weight!J47) -> 9.3510682 | C17: =($B$1+(Weight!E42/12))/2 -> 6.0833333 | E17: =B17*C17*D17 -> 0 | G17: =F17*E17 -> 0 | I17: =H17*E17 -> 0
A18: Post 3 | B18: =IF(Weight!E41>0,Weight!J47-Weight!F41,Weight!J47) -> 9.3510682 | C18: =($B$1+(Weight!E42/12))/2 -> 6.0833333 | E18: =B18*C18*D18 -> 0 | G18: =F18*E18 -> 0 | I18: =H18*E18 -> 0
A19: Post 4 | B19: =IF(Weight!E41>0,Weight!J47-Weight!F41,Weight!J47) -> 9.3510682 | C19: =($B$1+(Weight!E42/12))/2 -> 6.0833333 | E19: =B19*C19*D19 -> 0 | G19: =F19*E19 -> 0 | I19: =H19*E19 -> 0
A20: Post 5 | B20: =IF(Weight!E41>0,Weight!J47-Weight!F41,Weight!J47) -> 9.3510682 | C20: =($B$1+(Weight!E42/12))/2 -> 6.0833333 | E20: =B20*C20*D20 -> 0 | G20: =F20*E20 -> 0 | I20: =H20*E20 -> 0
A21: Post 6 | B21: =IF(Weight!E41>0,Weight!J47-Weight!F41,Weight!J47) -> 9.3510682 | C21: =($B$1+(Weight!E42/12))/2 -> 6.0833333 | E21: =B21*C21*D21 -> 0 | G21: =F21*E21 -> 0 | I21: =H21*E21 -> 0
A22: Post 7 | B22: =IF(Weight!E41>0,Weight!J47-Weight!F41,Weight!J47) -> 9.3510682 | C22: =($B$1+(Weight!E42/12))/2 -> 6.0833333 | E22: =B22*C22*D22 -> 0 | G22: =F22*E22 -> 0 | I22: =H22*E22 -> 0
A23: Post 8 | B23: =IF(Weight!E41>0,Weight!J47-Weight!F41,Weight!J47) -> 9.3510682 | C23: =($B$1+(Weight!E42/12))/2 -> 6.0833333 | E23: =B23*C23*D23 -> 0 | G23: =F23*E23 -> 0 | I23: =H23*E23 -> 0
A24: =IF(Weight!E41=1,Weight!C41,"-") -> - | B24: =IF(Weight!E41=1,INDEX(Materials!K73:K79,MATCH(A24,Materials!I73:I79,0)),Materials!B69) -> 0 | C24: =IF(A24="1-ply wood girder:",0.13,IF(A24="2-ply wood girder:",0.25,IF(A24="3-ply wood girder:",0.35,IF(A24="4-ply wood girder:",0.5,IF(A24="bar joist:",0.54,IF(A24="4-ply wood girder:",0.5,IF(A24="1-Ply 1-3/4""x16"" Microlam:",0.15,0.29))))))) -> 0.29 | E24: =B24*C24*D24 -> 0 | F24: =B2/2 -> 28 | G24: =F24*E24 -> 0 | H24: =IF(AND(Weight!E41=0,OR(H14="",H14=0)),0,IF(AND(AND(AND(AND(AND(Weight!E41>0),Weight!D16="n",Weight!D17="y",H14>0,H14<6)))),B1-(C24/2),IF(AND(AND(AND(AND(Weight!E41>0),Weight!D16="n",Weight!D17="y",H14>6))),(C24/2),IF(AND(AND(AND(AND(Weight!E41>0),Weight!D16="n"),Weight!D17="n",H14>6)),(C24/2),IF(AND(AND(AND(Weight!E41>0),Weight!D16="n",Weight!D17="n")),(C24/2),0))))) -> 0 | I24: =H24*E24 -> 0
A25: =IF(Weight!E41=1,Weight!C41,"-") -> - | B25: =IF(Weight!E41=1,INDEX(Materials!K73:K79,MATCH(A25,Materials!I73:I79,0)),Materials!B69) -> 0 | C25: =IF(A25="1-ply wood girder:",0.13,IF(A25="2-ply wood girder:",0.25,IF(A25="3-ply wood girder:",0.35,IF(A25="4-ply wood girder:",0.5,IF(A25="bar joist:",0.54,IF(A25="4-ply wood girder:",0.5,IF(A25="1-Ply 1-3/4""x16"" Microlam:",0.15,0.29))))))) -> 0.29 | E25: =B25*C25*D25 -> 0 | F25: =B2/2 -> 28 | G25: =F25*E25 -> 0 | H25: =IF(AND(Weight!E41=0,OR(H15="",H15=0)),0,IF(AND(AND(AND(AND(AND(Weight!E41>0),Weight!D16="n",Weight!D17="y",H15>0,H15<6)))),B1-(C25/2),IF(AND(AND(AND(AND(Weight!E41>0),Weight!D16="n",Weight!D17="y",H15>6))),(C25/2),IF(AND(AND(AND(AND(Weight!E41>0),Weight!D16="n"),Weight!D17="n",H15>6)),(C25/2),IF(AND(AND(AND(Weight!E41>0),Weight!D16="n",Weight!D17="n")),B1-(C25/2),0))))) -> 0 | I25: =H25*E25 -> 0
A26: Beam Wrapped w/ 5/8" Gyp | B26: =Materials!B67 -> 0.575 | E26: =B26*C26*D26 -> 0 | F26: =B2/2 -> 28 | G26: =F26*E26 -> 0 | I26: =H26*E26 -> 0
A27: Beam Wrapped w/ 5/8" Gyp | B27: =Materials!B67 -> 0.575 | E27: =B27*C27*D27 -> 0 | F27: =B2/2 -> 28 | G27: =F27*E27 -> 0 | I27: =H27*E27 -> 0
A28: Totals | E28: =SUM(E14:E27) -> 0 | G28: =SUM(G14:G27) -> 0 | I28: =SUM(I14:I27) -> 0
A30: Walls
B31: PSF | C31: Hieght | D31: Length | E31: Load (P) | F31: X | G31: X*P | H31: Y | I31: Y*P
A32: SIDEWALL | B32: =SUM(Weight!J71) -> 6.9 | C32: =SUM(Weight!D10) -> 10 | E32: =B32*C32*D32 -> 0 | F32: =B2/2 -> 28 | G32: =F32*E32 -> 0 | I32: =H32*E32 -> 0
A33: SIDEWALL | B33: =SUM(Weight!J71) -> 6.9 | C33: =SUM(Weight!D10) -> 10 | E33: =B33*C33*D33 -> 0 | F33: =B2/2 -> 28 | G33: =F33*E33 -> 0 | I33: =H33*E33 -> 0
A34: ENDWALL | B34: =SUM(Weight!J71) -> 6.9 | C34: =SUM(Weight!D11) -> 10 | E34: =B34*C34*D34 -> 0 | G34: =F34*E34 -> 0 | I34: =H34*E34 -> 0
A35: ENDWALL | B35: =SUM(Weight!J71) -> 6.9 | C35: =SUM(Weight!D11) -> 10 | E35: =B35*C35*D35 -> 0 | G35: =F35*E35 -> 0 | I35: =H35*E35 -> 0
A36: INTERIOR WALL | B36: =SUM(Weight!J84) -> 6.54 | C36: =SUM(Weight!D13) -> 8.1 | E36: =B36*C36*D36 -> 0 | G36: =F36*E36 -> 0 | I36: =H36*E36 -> 0
A37: 6 | B37: =SUM(Weight!J84) -> 6.54 | C37: =SUM(Weight!D13) -> 8.1 | E37: =B37*C37*D37 -> 0 | G37: =F37*E37 -> 0 | I37: =H37*E37 -> 0
A38: 7 | B38: =SUM(Weight!J84) -> 6.54 | C38: =SUM(Weight!D13) -> 8.1 | E38: =B38*C38*D38 -> 0 | G38: =F38*E38 -> 0 | I38: =H38*E38 -> 0
A39: 8 | B39: =SUM(Weight!J84) -> 6.54 | C39: =SUM(Weight!D13) -> 8.1 | E39: =B39*C39*D39 -> 0 | G39: =F39*E39 -> 0 | I39: =H39*E39 -> 0
A40: 9 | B40: =SUM(Weight!J84) -> 6.54 | C40: =SUM(Weight!D13) -> 8.1 | E40: =B40*C40*D40 -> 0 | G40: =F40*E40 -> 0 | I40: =H40*E40 -> 0
A41: 10 | B41: =SUM(Weight!J84) -> 6.54 | C41: =SUM(Weight!D13) -> 8.1 | E41: =B41*C41*D41 -> 0 | G41: =F41*E41 -> 0 | I41: =H41*E41 -> 0
A42: 11 | B42: =SUM(Weight!J84) -> 6.54 | C42: =SUM(Weight!D13) -> 8.1 | E42: =B42*C42*D42 -> 0 | G42: =F42*E42 -> 0 | I42: =H42*E42 -> 0
A43: 12 | B43: =SUM(Weight!J84) -> 6.54 | C43: =SUM(Weight!D13) -> 8.1 | E43: =B43*C43*D43 -> 0 | G43: =F43*E43 -> 0 | I43: =H43*E43 -> 0
A44: 13 | B44: =SUM(Weight!J84) -> 6.54 | C44: =SUM(Weight!D13) -> 8.1 | E44: =B44*C44*D44 -> 0 | G44: =F44*E44 -> 0 | I44: =H44*E44 -> 0
A45: 14 | B45: =SUM(Weight!J84) -> 6.54 | C45: =SUM(Weight!D13) -> 8.1 | E45: =B45*C45*D45 -> 0 | G45: =F45*E45 -> 0 | I45: =H45*E45 -> 0
A46: 15 | B46: =SUM(Weight!J84) -> 6.54 | C46: =SUM(Weight!D13) -> 8.1 | E46: =B46*C46*D46 -> 0 | G46: =F46*E46 -> 0 | I46: =H46*E46 -> 0
A47: 16 | B47: =SUM(Weight!J84) -> 6.54 | C47: =SUM(Weight!D13) -> 8.1 | E47: =B47*C47*D47 -> 0 | G47: =F47*E47 -> 0 | I47: =H47*E47 -> 0
A48: 17 | B48: =SUM(Weight!J84) -> 6.54 | C48: =SUM(Weight!D13) -> 8.1 | E48: =B48*C48*D48 -> 0 | G48: =F48*E48 -> 0 | I48: =H48*E48 -> 0
A49: 18 | B49: =SUM(Weight!J84) -> 6.54 | C49: =SUM(Weight!D13) -> 8.1 | E49: =B49*C49*D49 -> 0 | G49: =F49*E49 -> 0 | I49: =H49*E49 -> 0
A50: 19 | B50: =SUM(Weight!J84) -> 6.54 | C50: =SUM(Weight!D13) -> 8.1 | E50: =B50*C50*D50 -> 0 | G50: =F50*E50 -> 0 | I50: =H50*E50 -> 0
A51: 20 | B51: =SUM(Weight!J84) -> 6.54 | C51: =SUM(Weight!D13) -> 8.1 | E51: =B51*C51*D51 -> 0 | G51: =F51*E51 -> 0 | I51: =H51*E51 -> 0
A52: 21 | B52: =SUM(Weight!J84) -> 6.54 | C52: =SUM(Weight!D13) -> 8.1 | E52: =B52*C52*D52 -> 0 | G52: =F52*E52 -> 0 | I52: =H52*E52 -> 0
A53: 22 | B53: =SUM(Weight!J84) -> 6.54 | C53: =SUM(Weight!D13) -> 8.1 | E53: =B53*C53*D53 -> 0 | G53: =F53*E53 -> 0 | I53: =H53*E53 -> 0
A54: 23 | B54: =SUM(Weight!J84) -> 6.54 | C54: =SUM(Weight!D13) -> 8.1 | E54: =B54*C54*D54 -> 0 | G54: =F54*E54 -> 0 | I54: =H54*E54 -> 0
A55: 24 | B55: =SUM(Weight!J84) -> 6.54 | C55: =SUM(Weight!D13) -> 8.1 | E55: =B55*C55*D55 -> 0 | G55: =F55*E55 -> 0 | I55: =H55*E55 -> 0
A56: 25 | B56: =SUM(Weight!J84) -> 6.54 | C56: =SUM(Weight!D13) -> 8.1 | E56: =B56*C56*D56 -> 0 | G56: =F56*E56 -> 0 | I56: =H56*E56 -> 0
A57: Totals | E57: =SUM(E32:E56) -> 0 | G57: =SUM(G32:G56) -> 0 | I57: =SUM(I32:I56) -> 0
A59: Plumbing Fixtures
E60: Load (P) | F60: X | G60: X*P | H60: Y | I60: Y*P
A61: 1 | G61: =F61*E61 -> 0 | I61: =H61*E61 -> 0
A62: 2 | G62: =F62*E62 -> 0 | I62: =H62*E62 -> 0
A63: 3 | G63: =F63*E63 -> 0 | I63: =H63*E63 -> 0
A64: 4 | G64: =F64*E64 -> 0 | I64: =H64*E64 -> 0
A65: 5 | G65: =F65*E65 -> 0 | I65: =H65*E65 -> 0
A66: 6 | G66: =F66*E66 -> 0 | I66: =H66*E66 -> 0
A67: 7 | G67: =F67*E67 -> 0 | I67: =H67*E67 -> 0
A68: 8 | G68: =F68*E68 -> 0 | I68: =H68*E68 -> 0
A69: 9 | G69: =F69*E69 -> 0 | I69: =H69*E69 -> 0
A70: 10 | G70: =F70*E70 -> 0 | I70: =H70*E70 -> 0
A71: 11 | G71: =F71*E71 -> 0 | I71: =H71*E71 -> 0
A72: 12 | G72: =F72*E72 -> 0 | I72: =H72*E72 -> 0
... A80: 20 | G80: =F80*E80 -> 0 | I80: =H80*E80 -> 0
A81: Totals | E81: =SUM(E61:E80) -> 0 | G81: =SUM(G61:G80) -> 0 | I81: =SUM(I61:I80) -> 0
A83: Cabinets
B84: PLF | D84: Length | E84: Load (P) | F84: X | G84: X*P | H84: Y | I84: Y*P
A85: Upper 1 | B85: 18 | E85: =B85*D85 -> 0 | G85: =F85*E85 -> 0 | I85: =H85*E85 -> 0
A86: Upper 2 | B86: 18 | E86: =B86*D86 -> 0 | G86: =F86*E86 -> 0 | I86: =H86*E86 -> 0
A87: Upper 3 | B87: 18 | E87: =B87*D87 -> 0 | G87: =F87*E87 -> 0 | I87: =H87*E87 -> 0
A88: Base 1 | B88: 10 | E88: =B88*D88 -> 0 | G88: =F88*E88 -> 0 | I88: =H88*E88 -> 0
A89: Base 2 | B89: 10 | E89: =B89*D89 -> 0 | G89: =F89*E89 -> 0 | I89: =H89*E89 -> 0
A90: Base 3 | B90: 10 | E90: =B90*D90 -> 0 | G90: =F90*E90 -> 0 | I90: =H90*E90 -> 0
A91: Totals | E91: =SUM(E85:E90) -> 0 | G91: =SUM(G85:G90) -> 0 | I91: =SUM(I85:I90) -> 0
B92: Number of Toilet Partitions: | C92: 0 | D92: =IF(C92=1,200,IF(C92>1,200+((C92-1)*125),0)) -> 0 | E92: (Note: Both partition weights have been added to "Axle Weight")
B93: Number of Urinal Partitions: | C93: 0 | D93: =SUM(C93*50) -> 0
A96: HVAC
E97: Load (P) | F97: X | G97: X*P | H97: Y | I97: Y*P | M97: Minisplit Weights
A98: 1 | E98: 500 | F98: =B2+1 -> 57 | G98: =F98*E98 -> 28500 | H98: =B1/2 -> 6 | I98: =H98*E98 -> 3000 | N98: Air Handler: | O98: Condenser:
A99: 2 | G99: =F99*E99 -> 0 | I99: =H99*E99 -> 0 | M99: 1-Ton | N99: 22 | O99: 62
A100: Totals | M100: 1.5-Ton | N100: 31 | O100: 99
E101: =SUM(E6,E10,E28,E57,E81,E91,E98,E99) -> 7858.4 | F101: =G101/E101 -> 29.845159 | G101: =SUM(G6,G10,G28,G57,G81,G91,G98,G99) -> 234535.2 | H101: =I101/E101 -> 6 | I101: =SUM(I6,I10,I28,I57,I81,I91,I98,I99) -> 47150.4 | J101: w/o offset | M101: 2-Ton | N101: 31 | O101: 106
E102: =SUM(E6,E10,E28,E57,E81,E91,E98,E99) -> 7858.4 | F102: =G102/E102 -> 29.845159 | G102: =SUM(G6,G10,G28,G57,G81,G91,G98,G99) -> 234535.2 | H102: =I102/E102 -> 6 | I102: =SUM(I7,I10,I28,I57,I81,I91,I98,I99) -> 47150.4 | J102: w/ offset | M102: 3-Ton | N102: 38 | O102: 133
A103: Number of Axles | B103: 4
A104: Capacity of tires | B104: =IF(Weight!D18=7000,3500,3000) -> 3000 | C104: lbs
A105: Main Rail Spacing | B105: =IF(B1<=8,65.5,IF(AND(B1>8,B1<=10),75.5,IF(AND(B1>10,OR(Weight!H6="promod",Weight!H6="southeast",Weight!H6="SSI")),95.5,99.5))) -> 95.5 | C105: in
A106: Hitch Length | B106: =IF(OR(Weight!D53="extended hitch:",Weight!D54="extended hitch:"),5,4) -> 4 | C106: ft
A107: Length/Axle Factor | B107: 0.67
A108: Axle Offset | B108: =IF(AND(AND(B1<13),I113<I114,Weight!E55=1),-3,IF(AND(AND(B1>=13),I113<I114,Weight!E55=1),-4,IF(AND(AND(B1<13),I113>I114,Weight!E55=1),4,IF(AND(AND(B1>=13),I113>I114,Weight!E55=1),4,IF(AND(I113<I114,Weight!E55=0),-4,IF(AND(I113>I114,Weight!E55=0),4,0)))))) -> 0 | C108: inches
A109: Axle Location (0,0) | B109: =(B2/3*2) -> 37.333333 | F109: =B2-(B2*B107) -> 18.48 | H109: =(B1/2)+(B108/12) -> 6
A110: Hitch Weight | B110: =E101-B111 -> 2151.059
A111: Axle Weight | B111: =IF(OR(Weight!D53="extended hitch:",Weight!D54="extended hitch:"),(E101*((B2+B106)-F101))/((B2+B106)-F109),(E101*((B2+B106)-F101))/((B2+B106)-F109))+D92+D93 -> 5707.341
A112: Combined Weight: | B112: =SUM(B110+B111) -> 7858.4 | C112: =IF(B112>40000,"Overall weight greater than 40,000 lbs, Pintle Eye Hitch Required",IF(B110>11000,"Hitch weight greater than 11,000 lbs, Pintle Eye Hitch Required",0)) -> 0
A113: Tire (Y2) | E113: =(B111*(H101-H114))/(H113-H114) -> 2853.6705 | H113: =((B1/2)+(B105/24)) -> 9.9791667 | I113: =E113/B104 -> 0.95122351 | J113: =IF(I113<B103,"OK","FAIL") -> OK | K113: W/O OFFSET
A114: Tire (Y1) | E114: =B111-E113 -> 2853.6705 | H114: =((B1/2)-(B105/24)) -> 2.0208333 | I114: =E114/B104 -> 0.95122351 | J114: =IF(I114<B103,"OK","FAIL") -> OK
...

Sheet Weight
A1: MODULE WEIGHT WORKSHEET
A3: THE INTENT OF THIS WORKSHEET IS TO GIVE THE USER AN APPROXIMATION OF THE
A4: OVERALL MODULE WEIGHT AND AN APPROXIMATION OF THE NUMBER OF AXLES AND
A5: TIRES REQUIRED. THIS IS ONLY A ROUGH ESTIMATE.
G6: Factory: | H6: SSI
A7: BASIC INFO:
C8: Module Width: | D8: 12 | E8: ft.
C9: Module Length: | D9: 56 | E9: ft.
C10: Sidewall Height: | D10: 10 | E10: ft. (Use 8' for mono pitched roofs and 12' for complex, 10' single wides)
C11: Endwall Height: | D11: 10 | E11: ft. (Use 10.5' for mono pitched roofs and 12' for complex, 10' single wides)
C12: Interior Partition Length: | D12: 16 | E12: ft.
C13: Interior Partition Height: | D13: 8.1 | E13: =IF(H6="pmi","ft. (8'-0"" standard)",IF(OR(H6="amtex",H6="indicom"),"ft. (8'-3"" standard)","ft. (8'-6"" standard)")) -> ft. (8'-6" standard)
C14: Base Cabinet Length: | D14: 0 | E14: ft.
C15: Overhead Cabinet Length: | D15: 0 | E15: ft.
C16: Single Wide? | D16: Y | E16: (Y = Single Wide or N = Multi-wide)
C17: Sidewall Module? | D17: Y | E17: (Y = Sidewall Module, N = Interior Module)(Must be "Y" if Single Wide.)
C18: Axle Capcity: | D18: 6000 | E18: lbs | F18: =IF(D18=7000,"HD Tires Required","")
A20: FLOOR:
A21: =IF(H6="PMI","(Base floor includes 2x8 Joists @ 16"" o.c., 3/4"" floor decking, R-19 insulation, Mobi-Flex Bottom Board, & VCT)","(Base floor includes 2x8 Joists @ 16"" o.c., 3/4"" floor decking, R-30 insulation, Mobi-Flex Bottom Board, & VCT)") -> (Base floor includes 2x8 Joists @ 16" o.c., 3/4" floor decking, R-30 insulation, Mobi-Flex Bottom Board, & VCT)
B22: Base Weight = | C22: =ROUNDUP(Assemblies!F8,1) -> 7.7 | D22: psf
B24: Floor Joists: | C24: 2x10 Joists @ 16" o.c.: | E24: 0 | F24: =INDEX(Materials!B4:B6,MATCH(C24,Materials!A4:A6,0)) -> 0.87649714 | G24: psf (1.33 for 12" o.c., 0.67 for 24" o.c.)
B25: Deck / Underlayment: | C25: 1/4" Fiberock | E25: 0 | F25: =INDEX(Materials!B12:B20,MATCH(C25,Materials!A12:A20,0)) -> 1.4 | G25: psf
B26: Additional Decking: | C26: 3/4" MegaBoard: | E26: 0 | F26: =INDEX(Materials!B17:B20,MATCH(C26,Materials!A17:A20,0)) -> 3.9 | G26: psf
B27: Flooring: | C27: No Flooring: | E27: 0 | F27: =INDEX(Materials!B22:B26,MATCH(C27,Materials!A22:A26,0)) -> -1.4 | G27: psf
B28: Flooring: | C28: .080 Sheet Vinyl: | E28: 0 | F28: =INDEX(Materials!B22:B26,MATCH(C28,Materials!A22:A26,0)) -> -0.6 | G28: psf
B29: Bottom Board: | C29: 30ga Galv. Bottom Board: | E29: 0 | F29: =INDEX(Materials!B29:B30,MATCH(C29,Materials!A29:A30,0)) -> 0.416 | G29: psf
B30: Misc: | C30: Single Rim Joists: | E30: 0 | F30: =IF(AND(E30>0,E24=0),Materials!N5,IF(AND(Weight!E30>0,Weight!E24>0),INDEX(Materials!N4:N11,MATCH(C24,Materials!I4:I11,0)),Materials!N5)) -> -0.48857143 | G30: psf
H31: Revised Weight: | J31: =C22+(E24*F24)+(E25*F25)+(E26*F26)+(E27*F27)+(E28*F28)+(E29*F29)+(E30*F30) -> 7.7 | K31: psf
A32: ROOF:
A33: =IF(H6="PMI","(Base roof includes: 2x8 rafters @ 16"" o.c., 1/2 plywood over 1/2"" gyp, suspended ceiling, R-30 Insul., 4-layer plywood beam, and 45 Mil EPDM roofing)","(Base roof includes: 2x8 rafters @ 16"" o.c., 1/2"" plywood, suspended ceiling, R-38 Insul., 4-layer plywood beam and 45 Mil EPDM roofing)") -> (Base roof includes: 2x8 rafters @ 16" o.c., 1/2" plywood, suspended ceiling, R-38 Insul., 4-layer plywood beam and 45 Mil EPDM roofing)
B34: Base Weight = | C34: =ROUNDUP(Assemblies!F20,1) -> 6.8 | D34: psf | E34: =IF(AND(D16="n",D17="y"),"(Mate Beam figured on one side only)",IF(D16="y","(Mate Beam has been removed from base weight)","")) -> (Mate Beam has been removed from base weight)
B36: Rafters: | C36: 2x10 Rafters @ 16" o.c.: | E36: 1 | F36: =INDEX(Materials!B34:B41,MATCH(C36,Materials!A34:A41,0)) -> 1.0519598 | G36: psf (1.33 for 12" o.c., 0.67 for 24" o.c.)
B37: Roof Sheathing: | C37: 1/4" Dens Deck Under EPDM: | E37: 0 | F37: =INDEX(Materials!B51:B59,MATCH(C37,Materials!A51:A59,0)) -> -0.3 | G37: psf
B38: Roof Sheathing: | C38: H-Sheild HD (Polyiso): | E38: 0 | F38: =INDEX(Materials!B51:B59,MATCH(C38,Materials!A51:A59,0)) -> 0.61 | G38: psf
B39: Roof Sheathing: | C39: 2" Polyiso Board: | E39: 1 | F39: =INDEX(Materials!B51:B59,MATCH(C39,Materials!A51:A59,0)) -> 0.5 | G39: psf
B40: Roofing Material: | C40: 26Ga PBR / R-Panel Over Felt: | E40: 0 | F40: =INDEX(Materials!B42:B48,MATCH(C40,Materials!A42:A48,0)) -> 0.8 | G40: psf
B41: Mateline Beam: | C41: Steel Girder: | E41: 0 | F41: =INDEX(Materials!B69:B142,MATCH(C41,Materials!A69:A142,0)) -> 0 | G41: psf | H41: =IF(AND(OR(C41="steel girder:",C41="bar joist"),E41>0),"(See Assemblies tab - Size and type of material can be adjusted for Girder and Bar Joists)","")
B42: Overhang: | C42: Along Side (Enter Length in inches): | E42: 2 | F42: =IF(E42=0,0,IF(AND(D16="y",E36=0),Materials!M35*2,IF(D16="y",INDEX(Materials!M34:M42,MATCH(Weight!C36,Materials!A33:A41,0))*2,IF(E36=0,Materials!M35,INDEX(Materials!M34:M42,MATCH(Weight!C36,Materials!A33:A41,0)))))) -> 1.0477575 | G42: psf
B43: Overhang: | C43: At Ends (Enter length in inches): | E43: 2 | F43: =IF(E43=0,0,IF(E36=0,Materials!N35,INDEX(Materials!N34:N42,MATCH(Weight!C36,Materials!A33:A41,0)))) -> -0.048649106 | G43: psf
B44: Misc: | C44: 5/8" Type X Gypsum underside of raters: | E44: 0 | F44: =INDEX(Materials!B60:B66,MATCH(C44,Materials!A60:A66,0)) -> 2.6 | G44: psf
B45: Misc: | C45: Sprinkler (Dry) 1-1/2" Pipe: | E45: 0 | F45: =INDEX(Materials!B60:B66,MATCH(C45,Materials!A60:A66,0)) -> 0.2 | G45: psf
H47: Revised Weight: | J47: =C34+(E36*F36)+(E37*F37)+(E38*F38)+(E39*F39)+(E40*F40)+(E41*F41)+(E44*F44)+(E45*F45)+(E46*F46)+IF(E42>0,F42)+IF(E43>0,F43) -> 9.3510682 | K47: psf
A48: CHASSIS:
A49: (Base Chassis includes 12" I-beams with 8' o.c. outriggers and crossmembers)
B50: Base Weight = | C50: 3 | D50: psf
B52: I-Beam: | D52: 12-1/2" I-Beam: | E52: 0 | F52: =INDEX(Materials!B164:B165,MATCH(D52,Materials!A164:A165,0)) -> 0.6 | G52: psf | H52: =IF(D52="10"" I-Beam:","Do not use underslung axles with 10"" I-Beam","")
D53: 4' o.c. Outriggers and Crossmembers: | E53: 1 | F53: =INDEX(Materials!B166:B171,MATCH(D53,Materials!A166:A171,0)) -> 0.25 | G53: psf
D54: Lifting Eyes (4-Corners): | E54: 0 | F54: =INDEX(Materials!B166:B171,MATCH(D54,Materials!A166:A171,0)) -> 1.7 | G54: psf | H54: =IF(AND(D54="Lifting Eyes (4-Corners):",E54>0),"(Add 0.425 for each additional lifting eye)",IF(AND(D53="Lifting Eyes (4-Corners):",E53>0),"(Add 0.425 for each additional lifting eye)",""))
B55: 12" I-Beam Perimeter w/ 14ga C Joists: | E55: 0 | F55: =INDEX(Materials!B193:B197,MATCH(B55,Materials!A193:A197,0))-C50 -> 4.1004624 | G55: psf | H55: =IF(AND(E55>0,B55="12"" i-beam TX Perimeter:",E55>0),"",IF(E55>0,"Note: Floor joists have been deducted from Floor base weight",""))
D56: Light Weight Concrete Floor (2" thick): | E56: 0 | F56: 29 | G56: psf | H56: Revised Weight: | J56: =C50+(E52*F52)+(E53*F53)+(E54*F54)+(E55*F55)+(E56*F56) -> 3.25 | K56: psf
C57: (For concrete floor all other chassis values should be 0)
H58: Intermediate Value: | J58: =J31+J47+J56 -> 20.301068 | K58: psf
A60: EXTERIOR WALLS:
A61: (Base Ext. Walls includes: 2x6 studs @ 16" o.c., ½" VCG or Gypsum one side, 7/16" Smart Panel, and R-19 Insul.)
B62: Base Weight = | C62: =ROUNDUP(Assemblies!F30,1) -> 6.5 | D62: psf
B64: Wall Studs: | C64: 2x4 Studs @ 16" o.c.: | E64: 0 | F64: =INDEX(Materials!B84:B89,MATCH(C64,Materials!A84:A89,0)) -> -0.82643232 | G64: psf
B65: Wall Finish 1: | C65: 5/8" VCG ilo 1/2" VCG: | E65: 1 | F65: =INDEX(Materials!B91:B106,MATCH(C65,Materials!A91:A106,0)) -> 0.4 | G65: psf
B66: Add'l Wall Finish (1-Side): | C66: (2) Layers of 5/8" Type X Gypsum: | E66: 0 | F66: =INDEX(Materials!B131:B141,MATCH(C66,Materials!A131:A141,0)) -> 5.2 | G66: psf
B67: Add'l Wall Finish (1-Side): | C67: 1/2" Sound Board: | E67: 0 | F67: =INDEX(Materials!B131:B141,MATCH(C67,Materials!A131:A141,0)) -> 1.2 | G67: psf
B68: Siding: | C68: Cement Board Lap Siding over OSB | E68: 0 | F68: =INDEX(Materials!B108:B114,MATCH(C68,Materials!A108:A114,0)) -> 2.3 | G68: psf
B69: Siding: | C69: 26GA PBR / R-Panel Over OSB: | E69: 0 | F69: =INDEX(Materials!B108:B114,MATCH(C69,Materials!A108:A114,0)) -> 0.6 | G69: psf
H71: Revised Weight: | J71: =C62+(E64*F64)+(E65*F65)+(E66*F66)+(E67*F67)+(E68*F68)+(E69*F69) -> 6.9 | K71: psf
A73: INTERIOR WALLS:
A74: (Base Int. Walls includes: 2"x4" studs at 16" o.c., ½" VCG or Gypsum both sides)
B75: Base Weight = | C75: =ROUNDUP(Assemblies!F36,1) -> 5.6 | D75: psf
B77: Wall Studs: | C77: 2x6 Studs @ 16" o.c.: | E77: 0 | F77: =INDEX(Materials!B118:B119,MATCH(C77,Materials!A118:A119,0)) -> 0.82643232 | G77: psf
B78: Wall Finish 1 (Both Sides): | C78: 5/8" VCG ilo 1/2" VCG: | E78: 1 | F78: =INDEX(Materials!B122:B130,MATCH(C78,Materials!A122:A130,0)) -> 0.8 | G78: psf
B79: Wall Finish 2 (Both Sides): | C79: (2) Layers 5/8" Type X ilo 1/2" VCG: | E79: 0 | F79: =INDEX(Materials!B122:B130,MATCH(C79,Materials!A122:A130,0)) -> 6.4 | G79: psf
B80: Add'l Wall Finish (1-Side): | C80: 5/8" Type X Gypsum: | E80: 0 | F80: =INDEX(Materials!B131:B141,MATCH(C80,Materials!A131:A141,0)) -> 2.6 | G80: psf
B81: Add'l Wall Finish (1-Side): | C81: 1/2" Insulation Board: | E81: 0 | F81: =INDEX(Materials!B131:B141,MATCH(C81,Materials!A131:A141,0)) -> 0.25 | G81: psf
B82: Add'l Wall Finish (1-Side): | C82: 1/2" Lead Lined Gyp (1/16") | E82: 0 | F82: =INDEX(Materials!B131:B141,MATCH(C82,Materials!A131:A141,0)) -> 6 | G82: psf
B83: Insulation: | C83: R-11 or 13 Fiberglass: | E83: 1 | F83: =INDEX(Materials!B145:B150,MATCH(C83,Materials!A145:A147,0)) -> 0.14 | G83: psf
H84: Revised Weight: | J84: =C75+(E77*F77)+(E78*F78)+(E79*F79)+(E80*F80)+(E81*F81)+(E82*F82)+(E83*F83) -> 6.54 | K84: psf
A86: PLUMBING FIXTURES: | F86: weight
D87: Number of Water Closets: | E87: 1 | F87: 75
D88: Number of Lavatories: | E88: 1 | F88: 50
D89: Number of Urinals: | E89: 0 | F89: 50
D90: Number of Mop Sinks: | E90: 0 | F90: 50
D91: Number of Bar / Dbl. Bowl Sinks: | E91: 1 | F91: 20
D92: Number of ADA 60" Showers: | E92: 0 | F92: 280
D93: Number of ADA Transfer Showers: | E93: 0 | F93: 205
D94: Number of 36" Showers: | E94: 0 | F94: 95
D95: Number of Toilet Partitions: | E95: 0 | F95: =IF(E95=1,200,IF(E95>1,200+((E95-1)*125),0)) -> 0
D96: Number of Urinal Partitions: | E96: 0 | F96: =SUM(E96*50) -> 0
C97: Number of W.H.: | D97: 30-Gallon: | E97: 1 | F97: =INDEX(Materials!B154:B160,MATCH(D97,Materials!A154:A160,0)) -> 105 | H97: Total Fixture Weight: | J97: =+E87*F87+E88*F88+E89*F89+E90*F90+E91*F91+E92*F92+E93*F93+E94*F94+E97*F97+F95+F96 -> 250 | K97: lbs
B100: Results: | I100: NOTE: If module is being craned into place, add 10% safety factor to overall weight before giving the dealer the weight of the module.
B101: Total Building Weight: | E101: =+D8*D9*J58+(D9*D10*J71*IF(D17="Y",IF(D16="Y",2,1),0))+(2*D8*D11*J71)+(D12*D13*J84)+(D14*10)+(D15*18)+550+J97 -> 24673.902 | F101: lbs.
D102: Length/Axle Factor = | E102: 0.71 | F102: (See below)
B103: Hitch Weight: | E103: =E101*0.3 -> 7402.1706 | F103: lbs.
B104: Hitch Type: | E104: =IF(E103>11000,"Pintle Eye",IF(E101<=40000,"Standard Heavy Duty","Pintle Eye")) -> Standard Heavy Duty
D105: Safety Factor: | E105: 0.12
B106: Axle Weight: | D106: =E102 -> 0.71 | E106: =E101*D106+(E101*E105) -> 20479.339 | F106: lbs.
B107: Number of Axles (MIN.) | E107: =E106/D18 -> 3.4132231
B108: Number of Axles (Given Tire Capacity): | E108: =ROUNDUP(E107,0) -> 4
D109: Tires: | E109: =IF(D18=7000,3500,3000) -> 3000
B111: Most modules will weigh less that what is shown above unless materials are in the building that have not been accounted for in the above spreadsheet (I.E. Shiploose material, shiploose RTU's, Int. Steel doors, STC Doors, Etc.).
B114: Length/Axle Factor:
C115: # of Axles
B116: Module Length | C116: 1 | D116: 2 | E116: 3 | F116: 4 | G116: 5 | H116: 6
B117: 40' | C117: 0.7 | D117: 0.72 | E117: 0.73 | F117: 0.75 | G117: 0.77 | H117: 0.79
...

Sheet Materials
A1: NOTE: ONLY THE BASE COMPONENTS SHOULD BE EDITED. ALL OTHER CELLS WILL AUTOMATICALLY ADJUST
A2: Floor: | B2: PSF:
A3: 2x8 Joists @ 16" o.c.: | B3: =L5 -> 3.1757143 | C3: base component | I3: Floor Joists: | J3: PLF | K3: Grade | L3: PSF | M3: PSF (Sng. Rim) | N3: Difference | O3: Assumed 12'x60' Mod w/ dbl. Rim on Each Side / 16" o.c. (45 joists) + (20) total for Rims
A4: 2x6 Joists @ 16" o.c.: | B4: =SUM(L4-B3) -> -0.83381648 | I4: 2x6 Joists @ 16" o.c.: | J4: =IF(Weight!H6="pmi",1.5619,2.1625) -> 2.1625 | K4: =IF(Weight!H6="pmi","#2 HF","#2 SYP") -> #2 SYP | L4: =IF(AND(Weight!D8>10,Weight!D8<=12),SUM(J4*12*((Weight!D9/1.334)+((Weight!D9/12)*4)))/(Weight!D8*Weight!D9),0) -> 2.3418978 | M4: =IF(AND(Weight!D8>10,Weight!D8<=12),SUM(J4*12*((Weight!D9/1.334)+((Weight!D9/12)*2)))/(Weight!D8*Weight!D9),0) -> 1.9814811 | N4: =SUM(M4-L4) -> -0.36041667
A5: 2x10 Joists @ 16" o.c.: | B5: =SUM(L6-B3) -> 0.87649714 | I5: 2x8 Joists @ 16" o.c.: | J5: =IF(Weight!H6="pmi",2.0583,2.85) -> 2.85 | K5: =IF(Weight!H6="pmi","#2 HF","#2 SYP") -> #2 SYP | L5: =SUM(J5*12*65)/700 -> 3.1757143 | M5: =SUM(J5*12*55)/700 -> 2.6871429 | N5: =SUM(M5-L5) -> -0.48857143
A6: 2x12 Joists @ 16" o.c.: | B6: =SUM(L7-B3) -> 1.7522143 | I6: 2x10 Joists @ 16" o.c.: | J6: =IF(Weight!H6="pmi",2.6266,3.6366) -> 3.6366 | K6: =IF(Weight!H6="pmi","#2 HF","#2 SYP") -> #2 SYP | L6: =SUM(J6*12*65)/700 -> 4.0522114 | M6: =SUM(J6*12*55)/700 -> 3.4287943 | N6: =SUM(M6-L6) -> -0.62341714
A7: 2x6 Treated Joists @ 16" o.c.: | B7: =SUM(L8-B3) -> -0.55992857 | I7: 2x12 Joists @ 16" o.c.: | J7: =IF(Weight!H6="pmi",3.1941,4.4225) -> 4.4225 | K7: =IF(Weight!H6="pmi","#2 HF","#2 SYP") -> #2 SYP | L7: =SUM(J7*12*65)/700 -> 4.9279286 | M7: =SUM(J7*12*55)/700 -> 4.1697857 | N7: =SUM(M7-L7) -> -0.75814286
A8: 2x8 Treated Joists @ 16" o.c.: | B8: =SUM(L9-B3) -> 0.272064 | I8: 2x6 Treated Joists @ 16" o.c.: | J8: =IF(Weight!H6="pmi",1.7425,2.3475) -> 2.3475 | K8: =IF(Weight!H6="pmi","#2 HF","#2 SYP") -> #2 SYP | L8: =SUM(J8*12*65)/700 -> 2.6157857 | M8: =SUM(J8*12*55)/700 -> 2.2133571 | N8: =SUM(M8-L8) -> -0.40242857
A9: 2x10 Treated Joists @ 16" o.c.: | B9: =SUM(L10-B3) -> 1.2229286 | I9: 2x8 Treated Joists @ 16" o.c.: | J9: =IF(Weight!H6="pmi",2.2975,3.09416) -> 3.09416 | K9: =IF(Weight!H6="pmi","#2 HF","#2 SYP") -> #2 SYP | L9: =SUM(J9*12*65)/700 -> 3.4477783 | M9: =SUM(J9*12*55)/700 -> 2.9173509 | N9: =SUM(M9-L9) -> -0.53042743
A10: 2x12 Treated Joists @ 16" o.c.: | B10: =SUM(L11-B3) -> 2.1737486 | I10: 2x10 Treated Joists @ 16" o.c.: | J10: =IF(Weight!H6="pmi",2.9308,3.9475) -> 3.9475 | K10: =IF(Weight!H6="pmi","#2 HF","#2 SYP") -> #2 SYP | L10: =SUM(J10*12*65)/700 -> 4.3986429 | M10: =SUM(J10*12*55)/700 -> 3.7219286 | N10: =SUM(M10-L10) -> -0.67671429
A11: 3/4" Floor Decking: | B11: 2.2 | C11: base component | I11: 2x12 Treated Joists @ 16" o.c.: | J11: =IF(Weight!H6="pmi",3.565,4.8008) -> 4.8008 | K11: =IF(Weight!H6="pmi","#2 HF","#2 SYP") -> #2 SYP | L11: =SUM(J11*12*65)/700 -> 5.3494629 | M11: =SUM(J11*12*55)/700 -> 4.5264686 | N11: =SUM(M11-L11) -> -0.82299429
A12: 1-1/8" Floor Decking: | B12: =SUM(3.3-B11) -> 1.1 | I12: Used this webiste for Lumber Weights based on Grade (8% moisture content assumed untreated / 35% moisture content for treated):
A13: (2) Layers 3/4" Floor Decking: | B13: =SUM(4.4-B11) -> 2.2 | I13: https://www.builderscalculator.com/lumber-weight-calculator/
A14: 22ga B-Deck: | B14: 1.6
A15: 20ga B-Deck: | B15: 2
A16: 3/4" Concrete Sub-Floor: | B16: =SUM(5.32-B11) -> 3.12
A17: 1/4" Hardibacker: | B17: 1.9 | C17: base component
A18: 1/4" Fiberock | B18: 1.4 | C18: base component
A19: 1/2" Fiberock | B19: 2.1 | C19: base component
A20: 3/4" MegaBoard: | B20: 3.9 | C20: base component
A21: 1/8" VCT | B21: 1.4 | C21: base component
A22: No Flooring: | B22: =SUM(-B21) -> -1.4
A23: Rolled Carpet: | B23: =SUM(0.6-B21) -> -0.8
A24: Carpet Squares: | B24: =SUM(1.4-B21) -> 0
A25: .080 Sheet Vinyl: | B25: =SUM(0.8-B21) -> -0.6
A26: Vinyl Plank Flooring: | B26: =SUM(2.3-B21) -> 0.9
A27: Ceramic with Grout (Include Backer Bd): | B27: =SUM(4.9-B21) -> 3.5 | C27: (3/8" ceramic with 1/8" grout spacers and grout is included / need to add min. 1/4" underlayment if chosen)
A28: Shepweave II Bottom Board: | B28: 0.24 | C28: base component
A29: 30ga Galv. Bottom Board: | B29: =SUM(0.656-B28) -> 0.416
A30: 29GA PBU Panel: | B30: =SUM(0.656-B28) -> 0.416
A32: Roofing:
A33: 2x8 Rafters @ 16" o.c.: | B33: =L35 -> 2.6832462 | C33: base component | I33: Rafters | J33: PLF | K33: Grade | L33: PSF | M33: Overhang along sides ## | N33: Overhang @ Ends
A34: 2x6 Rafters @ 16" o.c.: | B34: =SUM(L34-B33) -> -0.64727429 | I34: 2x6 | J34: =IF(Weight!H6="pmi",1.5616,2.1625) -> 2.1625 | K34: =IF(Weight!H6="pmi","#2 HF","#2 SYP") -> #2 SYP | L34: =SUM(J34*(Weight!D8+0.33)*((Weight!D9/1.334)+((Weight!D9/12)*2)))/(Weight!D8*Weight!D9) -> 2.0359719 | M34: =SUM(J34*(Weight!D8+0.33+Weight!E42/12)*((Weight!D9/1.334)+((Weight!D9/12)*2))+((Weight!E42/12)*Weight!D9*M30))/(Weight!D8*Weight!D9)-L34 -> 0.027520571 | N34: =SUM(J34*(Weight!D8)*(Weight!D9+(Weight!E43/12*2)/1.334)+((Weight!D9/12)*2)+(40*(Weight!E43/12)*2))/(Weight!D8*Weight!D9)-L34 -> 0.16990749
A35: 2x10 Rafters @ 16" o.c.: | B35: =SUM(L36-B33) -> 1.0519598 | I35: 2x8 | J35: =IF(Weight!H6="pmi",2.0583,2.85) -> 2.85 | K35: =IF(Weight!H6="pmi","#2 HF","#2 SYP") -> #2 SYP | L35: =SUM(J35*(Weight!D8+0.33)*((Weight!D9/1.334)+((Weight!D9/12)*2)))/(Weight!D8*Weight!D9) -> 2.6832462 | M35: =SUM(J35*(Weight!D8+0.33+Weight!E42/12)*((Weight!D9/1.334)+((Weight!D9/12)*2))+((Weight!E42/12)*Weight!D9*M30))/(Weight!D8*Weight!D9)-L35 -> 0.036269886 | N35: =SUM(J35*(Weight!D8)*(Weight!D9+(Weight!E43/12*2)/1.334)+((Weight!D9/12)*2)+(40*(Weight!E43/12)*2))/(Weight!D8*Weight!D9)-L35 -> 0.21320086
A36: 2x12 Rafters @ 16" o.c.: | B36: =SUM(L37-B33) -> 1.8591694 | I36: 2x10++ | J36: =IF(Weight!H6="pmi",2.6266,3.6366) -> 3.6366 | K36: =IF(Weight!H6="pmi","#2 HF","#2 SYP") -> #2 SYP | L36: =SUM(J36*(Weight!D8+0.33)*((Weight!D9/1.334)+((Weight!D9/12)*3)))/(Weight!D8*Weight!D9) -> 3.735206 | M36: =SUM(J36*(Weight!D8+0.33+Weight!E42/12)*((Weight!D9/1.334)+((Weight!D9/12)*4.5)))/(Weight!D8*Weight!D9)-L36 -> 0.52387876 | N36: =SUM(J36*(Weight!D8)*(Weight!D9+(Weight!E43/12*2)/1.334)+((Weight!D9/12)*2)+(40*(Weight!E43/12)*2))/(Weight!D8*Weight!D9)-L36 -> -0.048649106
A37: Wood Truss @ 16" o.c. | B37: =SUM(L38-B33) -> 2.2910752 | C37: (Truss is assumed to be 62lbs @ 12' long) | I37: 2x12++ | J37: =IF(Weight!H6="pmi",3.1941,4.4225) -> 4.4225 | K37: =IF(Weight!H6="pmi","#2 HF","#2 SYP") -> #2 SYP | L37: =SUM(J37*(Weight!D8+0.33)*((Weight!D9/1.334)+((Weight!D9/12)*3)))/(Weight!D8*Weight!D9) -> 4.5424156 | M37: =SUM(J37*(Weight!D8+0.33+Weight!E42/12)*((Weight!D9/1.334)+((Weight!D9/12)*4.5)))/(Weight!D8*Weight!D9)-L37 -> 0.63709338 | N37: =SUM(J37*(Weight!D8)*(Weight!D9+(Weight!E43/12*2)/1.334)+((Weight!D9/12)*2)+(40*(Weight!E43/12)*2))/(Weight!D8*Weight!D9)-L37 -> -0.066451961
A38: 8" Steel Rafter (16ga) @ 16" o.c.: | B38: =SUM(L39-B33) -> -0.35776615 | C38: (Asumed 2" Flange) | I38: Truss** | J38: 5.166 | K38: Wood | L38: =SUM(J38*(Weight!D8+0.33)*((Weight!D9/1.334)+((Weight!D9/12)*2.25)))/(Weight!D8*Weight!D9) -> 4.9743214 | M38: =SUM(J38*(Weight!D8+0.33+Weight!E42/12)*((Weight!D9/1.334)+((Weight!D9/12)*2.75)))/(Weight!D8*Weight!D9)-L38 -> 0.29139769 | N38: =SUM(J38*(Weight!D8+0.33)*(Weight!D9+(Weight!E43/12*2)/1.334)+((Weight!D9/12)*2)+(40*(Weight!E43/12)*2))/(Weight!D8*Weight!D9)-L38 -> 0.39115863
A39: 8" Steel Rafter (14ga) @ 16" o.c.: | B39: =SUM(L40-B33) -> 0.22595757 | C39: (Asumed 2" Flange) | I39: 8" (16ga) | J39: 2.47 | K39: Steel | L39: =SUM(J39*(Weight!D8+0.33)*((Weight!D9/1.334)+((Weight!D9/12)*2)))/(Weight!D8*Weight!D9) -> 2.32548 | M39: =SUM(J39*(Weight!D8+0.33+Weight!E42/12)*((Weight!D9/1.334)+((Weight!D9/12)*3)))/(Weight!D8*Weight!D9)-L39 -> 0.24578645 | N39: =SUM(J39*(Weight!D8+0.33)*(Weight!D9+(Weight!E43/12*2)/1.334)+((Weight!D9/12)*2)+(40*(Weight!E43/12)*2))/(Weight!D8*Weight!D9)-L39 -> 0.25749952
A40: 10" Steel Rafter (16ga) @ 16" o.c.: | B40: =SUM(L41-B33) -> 0.0094148988 | C40: (Asumed 2" Flange) | I40: 8" (14ga) | J40: 3.09 | K40: Steel | L40: =SUM(J40*(Weight!D8+0.33)*((Weight!D9/1.334)+((Weight!D9/12)*2)))/(Weight!D8*Weight!D9) -> 2.9092037 | M40: =SUM(J40*(Weight!D8+0.33+Weight!E42/12)*((Weight!D9/1.334)+((Weight!D9/12)*3)))/(Weight!D8*Weight!D9)-L40 -> 0.30748183 | N40: =SUM(J40*(Weight!D8+0.33)*(Weight!D9+(Weight!E43/12*2)/1.334)+((Weight!D9/12)*2)+(40*(Weight!E43/12)*2))/(Weight!D8*Weight!D9)-L40 -> 0.31366834
A41: 10" Steel Rafter (14ga) @ 16" o.c.: | B41: =SUM(L42-B33) -> 0.67787271 | C41: (Asumed 2" Flange) | I41: 10" (16ga) | J41: 2.86 | K41: Steel | L41: =SUM(J41*(Weight!D8+0.33)*((Weight!D9/1.334)+((Weight!D9/12)*2)))/(Weight!D8*Weight!D9) -> 2.6926611 | M41: =SUM(J41*(Weight!D8+0.33+Weight!E42/12)*((Weight!D9/1.334)+((Weight!D9/12)*3)))/(Weight!D8*Weight!D9)-L41 -> 0.28459483 | N41: =SUM(J41*(Weight!D8+0.33)*(Weight!D9+(Weight!E43/12*2)/1.334)+((Weight!D9/12)*2)+(40*(Weight!E43/12)*2))/(Weight!D8*Weight!D9)-L41 -> 0.29283152
A42: 45 Mil EPDM: | B42: 0.29 | C42: base component | I42: 10" (14ga) | J42: 3.57 | K42: Steel | L42: =SUM(J42*(Weight!D8+0.33)*((Weight!D9/1.334)+((Weight!D9/12)*2)))/(Weight!D8*Weight!D9) -> 3.3611189 | M42: =SUM(J42*(Weight!D8+0.33+Weight!E42/12)*((Weight!D9/1.334)+((Weight!D9/12)*3)))/(Weight!D8*Weight!D9)-L42 -> 0.355246 | N42: =SUM(J42*(Weight!D8+0.33)*(Weight!D9+(Weight!E43/12*2)/1.334)+((Weight!D9/12)*2)+(40*(Weight!E43/12)*2))/(Weight!D8*Weight!D9)-L42 -> 0.35715388
A43: 60 Mil EPDM: | B43: =SUM(0.39-B42) -> 0.1 | I43: ++Note: Blocking has been added (See formula in Cells L36 & L37 - Multiplyer of 3)
A44: 45 Mil TPO: | B44: =SUM(0.23-B42) -> -0.06 | I44: **Although not used, rims are included to account for 2x rims (Truss weight: 62lbs / 12 = 5.166 plf) - Lumber has been added blocking
A45: 60 Mil TPO: | B45: =SUM(0.29-B42) -> 0 | I45: ##Blocking has been added along top plate(s) for overhang - Assumed EPDM over 7/16" OSB & Cement Bd Soffit
A46: Standing Seam Roofing: | B46: =SUM(1.29-B42) -> 1
A47: 26Ga PBR / R-Panel Over Felt: | B47: =SUM(1.09-B42) -> 0.8 | C47: (Added weight for felt paper is included)
A48: Ashpalt Shingles: | B48: =SUM(1.79-B42) -> 1.5
A49: 1/2" CDX Plywood Sheathing: | B49: 1.5 | C49: base component
A50: 1/2" Gypsum Roof Deck: | B50: 2.2
A51: 1/4" Dens Deck Under EPDM: | B51: =SUM(1.2-B49) -> -0.3
A52: 1/2" Dens Deck Under EPDM: | B52: =SUM(2-B49) -> 0.5
A53: 5/8" CDX Sheathing: | B53: =SUM(1.8-B49) -> 0.3
A54: 1/4" Securock: | B54: =SUM(1.56-B49) -> 0.06
A55: 1/2" Securock: | B55: =SUM(2.75-B49) -> 1.25
A56: H-Sheild HD (Polyiso): | B56: 0.61 | C56: base component
A57: 2" Polyiso Board: | B57: 0.5 | C57: base component
A58: 22ga B-Deck: | B58: 1.6 | C58: base component
A59: 20GA B-Deck: | B59: 2 | C59: base component
A60: 1/2" Type X Gypsum underside of raters: | B60: 2.2 | C60: base component
A61: 5/8" Type X Gypsum underside of raters: | B61: 2.6 | C61: base component
A62: 5/8" Raw Gypsum Ceiling: | B62: 2.4 | C62: base component
A63: (2) Layers of 5/8" Raw Gypsum: | B63: =SUM(B62*2) -> 4.8 | C63: base component
A64: (3) Layers of 5/8" Raw Gypsum: | B64: =SUM(B62*3) -> 7.2 | C64: base component
A65: 1/2" Hard Gyp. Ceiling: | B65: 2.2 | C65: base component
A66: Sprinkler (Dry) 1-1/2" Pipe: | B66: 0.2 | C66: base component
A67: (1) Beam Wrapped w/ 5/8" Gyp: | B67: 0.575 | C67: base component
A68: 30", 4-Layer Plywood matebeam: | B68: =IF(AND(Weight!D16="n",Weight!D17="y"),Assemblies!G88,IF(AND(Weight!D16="n",Weight!D17="n"),Assemblies!G88*2,0)) -> 0 | C68: base component (See Plywood Beam in "Assemblies") Beam is assumed not tapered - NOTE: PMI weight is lower because they use 1/2" Plywood, other factories use 3/4" plywood)
A69: Steel Girder: | B69: =IF(AND(Weight!D16="n",Weight!D17="y"),SUM(K73-B68),IF(AND(Weight!D16="n",Weight!D17="n"),SUM(K73*2)-B68,0)) -> 0 | C69: (See Steel Girder in "Assemblies")
A70: Steel Girder (1-Side) & Plywood (1-Side): | B70: =IF(AND(Weight!D16="n",Weight!D17="n"),SUM(B68/2)+(B69/2),0)/2 -> 0
A71: Bar Joist: | B71: =IF(AND(Weight!D16="n",Weight!D17="y"),SUM(K74-B68),IF(AND(Weight!D16="n",Weight!D17="n"),SUM(K74*2)-B68,0)) -> 0 | C71: (See Bar Joist in "Assemblies")
A72: 1-Ply 1-3/4"x16" Microlam: | B72: =IF(AND(Weight!D16="n",Weight!D17="y"),SUM(K79-B68),IF(AND(Weight!D16="n",Weight!D17="n"),SUM(K79*2)-B68,0)) -> 0 | I72: Girder Type: | J72: Grade | K72: PSF
A73: 1-Ply Wood Girder: | B73: =IF(AND(Weight!D16="n",Weight!D17="y"),SUM(K75-B68),IF(AND(Weight!D16="n",Weight!D17="n"),SUM(K75*2)-B68,0)) -> 0 | C73: Girder Value is substracted from Plywood Beam | I73: Steel Girder: | J73: Steel | K73: =Assemblies!G55 -> 2.6492663
A74: 2-Ply Wood Girder: | B74: =IF(AND(Weight!D16="n",Weight!D17="y"),SUM(K76-B68),IF(AND(Weight!D16="n",Weight!D17="n"),SUM(K76*2)-B68,0)) -> 0 | C74: Girder Value is substracted from Plywood Beam | I74: Bar Joist: | J74: Steel | K74: =Assemblies!G73 -> 1.6178352
A75: 3-Ply Wood Girder: | B75: =IF(AND(Weight!D16="n",Weight!D17="y"),SUM(K77-B68),IF(AND(Weight!D16="n",Weight!D17="n"),SUM(K77*2)-B68,0)) -> 0 | C75: Girder Value is substracted from Plywood Beam | I75: 1-Ply Wood Girder: | J75: Wood | K75: =SUM(437/700) -> 0.62428571
A76: 4-Ply Wood Girder: | B76: =IF(AND(Weight!D16="n",Weight!D17="y"),SUM(K78-B68),IF(AND(Weight!D16="n",Weight!D17="n"),SUM(K78*2)-B68,0)) -> 0 | C76: Girder Value is substracted from Plywood Beam | I76: 2-Ply Wood Girder: | J76: Wood | K76: =K75*2 -> 1.2485714 | L76: <-Value based on SMM girder # 20831 B2 (76' long / 554lbs / 182.0833 sq. ft.)
A77: Suspended Ceiling / Lights : | B77: 1.7 | C77: base component (assumed) | I77: 3-Ply Wood Girder: | J77: Wood | K77: =K75*3 -> 1.8728571
A78: Netting: | B78: 0.05 | C78: base component (assumed) | I78: 4-Ply Wood Girder: | J78: Wood | K78: =K75*4 -> 2.4971429
I79: 1-Ply 1-3/4"x16" Microlam: | J79: Engineered | K79: =SUM(490/700) -> 0.7 | L79: <-PLF = 8.1667
A82: Exterior Walls:
A83: 2x6 Studs @ 16" o.c.: | B83: =L85 -> 2.2717172 | C83: base component | I83: Studs | J83: PLF | K83: Grade | L83: PSF | M83: Assumed 12' long wall with 12' tall studs = 148.5 sq. ft. / (13) Studs total
A84: 2x4 Studs @ 16" o.c.: | B84: =SUM(L84-B83) -> -0.82643232 | I84: 2x4 | J84: =IF(Weight!H6="pmi",0.99416,1.3758) -> 1.3758 | K84: =IF(Weight!H6="pmi","#2 HF","#2 SYP") -> #2 SYP | L84: =SUM(J84*12*13)/148.5 -> 1.4452848
A85: 2x8 Studs @ 16" o.c.: | B85: =SUM(L86-B83) -> 0.72222222 | I85: 2x6 | J85: =IF(Weight!H6="pmi",1.5616,2.1625) -> 2.1625 | K85: =IF(Weight!H6="pmi","#2 HF","#2 SYP") -> #2 SYP | L85: =SUM(J85*12*13)/148.5 -> 2.2717172
A86: 3-5/8" Steel Stud (16ga) @ 16" o.c.: | B86: =SUM(L87-B83) -> -0.87535354 | C86: (Asumed 1-5/8" Flange) | I86: 2x8 | J86: =IF(Weight!H6="pmi",2.0583,2.85) -> 2.85 | K86: =IF(Weight!H6="pmi","#2 HF","#2 SYP") -> #2 SYP | L86: =SUM(J86*12*13)/148.5 -> 2.9939394
A87: 3-5/8" Steel Stud (14ga) @ 16" o.c.: | B87: =SUM(L88-B83) -> -0.54565657 | C87: (Asumed 1-5/8" Flange) | I87: 3-5/8" (16ga) | J87: 1.44 | K87: Steel | L87: =SUM(J87*12*12)/148.5 -> 1.3963636 | M87: (Sng. Top Track)
A88: 6" Steel Stud (16ga) @ 16" o.c.: | B88: =SUM(L90-B83) -> -0.4389899 | C88: (Asumed 1-5/8" Flange) | I88: 3-5/8" (14ga) | J88: 1.78 | K88: Steel | L88: =SUM(J88*12*12)/148.5 -> 1.7260606 | M88: (Sng. Top Track)
A89: 6" Steel Stud (14ga) @ 16" o.c.: | B89: =SUM(L91-B83) -> 0.016767677 | C89: (Asumed 1-5/8" Flange) | I89: 3-5/8" (18ga) | J89: 1.16 | K89: Steel | L89: =SUM(J89*12*12)/148.5 -> 1.1248485 | M89: (Sng. Top Track)
A90: 1/2" VCG: | B90: 2 | C90: base component | I90: 6" (16ga) | J90: 1.89 | K90: Steel | L90: =SUM(J90*12*12)/148.5 -> 1.8327273 | M90: (Sng. Top Track)
A91: 1/4" Paneling: | B91: =SUM(0.7-B90) -> -1.3 | I91: 6" (14ga) | J91: 2.36 | K91: Steel | L91: =SUM(J91*12*12)/148.5 -> 2.2884848 | M91: (Sng. Top Track)
A92: 5/8" VCG ilo 1/2" VCG: | B92: =SUM(2.4-B90) -> 0.4
A93: (2) Layers 5/8" Type X ilo 1/2" VCG: | B93: =SUM((2.6*2)-B90) -> 3.2
A94: (3) Layers 5/8" Type X ilo 1/2" VCG: | B94: =SUM((2.6*3)-B90) -> 5.8
A95: 5/8" Type X Gypsum: | B95: =SUM(2.6-B90) -> 0.6
A96: 1/2" VCG over 5/8" Type X Gypsum: | B96: =SUM(4.4-B90) -> 2.4
A97: 1/2" VCG over 7/16" OSB: | B97: =SUM(3.7-B90) -> 1.7
A98: 5/8" VCG over 7/16" OSB: | B98: =SUM(3.9-B90) -> 1.9
A99: FRP over 1/2" MR Gyp: | B99: =SUM(2.85-B90) -> 0.85
A100: FRP over 5/8" MR Gyp: | B100: =SUM(3.45-B90) -> 1.45
A101: 1/2" Sound Board: | B101: 1.2 | C101: base component
A102: 1/2" Insulation Board: | B102: 0.25 | C102: base component
A103: 5/8" Fireguard Denglass: | B103: 2.7 | C103: base component
...

Sheet Assemblies
A1: Floor Assembly: | F1: PSF | G1: Unit
A2: 2x8 #2 HF Floor Joists: | F2: =IF(AND(Weight!B55="12"" I-Beam TX Perimeter:",Weight!E55=1),Materials!B3,IF(Weight!E55=1,0,Materials!B3)) -> 3.1757143 | G2: sq. ft.
A3: 3/4" T&G Decking: | F3: =Materials!B11 -> 2.2 | G3: sq. ft.
A4: =IF(Weight!H6="PMI",Materials!A147,Materials!A148) -> R-30 Fiberglass: | F4: =INDEX(Materials!B145:B150,MATCH(Assemblies!A4,Materials!A145:A150,0)) -> 0.33 | G4: sq. ft.
A5: Shepweave II Bottom Board: | F5: =Materials!B30 -> 0.416 | G5: sq. ft.
A6: 1/8" VCT: | F6: =Materials!B21 -> 1.4 | G6: sq. ft.
A7: Fasteners / Nails / Glue | F7: =Materials!B181 -> 0.1 | G7: sq. ft.
F8: =SUM(F2:F7) -> 7.6217143 | G8: Total per Sq. Ft.
A10: Roof Assembly:
A11: 30", 4-Layer Plywood matebeam (2-Sides): | F11: =IF(Weight!D16="y",0,Materials!B68) -> 0 | G11: sq. ft.
A12: 2x8 #2 HF Rafters @ 16" o.c. | F12: =Materials!B33 -> 2.6832462 | G12: sq. ft.
A13: 1/2" CDX Plywood Sheathing: | F13: =Materials!B49 -> 1.5 | G13: sq. ft.
A14: 1/2" Gypsum Roof Deck: | F14: =Materials!B50 -> 2.2 | G14: sq. ft.
A15: 45 Mil EPDM: | F15: =Materials!B42 -> 0.29 | G15: sq. ft.
A16: Netting: | F16: =Materials!B78 -> 0.05 | G16: sq. ft.
A17: =IF(Weight!H6="PMI",Materials!A147,Materials!A150) -> R-38 Fiberglass: | F17: =INDEX(Materials!B145:B150,MATCH(Assemblies!A17,Materials!A145:A150,0)) -> 0.44 | G17: sq. ft.
A18: Suspended Ceiling / Lights : | F18: =Materials!B77 -> 1.7 | G18: sq. ft.
A19: Fasteners / Nails / Glue: | F19: =Materials!B181 -> 0.1 | G19: sq. ft.
F20: =IF(Weight!H6="PMI",SUM(F11:F19),SUM(F11:F13,F15:F19)) -> 6.7632462 | G20: Total per Sq. Ft. | I20: `
A22: Exterior Wall Assembly:
A23: 2x6 #2 HF Studs (Top & Bottom Plates Included): | F23: =Materials!B83 -> 2.2717172 | G23: sq. ft.
A24: 1/2" Gypsum: | F24: =Materials!B90 -> 2 | G24: sq. ft.
A25: R-19 Insulation: | F25: =Materials!B147 -> 0.22 | G25: sq. ft.
A26: 7/16" LP Smart Panel: | F26: =Materials!B107 -> 1.7 | G26: sq. ft.
A27: House Wrap / PlyDry | F27: =Materials!B114 -> 0.01 | G27: sq. ft.
A28: Windows / Doors: | F28: =Materials!B182 -> 0.1 | G28: sq. ft.
A29: Fasteners / Nails / Glue: | F29: =Materials!B181 -> 0.1 | G29: sq. ft.
F30: =SUM(F23:F29) -> 6.4017172 | G30: Total per Sq. Ft.
A32: Interior Wall Assembly: (Assumed 12' long, 10' tall)
A33: 2x4 #2 HF Studs (Top & Bottom Plates Included): | F33: =Materials!B117 -> 1.4452848 | G33: sq. ft.
A34: 1/2" Gypsum (Both sides): | F34: =Materials!B121 -> 4 | G34: sq. ft.
A35: Fasteners / Nails / Glue: | F35: =Materials!B181 -> 0.1 | G35: sq. ft.
F36: =SUM(F33:F35) -> 5.5452848 | G36: Total per Sq. Ft.
A38: Steel Girder Assembly (Assumed to be tapered)
D39: Truss Peak Ht (in): | E39: 30 | K39: Steel Angle Weight: | P39: PLF | Q39: Total (12' tall)
D40: Truss Heel Ht (in): | E40: =SUM(E39-(F46/2)*(E42)) -> 23.115 | K40: Steel Angle: | L40: PLF | O40: HSS3x3x3/16 Steel Post: | P40: 6.87 | Q40: =SUM(P40*12)*2+50 -> 214.88 | R40: <--100 lbs added for (4) Posts Caps / Assumed (2) Posts total
D41: Truss Length (ft): | E41: =Weight!D9 -> 56 | K41: L5x3x5/16" | L41: 8.19 | O41: HSS3.5x3.5x1/4 Steel Post: | P41: 10.51 | Q41: =SUM(P41*12)*2+50 -> 302.24 | R41: <--100 lbs added for (4) Posts Caps / Assumed (2) Posts total
D42: Pitch: | E42: 0.25 | K42: L5x3x3/8" | L42: 9.74 | O42: 3.5x5.25 LVL Post: | P42: 4.9 | Q42: =SUM(P42*12)*2 -> 117.6
D43: Truss Sq. Ft.: | E43: =SUM((E39/12)*E41)-(E39*E42)*2 -> 125 | K43: L5x3x7/16" | L43: 11.3 | O43: 5.25x5.25 LVL Post: | P43: 7.1 | Q43: =SUM(P43*12)*2 -> 170.4
D44: Angle Type: | E44: PLF: | F44: Length (ft) | G44: Weight: | K44: L5x3x1/2" | L44: 12.8
C45: Top Chord: | D45: L5x3x3/8" | E45: =INDEX(L41:L44,MATCH(D45,K41:K44,0)) -> 9.74 | F45: =E41 -> 56 | G45: =SUM(E45*F45) -> 545.44 | K45: L3.5x3.5x1/4" | L45: 5.79
C46: Bottom Chord: | D46: L5x3x3/8" | E46: =INDEX(L41:L44,MATCH(D46,K41:K44,0)) -> 9.74 | F46: =E41-(0.46*2) -> 55.08 | G46: =SUM(E46*F46) -> 536.4792 | K46: L3.5x3.5x5/16" | L46: 7.16
C47: End Vertical: | D47: L3x3x1/4" | E47: =INDEX(L45:L61,MATCH(D47,K45:K61,0)) -> 4.89 | F47: =SUM(E40-(0.5*2))/12 -> 1.8429167 | G47: =SUM(E47*F47)*2 -> 18.023725 | K47: L3.5x3.5x3/8" | L47: 8.51
C48: Other Verticals: | D48: L2x2x3/16" | E48: =INDEX(L45:L61,MATCH(D48,K45:K61,0)) -> 2.46 | F48: =SUM(E40-(0.04*2))/12 -> 1.9195833 | G48: =SUM(E48*F48*((E41/2)/3)) -> 44.073633 | K48: L3.5x3.5x7/16" | L48: 9.82
C49: End Diagonal: | D49: L2x2x3/16" | E49: =INDEX(L45:L61,MATCH(D49,K45:K61,0)) -> 2.46 | F49: =(E40^2+36^2)^0.455/12 -> 2.5425338 | G49: =SUM(E49*F49)*2 -> 12.509266 | K49: L3.5x3.5x1/2" | L49: 11.1
C50: Other Diagonals: | D50: L2x2x3/16" | E50: =INDEX(L45:L61,MATCH(D50,K45:K61,0)) -> 2.46 | F50: =(E40^2+36^2)^0.5/12 -> 3.5651703 | G50: =SUM(E50*F50*((E41/2)/3)) -> 81.856309 | K50: L3x3x3/16" | L50: 3.7
C51: HSS3x3x3/16 Steel Post: | E51: - | F51: - | G51: =INDEX(Q40:Q43,MATCH(C51,O40:O43,0)) -> 214.88 | K51: L3x3x1/4" | L51: 4.89
D52: 2x4 Runner along Along top chord: | E52: =IF(Weight!H6="pmi",0.99416,IF(Weight!H6="southeast",0,1.3758)) -> 1.3758 | F52: =E41 -> 56 | G52: =SUM(E52*F52) -> 77.0448 | K52: L3x3x5/16" | L52: 6.04
D53: Welds / Mate Clips / Splice Plates: | E53: - | F53: - | G53: 250 | K53: L3x3x3/8" | L53: 7.17
G54: =SUM(G45:G53) -> 1780.3069 | H54: :Total weight | K54: L3x3x7/16" | L54: 8.28
G55: =SUM(G54/(Weight!D8*Weight!D9)) -> 2.6492663 | H55: :Weight Per Sq. Ft. (weight divided by 700) | K55: L3x3x1/2" | L55: 9.35
K56: L2x2x3/16" | L56: 2.46
A57: Steel Bar Joist Assembly (Assumed to be tapered) | K57: L2x2x1/4" | L57: 3.21
D58: Truss Peak Ht (in): | E58: =IF(AND(E60>60,E60<=66),28,IF(E60>66,32,24)) -> 24 | K58: L2x2x5/16" | L58: 3.94
D59: Truss Heel Ht (in): | E59: =SUM(E58-(F65/2)*(E61)) -> 17.0625 | K59: L2x2x3/8" | L59: 4.65
D60: Truss Length (ft): | E60: =Weight!D9 -> 56 | K60: L1x1x3/16" | L60: 1.16
D61: Pitch: | E61: 0.25 | K61: L1x1x1/8" | L61: 0.81
D62: Truss Sq. Ft.: | E62: =SUM((E58/12)*E60)-(E58*E61)*2 -> 100 | K62: PLF Values can be found on website link below:
D63: Angle Type: | E63: PLF: | F63: Length (ft) | G63: Weight: | K63: https://www.constructionknowledge.net/metal/images_metal/l%20Steel%20section%20tables%20080307.pdf
C64: Top Chord: | D64: L3x3x1/4" | E64: =INDEX(L45:L61,MATCH(D64,K45:K61,0)) -> 4.89 | F64: =E60 -> 56 | G64: =SUM(E64*F64) -> 273.84
C65: Bottom Chord: | D65: L3x3x1/4" | E65: =INDEX(L45:L61,MATCH(D65,K45:K61,0)) -> 4.89 | F65: =E60-(0.25*2) -> 55.5 | G65: =SUM(E65*F65) -> 271.395
C66: End Vertical: | D66: L1x1x3/16" | E66: =INDEX(L45:L61,MATCH(D66,K45:K61,0)) -> 1.16 | F66: =SUM(E59-(0.5*2))/12 -> 1.3385417 | G66: =SUM(E66*F66)*2 -> 3.1054167
C67: Other Verticals: | D67: L2x2x3/16" | E67: =INDEX(L45:L61,MATCH(D67,K45:K61,0)) -> 2.46 | F67: =SUM(E59-(0.04*2))/12 -> 1.4152083 | G67: =SUM(E67*F67*((E60/2)/3)) -> 32.493183
C68: End Diagonal: | D68: L1x1x3/16" | E68: =INDEX(L45:L61,MATCH(D68,K45:K61,0)) -> 1.16 | F68: =(E59^2+36^2)^0.455/12 -> 2.3828533 | G68: =SUM(E68*F68)*2 -> 5.5282197
C69: Other Diagonals: | D69: L1x1x3/16" | E69: =INDEX(L45:L61,MATCH(D69,K45:K61,0)) -> 1.16 | F69: =(E59^2+36^2)^0.5/12 -> 3.3198989 | G69: =SUM(E69*F69*((E60/2)/3)) -> 35.943438
C70: HSS3x3x3/16 Steel Post: | E70: - | F70: - | G70: =INDEX(Q40:Q43,MATCH(C70,O40:O43,0)) -> 214.88
D71: Welds / Mate Clips / Splice Plates: | E71: - | F71: - | G71: 250
G72: =SUM(G64:G71) -> 1087.1853 | H72: :Total weight
G73: =SUM(G72/(Weight!D8*Weight!D9)) -> 1.6178352 | H73: :Weight Per Sq. Ft. (weight divided by 700 sq. ft. (12'x60' Mod)
A76: Plywood Beam Assembly (Assumed to be tapered) | H76: Plywood Type: | K76: Weight Per Sheet: | L76: PSF:
D77: Beam Peak Ht (in): | E77: =IF(AND(E79>60,E79<=66),36,IF(E79>66,48,30)) -> 30 | H77: 1/2" 5-Ply / 5-Layer Plywood: | K77: 45 | L77: =SUM(K77/32) -> 1.40625
D78: Beam Heel Ht (in): | E78: =SUM(E77-(E79/2)*(E80)) -> 23 | H78: 3/4" 5-Ply / 5-Layer Plywood: | K78: 60 | L78: =SUM(K78/32) -> 1.875
D79: Beam Length (ft): | E79: =Weight!D9 -> 56
D80: Pitch: | E80: 0.25
D81: Number of Layers: | E81: 4
D82: Beam Sq. Ft.: | E82: =SUM((E77/12)*E79)-(E77*E80)*2 -> 125
D83: Plywod Type: | E83: PLF: | F83: Length (ft) | G83: Weight:
D84: 1/2" 5-Ply / 5-Layer Plywood: | E84: =SUM(L77*E77)/12 -> 3.515625 | F84: =E79 -> 56 | G84: =SUM(E84*F84*E81) -> 787.5
D85: 3/4" 5-Ply / 5-Layer Plywood: | E85: =SUM(L78*E77)/12 -> 4.6875 | F85: =E79 -> 56 | G85: =SUM(E85*F85*E81) -> 1050
D86: Glue / Fasteners: | E86: - | F86: - | G86: =SUM(1.5*E79) -> 84
G87: =IF(Weight!H6="pmi",SUM(G84+G86),SUM(G85+G86)) -> 1134 | H87: :Total weight
G88: =SUM(G87/(Weight!D8*Weight!D9)) -> 1.6875 | H88: :Weight Per Sq. Ft. (weight divided by 700 sq. ft. (12'x60' Mod)
